order_item_id,order_id,product_id,quantity,unit_price_at_purchase
1,1,1453,4,1778.93
2,2,455,1,3347.34
3,3,52,2,4478.08
4,3,70,5,1538.69
5,4,1205,4,4795.08
6,4,910,4,1437.33
7,4,108,3,2841.42
8,5,1816,1,1970.73
9,5,945,4,1629.83
10,5,1243,1,3945.21
11,6,1920,2,2497.61
12,6,1274,5,3944.58
13,7,409,2,284.25
14,7,1694,5,3306.81
15,8,843,3,928.3
16,9,1743,2,982.62
17,10,514,5,755.11
18,11,1440,4,3589.68
19,11,871,3,4608.67
20,11,1554,1,4999.52
21,12,854,5,4215.33
22,12,367,2,1480.88
23,13,546,1,1741.25
24,13,84,4,182.72
25,13,379,4,323.37
26,14,973,1,1490.81
27,14,1858,2,4696.05
28,15,773,4,1551.94
29,15,91,2,1342.66
30,15,1571,1,3828.97
31,16,1740,2,2482.33
32,16,504,4,668.44
33,17,1291,5,1661.86
34,17,64,4,2594.71
35,17,267,3,1827.23
36,17,683,3,359.02
37,18,217,4,657.68
38,19,402,5,4892.72
39,19,207,1,4395.79
40,20,394,4,2677.79
41,20,855,2,3214.76
42,21,504,4,782.8
43,22,1938,2,2361.46
44,23,1959,3,2299.44
45,23,1775,5,3513.61
46,23,282,1,614.76
47,24,1343,5,2668.19
48,25,648,5,469.49
49,25,1379,4,1823.96
50,25,1011,5,602.7
51,25,662,5,1537.86
52,26,1433,4,2261.09
53,26,1857,4,4155.77
54,27,1514,3,2850.95
55,28,963,3,540.6
56,29,908,2,1376.15
57,30,557,3,2749.62
58,30,346,1,1561.75
59,31,1305,3,1337.98
60,31,1612,5,1478.67
61,31,935,5,1424.92
62,32,1338,5,2432.88
63,33,923,5,1277.43
64,33,1253,2,4822.44
65,33,677,5,45.02
66,34,1221,5,202.51
67,35,470,1,2867.01
68,36,1965,3,4683.28
69,36,770,1,1755.13
70,37,649,1,112.17
71,37,295,3,2319.63
72,38,1215,1,627.48
73,38,98,4,2836.46
74,38,1597,1,4997.07
75,39,1423,4,1547.58
76,39,1030,3,291.74
77,40,1191,4,2506.31
78,40,866,4,990.57
79,40,1393,3,484.39
80,41,1572,3,1768.61
81,42,523,1,3040.6
82,42,301,2,1012.97
83,43,25,5,3831.09
84,43,1486,5,1930.78
85,43,202,3,3151.14
86,44,7,2,4321.76
87,44,969,4,1814.87
88,44,1490,1,4644.16
89,45,945,1,1759.69
90,45,1765,3,573.5
91,45,367,2,1480.88
92,45,292,2,941.43
93,46,795,4,2034.25
94,47,1647,3,4578.02
95,47,291,5,4479.15
96,47,285,5,1600.27
97,48,1820,1,1295.41
98,48,638,2,2493.09
99,48,1142,2,1770.45
100,48,922,1,756.87
101,49,783,4,41.05
102,50,1076,2,4238.63
103,50,820,4,1886.24
104,50,1698,1,2763.38
105,50,1623,5,3906.13
106,51,198,5,1266.5
107,52,713,2,3679.35
108,52,1242,2,1507.11
109,52,611,3,3903.33
110,52,945,2,1445.35
111,53,1040,4,852.31
112,53,1766,3,1987.17
113,54,1927,4,3376.17
114,55,1785,2,1442.72
115,55,257,2,454.34
116,56,1897,5,2349.32
117,56,1179,5,1931.5
118,57,1223,3,2211.24
119,57,915,2,4241.85
120,58,1585,4,4809.42
121,58,298,5,3203.67
122,58,154,4,696.76
123,59,868,1,991.31
124,59,321,5,3268.68
125,59,272,3,3498.52
126,60,735,3,1776.43
127,61,1074,3,953.07
128,61,1761,2,4165.49
129,61,56,2,3237.06
130,61,874,2,4765.46
131,62,1919,4,2728.56
132,62,1772,1,3250.02
133,62,254,2,3414.28
134,62,104,5,1673.81
135,63,170,2,2609.26
136,63,1317,4,4464.53
137,63,1743,1,982.62
138,64,515,2,4246.45
139,65,867,3,390.65
140,65,394,2,2677.79
141,65,548,4,790.99
142,66,617,4,145.49
143,66,562,4,3206.23
144,66,824,1,1986.05
145,66,1060,2,1010.5
146,67,1638,5,1905.98
147,67,558,3,107.76
148,67,385,3,4309.91
149,68,1050,5,105.34
150,69,665,5,946.77
151,70,1313,3,4023.94
152,70,901,4,3707.34
153,71,746,3,4857.48
154,72,163,4,2974.27
155,73,463,5,2370.45
156,74,366,1,2367.54
157,74,492,3,977.04
158,74,577,4,1044.1
159,75,1505,2,4216.31
160,75,199,2,252.39
161,75,1929,3,3451.12
162,76,1023,3,3771.35
163,76,1116,5,4568.6
164,76,193,1,4643.63
165,76,865,5,2455.86
166,77,978,4,1208.96
167,78,494,2,2239.74
168,79,435,2,2114.92
169,79,152,3,2167.92
170,79,1582,5,1307.84
171,80,80,1,3663.41
172,80,748,2,1402.9
173,80,1978,2,1245.27
174,80,827,2,4053.68
175,81,1813,3,1347.23
176,81,149,3,644.46
177,82,1648,4,4000.16
178,82,634,1,2968.92
179,83,203,1,3599.53
180,83,1880,3,1959.52
181,84,234,1,938.67
182,84,46,1,1485.51
183,85,1100,4,3708.22
184,85,1789,4,2332.04
185,86,1875,4,889.15
186,86,1385,2,3672.34
187,86,1791,4,952.04
188,86,1578,3,2695.81
189,87,1884,2,347.97
190,87,1979,4,1181.46
191,87,1971,5,3384.04
192,87,1308,2,3851.02
193,88,439,2,4256.54
194,89,547,1,2542.66
195,89,1447,4,4186.93
196,89,721,5,93.68
197,89,1676,1,274.49
198,90,342,4,4327.25
199,90,1024,4,2013.75
200,91,696,4,3200.45
201,92,449,2,530.54
202,92,1171,4,3620.47
203,93,373,4,4531.36
204,94,1123,3,577.55
205,94,364,4,4850.74
206,94,643,3,3185.4
207,94,1983,1,4107.76
208,95,635,2,4443.09
209,95,1985,1,4565.54
210,95,642,2,3835.02
211,95,1418,5,203.29
212,96,1964,4,2826.23
213,96,522,1,3199.65
214,96,1088,2,1321.01
215,96,1399,4,2205.03
216,97,1907,2,368.84
217,98,415,4,273.97
218,99,1753,3,499.62
219,100,573,3,1933.49
220,100,366,4,2367.54
221,100,1948,5,346.24
222,100,1236,5,4026.43
223,101,1346,2,1135.36
224,101,753,3,2931.64
225,102,1945,3,4845.83
226,102,289,5,2450.56
227,103,594,3,2929.29
228,104,1144,5,4456.58
229,104,1365,1,782.66
230,104,531,4,1161.66
231,104,1554,3,4999.52
232,105,498,3,539.19
233,105,530,4,1905.89
234,105,344,3,4211.01
235,106,236,4,3685.93
236,106,941,3,3595.58
237,106,1934,2,685.85
238,107,1698,5,2763.38
239,107,946,3,2790.2
240,108,219,3,3445.3
241,108,1614,1,4628.97
242,108,642,1,3835.02
243,109,1424,3,3150.8
244,110,33,1,618.65
245,110,473,2,4766.17
246,110,592,2,3577.8
247,110,443,3,4944.73
248,111,133,3,3307.58
249,112,1239,1,3172.16
250,112,1545,3,2804.73
251,113,1783,3,2181.97
252,114,1426,3,2840.77
253,115,1201,4,3873.97
254,115,51,2,2912.21
255,115,1278,1,4786.26
256,116,1125,2,339.79
257,117,485,4,2848.42
258,117,1760,3,4916.81
259,117,1794,3,4943.5
260,117,1548,1,1570.25
261,118,531,4,1161.66
262,119,1419,2,2348.86
263,120,1269,5,499.42
264,120,1605,3,4362.29
265,121,635,5,3721.96
266,122,789,2,1269.94
267,122,1761,2,4165.49
268,122,867,1,390.65
269,123,1174,1,1402.77
270,124,1235,3,1041.67
271,125,1851,1,1046.55
272,125,1662,5,2719.99
273,125,1826,3,64.33
274,125,1852,4,568.41
275,126,1786,4,1807.07
276,126,1050,3,105.34
277,127,286,5,4563.87
278,128,208,3,1246.29
279,128,1903,4,2934.47
280,128,526,1,1644.34
281,128,1173,5,3799.31
282,129,973,1,1490.81
283,129,147,1,2788.08
284,129,642,2,3835.02
285,129,1301,1,2420.08
286,130,818,5,1691.29
287,130,181,5,2553.82
288,131,752,4,1856.82
289,132,808,4,2854.34
290,132,1295,4,4824.7
291,132,414,2,85.75
292,133,1744,2,1466.33
293,133,353,2,2887.66
294,133,663,5,1192.72
295,134,41,3,4483.86
296,134,274,3,88.25
297,135,75,1,50.34
298,136,229,3,554.15
299,136,1478,1,3702.99
300,136,494,2,2644.3
301,137,410,1,4167.25
302,138,253,3,801.69
303,139,774,4,450.99
304,139,1520,5,3436.75
305,139,909,1,1895.6
306,140,1111,4,2376.45
307,141,1277,5,3223.63
308,141,165,5,3170.08
309,142,695,1,678.79
310,143,1864,3,4244.91
311,143,1287,5,3932.11
312,143,999,4,2945.34
313,144,1878,3,4003.14
314,144,307,2,315.91
315,145,1321,3,1145.46
316,146,556,3,1367.56
317,146,1548,1,1296.08
318,146,637,1,2746.11
319,146,1407,1,3721.74
320,147,1789,5,2544.6
321,148,1604,4,622.93
322,148,1875,3,889.15
323,149,836,5,3184.86
324,150,3,3,2657.76
325,150,97,4,704.13
326,151,1380,4,3721.35
327,151,1518,1,1171.72
328,151,560,5,3783.25
329,152,1247,4,3146.26
330,153,1351,4,2492.74
331,153,1677,1,828.77
332,154,975,3,2088.67
333,154,104,4,1673.81
334,154,534,5,124.86
335,155,212,3,691.62
336,155,1623,3,4345.73
337,156,858,2,4288.06
338,156,1662,2,3160.26
339,157,1861,2,501.6
340,157,416,1,2396.26
341,158,788,4,3906.47
342,158,265,2,410.67
343,159,1561,4,4175.17
344,159,808,5,2854.34
345,159,1838,5,504.85
346,160,1972,1,4088.97
347,161,1360,4,2827.12
348,161,1966,2,4882.44
349,162,1524,5,4529.6
350,163,334,1,3189.75
351,164,1216,1,3582.83
352,164,74,3,3695.82
353,164,123,4,2822.61
354,165,773,1,1551.94
355,165,386,3,4619.91
356,165,47,3,3859.05
357,166,1036,2,4112.89
358,166,1473,1,850.07
359,167,1968,4,148.36
360,167,1218,1,1559.38
361,167,621,2,784.63
362,167,324,5,377.72
363,168,792,3,839.44
364,168,1878,4,4003.14
365,168,1294,3,3397.16
366,168,144,5,3945.75
367,169,1919,4,2728.56
368,169,1346,2,979.59
369,169,6,2,518.13
370,170,424,5,850.16
371,170,1393,3,484.39
372,171,1206,1,1052.49
373,171,467,1,3451.65
374,171,244,2,3907.13
375,172,1815,2,3436.44
376,173,1796,4,4111.65
377,173,474,5,2019.11
378,173,743,3,2405.57
379,174,490,2,1530.29
380,175,1200,4,3109.39
381,175,1653,2,2729.95
382,176,338,2,99.68
383,176,1855,5,3510.07
384,177,1748,2,681.78
385,178,718,5,357.77
386,178,1459,2,2168.65
387,178,1711,1,3091.29
388,179,640,1,3707.44
389,179,745,4,2780.97
390,179,259,3,3788.75
391,180,1664,1,3428.69
392,180,1006,5,2255.44
393,181,722,2,3066.52
394,181,1293,2,1047.33
395,181,1313,2,4023.94
396,182,485,1,2848.42
397,182,451,1,3479.51
398,183,1109,5,482.64
399,183,1024,1,2013.75
400,183,1552,2,1703.09
401,184,1194,1,472.3
402,184,1426,3,2840.77
403,184,1133,3,2095.9
404,185,1873,2,1789.63
405,185,1643,2,2212.68
406,185,400,3,2808.68
407,186,172,4,4966.4
408,186,170,5,2609.26
409,186,1299,5,4280.63
410,187,1030,3,291.74
411,187,851,1,3486.75
412,188,1914,2,1697.11
413,188,1360,1,2417.34
414,189,1273,1,2490.93
415,190,183,1,2951.85
416,190,1755,2,1751.4
417,191,1200,4,2654.61
418,191,1305,1,1337.98
419,191,537,4,4518.79
420,191,444,2,4232.65
421,192,1784,5,1361.63
422,192,438,2,3390.29
423,193,1262,5,2853.57
424,193,1081,5,1664.25
425,193,981,2,307.26
426,194,1940,1,4375.64
427,194,1230,4,2346.14
428,195,779,3,86.06
429,195,295,2,2319.63
430,196,1014,3,2413.88
431,196,47,2,3859.05
432,197,1058,4,3366.31
433,197,190,5,845.16
434,197,287,3,3303.19
435,198,657,1,1698.74
436,199,761,3,1097.43
437,199,109,4,3983.16
438,199,1757,3,4010.7
439,199,1871,4,2643.42
440,200,839,4,142.95
441,200,1618,5,4119.68
442,201,1586,5,3954.89
443,201,1843,4,4261.48
444,201,310,4,3134.88
445,201,673,3,3206.77
446,202,1317,4,4464.53
447,202,1612,3,1478.67
448,202,1316,1,1416.17
449,202,687,4,343.32
450,203,1279,2,2423.46
451,203,1972,4,4088.97
452,203,1890,3,1462.22
453,204,1047,5,2250.05
454,204,1192,5,4478.16
455,205,957,4,4532.8
456,206,864,1,951.36
457,206,1345,1,3394.63
458,206,118,3,4427.3
459,206,436,1,3787.72
460,207,990,2,3669.71
461,207,1351,2,2360.84
462,207,206,2,3911.8
463,207,1127,3,903.31
464,208,1035,4,1827.28
465,208,534,3,124.86
466,209,1124,3,4882.27
467,210,796,3,4016.74
468,210,1308,5,3851.02
469,210,70,4,1704.87
470,210,292,2,941.43
471,211,698,4,4188.03
472,211,721,4,93.68
473,212,430,2,4669.64
474,212,1333,5,507.42
475,213,1813,1,1347.23
476,213,1194,5,472.3
477,213,75,2,50.34
478,213,1760,4,4916.81
479,214,853,4,4151.58
480,214,896,1,123.66
481,214,233,3,314.31
482,215,1825,5,720.4
483,215,98,3,2427.51
484,216,1316,3,1416.17
485,216,1774,4,827.58
486,216,239,1,3126.17
487,217,1000,3,1180.66
488,217,416,2,2396.26
489,218,1505,2,4216.31
490,219,389,5,825.04
491,220,1974,2,503.16
492,221,1560,3,1244.14
493,221,202,2,2925.48
494,221,561,2,2023.99
495,221,1368,2,2948.1
496,222,1747,4,4211.6
497,222,591,2,3510.59
498,222,809,1,3104.43
499,223,1591,2,2817.51
500,223,1430,5,1925.3
501,224,398,5,3681.87
502,224,854,3,3817.48
503,224,8,3,4283.46
504,224,1807,2,1458.05
505,225,372,5,1767.22
506,225,77,5,2924.08
507,225,1109,2,482.64
508,225,1892,5,3756.21
509,226,905,4,1278.01
510,226,269,5,1426.17
511,226,573,5,1933.49
512,227,1122,1,246.03
513,227,1801,3,4297.61
514,227,1205,3,4795.08
515,228,873,2,4733.69
516,229,1045,4,973.47
517,229,1659,5,479.37
518,229,883,1,777.84
519,229,785,1,3741.23
520,230,1397,4,1925.16
521,230,1963,4,656.2
522,230,1461,3,3052.71
523,230,601,4,4390.98
524,231,1362,3,3165.2
525,231,1226,4,3502.2
526,231,1856,3,1532.93
527,232,304,3,3797.38
528,232,995,4,3117.51
529,232,64,1,2594.71
530,232,888,4,129.22
531,233,553,3,1694.34
532,233,1681,3,1430.78
533,233,1661,1,4981.28
534,233,790,2,3064.33
535,234,804,4,3811.41
536,234,1364,3,1963.35
537,235,858,2,4288.06
538,235,1156,1,2717.56
539,235,967,4,3884.42
540,236,137,3,2258.91
541,236,1070,3,1545.21
542,236,1422,2,1186.05
543,237,1641,1,1853.09
544,238,1556,4,1714.96
545,238,1272,1,710.63
546,238,924,4,407.23
547,238,262,2,348.71
548,239,239,2,3126.17
549,239,1653,3,2729.95
550,239,1763,1,1928.96
551,239,1010,3,4593.25
552,240,1283,5,1258.75
553,240,1108,5,2593.33
554,240,379,1,323.37
555,241,1526,2,2734.98
556,241,713,1,3496.15
557,241,961,3,4383.36
558,242,748,2,1187.28
559,243,1921,3,78.32
560,243,1776,4,867.72
561,243,956,2,2814.27
562,244,145,1,4174.9
563,244,1717,4,4935.75
564,245,483,2,4283.24
565,246,762,3,2037.05
566,246,264,3,3080.46
567,246,1970,5,618.35
568,246,471,3,1914.7
569,247,155,2,4802.34
570,247,1913,5,2084.58
571,247,420,1,1589.26
572,248,615,3,4116.86
573,248,416,1,2396.26
574,248,1670,1,3775.41
575,248,395,5,2293.09
576,249,860,4,356.19
577,250,1739,2,4090.09
578,250,1327,2,975.37
579,251,1447,2,3969.25
580,251,1802,3,3728.81
581,252,1479,1,712.54
582,252,435,5,2114.92
583,253,726,4,1412.38
584,253,854,4,4215.33
585,253,1554,1,4999.52
586,254,1435,1,3765.92
587,254,1010,1,4593.25
588,254,1758,1,1627.94
589,255,574,5,1076.88
590,255,1706,1,3582.05
591,255,1630,4,1099.71
592,256,389,1,825.04
593,256,1735,5,4147.46
594,256,1811,1,355.4
595,257,1687,5,2636.89
596,257,816,4,1247.53
597,257,1689,4,4055.41
598,257,1378,3,2628.29
599,258,727,5,1040.97
600,258,1436,3,4303.05
601,258,657,1,1698.74
602,258,123,1,2822.61
603,259,133,1,3953.01
604,259,496,1,2342.32
605,259,834,2,4957.63
606,260,1728,4,2276.05
607,260,1502,1,1662.88
608,260,782,2,147.88
609,261,1097,1,542.09
610,261,1389,1,1904.68
611,261,1227,5,2840.98
612,262,1753,3,499.62
613,262,633,2,1499.21
614,263,178,3,4327.53
615,263,1088,3,1321.01
616,263,1364,1,1963.35
617,264,252,5,1843.4
618,264,1415,1,3433.14
619,264,614,2,1652.79
620,264,1172,5,4339.9
621,265,95,1,1165.46
622,265,240,2,431.39
623,265,558,4,132.2
624,266,1798,4,3519.52
625,267,890,1,1942.86
626,267,1345,3,3120.75
627,267,1126,2,444.36
628,267,1952,4,2454.26
629,268,1440,2,3589.68
630,268,592,2,2953.95
631,268,251,5,2748.09
632,268,404,3,2513.11
633,269,948,2,3588.3
634,269,792,1,839.44
635,270,1474,5,567.6
636,270,73,3,700.9
637,271,433,5,4118.38
638,271,341,5,4532.89
639,271,382,3,2952.32
640,272,1349,1,491.69
641,272,319,3,684.29
642,272,388,4,439.1
643,272,238,2,3156.13
644,273,1326,2,821.14
645,274,1236,3,3728.88
646,274,1682,3,1650.57
647,274,1544,3,2427.0
648,275,1685,4,4800.62
649,276,509,4,3670.29
650,277,1271,1,1820.81
651,277,1913,4,2084.58
652,277,169,1,1877.04
653,278,1596,2,3772.62
654,278,1836,2,675.74
655,278,1842,1,1223.39
656,278,359,1,4464.57
657,279,1206,1,1052.49
658,279,1819,1,118.88
659,280,1381,1,1933.35
660,280,1630,1,1099.71
661,280,1442,3,2295.41
662,281,453,2,4229.6
663,282,202,4,3151.14
664,282,540,2,580.05
665,283,875,3,593.63
666,283,106,5,833.52
667,283,1601,5,1249.57
668,283,828,4,4204.94
669,284,682,1,4710.39
670,285,105,3,1594.49
671,285,207,2,4001.73
672,286,499,5,3719.03
673,286,1780,2,1696.82
674,287,1808,4,3905.23
675,287,793,1,191.91
676,288,1734,1,2300.81
677,288,1372,3,913.24
678,288,557,4,2749.62
679,288,895,2,4280.38
680,289,1216,2,3884.97
681,289,78,5,525.53
682,290,978,3,1208.96
683,290,259,4,3161.25
684,291,1445,1,1133.09
685,291,923,1,1120.58
686,292,985,2,207.43
687,292,529,1,2017.88
688,293,1714,4,972.34
689,293,1747,1,4211.6
690,293,1281,2,3885.03
691,293,1351,4,2492.74
692,294,1134,4,1592.31
693,294,895,2,4280.38
694,294,222,5,4105.84
695,295,1287,3,3932.11
696,295,1971,5,3384.04
697,295,618,3,3436.62
698,296,319,2,684.29
699,296,1660,4,167.07
700,297,598,1,275.33
701,297,1182,3,3287.43
702,298,110,5,2349.49
703,298,1714,5,788.4
704,298,248,4,2859.5
705,298,1379,4,1823.96
706,299,1040,4,852.31
707,299,1608,3,2480.7
708,300,136,2,3496.33
709,300,1912,1,4048.79
710,300,1269,4,559.11
711,301,204,2,4051.48
712,301,152,1,2688.72
713,301,816,2,1247.53
714,301,750,3,2618.93
715,302,1378,3,2628.29
716,302,1311,5,4424.0
717,302,316,3,3860.59
718,303,9,5,916.9
719,304,17,4,4936.1
720,304,1718,3,4491.54
721,304,1924,1,2698.77
722,305,97,2,704.13
723,306,259,5,3324.5
724,306,1948,4,406.31
725,306,133,4,3953.01
726,306,1888,4,3227.44
727,307,312,1,1267.23
728,307,1537,3,3391.26
729,308,11,5,3907.36
730,308,1398,5,1360.3
731,309,1586,2,3954.89
732,309,1983,1,4107.76
733,310,1388,1,1427.84
734,310,433,4,4118.38
735,311,603,1,1040.81
736,311,1626,3,3411.47
737,311,1101,2,4136.01
738,311,1200,1,3109.39
739,312,1947,4,1787.64
740,313,1983,2,4107.76
741,313,1641,1,1853.09
742,314,24,2,4213.26
743,314,1810,2,1849.5
744,315,927,2,3677.85
745,316,871,3,4608.67
746,317,1826,1,57.69
747,317,1361,2,4344.01
748,317,295,5,2319.63
749,317,496,4,2342.32
750,318,226,3,1054.31
751,318,1084,3,2561.27
752,319,1271,3,1725.79
753,320,958,1,786.16
754,321,1120,3,3248.65
755,321,550,4,1903.24
756,322,1728,3,2701.66
757,322,913,5,15.13
758,322,589,1,67.26
759,322,905,1,1053.26
760,323,664,3,1180.71
761,323,1433,2,2525.06
762,324,1126,2,444.36
763,324,1848,5,727.07
764,324,118,2,4784.56
765,324,1827,2,1594.99
766,325,1853,4,4612.68
767,326,1394,1,1376.49
768,326,141,1,1474.45
769,327,691,3,1354.43
770,328,1993,5,4255.73
771,328,60,1,521.12
772,328,1092,1,166.85
773,329,1780,3,1696.82
774,329,307,2,315.91
775,329,1042,5,2796.15
776,329,1025,4,3996.37
777,330,884,5,2293.9
778,330,538,3,2135.71
779,331,618,4,2789.91
780,331,1470,1,2401.93
781,331,1448,5,3950.08
782,331,1090,5,3677.27
783,332,1594,4,2659.84
784,332,556,4,1287.97
785,332,762,4,2037.05
786,332,228,1,3049.62
787,333,1523,1,118.31
788,333,1009,4,3685.35
789,333,1904,1,23.78
790,333,91,1,1342.66
791,334,387,2,2453.3
792,334,1994,5,2740.8
793,334,894,2,421.43
794,335,8,4,4283.46
795,335,1810,2,1849.5
796,336,1351,3,2492.74
797,336,651,5,140.09
798,337,508,2,4409.24
799,337,1467,5,3014.82
800,337,606,4,4515.64
801,338,468,3,2222.15
802,338,1719,5,4207.69
803,339,904,5,4894.55
804,340,1821,2,4780.59
805,340,174,3,402.4
806,340,434,3,2688.44
807,340,1530,1,1438.4
808,341,1052,1,2566.48
809,342,443,1,4669.7
810,342,1684,3,2982.29
811,343,1032,1,1677.99
812,343,1642,2,2231.42
813,343,921,1,546.59
814,344,548,2,790.99
815,345,44,5,3787.46
816,345,726,4,1412.38
817,345,285,5,1573.73
818,345,1281,2,4697.79
819,346,1323,4,961.89
820,346,1041,4,2917.36
821,346,797,3,4573.17
822,347,1395,5,2500.5
823,347,710,4,3674.35
824,348,1791,4,952.04
825,348,1955,4,1704.13
826,349,1697,3,2034.38
827,350,835,5,824.78
828,351,437,4,4389.45
829,351,1721,4,3360.92
830,351,1454,3,869.09
831,352,1662,5,3160.26
832,352,1684,1,3589.34
833,352,1338,5,2432.88
834,353,1276,2,4393.78
835,353,1960,2,1687.21
836,354,541,3,1696.04
837,355,1227,4,2840.98
838,355,231,5,4228.4
839,356,656,4,3743.6
840,357,644,2,1244.88
841,357,1388,4,1427.84
842,358,1722,1,265.02
843,358,848,5,2754.39
844,358,1884,3,327.89
845,359,1038,3,3375.14
846,359,86,3,1324.32
847,359,803,1,4544.47
848,360,431,1,3294.77
849,360,323,3,3121.78
850,360,38,4,2982.0
851,361,1686,4,456.49
852,361,1245,2,85.12
853,361,675,5,711.86
854,361,131,1,3366.57
855,362,422,1,2988.68
856,362,1518,1,1171.72
857,362,180,1,838.46
858,362,1151,3,3712.56
859,363,1193,5,2049.44
860,363,1245,5,72.21
861,363,78,1,525.53
862,364,1972,2,4088.97
863,364,1305,2,1337.98
864,364,634,2,3390.51
865,365,1323,2,961.89
866,365,435,4,2114.92
867,365,1737,1,3354.21
868,365,1172,1,4339.9
869,366,1764,1,2524.19
870,367,1650,3,2182.84
871,367,654,2,74.1
872,367,1258,1,3972.09
873,367,1602,3,2669.18
874,368,818,1,1691.29
875,368,1158,4,3218.83
876,369,31,2,148.82
877,370,79,3,2248.46
878,371,1952,3,2157.58
879,371,581,4,4815.32
880,371,1734,5,2831.8
881,371,851,2,3486.75
882,372,1665,3,1975.67
883,372,937,3,1937.21
884,372,1511,3,3701.57
885,372,1924,3,2698.77
886,373,399,1,795.05
887,373,1599,1,782.08
888,373,331,5,205.88
889,374,43,4,1212.23
890,374,1719,3,3420.5
891,374,1194,4,472.3
892,374,402,2,4892.72
893,375,14,4,2641.22
894,375,186,5,4656.26
895,375,1165,3,56.96
896,376,806,4,110.32
897,376,30,3,2501.39
898,377,891,3,2534.47
899,378,27,1,3124.89
900,378,635,4,4443.09
901,378,544,4,4741.07
902,379,1050,5,89.97
903,379,497,2,572.94
904,379,297,3,1853.29
905,379,1401,4,3777.73
906,380,1434,4,1186.26
907,380,1429,4,4518.66
908,380,1461,2,3052.71
909,380,898,4,3603.64
910,381,629,4,3437.25
911,381,911,4,3202.05
912,382,1334,4,3114.64
913,383,1862,4,2644.09
914,384,1043,2,3453.96
915,384,201,1,102.3
916,385,56,4,3613.22
917,385,823,4,4892.28
918,385,377,3,2876.14
919,385,1458,4,1609.23
920,386,1514,3,2850.95
921,386,1497,1,271.31
922,386,650,1,2104.28
923,386,564,4,4607.16
924,387,1640,5,3228.09
925,388,958,5,786.16
926,388,428,1,4532.08
927,389,1454,5,785.32
928,389,1533,5,2308.28
929,389,1695,4,2157.72
930,390,611,1,3903.33
931,391,1495,2,2320.02
932,391,553,3,1791.0
933,391,1391,5,2097.4
934,391,363,5,2133.13
935,392,73,2,700.9
936,392,948,2,3588.3
937,393,1351,2,2208.11
938,393,699,1,3684.83
939,393,1197,1,3064.29
940,394,166,5,1708.66
941,394,212,3,803.2
942,395,1421,2,4859.69
943,395,1531,3,4387.4
944,395,1110,3,69.95
945,395,389,4,825.04
946,396,1996,2,1437.31
947,396,1957,3,680.58
948,396,1556,3,1976.36
949,396,819,4,2142.95
950,397,1368,5,2948.1
951,398,786,4,287.29
952,399,1595,5,1776.86
953,399,1266,4,435.95
954,399,1842,3,1223.39
955,400,835,3,824.78
956,401,72,3,946.6
957,401,367,4,1480.88
958,402,133,2,3953.01
959,402,1685,5,4800.62
960,403,177,2,2469.38
961,403,158,2,3068.08
962,403,1544,3,2753.26
963,404,982,2,294.46
964,405,489,3,938.89
965,405,1884,2,310.97
966,406,254,5,3914.95
967,407,1664,2,4192.17
968,407,1974,3,436.28
969,407,309,4,494.89
970,408,1590,5,3842.98
971,408,1734,3,2831.8
972,409,1683,2,4193.9
973,409,980,1,4389.83
974,409,718,4,437.22
975,410,845,5,4661.49
976,411,562,5,3206.23
977,412,896,2,123.66
978,413,1537,4,3391.26
979,413,744,2,2156.28
980,414,1064,2,799.78
981,414,585,2,4567.13
982,415,118,2,4187.27
983,416,1984,5,687.65
984,416,1101,2,3660.2
985,417,1370,2,1021.39
986,418,1745,1,524.94
987,418,1,3,19.64
988,418,903,5,2390.95
989,418,1550,3,3164.23
990,419,870,3,2586.71
991,419,1345,1,3394.63
992,419,341,5,4893.89
993,419,272,2,3498.52
994,420,1961,4,2267.48
995,420,1072,2,4913.65
996,420,564,4,4607.16
997,421,1839,2,3768.65
998,421,491,2,4756.43
999,422,1432,4,4624.51
1000,422,476,3,480.09
1001,422,1126,1,444.36
1002,423,681,1,2163.86
1003,423,1845,3,1385.2
1004,423,1958,5,3698.79
1005,423,1756,1,2179.25
1006,424,537,3,4518.79
1007,424,1590,2,3842.98
1008,425,1513,5,3316.04
1009,426,1460,4,3394.34
1010,427,1211,3,1515.88
1011,427,998,5,4107.24
1012,428,905,2,1079.09
1013,428,370,3,4704.13
1014,428,75,3,50.34
1015,429,704,5,4838.98
1016,430,590,4,2350.34
1017,430,53,4,4782.7
1018,431,1922,4,2750.44
1019,432,720,4,2189.31
1020,432,259,4,3788.75
1021,432,596,4,1231.48
1022,432,183,3,2440.94
1023,433,1970,5,618.35
1024,433,1724,3,2941.61
1025,433,815,4,2374.91
1026,433,1157,2,3021.97
1027,434,1468,1,2274.06
1028,434,1323,2,803.26
1029,434,1178,4,3058.33
1030,435,108,3,2445.01
1031,436,469,3,3409.35
1032,436,1855,2,3510.07
1033,436,1123,4,577.55
1034,437,422,4,3551.95
1035,437,993,2,29.01
1036,438,773,3,1551.94
1037,438,1271,1,1631.61
1038,438,450,1,420.78
1039,439,1513,1,3875.37
1040,439,1165,3,56.96
1041,440,1805,3,2631.43
1042,440,1063,5,3675.7
1043,440,288,5,4203.67
1044,441,237,3,1615.24
1045,441,1120,2,3248.65
1046,441,1257,1,3065.38
1047,441,632,1,2090.66
1048,442,437,1,4389.45
1049,442,1857,2,4958.76
1050,443,484,4,1668.11
1051,443,1882,1,1460.59
1052,443,1406,1,449.18
1053,444,1840,3,981.87
1054,444,1408,5,1217.6
1055,445,227,5,2918.26
1056,445,564,3,4607.16
1057,445,35,3,1168.08
1058,446,1540,1,3898.12
1059,446,1253,1,4822.44
1060,446,1578,3,2695.81
1061,447,531,2,1161.66
1062,447,857,1,1396.84
1063,448,1521,2,4472.71
1064,449,185,3,1050.24
1065,449,1604,2,622.93
1066,450,1702,3,2855.01
1067,450,1190,4,2212.05
1068,450,1553,2,3046.46
1069,450,18,5,4759.91
1070,451,227,4,3000.45
1071,452,1298,3,1317.79
1072,452,1216,1,3884.97
1073,453,604,5,4183.03
1074,453,1880,3,1844.34
1075,453,866,5,1065.77
1076,453,414,3,85.75
1077,454,1039,2,1430.47
1078,454,347,3,4172.85
1079,454,1649,4,3713.09
1080,455,89,5,65.93
1081,455,1522,4,1931.12
1082,455,718,3,437.22
1083,456,1176,4,1627.96
1084,457,1468,5,2128.69
1085,457,1627,5,4970.08
1086,457,721,5,79.18
1087,458,458,4,2007.63
1088,458,419,5,4536.4
1089,458,768,1,2222.8
1090,458,267,2,1827.23
1091,459,1142,4,1770.45
1092,459,36,1,1798.08
1093,459,62,1,3329.9
1094,460,1384,5,4380.18
1095,460,1054,5,966.18
1096,461,1937,5,2540.27
1097,461,1703,5,3435.52
1098,462,562,3,3012.44
1099,463,24,5,4213.26
1100,464,755,4,3263.47
1101,465,830,3,1158.94
1102,465,1321,3,1145.46
1103,466,25,4,3831.09
1104,466,403,2,480.08
1105,466,508,5,4905.99
1106,467,1316,5,1416.17
1107,467,197,4,124.38
1108,467,771,4,264.79
1109,467,880,1,4537.46
1110,468,1778,1,3865.81
1111,468,996,3,2795.3
1112,468,1743,4,982.62
1113,468,926,3,3865.4
1114,469,1157,5,3021.97
1115,469,225,2,1331.62
1116,469,618,1,3436.62
1117,469,395,2,1950.13
1118,470,553,4,1791.0
1119,470,196,2,1975.92
1120,470,583,2,2198.2
1121,471,1059,4,3563.97
1122,472,1884,4,347.97
1123,473,1438,5,2766.52
1124,473,1515,1,3802.4
1125,473,1005,3,481.2
1126,473,1987,3,1206.99
1127,474,539,5,4274.76
1128,474,541,2,1696.04
1129,474,1739,2,4090.09
1130,475,102,1,4320.41
1131,476,46,1,1485.51
1132,476,1548,3,1570.25
1133,476,1076,5,4810.42
1134,476,705,5,4232.36
1135,477,1258,4,3972.09
1136,477,1552,3,2043.9
1137,477,679,5,2172.15
1138,478,888,4,129.22
1139,478,993,2,29.01
1140,478,808,4,2854.34
1141,478,1956,4,794.52
1142,479,864,1,1153.96
1143,479,463,1,1967.8
1144,479,1344,5,1792.55
1145,480,490,1,1644.97
1146,481,899,2,2716.9
1147,481,630,4,2446.22
1148,482,679,3,2172.15
1149,482,856,3,3965.87
1150,482,1179,3,1931.5
1151,482,1466,2,2571.87
1152,483,1746,1,3623.92
1153,483,963,2,577.79
1154,484,1579,4,1075.35
1155,484,1369,2,1107.42
1156,484,137,5,2258.91
1157,484,1940,5,3646.98
1158,485,303,1,3528.76
1159,485,226,2,938.94
1160,485,1070,2,1545.21
1161,485,745,3,2780.97
1162,486,779,1,86.06
1163,487,1376,1,1653.05
1164,488,371,1,1793.54
1165,488,78,4,525.53
1166,488,1135,4,2723.74
1167,489,1422,1,1430.68
1168,489,1787,5,3382.82
1169,489,1695,4,2387.95
1170,489,1597,5,4997.07
1171,490,931,4,4468.44
1172,490,579,4,4113.9
1173,491,931,3,4468.44
1174,491,1283,5,1258.75
1175,491,832,2,1791.53
1176,491,212,1,803.2
1177,492,1089,5,4868.96
1178,492,714,5,4198.07
1179,493,1282,5,4678.25
1180,493,1112,2,3334.7
1181,493,607,1,4648.41
1182,494,268,4,4622.54
1183,494,752,3,1856.82
1184,494,934,5,3262.71
1185,494,1386,5,3278.38
1186,495,75,5,50.34
1187,496,1939,3,3353.5
1188,496,1936,3,1780.81
1189,496,1629,3,844.45
1190,496,1212,5,4527.15
1191,497,894,2,355.88
1192,497,1502,1,1662.88
1193,498,1613,3,2651.93
1194,498,918,4,709.61
1195,498,1522,4,1931.12
1196,498,76,1,688.1
1197,499,1499,1,4052.38
1198,499,1675,3,4618.9
1199,499,1575,1,4759.72
1200,500,1882,3,1460.59
1201,500,239,4,3126.17
1202,500,1898,4,1001.41
1203,500,1088,2,1321.01
1204,501,1302,4,235.36
1205,501,860,1,421.6
1206,501,1737,3,2764.97
1207,502,1595,5,1528.13
1208,503,1621,2,392.0
1209,503,1475,1,4831.22
1210,504,843,1,1112.41
1211,504,1585,1,4809.42
1212,504,1751,3,337.02
1213,504,1509,4,1183.94
1214,505,62,5,3329.9
1215,505,1777,3,2403.72
1216,505,139,3,4993.88
1217,505,1547,3,3071.68
1218,506,732,1,3185.96
1219,507,1831,2,1099.01
1220,507,362,2,2117.28
1221,508,720,4,2189.31
1222,508,849,2,2398.69
1223,508,12,2,1305.93
1224,508,907,3,477.71
1225,509,1312,5,3510.23
1226,509,761,1,988.54
1227,510,803,2,4544.47
1228,510,1997,4,4843.33
1229,510,699,2,4601.64
1230,510,272,5,3498.52
1231,511,1767,3,2213.8
1232,511,884,1,2740.58
1233,511,537,5,4518.79
1234,511,1498,3,2947.49
1235,512,309,1,494.89
1236,512,1048,2,3337.33
1237,512,1240,1,4001.24
1238,512,1239,4,2874.06
1239,513,956,2,2814.27
1240,513,1406,1,406.85
1241,513,280,5,1957.71
1242,513,1437,1,3305.83
1243,514,64,3,2594.71
1244,514,294,3,3720.39
1245,514,1154,3,823.01
1246,514,1068,3,1499.27
1247,515,1126,2,444.36
1248,516,1561,2,4175.17
1249,517,1836,2,675.74
1250,518,1998,2,2776.93
1251,518,1632,4,1604.78
1252,519,870,3,2586.71
1253,520,1974,3,503.16
1254,520,627,1,3263.19
1255,521,1078,1,3125.24
1256,521,1073,5,1327.8
1257,521,649,1,127.94
1258,522,1710,4,1551.52
1259,522,1451,5,95.51
1260,522,707,4,1194.29
1261,523,1878,3,4003.14
1262,524,198,4,1026.87
1263,524,1209,1,1827.1
1264,524,1638,5,1905.98
1265,524,1419,2,2348.86
1266,525,1331,2,772.13
1267,525,1125,1,339.79
1268,525,684,2,3130.93
1269,525,1496,4,2564.23
1270,526,1271,3,1820.81
1271,527,615,1,4116.86
1272,528,827,1,4530.38
1273,528,1896,1,2418.5
1274,529,161,2,55.99
1275,529,1525,5,3157.81
1276,529,852,2,51.74
1277,530,573,5,1933.49
1278,530,371,3,1990.52
1279,531,569,3,3518.66
1280,531,598,1,298.55
1281,531,978,2,1208.96
1282,531,1228,4,1898.35
1283,532,1341,2,2068.83
1284,533,583,1,2344.29
1285,534,1398,5,1360.3
1286,535,925,1,3326.71
1287,535,1316,2,1416.17
1288,535,1406,3,395.2
1289,536,1714,1,972.34
1290,536,1172,3,4339.9
1291,536,1889,5,3933.43
1292,537,491,3,4756.43
1293,537,1475,5,4831.22
1294,537,661,2,1784.45
1295,538,658,3,1245.37
1296,539,1100,2,3708.22
1297,540,800,3,1809.64
1298,541,325,1,778.82
1299,541,810,3,2277.18
1300,541,203,3,3599.53
1301,542,1207,3,3211.83
1302,542,1481,5,1236.14
1303,542,174,3,402.4
1304,543,634,2,3390.51
1305,543,1523,4,118.31
1306,544,959,3,1519.27
1307,544,332,4,4663.2
1308,544,904,1,4383.37
1309,544,1015,2,2805.41
1310,545,8,2,3954.12
1311,546,665,5,946.77
1312,546,136,4,3496.33
1313,546,1585,1,4809.42
1314,546,1389,4,1904.68
1315,547,17,2,4471.76
1316,547,1653,3,2729.95
1317,547,1650,5,2182.84
1318,547,1695,5,2387.95
1319,548,1162,4,260.62
1320,548,1140,4,143.75
1321,549,1574,2,2422.76
1322,549,639,5,1959.67
1323,549,257,5,418.47
1324,550,1751,4,371.51
1325,550,285,3,1882.5
1326,550,1619,5,3983.49
1327,551,1406,4,449.18
1328,551,52,1,4478.08
1329,551,188,3,1686.73
1330,552,1912,1,3614.14
1331,552,1623,3,4345.73
1332,553,1136,5,1859.45
1333,553,1949,5,628.06
1334,553,960,5,1695.67
1335,553,328,4,4328.97
1336,554,1183,5,296.83
1337,554,217,4,604.81
1338,554,1221,5,237.2
1339,554,33,1,618.65
1340,555,494,3,2644.3
1341,555,1919,5,2191.57
1342,555,605,4,324.29
1343,556,302,2,40.83
1344,556,1610,3,386.02
1345,557,163,1,3241.38
1346,557,1284,3,1729.22
1347,558,458,1,2007.63
1348,558,1155,5,2298.98
1349,559,937,1,1937.21
1350,560,1617,1,1107.75
1351,560,733,1,1237.21
1352,560,1126,1,390.59
1353,561,1866,4,3049.22
1354,561,1328,3,1629.06
1355,561,1711,5,3091.29
1356,561,566,1,3671.74
1357,562,1585,2,4809.42
1358,563,1676,5,289.92
1359,564,1958,3,4221.55
1360,565,1100,5,3708.22
1361,565,359,4,3800.44
1362,565,1273,1,2490.93
1363,565,1036,2,4112.89
1364,566,1384,2,3622.33
1365,566,1258,4,3972.09
1366,566,1625,5,2389.16
1367,566,309,1,409.86
1368,567,1408,4,1314.08
1369,567,1828,2,3265.59
1370,567,1691,5,49.01
1371,567,431,1,3294.77
1372,568,681,1,2163.86
1373,569,1366,1,3554.33
1374,569,634,3,3390.51
1375,570,1435,5,3765.92
1376,570,617,2,145.49
1377,570,1831,2,1191.03
1378,570,1924,4,2698.77
1379,571,1001,2,2482.85
1380,571,454,3,3211.71
1381,571,978,3,1208.96
1382,571,1764,4,2524.19
1383,572,538,4,1885.64
1384,572,1518,4,1033.01
1385,573,1362,5,3165.2
1386,573,7,4,4731.63
1387,573,462,4,2829.04
1388,574,274,2,88.25
1389,574,1503,2,3746.82
1390,574,1306,5,3280.58
1391,575,82,3,4492.0
1392,575,1970,5,618.35
1393,576,1837,4,4058.88
1394,576,1375,5,3905.71
1395,576,193,4,4643.63
1396,576,1268,2,1590.21
1397,577,1386,1,3278.38
1398,577,841,4,2484.52
1399,577,1403,4,3226.0
1400,577,967,3,3884.42
1401,578,484,4,1765.61
1402,578,873,4,4733.69
1403,579,1527,3,1419.63
1404,579,1676,1,342.22
1405,579,518,5,2494.14
1406,579,1512,1,3381.05
1407,580,822,4,2979.71
1408,580,1213,3,2208.1
1409,580,899,3,2458.79
1410,580,250,3,371.44
1411,581,87,2,2762.02
1412,581,1096,3,2154.04
1413,581,1238,4,4582.12
1414,581,1301,3,2911.31
1415,582,1239,5,3172.16
1416,582,539,4,4274.76
1417,583,761,2,1097.43
1418,583,882,3,2446.15
1419,584,1437,3,3751.2
1420,584,148,5,3104.71
1421,584,964,1,2374.54
1422,584,1942,1,119.81
1423,585,1704,4,4825.0
1424,585,1688,1,765.07
1425,586,1392,5,3987.71
1426,586,1758,5,1308.23
1427,586,1907,1,431.07
1428,587,185,4,1050.24
1429,587,861,3,3583.46
1430,588,114,3,2736.13
1431,588,864,4,1153.96
1432,588,729,4,3272.63
1433,589,1142,3,1447.48
1434,589,1295,3,4824.7
1435,590,1995,1,2213.54
1436,591,1595,2,1567.24
1437,591,1405,1,894.37
1438,591,467,2,2858.65
1439,591,728,5,1720.04
1440,592,1151,2,3712.56
1441,593,1436,4,4075.78
1442,593,766,3,3588.86
1443,593,1971,5,3384.04
1444,594,1295,4,4824.7
1445,595,1729,1,1365.82
1446,596,615,3,4116.86
1447,596,1024,3,2013.75
1448,597,1140,5,143.75
1449,597,201,3,102.3
1450,597,1496,3,2364.39
1451,597,90,4,4686.08
1452,598,911,1,3202.05
1453,598,1945,2,4845.83
1454,599,610,1,1994.54
1455,599,695,3,762.18
1456,599,1289,5,823.25
1457,600,1958,2,4221.55
1458,601,1625,1,2389.16
1459,601,1892,1,3756.21
1460,601,236,5,3685.93
1461,602,217,4,657.68
1462,602,310,3,3134.88
1463,602,792,4,839.44
1464,602,556,5,1367.56
1465,603,1128,2,866.35
1466,603,890,4,1942.86
1467,604,195,5,1260.96
1468,604,56,2,3613.22
1469,604,1434,4,1186.26
1470,604,554,1,4495.61
1471,605,1655,3,2774.93
1472,605,1901,2,137.72
1473,605,1142,2,1770.45
1474,606,1988,3,785.21
1475,606,1969,3,1715.61
1476,606,242,1,2164.87
1477,606,717,2,1550.32
1478,607,884,2,2740.58
1479,607,1830,1,1400.93
1480,608,1347,2,4310.65
1481,608,1239,5,2887.46
1482,609,1262,2,3201.63
1483,609,1075,2,1297.7
1484,609,1422,4,1430.68
1485,609,1752,5,3707.7
1486,610,1262,1,3201.63
1487,610,1580,5,4757.61
1488,610,701,1,2326.65
1489,610,1646,4,4531.46
1490,611,30,4,2949.45
1491,611,256,4,1529.79
1492,611,1800,4,900.34
1493,611,333,1,3468.49
1494,612,993,5,29.01
1495,612,1659,2,479.37
1496,612,331,3,205.88
1497,612,1204,4,4537.46
1498,613,1429,1,3976.6
1499,613,1272,3,855.09
1500,613,378,4,1121.15
1501,614,601,3,4765.61
1502,614,752,5,1856.82
1503,614,1564,4,4395.5
1504,614,1055,3,4800.5
1505,615,1095,1,2673.01
1506,615,1819,5,118.88
1507,615,1683,1,4193.9
1508,616,1215,4,527.05
1509,616,1232,1,4553.57
1510,616,1377,5,2370.92
1511,617,648,2,469.49
1512,617,573,2,1933.49
1513,617,608,2,2247.3
1514,618,504,4,782.8
1515,618,631,5,3065.52
1516,618,1151,5,3712.56
1517,619,375,2,1464.53
1518,619,357,4,1811.46
1519,619,1522,5,1931.12
1520,619,936,5,1664.96
1521,620,991,1,4617.12
1522,620,1385,3,3672.34
1523,620,1133,1,2239.95
1524,620,1111,1,2376.45
1525,621,622,2,1553.69
1526,621,1176,4,1627.96
1527,621,1646,4,4531.46
1528,622,1104,4,2160.59
1529,622,1001,3,2482.85
1530,622,1186,4,4015.15
1531,622,26,4,461.05
1532,623,1712,1,2569.69
1533,623,729,3,3272.63
1534,623,1461,2,3052.71
1535,623,994,3,3408.23
1536,624,671,3,4268.05
1537,624,769,5,3713.66
1538,624,265,2,410.67
1539,624,1986,4,3350.49
1540,625,1824,4,2714.06
1541,625,1453,2,1522.95
1542,626,1337,5,1760.67
1543,626,281,3,4959.48
1544,626,769,1,4199.98
1545,627,988,4,4286.16
1546,628,1789,5,2544.6
1547,628,43,3,1212.23
1548,629,412,5,3557.28
1549,629,763,4,3663.37
1550,630,1114,2,2044.56
1551,630,1186,1,4015.15
1552,630,655,2,103.21
1553,631,916,2,4904.69
1554,631,1997,4,4843.33
1555,631,392,2,4147.29
1556,631,1727,5,769.61
1557,632,765,1,1424.04
1558,632,14,3,2641.22
1559,633,257,5,454.34
1560,633,1266,3,501.14
1561,633,61,2,2935.73
1562,633,1127,5,903.31
1563,634,59,4,3151.73
1564,634,601,4,4146.18
1565,635,240,1,431.39
1566,636,1622,2,1435.95
1567,637,1306,5,3280.58
1568,637,337,2,719.59
1569,637,1400,3,1999.62
1570,637,832,2,1791.53
1571,638,894,4,381.74
1572,638,1882,4,1207.88
1573,638,102,1,4320.41
1574,639,1927,3,3376.17
1575,639,1261,5,2089.43
1576,640,1375,5,3905.71
1577,640,1257,1,3065.38
1578,640,957,4,4532.8
1579,641,1965,1,4683.28
1580,641,1245,2,85.12
1581,641,1276,1,4088.41
1582,642,415,2,233.88
1583,642,1034,3,1140.64
1584,642,1175,2,2120.63
1585,643,215,5,1598.55
1586,643,437,2,3679.37
1587,643,1516,2,3901.91
1588,643,1670,2,3775.41
1589,644,1685,5,4800.62
1590,644,1324,5,1313.79
1591,644,1205,4,4795.08
1592,644,60,1,429.89
1593,645,151,5,4997.17
1594,646,1713,1,3233.67
1595,647,441,4,3746.85
1596,647,1080,5,4797.15
1597,647,667,5,4600.9
1598,647,1933,2,2420.56
1599,648,1957,4,575.54
1600,648,1769,1,4216.87
1601,648,1740,1,2678.81
1602,648,650,1,1838.0
1603,649,508,3,4905.99
1604,649,338,3,99.68
1605,649,282,4,571.73
1606,650,428,4,4532.08
1607,651,1182,3,3062.54
1608,651,1198,3,3541.3
1609,651,1166,5,4725.81
1610,651,159,1,1222.68
1611,652,459,2,2672.36
1612,652,1618,3,4119.68
1613,652,607,4,4648.41
1614,652,779,1,86.06
1615,653,918,1,709.61
1616,653,654,1,74.1
1617,654,1826,2,60.44
1618,654,1183,1,348.93
1619,655,565,3,159.76
1620,656,756,5,4290.25
1621,656,69,4,749.3
1622,656,1170,1,1315.23
1623,657,1719,4,4207.69
1624,657,408,1,4147.39
1625,658,462,5,2829.04
1626,658,1213,4,2208.1
1627,659,44,5,3787.46
1628,660,1258,3,3383.36
1629,660,1871,5,2643.42
1630,660,806,1,106.19
1631,661,940,3,430.57
1632,661,1861,3,501.6
1633,662,1629,2,844.45
1634,662,235,4,201.57
1635,662,836,4,3184.86
1636,662,848,4,2754.39
1637,663,71,2,4701.99
1638,663,38,2,3283.97
1639,663,810,4,2694.6
1640,663,431,5,3294.77
1641,664,471,3,1914.7
1642,664,883,2,777.84
1643,664,982,3,242.23
1644,664,1324,2,1491.93
1645,665,198,3,1266.5
1646,665,1992,5,531.48
1647,666,127,4,4711.87
1648,666,1462,3,3236.96
1649,666,1410,1,3888.52
1650,667,946,3,2790.2
1651,668,491,3,4756.43
1652,669,1155,3,2298.98
1653,670,1830,3,1574.79
1654,670,1728,5,2701.66
1655,670,43,2,1212.23
1656,671,881,2,406.91
1657,672,437,5,4389.45
1658,672,875,3,593.63
1659,672,1091,4,2176.74
1660,673,692,2,3799.99
1661,673,1711,1,3091.29
1662,673,1377,5,2370.92
1663,674,1777,3,2403.72
1664,675,1189,2,1492.95
1665,675,1079,4,870.46
1666,675,304,2,4475.38
1667,675,1290,2,112.99
1668,676,199,5,252.39
1669,677,293,3,3047.2
1670,677,929,4,3931.07
1671,677,1689,1,4055.41
1672,677,754,1,1620.48
1673,678,1875,5,889.15
1674,678,682,5,4710.39
1675,678,934,2,3262.71
1676,679,111,3,1765.05
1677,679,1054,2,883.66
1678,679,866,5,1065.77
1679,679,409,3,284.25
1680,680,346,3,1901.86
1681,681,1077,1,1382.67
1682,681,1303,2,68.4
1683,681,1580,3,4757.61
1684,682,790,1,3447.9
1685,682,987,1,4441.98
1686,682,708,1,4775.63
1687,683,1961,2,2267.48
1688,683,32,2,3938.64
1689,684,1685,3,4800.62
1690,685,1329,3,1367.61
1691,685,470,4,2867.01
1692,686,314,3,2232.66
1693,686,137,2,2258.91
1694,687,1187,5,3103.92
1695,688,342,5,4327.25
1696,688,92,2,4458.7
1697,688,1537,1,3391.26
1698,689,860,3,421.6
1699,689,954,4,3733.59
1700,689,1685,1,4506.05
1701,689,667,1,3705.02
1702,690,621,3,784.63
1703,691,773,4,1403.52
1704,692,349,5,3568.37
1705,692,1832,2,1596.17
1706,692,638,5,2493.09
1707,692,1104,5,1980.43
1708,693,562,1,3206.23
1709,693,874,2,4765.46
1710,693,610,5,2298.27
1711,694,849,4,2398.69
1712,694,890,4,1942.86
1713,695,1207,5,3211.83
1714,695,89,2,65.93
1715,695,1422,3,1430.68
1716,696,1099,4,3583.64
1717,697,687,5,343.32
1718,697,1151,1,3712.56
1719,697,1428,2,1023.73
1720,697,1700,1,54.4
1721,698,979,1,2037.26
1722,698,318,4,4231.08
1723,698,765,1,1336.92
1724,698,915,4,4241.85
1725,699,581,1,4815.32
1726,699,179,4,3052.29
1727,699,1203,1,4402.27
1728,699,1840,1,1146.8
1729,700,1199,4,2527.07
1730,700,117,4,2741.14
1731,700,728,1,1720.04
1732,701,592,2,3577.8
1733,701,1298,5,1317.79
1734,701,110,4,2349.49
1735,701,386,3,4619.91
1736,702,220,2,1408.94
1737,702,1051,5,1535.78
1738,702,1196,5,571.04
1739,702,1299,1,3724.14
1740,703,1444,3,4159.85
1741,704,1949,5,529.47
1742,704,1986,5,3350.49
1743,704,1303,3,68.4
1744,705,1561,3,4175.17
1745,705,9,4,916.9
1746,706,960,5,1695.67
1747,706,1399,1,2617.78
1748,707,1805,5,2631.43
1749,708,1837,1,4360.25
1750,708,948,1,3588.3
1751,708,407,1,2291.87
1752,708,940,3,430.57
1753,709,1113,5,1117.82
1754,710,1857,5,4302.69
1755,710,1177,3,3074.02
1756,711,656,1,3743.6
1757,711,91,2,1342.66
1758,712,1024,2,1747.64
1759,712,1437,3,3751.2
1760,712,1897,4,2534.34
1761,712,1926,5,3156.81
1762,713,572,1,2837.5
1763,713,695,3,762.18
1764,713,841,4,2484.52
1765,714,54,3,268.33
1766,714,1825,3,641.44
1767,714,275,5,3000.32
1768,715,1695,5,2387.95
1769,715,709,2,1716.08
1770,715,1528,1,63.03
1771,716,1677,3,828.77
1772,717,994,3,3999.58
1773,717,19,4,4163.81
1774,717,78,4,525.53
1775,717,441,3,4307.7
1776,718,906,3,1703.31
1777,718,787,2,3735.76
1778,719,1818,5,746.28
1779,719,431,4,3294.77
1780,720,737,3,2160.89
1781,720,61,1,3122.29
1782,720,1940,1,4375.64
1783,720,1780,4,1696.82
1784,721,1170,2,1315.23
1785,721,82,3,4492.0
1786,722,809,3,3104.43
1787,722,501,5,3768.53
1788,722,1644,3,3769.14
1789,722,1489,1,1547.24
1790,723,1591,3,2817.51
1791,724,223,1,1865.59
1792,724,627,2,3263.19
1793,725,1345,1,3394.63
1794,725,953,4,3227.55
1795,725,686,2,4311.22
1796,726,20,1,3466.81
1797,726,1180,1,3403.33
1798,726,991,5,4617.12
1799,726,93,5,683.08
1800,727,1140,1,143.75
1801,727,721,5,79.67
1802,727,1873,5,2032.74
1803,728,1365,2,782.66
1804,728,932,5,2826.61
1805,728,1139,4,2427.87
1806,728,194,4,85.23
1807,729,1299,2,4280.63
1808,730,1340,2,1567.91
1809,731,1942,4,102.61
1810,731,1028,4,1412.03
1811,731,1097,2,542.09
1812,731,1088,4,1069.59
1813,732,642,5,3124.64
1814,732,402,2,4892.72
1815,732,350,5,1033.52
1816,732,987,5,4441.98
1817,733,1909,1,4457.5
1818,734,678,1,3742.53
1819,735,647,4,1274.12
1820,736,418,4,4483.51
1821,736,1109,4,482.64
1822,736,1772,4,4036.96
1823,736,1072,2,4913.65
1824,737,524,4,3994.22
1825,737,781,3,2720.54
1826,738,1154,2,872.87
1827,738,591,3,3018.11
1828,738,1670,5,3775.41
1829,739,1146,4,220.73
1830,739,1349,4,491.69
1831,740,966,3,353.32
1832,740,752,2,1856.82
1833,740,1603,3,774.75
1834,740,462,3,2829.04
1835,741,1892,1,3265.77
1836,741,1720,2,1338.58
1837,741,86,2,1479.15
1838,742,1888,2,3602.81
1839,742,111,1,1765.05
1840,742,857,2,1674.64
1841,743,560,1,3783.25
1842,743,1307,1,2189.28
1843,743,1697,3,2034.38
1844,744,321,2,3268.68
1845,744,1543,5,1601.34
1846,744,691,1,1582.01
1847,745,569,2,3518.66
1848,746,242,2,2164.87
1849,746,1459,1,1923.89
1850,746,1378,4,2628.29
1851,746,833,1,763.58
1852,747,231,1,4228.4
1853,747,677,2,45.02
1854,747,988,5,4286.16
1855,748,1096,1,2154.04
1856,748,1093,3,3916.92
1857,749,207,5,4395.79
1858,750,270,2,3023.26
1859,750,1808,5,3905.23
1860,750,624,3,563.65
1861,750,1464,1,3568.86
1862,751,473,4,4766.17
1863,751,528,2,2730.54
1864,751,21,5,3070.17
1865,751,899,5,3039.24
1866,752,243,2,2147.55
1867,753,490,3,1644.97
1868,753,594,1,2929.29
1869,753,214,1,3316.61
1870,753,1525,4,3157.81
1871,754,1422,4,1430.68
1872,754,129,4,4668.8
1873,754,842,5,68.18
1874,755,720,4,1877.09
1875,756,837,3,2265.42
1876,756,235,2,217.55
1877,756,1151,1,3712.56
1878,757,869,5,1049.71
1879,757,799,4,4047.46
1880,757,1972,3,4088.97
1881,758,317,2,2700.01
1882,758,464,3,3790.54
1883,759,751,3,4210.09
1884,760,1526,2,2375.3
1885,760,528,2,2730.54
1886,761,710,2,4079.08
1887,761,818,1,1691.29
1888,761,1292,4,4546.08
1889,761,1414,4,604.17
1890,762,1063,3,3675.7
1891,762,1111,3,2254.71
1892,762,1034,1,1140.64
1893,762,627,3,3263.19
1894,763,202,3,3151.14
1895,764,139,2,4993.88
1896,764,1920,3,2497.61
1897,764,1164,3,2226.51
1898,764,1705,3,2353.93
1899,765,1768,1,3632.43
1900,765,340,4,2489.97
1901,766,740,4,618.13
1902,766,1773,4,2075.06
1903,766,617,4,145.49
1904,766,963,2,524.46
1905,767,602,3,4730.97
1906,767,62,2,3329.9
1907,767,1331,1,710.53
1908,768,651,4,140.09
1909,769,446,2,1003.7
1910,770,1753,1,499.62
1911,770,392,3,3866.7
1912,770,837,3,2265.42
1913,771,906,4,1703.31
1914,772,1198,3,4266.62
1915,772,1781,4,2340.2
1916,773,858,3,4288.06
1917,773,113,5,1021.83
1918,774,819,5,2142.95
1919,775,949,2,3259.59
1920,776,1969,5,1715.61
1921,777,1278,3,4786.26
1922,777,787,3,3735.76
1923,777,1151,3,3712.56
1924,777,1260,1,3252.12
1925,778,617,2,145.49
1926,778,880,5,4537.46
1927,779,934,2,3262.71
1928,780,1798,3,3519.52
1929,780,119,1,3308.25
1930,780,1875,3,889.15
1931,780,651,3,129.06
1932,781,322,2,1128.18
1933,781,1552,1,2043.9
1934,781,1304,5,1900.7
1935,781,755,5,3263.47
1936,782,1169,3,469.06
1937,782,156,4,114.68
1938,782,738,5,4721.08
1939,783,40,4,4750.28
1940,783,1102,4,4297.06
1941,784,1631,1,4490.57
1942,784,1648,1,4000.16
1943,784,29,5,4104.81
1944,785,1999,1,1872.15
1945,786,59,3,2731.66
1946,786,570,5,2071.01
1947,786,124,1,1790.96
1948,786,1034,4,1140.64
1949,787,1636,3,4425.37
1950,787,1389,2,1904.68
1951,788,183,5,2788.23
1952,788,1575,4,3909.34
1953,788,1385,4,3672.34
1954,789,1499,2,4052.38
1955,789,1541,5,482.43
1956,790,1532,5,4771.9
1957,790,1887,2,73.37
1958,790,997,4,3118.76
1959,791,1509,3,1233.12
1960,791,662,2,1537.86
1961,792,1322,3,2046.82
1962,793,308,2,4227.04
1963,793,82,3,4492.0
1964,793,139,1,4114.93
1965,794,1463,1,4311.37
1966,795,1571,5,3828.97
1967,796,450,1,338.35
1968,796,339,4,2744.38
1969,796,496,5,2342.32
1970,797,831,1,1170.29
1971,797,337,4,889.63
1972,798,536,5,2265.43
1973,798,37,4,3285.39
1974,799,384,3,2813.82
1975,799,219,5,3018.86
1976,799,1206,2,1052.49
1977,800,1844,4,488.25
1978,801,1951,3,1435.17
1979,802,545,4,2788.18
1980,802,1301,1,2525.42
1981,802,1887,1,88.25
1982,802,771,3,289.99
1983,803,1869,5,312.38
1984,803,1499,2,4052.38
1985,803,1791,2,826.01
1986,804,1069,2,4944.78
1987,804,945,2,1759.69
1988,805,138,3,2467.22
1989,805,30,1,2507.91
1990,805,1550,1,3369.31
1991,806,1381,1,1933.35
1992,806,1528,1,60.28
1993,806,1071,1,2170.33
1994,806,1425,3,2840.04
1995,807,1407,2,3721.74
1996,807,1698,2,2763.38
1997,807,1800,5,1027.07
1998,807,1373,1,3097.3
1999,808,736,2,3374.71
2000,808,1835,1,358.62
2001,809,57,1,4705.04
2002,809,1390,1,1937.77
2003,809,734,2,1841.35
2004,809,1104,3,2160.59
2005,810,1695,2,2387.95
2006,811,1577,5,661.29
2007,811,1179,2,1931.5
2008,811,1254,3,4319.49
2009,811,740,5,561.12
2010,812,1575,4,4759.72
2011,812,415,2,273.97
2012,813,290,2,2579.19
2013,814,293,3,3047.2
2014,814,792,4,839.44
2015,815,1211,3,1630.48
2016,815,210,3,1176.68
2017,815,651,1,140.09
2018,816,1898,1,875.03
2019,816,1633,2,3822.22
2020,816,823,1,4160.8
2021,816,939,5,152.65
2022,817,1293,3,1155.19
2023,818,1672,1,459.75
2024,819,1526,1,2734.98
2025,820,1070,4,1545.21
2026,821,1762,3,950.9
2027,821,1129,3,4161.06
2028,821,1443,4,1395.23
2029,821,882,2,2446.15
2030,822,1633,5,4642.34
2031,822,570,4,1940.09
2032,822,518,2,2252.07
2033,823,1125,5,339.79
2034,824,579,5,3332.77
2035,825,706,1,3972.13
2036,826,131,3,3366.57
2037,826,190,4,845.16
2038,826,1715,1,3099.54
2039,826,58,2,4880.59
2040,827,783,3,41.05
2041,827,249,2,3629.33
2042,828,1649,4,3713.09
2043,828,562,3,3206.23
2044,828,901,1,4432.43
2045,828,1695,4,2387.95
2046,829,1032,1,1677.99
2047,829,1633,2,4642.34
2048,829,1807,4,1458.05
2049,829,710,1,4079.08
2050,830,945,5,1759.69
2051,830,600,4,1557.53
2052,830,1605,5,4362.29
2053,830,1015,2,2805.41
2054,831,865,4,2455.86
2055,831,1876,4,915.48
2056,831,632,5,1806.51
2057,831,553,5,1791.0
2058,832,1488,2,1662.93
2059,832,1295,4,4824.7
2060,832,323,2,3121.78
2061,833,1597,1,4048.17
2062,833,810,2,2694.6
2063,834,372,5,1767.22
2064,834,81,5,4873.64
2065,834,1307,3,2522.81
2066,835,100,3,4670.26
2067,835,481,1,976.31
2068,836,145,5,4174.9
2069,836,1120,2,3248.65
2070,836,256,5,1529.79
2071,837,1237,3,3949.17
2072,838,1555,5,3690.58
2073,838,1720,4,1338.58
2074,839,1637,1,844.41
2075,839,1157,1,3021.97
2076,840,1916,5,69.6
2077,840,490,4,1644.97
2078,840,1575,3,4759.72
2079,841,845,2,4661.49
2080,842,988,5,4286.16
2081,843,285,3,1882.5
2082,843,1028,1,1488.66
2083,843,356,5,3642.76
2084,844,1452,2,764.05
2085,844,180,4,799.18
2086,845,1094,4,4482.97
2087,845,1612,1,1478.67
2088,845,1677,2,828.77
2089,845,753,2,2931.64
2090,846,126,5,2072.3
2091,847,1630,1,1099.71
2092,848,1231,4,679.89
2093,848,756,3,4290.25
2094,848,1689,2,4055.41
2095,848,1982,2,3020.28
2096,849,987,5,4441.98
2097,849,514,3,705.54
2098,849,1660,1,167.07
2099,850,1018,5,4664.27
2100,851,1452,5,642.56
2101,852,1086,3,4700.28
2102,853,1708,3,257.65
2103,854,1629,4,755.92
2104,854,883,2,777.84
2105,854,1837,2,4360.25
2106,854,1374,1,4245.98
2107,855,925,1,4150.42
2108,855,1296,2,235.39
2109,855,447,4,1882.07
2110,855,393,3,3676.91
2111,856,205,2,4043.35
2112,856,81,3,4873.64
2113,856,264,5,3080.46
2114,857,1441,3,692.42
2115,857,1423,1,1302.55
2116,857,1676,4,342.22
2117,857,501,2,3768.53
2118,858,69,5,814.84
2119,859,1931,3,1716.78
2120,859,1901,5,151.68
2121,860,1651,2,1559.53
2122,860,217,2,657.68
2123,861,731,4,1474.98
2124,862,1050,3,89.41
2125,862,1421,1,4486.65
2126,863,733,3,1085.87
2127,864,1282,3,4678.25
2128,865,1996,5,1437.31
2129,865,684,1,3130.93
2130,866,1352,1,409.65
2131,866,589,1,67.26
2132,866,467,1,3451.65
2133,866,479,2,1787.96
2134,867,1041,1,2339.03
2135,867,151,4,4997.17
2136,867,293,5,3047.2
2137,867,828,4,4204.94
2138,868,1303,2,68.4
2139,869,1673,3,3935.36
2140,870,1761,1,4165.49
2141,871,1685,3,4800.62
2142,871,792,4,741.56
2143,872,510,5,2209.27
2144,872,415,2,227.68
2145,872,809,1,3104.43
2146,873,336,5,2584.15
2147,873,424,4,850.16
2148,873,457,2,580.66
2149,873,127,5,4711.87
2150,874,1506,4,681.79
2151,874,1877,1,896.41
2152,874,63,4,908.21
2153,874,1505,4,4216.31
2154,875,1000,1,1048.28
2155,875,1053,1,2376.88
2156,875,1791,3,952.04
2157,875,1216,1,3884.97
2158,876,1421,3,4859.69
2159,877,377,2,2609.23
2160,877,747,1,638.84
2161,877,1603,3,638.13
2162,877,552,4,3735.2
2163,878,884,5,2740.58
2164,879,903,4,2390.95
2165,879,770,3,1755.13
2166,880,1026,3,3359.58
2167,880,152,5,2688.72
2168,881,1789,1,2299.37
2169,881,343,5,1428.48
2170,881,368,4,3600.59
2171,881,583,4,2344.29
2172,882,825,1,4366.02
2173,882,178,2,4327.53
2174,883,1056,1,151.5
2175,883,462,4,2829.04
2176,883,1084,3,2561.27
2177,884,518,2,2494.14
2178,884,1021,4,3684.3
2179,885,708,5,4775.63
2180,886,1392,5,4601.48
2181,886,1920,1,2497.61
2182,886,792,4,839.44
2183,887,1385,4,3672.34
2184,887,1576,4,3852.85
2185,888,1655,1,2999.53
2186,889,917,5,3523.38
2187,889,982,2,294.46
2188,889,151,2,4997.17
2189,889,518,2,2494.14
2190,890,299,3,2422.18
2191,890,1748,2,681.78
2192,891,1000,3,1180.66
2193,891,447,1,1882.07
2194,891,1892,1,3082.34
2195,892,1776,2,867.72
2196,892,879,5,387.29
2197,892,20,5,3179.15
2198,893,1468,2,2274.06
2199,893,1266,4,472.31
2200,894,91,4,1342.66
2201,894,1841,1,3061.28
2202,895,707,2,1035.99
2203,895,928,5,3423.28
2204,895,331,4,205.88
2205,895,1291,2,1661.86
2206,896,519,4,4169.17
2207,896,1991,3,3214.44
2208,896,267,3,1481.27
2209,896,835,4,824.78
2210,897,1521,3,3616.72
2211,897,1734,4,2831.8
2212,897,1806,2,4932.05
2213,897,714,1,4198.07
2214,898,643,2,3185.4
2215,898,310,3,3134.88
2216,898,1954,1,4409.84
2217,898,1652,5,342.56
2218,899,844,5,3146.19
2219,899,83,2,1742.41
2220,899,1173,1,3799.31
2221,900,721,4,93.68
2222,900,1463,5,4311.37
2223,900,1922,3,2750.44
2224,901,660,3,2431.78
2225,901,1081,3,1452.21
2226,901,1635,3,4839.97
2227,902,1332,1,2934.88
2228,902,1235,4,930.51
2229,902,648,2,469.49
2230,902,1965,5,3765.5
2231,903,372,3,1767.22
2232,903,1419,5,2348.86
2233,903,450,3,420.78
2234,903,1390,4,1781.31
2235,904,504,4,782.8
2236,904,1014,1,2413.88
2237,904,1858,1,4696.05
2238,904,997,1,3157.81
2239,905,561,5,2023.99
2240,905,1159,2,3012.68
2241,905,107,4,3963.87
2242,905,38,1,3283.97
2243,906,1909,1,4859.09
2244,906,1716,4,2035.93
2245,907,914,5,4235.83
2246,907,1564,3,4395.5
2247,908,558,2,132.2
2248,909,63,2,908.21
2249,910,630,4,2446.22
2250,911,279,4,2332.77
2251,912,970,3,1564.11
2252,912,1127,3,823.06
2253,912,1630,5,1099.71
2254,912,93,3,683.08
2255,913,721,4,93.68
2256,913,808,1,2854.34
2257,913,909,2,1895.6
2258,914,1435,5,3765.92
2259,914,1290,4,121.76
2260,914,412,2,3557.28
2261,915,43,5,1212.23
2262,916,1988,1,724.8
2263,916,1157,4,3021.97
2264,916,1497,4,271.31
2265,916,1962,3,1588.31
2266,917,846,5,3819.23
2267,917,731,5,1685.44
2268,917,533,2,249.88
2269,918,292,1,941.43
2270,918,121,3,926.94
2271,919,538,4,2135.71
2272,919,33,5,618.65
2273,920,639,5,1959.67
2274,920,555,2,4404.23
2275,920,1064,1,891.81
2276,921,763,5,3663.37
2277,922,1707,3,341.01
2278,922,144,5,3945.75
2279,922,677,5,45.02
2280,923,245,2,4956.68
2281,923,1657,4,2691.07
2282,924,152,1,2688.72
2283,924,1405,1,894.37
2284,925,692,5,4629.69
2285,926,1966,3,4882.44
2286,927,1682,5,1650.57
2287,928,1920,1,2497.61
2288,928,334,1,3189.75
2289,929,1962,5,1588.31
2290,930,1140,3,143.75
2291,931,610,1,2298.27
2292,931,537,1,3783.29
2293,931,1709,5,1568.58
2294,931,2000,1,849.72
2295,932,1515,4,3802.4
2296,932,613,5,1460.82
2297,932,132,4,1589.4
2298,932,1023,2,3992.43
2299,933,1578,5,2695.81
2300,933,1272,5,855.09
2301,933,99,4,2931.52
2302,934,848,3,2754.39
2303,934,1713,2,3233.67
2304,934,1510,1,1417.49
2305,934,879,1,402.44
2306,935,1117,3,4351.06
2307,935,793,3,191.91
2308,935,249,5,3887.05
2309,935,281,1,4959.48
2310,936,1960,1,1687.21
2311,937,863,3,2025.64
2312,937,1440,1,3589.68
2313,937,1231,5,679.89
2314,938,292,5,941.43
2315,938,1359,1,3802.52
2316,938,1378,5,2628.29
2317,939,473,2,4766.17
2318,939,1220,4,558.75
2319,939,1074,3,1090.35
2320,940,856,2,4713.32
2321,940,1012,5,1232.66
2322,940,809,4,3104.43
2323,940,1697,4,2034.38
2324,941,1377,4,2370.92
2325,941,952,2,2232.98
2326,941,1593,2,3439.42
2327,942,911,2,3202.05
2328,942,15,2,1839.9
2329,942,114,3,3138.55
2330,943,1265,4,2484.93
2331,943,1975,2,3658.73
2332,943,157,3,4489.54
2333,944,940,5,430.57
2334,944,1819,1,118.88
2335,944,1512,2,3381.05
2336,944,1565,5,3779.56
2337,945,1426,3,2840.77
2338,946,92,1,4458.7
2339,946,1290,3,121.76
2340,946,627,3,3263.19
2341,946,935,1,1506.93
2342,947,49,1,2820.56
2343,947,1666,4,1107.86
2344,947,547,3,2542.66
2345,947,75,2,40.7
2346,948,1499,4,4052.38
2347,948,655,1,120.85
2348,948,137,5,2258.91
2349,949,1935,2,3934.13
2350,950,1173,2,3799.31
2351,950,1795,2,1258.44
2352,951,37,3,3285.39
2353,951,1585,5,4809.42
2354,951,1355,1,4828.7
2355,951,1520,3,3436.75
2356,952,1388,5,1427.84
2357,952,1706,3,3582.05
2358,952,319,3,684.29
2359,952,279,1,2332.77
2360,953,1517,5,1255.49
2361,953,35,3,1386.08
2362,953,1818,5,791.28
2363,954,981,4,355.18
2364,954,1644,1,3769.14
2365,954,1750,5,4149.38
2366,954,1762,3,950.9
2367,955,68,1,395.92
2368,955,1622,3,1288.78
2369,955,49,5,2758.55
2370,955,1133,4,2239.95
2371,956,1697,4,2034.38
2372,956,1686,2,456.49
2373,957,1322,2,2046.82
2374,957,1947,4,1787.64
2375,958,1328,4,1629.06
2376,958,671,2,4268.05
2377,959,949,4,2795.19
2378,959,845,4,4661.49
2379,959,1870,2,2326.9
2380,960,1873,1,2032.74
2381,961,1923,2,3707.45
2382,961,1567,5,2535.92
2383,961,1931,5,2121.67
2384,961,76,4,552.86
2385,962,1660,5,144.34
2386,962,244,4,3907.13
2387,962,1615,2,2853.97
2388,963,264,4,3080.46
2389,964,628,3,4349.75
2390,965,1933,5,2420.56
2391,965,1847,1,3196.96
2392,965,242,3,1810.04
2393,966,78,2,525.53
2394,966,362,3,2646.06
2395,966,387,4,2453.3
2396,966,45,5,3164.86
2397,967,31,2,148.82
2398,967,1090,1,3677.27
2399,968,1869,2,349.95
2400,969,904,4,4894.55
2401,970,890,2,1769.57
2402,971,508,5,4905.99
2403,972,1020,2,3188.65
2404,972,1412,1,2409.48
2405,972,1859,3,369.58
2406,972,739,2,900.33
2407,973,1173,4,3799.31
2408,974,782,4,147.88
2409,974,1810,1,1849.5
2410,975,1941,4,4341.05
2411,975,789,2,1432.18
2412,975,1260,5,3252.12
2413,976,921,4,675.91
2414,976,1803,2,2615.85
2415,976,1387,2,3367.36
2416,976,429,5,4839.22
2417,977,112,1,373.87
2418,977,1120,3,3248.65
2419,977,1473,5,850.07
2420,978,1404,3,1949.35
2421,978,895,4,4280.38
2422,978,1974,2,503.16
2423,978,797,1,4573.17
2424,979,1825,1,720.4
2425,980,907,2,572.97
2426,980,319,1,684.29
2427,980,1641,4,1714.71
2428,981,27,1,3124.89
2429,981,432,4,4230.98
2430,981,732,3,3185.96
2431,982,1054,5,966.18
2432,982,83,4,1742.41
2433,982,33,3,618.65
2434,982,1051,5,1535.78
2435,983,1823,4,637.5
2436,983,259,4,3788.75
2437,983,443,3,4944.73
2438,983,617,3,145.49
2439,984,391,3,545.65
2440,984,676,5,1095.29
2441,985,965,3,1691.03
2442,986,539,5,4274.76
2443,987,624,4,563.65
2444,987,1350,5,3281.89
2445,988,150,1,4729.13
2446,988,594,4,2929.29
2447,989,1638,4,1678.11
2448,989,1,2,16.26
2449,989,847,4,2171.89
2450,990,1944,2,4317.22
2451,990,877,4,3626.06
2452,990,598,4,298.55
2453,991,1481,1,1236.14
2454,991,128,5,4912.65
2455,991,1515,1,3329.67
2456,991,1388,5,1427.84
2457,992,809,3,2742.75
2458,993,158,2,3068.08
2459,994,1673,4,3935.36
2460,995,1209,2,1827.1
2461,995,685,1,434.0
2462,995,1342,1,2958.39
2463,995,1477,1,2038.82
2464,996,1609,2,3710.26
2465,997,150,4,4248.75
2466,998,1773,2,1760.36
2467,999,1935,4,4237.93
2468,1000,1517,1,1255.49
2469,1000,1801,5,4297.61
2470,1000,1872,3,3813.24
2471,1001,1133,3,2239.95
2472,1001,1015,5,2805.41
2473,1002,1621,4,400.52
2474,1002,1087,3,4472.76
2475,1002,1134,5,1592.31
2476,1003,1033,5,3497.95
2477,1003,937,4,1937.21
2478,1003,551,4,302.04
2479,1004,844,4,3408.55
2480,1004,1570,5,4336.23
2481,1005,1363,5,1018.66
2482,1006,972,1,4344.95
2483,1006,1740,2,2492.45
2484,1006,679,4,2172.15
2485,1007,1216,4,3884.97
2486,1008,783,4,41.05
2487,1008,1304,5,2267.28
2488,1009,403,1,480.08
2489,1009,321,3,3268.68
2490,1009,523,3,3040.6
2491,1010,107,2,3761.47
2492,1010,1523,4,118.31
2493,1010,686,1,3765.06
2494,1010,946,1,2790.2
2495,1011,757,1,4478.92
2496,1011,1973,4,4641.02
2497,1011,1990,1,4241.52
2498,1012,1909,1,4859.09
2499,1012,334,5,3189.75
2500,1012,646,1,807.46
2501,1013,143,5,2926.5
2502,1013,659,2,1295.32
2503,1014,1159,1,3012.68
2504,1014,1032,3,1677.99
2505,1014,344,5,4211.01
2506,1015,1742,4,1911.55
2507,1016,1441,4,692.42
2508,1016,647,4,1274.12
2509,1017,1444,4,3880.89
2510,1017,883,1,638.26
2511,1017,134,1,1940.05
2512,1018,1253,4,4822.44
2513,1018,161,5,55.99
2514,1018,1503,1,3667.22
2515,1019,240,5,431.39
2516,1019,819,3,2142.95
2517,1019,1985,3,4222.26
2518,1020,145,2,4174.9
2519,1020,1540,4,3898.12
2520,1020,1692,1,1836.1
2521,1021,528,1,2730.54
2522,1021,1633,4,4264.64
2523,1022,1806,1,4932.05
2524,1023,931,1,4052.02
2525,1023,1717,4,4935.75
2526,1023,33,1,618.65
2527,1023,1421,3,4859.69
2528,1024,166,2,1834.43
2529,1025,898,5,4021.03
2530,1026,44,1,3787.46
2531,1026,62,1,3329.9
2532,1027,417,3,509.2
2533,1027,1299,1,4280.63
2534,1027,272,2,3189.37
2535,1028,763,2,3663.37
2536,1028,681,4,1903.05
2537,1028,1803,3,2615.85
2538,1028,1210,3,3696.95
2539,1029,1692,1,1836.1
2540,1030,1384,1,4380.18
2541,1030,1344,4,1792.55
2542,1030,338,3,99.68
2543,1030,1715,1,3099.54
2544,1031,1787,2,3168.97
2545,1031,83,4,1742.41
2546,1032,1029,2,2318.09
2547,1033,427,1,464.17
2548,1033,803,4,4544.47
2549,1034,1230,5,2848.87
2550,1034,1204,2,4942.73
2551,1035,1816,5,1970.73
2552,1035,143,2,2926.5
2553,1035,685,1,434.0
2554,1036,986,4,4768.2
2555,1037,1699,2,4382.52
2556,1037,511,5,2708.16
2557,1038,540,4,635.0
2558,1039,544,1,4741.07
2559,1039,265,3,410.67
2560,1040,523,4,3040.6
2561,1040,55,2,477.57
2562,1041,1511,5,3701.57
2563,1042,1004,2,4068.39
2564,1043,597,5,483.79
2565,1043,509,1,3670.29
2566,1043,1516,1,4754.42
2567,1044,1785,1,1264.65
2568,1044,507,1,1671.42
2569,1045,222,1,4379.2
2570,1045,1739,4,4090.09
2571,1046,24,5,4213.26
2572,1046,1580,1,4757.61
2573,1046,182,4,1313.45
2574,1047,12,5,1305.93
2575,1047,1220,5,558.75
2576,1048,1936,5,1780.81
2577,1049,530,3,1763.42
2578,1049,199,1,252.39
2579,1049,1066,3,4382.58
2580,1050,687,3,343.32
2581,1050,1066,5,4072.88
2582,1051,1654,3,1610.37
2583,1051,952,1,2232.98
2584,1052,1566,4,3082.29
2585,1052,1624,2,1510.22
2586,1052,674,1,3045.84
2587,1052,317,4,2461.14
2588,1053,1417,3,3166.92
2589,1053,1763,3,1928.96
2590,1053,560,2,3783.25
2591,1054,1296,3,292.88
2592,1054,1017,5,4136.88
2593,1054,723,4,2989.89
2594,1054,475,2,2104.97
2595,1055,1085,5,3942.42
2596,1055,1446,5,3433.33
2597,1055,669,5,3129.58
2598,1056,366,4,2367.54
2599,1056,1237,2,3340.97
2600,1056,1064,1,891.81
2601,1057,1357,2,38.79
2602,1057,1320,2,1133.36
2603,1057,1845,1,1385.2
2604,1058,1116,4,4568.6
2605,1059,1005,4,481.2
2606,1060,1327,2,975.37
2607,1060,816,4,1063.36
2608,1061,1282,1,4678.25
2609,1061,1424,2,3150.8
2610,1061,1734,1,2831.8
2611,1061,965,2,1545.46
2612,1062,724,4,3238.66
2613,1062,73,2,700.9
2614,1062,812,2,4622.84
2615,1062,1538,4,4609.56
2616,1063,295,1,2319.63
2617,1064,761,1,1097.43
2618,1064,418,4,4483.51
2619,1064,1317,2,4464.53
2620,1064,1584,4,4258.11
2621,1065,324,1,377.72
2622,1065,1794,5,4153.58
2623,1065,1785,5,1442.72
2624,1065,1117,2,4380.16
2625,1066,720,4,2189.31
2626,1066,1057,1,4297.01
2627,1066,1434,1,1186.26
2628,1066,1732,2,2354.17
2629,1067,979,3,1896.11
2630,1067,613,1,1703.51
2631,1067,1069,1,4944.78
2632,1068,544,2,4741.07
2633,1069,1797,3,1642.41
2634,1069,1425,2,2442.96
2635,1069,1770,2,3631.56
2636,1070,536,4,1826.25
2637,1070,504,4,782.8
2638,1071,1400,4,1816.14
2639,1071,362,1,2646.06
2640,1071,269,4,1426.17
2641,1072,498,5,539.19
2642,1073,1200,1,3109.39
2643,1073,1175,1,2120.63
2644,1074,911,3,2625.82
2645,1074,1203,1,4402.27
2646,1074,1493,5,3781.76
2647,1075,1417,4,2695.64
2648,1075,1269,1,559.11
2649,1076,1311,2,4025.58
2650,1077,1549,2,3154.79
2651,1077,947,2,3952.8
2652,1077,1346,4,1135.36
2653,1077,196,2,1975.92
2654,1078,941,2,3595.58
2655,1079,535,5,2607.22
2656,1079,480,4,2773.31
2657,1079,1694,5,3306.81
2658,1080,1568,5,1945.21
2659,1080,1356,3,3354.26
2660,1081,1326,3,665.13
2661,1081,186,5,4656.26
2662,1081,549,5,430.86
2663,1081,631,1,3065.52
2664,1082,238,3,3156.13
2665,1083,1770,3,3631.56
2666,1083,1630,1,1099.71
2667,1083,1159,3,3012.68
2668,1083,1628,5,4748.71
2669,1084,1114,2,2404.95
2670,1084,1160,2,1408.95
2671,1085,8,2,4283.46
2672,1085,143,4,2926.5
2673,1085,766,4,3588.86
2674,1085,1207,5,3211.83
2675,1086,289,1,2450.56
2676,1086,366,5,2367.54
2677,1086,853,5,4151.58
2678,1086,1226,1,3502.2
2679,1087,488,1,1567.45
2680,1087,1545,1,2804.73
2681,1087,1477,1,2470.35
2682,1087,844,1,3408.55
2683,1088,204,5,4051.48
2684,1088,580,5,4091.23
2685,1088,1416,3,3592.41
2686,1089,434,2,2688.44
2687,1089,953,1,3227.55
2688,1089,1954,5,4409.84
2689,1089,1260,2,3252.12
2690,1090,1251,3,898.05
2691,1090,426,1,1966.25
2692,1090,382,2,2952.32
2693,1090,1237,2,3949.17
2694,1091,1426,3,2840.77
2695,1091,858,5,4288.06
2696,1092,75,2,50.34
2697,1092,1143,3,4442.33
2698,1093,1720,1,1338.58
2699,1093,1535,4,2002.12
2700,1094,763,3,3663.37
2701,1095,741,2,3043.25
2702,1095,1230,4,2848.87
2703,1095,1256,2,3632.6
2704,1096,1413,3,4473.5
2705,1096,1638,3,1905.98
2706,1096,1457,5,1028.77
2707,1096,1307,2,2522.81
2708,1097,1134,1,1592.31
2709,1097,1738,4,1563.0
2710,1097,1491,3,2694.2
2711,1098,786,3,287.29
2712,1098,617,3,145.49
2713,1098,746,4,4857.48
2714,1099,1246,1,456.86
2715,1099,395,2,2293.09
2716,1099,1613,3,2651.93
2717,1100,1361,4,3543.89
2718,1100,1107,4,1686.83
2719,1101,499,3,3719.03
2720,1101,561,3,2023.99
2721,1102,319,5,684.29
2722,1102,1008,1,2679.13
2723,1103,1307,3,2522.81
2724,1103,80,4,3663.41
2725,1103,195,2,1260.96
2726,1103,1582,1,1472.47
2727,1104,1006,3,2255.44
2728,1104,949,4,3259.59
2729,1104,37,3,3285.39
2730,1105,754,4,1620.48
2731,1105,1802,3,3322.88
2732,1105,904,5,4894.55
2733,1106,832,1,1791.53
2734,1107,876,1,4735.67
2735,1107,38,2,3283.97
2736,1107,957,3,4532.8
2737,1107,1465,2,2273.54
2738,1108,1659,5,402.49
2739,1108,1974,3,466.41
2740,1108,921,3,675.91
2741,1109,832,3,1791.53
2742,1109,1835,1,358.62
2743,1110,296,4,2266.44
2744,1110,510,1,2677.13
2745,1110,307,4,315.91
2746,1110,1580,2,4757.61
2747,1111,1763,5,1809.45
2748,1112,1935,2,4879.73
2749,1113,511,5,2455.41
2750,1113,1091,3,2176.74
2751,1113,1876,4,755.69
2752,1113,94,5,4398.2
2753,1114,304,2,4475.38
2754,1114,1872,4,3813.24
2755,1114,1217,3,778.06
2756,1114,1541,5,482.43
2757,1115,604,1,4183.03
2758,1115,1798,2,3519.52
2759,1116,1326,5,821.14
2760,1116,714,1,3831.71
2761,1117,1440,2,3589.68
2762,1118,957,1,4532.8
2763,1118,1270,2,4109.19
2764,1118,1908,5,2274.71
2765,1119,1836,1,675.74
2766,1119,505,1,1675.87
2767,1120,491,2,4756.43
2768,1121,1225,5,1107.05
2769,1121,226,4,1054.31
2770,1122,17,1,4936.1
2771,1122,1113,5,1117.82
2772,1122,758,1,3980.65
2773,1122,243,5,2564.96
2774,1123,590,5,2350.34
2775,1123,960,3,1695.67
2776,1123,954,4,4296.56
2777,1124,642,1,3835.02
2778,1124,1144,5,4456.58
2779,1125,325,2,778.82
2780,1125,1298,2,1317.79
2781,1126,1235,1,849.07
2782,1126,235,4,217.55
2783,1126,829,3,2028.46
2784,1126,1590,4,3842.98
2785,1127,1595,4,1776.86
2786,1127,1779,1,4333.82
2787,1127,934,4,3262.71
2788,1128,1708,4,319.73
2789,1128,492,4,977.04
2790,1128,4,3,2348.56
2791,1129,1240,4,4001.24
2792,1129,850,3,29.41
2793,1130,403,5,480.08
2794,1130,1652,2,342.56
2795,1130,1303,5,68.4
2796,1131,299,3,1966.21
2797,1131,1645,1,1189.64
2798,1131,1080,4,4797.15
2799,1132,296,4,1970.84
2800,1132,579,1,4113.9
2801,1133,996,5,2795.3
2802,1133,1132,4,4201.4
2803,1133,645,4,4070.0
2804,1134,869,1,895.96
2805,1135,368,1,3030.28
2806,1135,1270,2,4109.19
2807,1136,1949,4,628.06
2808,1136,756,2,4290.25
2809,1136,236,2,3685.93
2810,1137,672,4,2422.67
2811,1137,1340,4,1567.91
2812,1137,1218,1,1472.21
2813,1138,1720,2,1338.58
2814,1139,2000,2,849.72
2815,1139,1029,5,2318.09
2816,1140,465,5,3548.43
2817,1140,462,1,2829.04
2818,1140,1156,4,2717.56
2819,1140,150,2,4729.13
2820,1141,1570,1,4336.23
2821,1142,1766,1,2112.18
2822,1142,1428,4,1023.73
2823,1142,94,4,4005.56
2824,1142,472,5,848.93
2825,1143,303,5,2908.41
2826,1144,1778,4,3865.81
2827,1144,943,3,3890.6
2828,1144,1282,3,4678.25
2829,1145,1814,3,2755.18
2830,1146,1686,3,456.49
2831,1146,857,1,1674.64
2832,1147,1886,2,2439.86
2833,1147,73,1,665.04
2834,1148,1571,1,3828.97
2835,1149,1093,1,3916.92
2836,1149,1983,3,4107.76
2837,1149,1794,1,4943.5
2838,1150,1865,5,1486.0
2839,1150,1573,5,2737.95
2840,1150,1434,4,1186.26
2841,1150,50,1,2406.36
2842,1151,1340,4,1567.91
2843,1152,529,2,2017.88
2844,1152,1645,5,1189.64
2845,1152,285,2,1765.33
2846,1152,1379,2,1823.96
2847,1153,1126,5,417.83
2848,1154,925,4,4150.42
2849,1155,459,2,2672.36
2850,1155,758,3,3980.65
2851,1155,1493,4,3781.76
2852,1156,1032,2,1677.99
2853,1156,680,2,3366.64
2854,1156,612,1,3147.96
2855,1156,1484,3,749.5
2856,1157,213,1,152.17
2857,1157,1915,4,3122.45
2858,1158,1839,4,3145.91
2859,1159,1720,1,1235.45
2860,1159,153,5,3801.02
2861,1159,1635,4,4366.03
2862,1159,13,1,2227.03
2863,1160,903,4,2390.95
2864,1160,776,3,142.47
2865,1160,1220,5,558.75
2866,1161,1383,4,76.06
2867,1161,664,2,1180.71
2868,1162,1279,5,2423.46
2869,1162,801,5,1243.14
2870,1162,1223,2,2330.58
2871,1162,1642,2,2231.42
2872,1163,1094,4,4482.97
2873,1164,1696,1,929.95
2874,1164,911,3,3202.05
2875,1165,725,2,1883.71
2876,1166,389,1,825.04
2877,1166,1180,1,2734.36
2878,1167,1658,4,1105.04
2879,1168,673,4,2856.84
2880,1168,255,2,488.71
2881,1168,5,3,3572.9
2882,1168,145,5,4174.9
2883,1169,353,3,3283.4
2884,1170,931,2,4468.44
2885,1171,234,5,860.39
2886,1171,353,5,3480.85
2887,1171,1441,4,692.42
2888,1171,1950,1,2917.09
2889,1172,32,1,3938.64
2890,1172,491,3,4756.43
2891,1172,1798,2,3179.33
2892,1172,476,3,480.09
2893,1173,532,3,2770.8
2894,1174,1736,4,3550.81
2895,1174,751,2,4210.09
2896,1174,1987,5,1206.99
2897,1175,833,5,751.54
2898,1176,112,3,350.93
2899,1177,1657,2,3149.48
2900,1177,1793,4,2461.72
2901,1177,930,2,79.28
2902,1178,265,4,410.67
2903,1178,1629,1,844.45
2904,1178,627,1,3263.19
2905,1179,1142,3,1770.45
2906,1179,1319,4,498.27
2907,1179,310,1,3134.88
2908,1180,864,2,1153.96
2909,1180,1007,5,1868.9
2910,1180,238,4,3156.13
2911,1181,1115,2,3751.63
2912,1181,1275,4,1458.33
2913,1181,95,5,1165.46
2914,1182,1390,1,2132.37
2915,1182,1407,4,3721.74
2916,1182,1639,2,280.07
2917,1182,1630,4,1099.71
2918,1183,1241,1,2878.24
2919,1183,36,2,1546.25
2920,1184,211,1,2753.06
2921,1184,980,3,4389.83
2922,1184,1982,2,3589.97
2923,1184,807,1,4677.52
2924,1185,1521,4,4472.71
2925,1185,1169,1,469.06
2926,1185,344,4,4211.01
2927,1186,492,5,977.04
2928,1186,373,4,4531.36
2929,1186,97,5,704.13
2930,1186,324,3,377.72
2931,1187,748,1,1231.11
2932,1187,868,3,991.31
2933,1187,1311,3,4424.0
2934,1187,560,1,3783.25
2935,1188,1403,3,3226.0
2936,1188,124,4,1903.14
2937,1189,674,2,3045.84
2938,1189,245,3,4956.68
2939,1189,1421,4,4859.69
2940,1190,343,4,1428.48
2941,1191,1098,3,4970.86
2942,1191,119,3,3308.25
2943,1192,1927,3,3376.17
2944,1192,1439,5,3836.78
2945,1193,1127,1,903.31
2946,1193,1392,3,4601.48
2947,1193,368,1,3600.59
2948,1193,860,5,346.78
2949,1194,103,3,4739.24
2950,1194,51,4,2912.21
2951,1194,1346,2,1135.36
2952,1194,1840,3,1146.8
2953,1195,1968,2,167.07
2954,1195,1375,5,3905.71
2955,1196,308,5,4227.04
2956,1196,425,4,3713.27
2957,1197,617,5,125.71
2958,1197,1165,2,56.96
2959,1197,1473,5,850.07
2960,1198,896,3,123.66
2961,1198,1270,3,4109.19
2962,1198,514,3,755.11
2963,1199,793,5,191.91
2964,1199,340,5,3028.53
2965,1199,1796,4,4111.65
2966,1200,963,5,577.79
2967,1200,1873,4,2032.74
2968,1200,657,4,1698.74
2969,1201,623,1,3957.07
2970,1201,361,3,92.81
2971,1201,1373,4,3734.91
2972,1202,147,2,2435.56
2973,1202,646,2,807.46
2974,1203,1472,1,396.71
2975,1203,1812,1,3787.64
2976,1203,1381,4,1933.35
2977,1203,763,5,3090.8
2978,1204,449,1,530.54
2979,1204,1153,4,1838.8
2980,1204,587,1,3043.81
2981,1204,1268,1,1485.01
2982,1205,1606,2,2436.74
2983,1205,1478,3,3702.99
2984,1205,1977,1,3501.61
2985,1206,6,5,417.67
2986,1206,554,1,4495.61
2987,1206,849,2,2398.69
2988,1206,1233,2,3785.82
2989,1207,1630,1,1007.43
2990,1207,1409,2,830.45
2991,1207,1144,4,4456.58
2992,1207,699,2,3853.22
2993,1208,1873,4,2032.74
2994,1208,1704,2,4825.0
2995,1209,1227,5,2840.98
2996,1209,762,2,2037.05
2997,1209,563,5,771.18
2998,1209,635,3,4443.09
2999,1210,1691,4,49.01
3000,1211,1324,2,1491.93
3001,1212,1036,1,4112.89
3002,1212,1861,4,424.72
3003,1212,559,2,2291.41
3004,1212,1694,2,3306.81
3005,1213,464,5,4246.39
3006,1213,1402,4,1111.29
3007,1213,1550,2,3128.0
3008,1214,46,4,1485.51
3009,1214,188,1,1550.98
3010,1214,200,1,1216.73
3011,1214,1484,3,705.36
3012,1215,1476,3,2194.72
3013,1215,363,1,2133.13
3014,1216,1455,3,3715.98
3015,1216,1282,2,4315.43
3016,1216,776,2,142.47
3017,1216,1456,3,3421.86
3018,1217,1917,3,3047.65
3019,1218,1497,4,271.31
3020,1219,166,5,2028.89
3021,1219,125,1,1485.79
3022,1220,1999,3,2205.49
3023,1220,761,3,1097.43
3024,1220,84,2,172.63
3025,1220,988,1,4286.16
3026,1221,948,4,3588.3
3027,1221,1999,2,2205.49
3028,1221,1568,3,1945.21
3029,1221,1378,3,2297.86
3030,1222,132,3,1956.5
3031,1222,1705,5,2543.61
3032,1222,1364,3,1963.35
3033,1222,1379,4,1823.96
3034,1223,1471,5,1253.11
3035,1223,14,1,2641.22
3036,1223,1809,4,1631.51
3037,1223,691,2,1582.01
3038,1224,1828,4,3265.59
3039,1224,1692,5,1836.1
3040,1224,602,4,4730.97
3041,1225,74,5,3695.82
3042,1225,1842,5,980.35
3043,1225,66,2,461.64
3044,1225,1647,5,4578.02
3045,1226,813,3,952.88
3046,1227,674,4,3045.84
3047,1228,1740,1,2678.81
3048,1228,1856,3,1426.45
3049,1229,1726,1,635.25
3050,1229,260,2,52.02
3051,1229,1308,3,3466.34
3052,1229,588,3,1793.76
3053,1230,318,5,4231.08
3054,1231,820,4,1610.44
3055,1231,1909,1,4077.9
3056,1231,1980,4,885.72
3057,1231,1175,5,2120.63
3058,1232,837,5,2265.42
3059,1232,1398,3,1360.3
3060,1232,1612,5,1478.67
3061,1233,1431,1,2705.27
3062,1233,437,3,3702.83
3063,1234,699,1,4019.34
3064,1235,234,2,938.67
3065,1235,853,5,3541.18
3066,1235,1785,1,1442.72
3067,1235,1548,3,1570.25
3068,1236,1730,2,1575.07
3069,1236,168,2,3008.4
3070,1237,1164,3,2226.51
3071,1237,1159,2,3012.68
3072,1237,1003,1,4496.47
3073,1238,901,4,4432.43
3074,1239,290,4,2858.24
3075,1240,1973,4,4641.02
3076,1241,262,5,348.71
3077,1242,1605,1,4362.29
3078,1242,1013,2,3056.19
3079,1242,385,5,4309.91
3080,1243,1385,1,3672.34
3081,1243,664,2,1180.71
3082,1243,1869,3,349.95
3083,1244,200,5,1216.73
3084,1244,769,4,4199.98
3085,1245,1429,2,4518.66
3086,1245,736,4,3374.71
3087,1246,496,4,2342.32
3088,1246,1764,3,2524.19
3089,1246,747,3,638.84
3090,1246,1744,4,1621.05
3091,1247,1902,1,171.38
3092,1247,1832,4,1596.17
3093,1247,1903,5,2934.47
3094,1247,1288,4,3299.26
3095,1248,578,2,2970.5
3096,1249,1752,3,3707.7
3097,1249,800,5,1809.64
3098,1249,347,4,3758.42
3099,1249,1145,5,3804.92
3100,1250,1979,1,1181.46
3101,1250,240,3,431.39
3102,1250,857,3,1674.64
3103,1250,712,4,1201.05
3104,1251,754,2,1620.48
3105,1251,1016,2,4654.08
3106,1252,455,1,3822.19
3107,1253,1872,5,3813.24
3108,1253,1314,1,2783.43
3109,1254,1032,4,1677.99
3110,1254,1489,2,1547.24
3111,1255,1832,5,1596.17
3112,1255,136,3,3496.33
3113,1255,1275,3,1634.7
3114,1255,714,3,4198.07
3115,1256,1193,3,2049.44
3116,1257,794,1,2198.25
3117,1258,1042,5,3030.16
3118,1258,458,5,2007.63
3119,1258,114,3,3138.55
3120,1258,1892,4,3013.36
3121,1259,888,5,129.22
3122,1259,341,4,4893.89
3123,1259,1507,4,526.19
3124,1259,44,1,3787.46
3125,1260,1625,4,2389.16
3126,1260,143,3,2926.5
3127,1261,1650,5,1762.38
3128,1261,231,5,4228.4
3129,1261,1589,3,457.62
3130,1262,159,4,1222.68
3131,1262,147,1,2788.08
3132,1262,1421,3,4859.69
3133,1262,1449,4,1200.25
3134,1263,502,4,584.21
3135,1263,327,2,1236.95
3136,1263,1713,2,3068.87
3137,1264,982,5,236.23
3138,1265,964,1,2605.27
3139,1265,801,5,1243.14
3140,1266,159,2,1222.68
3141,1267,1628,4,4748.71
3142,1267,193,2,4643.63
3143,1267,987,3,4441.98
3144,1267,723,3,2989.89
3145,1268,754,5,1620.48
3146,1268,735,1,1776.43
3147,1268,477,3,4760.62
3148,1268,882,2,2446.15
3149,1269,1465,2,2142.44
3150,1269,1703,1,3435.52
3151,1269,1861,5,454.58
3152,1269,195,3,1260.96
3153,1270,1758,4,1627.94
3154,1271,875,5,593.63
3155,1271,1730,2,1575.07
3156,1272,1657,3,3149.48
3157,1273,73,1,569.52
3158,1274,514,3,755.11
3159,1275,1013,1,3056.19
3160,1275,544,1,4741.07
3161,1275,932,4,2826.61
3162,1275,1870,2,2326.9
3163,1276,706,4,3294.39
3164,1276,1787,1,3233.66
3165,1277,9,2,916.9
3166,1277,1750,1,4149.38
3167,1277,1950,5,3525.4
3168,1278,869,2,1049.71
3169,1278,409,1,241.58
3170,1278,412,5,3557.28
3171,1278,1395,3,2500.5
3172,1279,1702,1,2855.01
3173,1279,1484,5,749.5
3174,1280,1076,1,4810.42
3175,1280,210,5,1176.68
3176,1281,913,3,17.43
3177,1282,108,1,2841.42
3178,1282,923,2,1209.24
3179,1283,1157,2,3021.97
3180,1284,1058,1,3366.31
3181,1284,671,2,4268.05
3182,1284,1887,4,76.2
3183,1285,1680,5,1224.93
3184,1285,1649,2,3713.09
3185,1286,1712,3,3108.47
3186,1287,1461,3,3052.71
3187,1287,581,3,4815.32
3188,1287,1785,4,1234.93
3189,1288,1135,3,2723.74
3190,1288,1276,5,4775.49
3191,1289,1454,1,720.68
3192,1289,148,3,3104.71
3193,1289,1622,2,1435.95
3194,1289,816,1,1247.53
3195,1290,909,1,1895.6
3196,1290,590,2,2350.34
3197,1291,505,4,1675.87
3198,1292,1164,5,2226.51
3199,1292,1596,5,3772.62
3200,1293,1737,1,2969.13
3201,1294,260,3,60.74
3202,1294,91,2,1342.66
3203,1294,556,5,1367.56
3204,1295,635,3,3970.86
3205,1295,809,1,3104.43
3206,1295,1005,4,481.2
3207,1295,602,4,4730.97
3208,1296,726,5,1300.51
3209,1296,1963,1,742.96
3210,1296,475,1,2104.97
3211,1296,1574,5,2422.76
3212,1297,1872,3,3813.24
3213,1297,1390,4,2132.37
3214,1298,1014,5,2413.88
3215,1298,571,5,1186.24
3216,1298,1454,3,821.63
3217,1299,408,3,4940.48
3218,1299,532,2,3341.59
3219,1299,186,1,4656.26
3220,1300,467,5,3451.65
3221,1300,1268,2,1590.21
3222,1300,70,1,1704.87
3223,1301,141,4,1474.45
3224,1301,1965,1,4683.28
3225,1302,1587,1,2450.05
3226,1303,591,3,3510.59
3227,1303,161,1,55.99
3228,1303,700,2,728.03
3229,1303,291,1,4059.99
3230,1304,225,4,1122.48
3231,1304,638,4,2341.71
3232,1304,29,5,4104.81
3233,1305,1595,3,1482.05
3234,1306,1021,1,3436.31
3235,1306,1036,3,4112.89
3236,1307,173,1,3873.68
3237,1307,954,1,3720.59
3238,1308,1912,5,4495.58
3239,1308,1821,1,4780.59
3240,1308,280,5,1957.71
3241,1309,1420,2,3913.88
3242,1309,1767,1,2213.8
3243,1309,1750,5,4149.38
3244,1309,715,1,1345.17
3245,1310,734,5,2141.13
3246,1310,1547,5,3071.68
3247,1311,1063,2,3675.7
3248,1311,85,2,1381.91
3249,1312,385,4,3907.17
3250,1313,738,5,4721.08
3251,1313,1064,3,891.81
3252,1313,434,5,2234.57
3253,1314,133,2,3498.92
3254,1315,461,2,3600.18
3255,1315,835,4,824.78
3256,1315,1055,1,3929.63
3257,1316,389,1,674.11
3258,1316,882,1,2446.15
3259,1317,451,1,3672.78
3260,1318,72,2,946.6
3261,1319,1294,1,3397.16
3262,1319,1663,3,363.7
3263,1320,1119,5,3549.39
3264,1320,530,3,1905.89
3265,1321,867,4,390.65
3266,1321,980,2,4389.83
3267,1322,139,5,4993.88
3268,1323,1366,5,3554.33
3269,1324,1473,3,722.02
3270,1325,872,3,1104.68
3271,1325,689,1,42.67
3272,1325,643,5,3185.4
3273,1326,681,2,2163.86
3274,1327,1684,5,3589.34
3275,1327,1575,5,4428.51
3276,1327,799,3,4047.46
3277,1328,1959,4,1866.3
3278,1328,1248,4,4345.12
3279,1328,1420,4,3913.88
3280,1329,607,5,3775.75
3281,1329,116,4,1301.79
3282,1329,471,1,1914.7
3283,1329,1504,3,4467.93
3284,1330,1271,3,1820.81
3285,1330,1526,2,2734.98
3286,1331,587,5,3620.3
3287,1331,974,1,1017.69
3288,1331,1683,2,3741.01
3289,1332,1173,1,3285.3
3290,1332,285,2,1882.5
3291,1332,1393,1,484.39
3292,1332,1615,5,2570.96
3293,1333,1659,2,479.37
3294,1333,962,1,1077.29
3295,1333,961,2,4383.36
3296,1333,1371,2,4005.07
3297,1334,1950,3,3525.4
3298,1334,1035,3,1827.28
3299,1334,880,1,4537.46
3300,1335,170,1,2609.26
3301,1335,770,4,1755.13
3302,1336,1730,4,1575.07
3303,1336,602,3,4730.97
3304,1336,980,2,3872.7
3305,1336,1008,3,3281.27
3306,1337,1842,2,1223.39
3307,1337,865,5,2212.95
3308,1337,1629,2,844.45
3309,1338,1530,5,1438.4
3310,1338,1025,3,3996.37
3311,1338,1059,1,4118.26
3312,1339,329,5,4348.31
3313,1339,994,1,3999.58
3314,1339,595,4,2571.36
3315,1339,1941,4,4341.05
3316,1340,439,5,4256.54
3317,1340,1578,4,2695.81
3318,1341,1613,4,2651.93
3319,1341,371,4,1990.52
3320,1341,1540,2,3484.14
3321,1341,547,3,2542.66
3322,1342,1118,1,3713.21
3323,1342,794,5,2494.98
3324,1342,1333,2,573.04
3325,1343,897,2,2363.4
3326,1343,1280,3,2712.92
3327,1343,555,3,4404.23
3328,1344,357,5,1811.46
3329,1344,1771,4,3405.76
3330,1344,1277,3,2916.62
3331,1344,495,1,2325.41
3332,1345,536,5,1929.8
3333,1345,974,4,845.84
3334,1346,1085,4,3942.42
3335,1347,183,1,2672.1
3336,1348,62,5,2860.07
3337,1348,1065,4,1577.35
3338,1348,512,1,1882.95
3339,1348,179,4,3052.29
3340,1349,685,2,434.0
3341,1349,308,4,4227.04
3342,1350,890,5,1942.86
3343,1351,699,4,4601.64
3344,1351,565,4,159.76
3345,1352,22,2,3853.54
3346,1352,504,3,782.8
3347,1353,95,2,1165.46
3348,1354,412,1,3557.28
3349,1354,687,3,343.32
3350,1354,1181,2,4895.42
3351,1355,750,5,2105.17
3352,1356,1904,2,23.78
3353,1356,127,1,4711.87
3354,1356,198,3,1266.5
3355,1357,1698,1,2763.38
3356,1358,1714,3,972.34
3357,1358,492,2,977.04
3358,1358,1232,4,4553.57
3359,1358,1081,5,1664.25
3360,1359,91,5,1342.66
3361,1359,964,1,2605.27
3362,1360,663,5,1192.72
3363,1360,1631,3,4490.57
3364,1360,1834,2,3953.74
3365,1360,1352,1,409.65
3366,1361,81,2,4201.2
3367,1361,510,4,2677.13
3368,1361,1868,1,2512.3
3369,1361,47,4,3859.05
3370,1362,400,3,2808.68
3371,1363,918,3,709.61
3372,1364,873,2,4733.69
3373,1364,1292,4,4546.08
3374,1364,1591,3,2817.51
3375,1365,1548,4,1570.25
3376,1365,1541,1,482.43
3377,1365,1639,3,280.07
3378,1365,875,3,593.63
3379,1366,111,1,1765.05
3380,1366,1052,3,2420.15
3381,1367,235,2,217.55
3382,1367,1243,3,3945.21
3383,1368,319,3,684.29
3384,1368,1759,1,290.64
3385,1368,1474,3,567.6
3386,1369,1461,1,3052.71
3387,1369,1965,5,3878.49
3388,1369,1669,5,3246.59
3389,1369,388,3,475.38
3390,1370,137,1,2258.91
3391,1370,1567,1,2206.61
3392,1371,1992,1,531.48
3393,1371,392,5,4147.29
3394,1371,627,2,3263.19
3395,1371,1057,4,4297.01
3396,1372,1848,4,596.43
3397,1372,1143,3,4442.33
3398,1372,1884,1,347.97
3399,1373,1408,2,1314.08
3400,1373,816,4,1247.53
3401,1373,534,1,124.86
3402,1374,609,4,1519.93
3403,1374,1492,3,1582.22
3404,1374,492,4,977.04
3405,1375,90,4,4686.08
3406,1375,1703,5,3435.52
3407,1375,864,1,1153.96
3408,1375,1602,1,2669.18
3409,1376,63,4,908.21
3410,1376,1204,5,4942.73
3411,1376,1236,3,4026.43
3412,1376,1753,5,499.62
3413,1377,1445,1,1133.09
3414,1377,1596,3,3772.62
3415,1377,540,2,542.94
3416,1378,1130,1,2324.01
3417,1378,624,3,563.65
3418,1378,1801,1,4297.61
3419,1379,937,4,1937.21
3420,1379,7,5,4731.63
3421,1379,831,3,1251.72
3422,1379,868,2,991.31
3423,1380,1936,5,1528.82
3424,1381,226,5,1054.31
3425,1382,1332,1,2934.88
3426,1382,1036,1,4112.89
3427,1383,496,4,2342.32
3428,1384,432,3,4230.98
3429,1385,1612,4,1478.67
3430,1386,1972,5,4088.97
3431,1386,1112,1,3334.7
3432,1386,479,3,1787.96
3433,1386,220,5,1408.94
3434,1387,1744,3,1621.05
3435,1387,195,1,1141.49
3436,1387,861,4,3583.46
3437,1388,1792,5,4989.28
3438,1388,982,4,258.14
3439,1388,1439,1,3836.78
3440,1389,1589,4,457.62
3441,1389,712,4,1459.97
3442,1389,1375,4,3905.71
3443,1389,151,1,4126.82
3444,1390,1381,1,1933.35
3445,1390,792,4,839.44
3446,1390,945,3,1759.69
3447,1391,1488,2,1662.93
3448,1391,1643,3,2610.69
3449,1391,338,2,99.68
3450,1391,1248,1,4019.45
3451,1392,238,2,3156.13
3452,1393,1442,3,2295.41
3453,1394,905,1,1278.01
3454,1395,455,2,3822.19
3455,1396,1763,3,1928.96
3456,1396,176,3,4490.57
3457,1396,671,2,4268.05
3458,1396,191,3,4047.09
3459,1397,1824,1,3081.86
3460,1397,1083,2,2480.07
3461,1397,1218,3,1559.38
3462,1398,429,4,4370.35
3463,1398,995,2,3117.51
3464,1398,1419,3,2348.86
3465,1399,1953,5,4319.47
3466,1399,1165,4,56.96
3467,1400,981,2,355.18
3468,1400,507,5,1671.42
3469,1401,1066,1,4382.58
3470,1401,1285,4,1726.78
3471,1401,1237,3,3949.17
3472,1401,577,5,1148.53
3473,1402,1300,5,2792.13
3474,1402,1510,1,1417.49
3475,1402,912,3,3354.45
3476,1403,1543,2,1489.34
3477,1404,291,1,4479.15
3478,1404,1243,2,3945.21
3479,1405,228,5,3049.62
3480,1405,1816,2,1970.73
3481,1405,1236,1,4026.43
3482,1406,1070,3,1300.85
3483,1406,1745,5,524.94
3484,1406,638,3,2493.09
3485,1406,201,5,102.3
3486,1407,1928,1,664.98
3487,1407,266,5,965.9
3488,1408,1038,5,3779.92
3489,1408,442,2,1976.35
3490,1408,676,4,1181.47
3491,1409,1675,2,4618.9
3492,1409,560,3,3783.25
3493,1409,73,3,700.9
3494,1409,1885,5,2155.65
3495,1410,1293,4,1304.75
3496,1410,487,5,4330.41
3497,1410,1425,4,2840.04
3498,1411,159,5,1130.16
3499,1411,895,2,3929.3
3500,1411,687,1,343.32
3501,1412,1085,4,3942.42
3502,1412,148,3,3104.71
3503,1412,849,5,2197.58
3504,1413,70,2,1704.87
3505,1413,1815,4,3436.44
3506,1413,737,4,2378.96
3507,1413,203,3,3599.53
3508,1414,1006,2,2255.44
3509,1414,91,4,1342.66
3510,1414,1235,3,1041.67
3511,1414,76,4,688.1
3512,1415,1491,5,2694.2
3513,1415,889,1,2129.98
3514,1415,181,2,2121.19
3515,1415,955,1,1814.34
3516,1416,1147,5,3066.56
3517,1417,1211,4,1630.48
3518,1417,1874,5,2038.67
3519,1417,1550,5,3369.31
3520,1418,1362,4,3165.2
3521,1419,1763,5,1928.96
3522,1419,1891,2,3352.26
3523,1419,1033,5,3497.95
3524,1420,375,4,1464.53
3525,1421,1596,1,3772.62
3526,1421,473,5,4766.17
3527,1421,1791,5,952.04
3528,1422,1680,4,1224.93
3529,1422,28,5,4654.11
3530,1423,343,1,1148.62
3531,1423,1967,2,3118.21
3532,1424,220,3,1408.94
3533,1424,1076,1,4810.42
3534,1424,1031,5,2261.27
3535,1424,1090,2,3033.69
3536,1425,1928,4,565.4
3537,1425,1638,3,1905.98
3538,1425,1317,1,4464.53
3539,1425,1429,4,4518.66
3540,1426,531,5,1161.66
3541,1427,1565,3,3265.95
3542,1427,987,3,4441.98
3543,1427,1616,4,3285.02
3544,1428,1009,3,4331.92
3545,1428,1628,3,4748.71
3546,1428,1908,2,2628.01
3547,1428,1894,5,3730.4
3548,1429,1265,1,2890.04
3549,1429,1789,2,2544.6
3550,1430,338,1,99.68
3551,1430,1181,3,4895.42
3552,1430,860,4,421.6
3553,1430,1255,4,3780.37
3554,1431,268,5,4622.54
3555,1432,1982,2,3589.97
3556,1432,1796,2,4111.65
3557,1433,1668,2,2385.75
3558,1433,402,3,4892.72
3559,1433,1601,4,1149.54
3560,1433,1336,3,3168.5
3561,1434,580,3,4091.23
3562,1434,1047,4,2250.05
3563,1434,1768,1,3632.43
3564,1434,379,1,323.37
3565,1435,250,1,398.44
3566,1436,1990,3,3838.15
3567,1436,1155,2,2298.98
3568,1436,935,2,1506.93
3569,1437,1637,2,910.75
3570,1437,704,1,4177.18
3571,1437,1222,2,43.71
3572,1437,1916,2,56.54
3573,1438,1908,5,2628.01
3574,1438,1784,1,1361.63
3575,1439,1917,3,3047.65
3576,1440,333,1,4209.31
3577,1441,144,3,3945.75
3578,1441,667,5,3772.06
3579,1441,280,1,1957.71
3580,1441,1618,5,4119.68
3581,1442,1666,2,1107.86
3582,1442,484,2,2046.14
3583,1442,1566,3,2814.83
3584,1443,1476,4,2709.79
3585,1444,699,4,4601.64
3586,1445,1716,1,2035.93
3587,1446,1725,1,4530.18
3588,1447,652,2,1904.28
3589,1448,744,4,1971.3
3590,1449,80,4,3663.41
3591,1449,1169,3,422.36
3592,1450,725,5,1769.49
3593,1450,839,1,158.88
3594,1450,1503,2,4246.61
3595,1450,1113,3,1117.82
3596,1451,1877,4,896.41
3597,1451,11,1,3907.36
3598,1451,1127,1,767.03
3599,1452,1607,1,2615.57
3600,1452,1992,4,531.48
3601,1453,1754,1,1040.98
3602,1453,549,3,430.86
3603,1454,125,2,1485.79
3604,1454,926,1,3399.93
3605,1454,948,3,3328.97
3606,1455,1061,3,4408.37
3607,1455,78,5,525.53
3608,1456,1436,5,4303.05
3609,1456,1486,2,2349.15
3610,1457,1035,5,1827.28
3611,1457,527,1,1149.46
3612,1457,118,5,4061.43
3613,1457,1155,1,2298.98
3614,1458,1554,3,4234.92
3615,1458,1954,4,4409.84
3616,1458,680,4,3366.64
3617,1458,1227,2,2840.98
3618,1459,1093,1,3916.92
3619,1460,625,2,4059.0
3620,1460,357,4,1811.46
3621,1460,544,5,3918.92
3622,1461,1405,2,894.37
3623,1461,1934,4,595.41
3624,1461,576,4,3573.45
3625,1462,927,4,3677.85
3626,1462,1629,1,844.45
3627,1463,998,4,4107.24
3628,1464,1351,3,2206.5
3629,1464,1426,1,2840.77
3630,1464,1292,3,4546.08
3631,1465,1831,5,1191.03
3632,1465,1882,2,1460.59
3633,1465,712,1,1459.97
3634,1465,60,1,521.12
3635,1466,157,5,4489.54
3636,1466,866,2,953.26
3637,1466,1012,5,1136.05
3638,1467,1539,3,87.6
3639,1467,630,2,2446.22
3640,1468,474,5,2019.11
3641,1468,658,1,1245.37
3642,1469,442,5,1976.35
3643,1470,512,2,2081.26
3644,1470,643,4,3185.4
3645,1471,19,1,4034.12
3646,1471,791,1,1310.8
3647,1471,1939,5,3353.5
3648,1471,1625,2,2389.16
3649,1472,38,3,3283.97
3650,1472,153,5,3801.02
3651,1473,530,5,1620.83
3652,1473,1501,1,571.27
3653,1473,24,4,4213.26
3654,1473,1535,3,2002.12
3655,1474,188,1,1686.73
3656,1474,110,4,2349.49
3657,1475,848,5,2520.47
3658,1475,406,5,1153.0
3659,1475,354,1,1420.94
3660,1475,1087,1,4472.76
3661,1476,1106,1,3059.64
3662,1477,463,1,2370.45
3663,1478,1446,5,3668.66
3664,1479,1683,1,4193.9
3665,1479,1731,2,1237.5
3666,1480,1117,2,4050.52
3667,1480,1505,1,4216.31
3668,1481,810,4,2694.6
3669,1481,1504,2,4467.93
3670,1482,623,1,4260.78
3671,1482,1004,1,3635.02
3672,1482,535,2,2607.22
3673,1483,1819,3,118.88
3674,1484,986,5,4768.2
3675,1484,140,4,4472.12
3676,1484,1945,3,4845.83
3677,1484,1911,1,1523.55
3678,1485,1727,4,944.49
3679,1486,1264,1,2891.63
3680,1487,556,2,1367.56
3681,1487,1431,3,2705.27
3682,1488,870,4,2586.71
3683,1489,1076,1,4810.42
3684,1489,975,3,2088.67
3685,1489,1628,4,4203.02
3686,1489,744,2,1808.97
3687,1490,1989,1,2335.7
3688,1490,502,5,584.21
3689,1490,65,4,2718.42
3690,1490,1521,5,4472.71
3691,1491,1707,2,314.46
3692,1491,82,1,4492.0
3693,1491,1239,5,3172.16
3694,1491,1713,4,2881.14
3695,1492,313,5,425.85
3696,1492,1943,1,1101.53
3697,1492,689,2,42.67
3698,1493,1128,3,912.22
3699,1494,1230,2,2848.87
3700,1494,1028,4,1758.23
3701,1494,1463,4,4082.5
3702,1495,127,4,3807.94
3703,1495,147,4,2788.08
3704,1495,1476,4,2709.79
3705,1496,550,2,2260.59
3706,1496,458,2,2007.63
3707,1496,221,5,1054.07
3708,1497,1647,1,3957.78
3709,1497,1152,5,2072.93
3710,1497,1982,1,3589.97
3711,1498,1267,4,4516.38
3712,1498,997,3,3718.89
3713,1498,273,3,2698.03
3714,1498,67,4,4645.47
3715,1499,1264,5,2891.63
3716,1500,735,4,1776.43
3717,1500,560,4,3783.25
3718,1500,151,2,4997.17
3719,1500,219,1,3239.8
3720,1501,1151,2,3712.56
3721,1501,547,4,2542.66
3722,1501,632,2,2090.66
3723,1501,1443,5,1395.23
3724,1502,803,3,4544.47
3725,1502,1227,1,2840.98
3726,1502,1580,2,4757.61
3727,1502,900,1,3184.82
3728,1503,161,3,55.99
3729,1503,1670,1,3201.69
3730,1504,411,2,4984.22
3731,1504,1279,5,2423.46
3732,1504,1841,4,3041.18
3733,1505,743,5,2405.57
3734,1505,1908,3,2628.01
3735,1505,919,4,4303.03
3736,1506,183,2,2463.19
3737,1507,1972,1,4088.97
3738,1507,460,3,4443.01
3739,1507,98,4,2683.26
3740,1508,1970,5,618.35
3741,1508,1295,5,4824.7
3742,1508,1037,4,1567.44
3743,1509,726,2,1412.38
3744,1510,1781,4,2340.2
3745,1511,1282,3,4678.25
3746,1511,227,4,3165.38
3747,1511,1520,2,3436.75
3748,1511,1621,2,387.38
3749,1512,1299,5,4280.63
3750,1513,815,5,2060.36
3751,1513,911,4,2566.32
3752,1513,339,2,2744.38
3753,1514,78,4,525.53
3754,1514,864,1,973.18
3755,1514,1434,5,1120.68
3756,1515,609,1,1297.43
3757,1515,1190,3,2212.05
3758,1515,1140,5,143.75
3759,1515,1503,1,3902.9
3760,1516,285,1,1882.5
3761,1516,920,5,1699.61
3762,1516,1738,2,1876.76
3763,1517,1662,1,3160.26
3764,1518,1208,5,2828.12
3765,1518,866,2,1065.77
3766,1518,1508,4,3515.38
3767,1519,1502,5,1662.88
3768,1520,1054,5,966.18
3769,1520,136,4,3496.33
3770,1521,946,1,2790.2
3771,1521,935,2,1506.93
3772,1522,743,5,2405.57
3773,1522,1340,3,1567.91
3774,1523,1181,2,4895.42
3775,1523,610,5,1992.51
3776,1523,1494,5,172.79
3777,1524,73,4,700.9
3778,1525,704,1,4537.05
3779,1525,585,4,4567.13
3780,1525,1455,3,3979.1
3781,1526,1244,5,2169.15
3782,1526,1273,2,2490.93
3783,1527,161,4,55.99
3784,1527,1882,1,1460.59
3785,1528,18,4,4759.91
3786,1528,263,2,4797.79
3787,1528,1768,3,3632.43
3788,1529,1616,3,3567.75
3789,1529,309,1,494.89
3790,1529,26,4,511.61
3791,1529,84,1,182.72
3792,1530,1102,3,4297.06
3793,1530,143,3,2926.5
3794,1530,1313,1,3574.17
3795,1531,1999,3,1996.05
3796,1532,451,1,3672.78
3797,1532,1304,3,2267.28
3798,1533,551,3,318.01
3799,1533,750,4,2349.48
3800,1534,1094,5,4482.97
3801,1534,685,5,358.49
3802,1534,1932,2,96.76
3803,1534,274,5,88.25
3804,1535,966,4,406.68
3805,1535,1864,3,3592.33
3806,1535,1636,2,4425.37
3807,1535,1848,3,727.07
3808,1536,1657,2,3149.48
3809,1536,838,3,1605.7
3810,1536,1166,4,4725.81
3811,1537,1141,3,282.75
3812,1537,730,5,1887.22
3813,1537,1236,4,4026.43
3814,1537,188,2,1414.89
3815,1538,162,3,980.62
3816,1538,645,2,4070.0
3817,1538,1225,3,1107.05
3818,1538,1667,2,2977.83
3819,1539,877,3,4109.42
3820,1539,178,5,4327.53
3821,1539,1464,3,3191.86
3822,1539,286,5,4563.87
3823,1540,1257,2,3065.38
3824,1540,1585,5,4809.42
3825,1540,673,4,2969.61
3826,1540,132,2,1956.5
3827,1541,887,4,4225.09
3828,1541,1261,4,2089.43
3829,1541,1129,1,4161.06
3830,1542,1553,3,3046.46
3831,1542,927,4,3677.85
3832,1542,575,3,267.87
3833,1542,994,3,3358.69
3834,1543,1935,5,4879.73
3835,1543,467,2,3451.65
3836,1543,21,5,3692.52
3837,1544,1085,5,3942.42
3838,1544,355,4,475.33
3839,1544,354,5,1420.94
3840,1544,1760,1,4916.81
3841,1545,1637,3,910.75
3842,1545,1330,3,4560.63
3843,1545,383,1,1839.51
3844,1546,1178,5,3058.33
3845,1546,432,2,4230.98
3846,1546,478,5,207.98
3847,1546,387,2,2098.97
3848,1547,167,3,2818.25
3849,1547,1395,2,2500.5
3850,1547,440,5,4235.09
3851,1548,439,5,4256.54
3852,1548,959,3,1293.19
3853,1548,98,4,2522.24
3854,1549,462,4,2829.04
3855,1549,435,3,2114.92
3856,1549,594,3,2929.29
3857,1549,1207,1,3211.83
3858,1550,1481,1,1236.14
3859,1550,83,3,1742.41
3860,1551,24,3,4213.26
3861,1551,1666,1,1107.86
3862,1551,1589,2,457.62
3863,1551,1970,1,501.36
3864,1552,966,5,406.68
3865,1552,517,2,516.7
3866,1552,1327,4,885.05
3867,1552,1019,2,256.59
3868,1553,628,5,3676.71
3869,1553,1782,3,4678.02
3870,1553,813,3,952.88
3871,1554,1601,2,1249.57
3872,1555,1629,5,844.45
3873,1555,1484,2,749.5
3874,1555,329,1,4348.31
3875,1555,1111,2,2004.69
3876,1556,595,3,2571.36
3877,1557,425,4,3713.27
3878,1557,1177,2,3460.99
3879,1557,539,5,4274.76
3880,1558,1809,1,1631.51
3881,1558,266,3,965.9
3882,1558,733,1,1237.21
3883,1558,819,3,2142.95
3884,1559,201,2,88.02
3885,1559,1252,4,204.93
3886,1559,278,1,2545.14
3887,1560,106,3,718.2
3888,1560,1394,2,1472.74
3889,1560,432,2,4230.98
3890,1560,677,4,38.27
3891,1561,1553,1,2750.04
3892,1561,1016,2,4654.08
3893,1562,1216,1,3884.97
3894,1563,1410,1,3237.71
3895,1563,1890,3,1462.22
3896,1564,1925,1,4695.17
3897,1564,1942,4,119.81
3898,1565,61,5,3122.29
3899,1565,848,3,2754.39
3900,1565,1102,4,4297.06
3901,1565,364,4,4850.74
3902,1566,224,1,869.06
3903,1567,195,2,1260.96
3904,1567,632,3,2090.66
3905,1567,130,4,73.51
3906,1568,989,2,3743.11
3907,1569,157,1,4489.54
3908,1569,29,5,4104.81
3909,1569,988,4,4286.16
3910,1570,558,2,132.2
3911,1570,766,3,3588.86
3912,1571,1410,2,3888.52
3913,1571,917,4,3523.38
3914,1572,930,1,79.28
3915,1572,117,4,2741.14
3916,1572,1717,4,4935.75
3917,1572,1125,5,339.79
3918,1573,263,5,4059.15
3919,1574,457,5,528.02
3920,1574,1300,5,2317.32
3921,1574,1240,5,4001.24
3922,1575,662,5,1537.86
3923,1576,28,2,4654.11
3924,1576,1586,5,3954.89
3925,1577,1159,3,3012.68
3926,1577,184,2,1497.19
3927,1577,1800,1,1027.07
3928,1577,1033,3,3497.95
3929,1578,1857,4,4958.76
3930,1578,1309,2,4419.04
3931,1578,137,5,2258.91
3932,1578,17,2,3986.93
3933,1579,1911,5,1431.81
3934,1580,240,4,431.39
3935,1580,1363,5,1157.42
3936,1580,1640,3,3228.09
3937,1580,1405,2,894.37
3938,1581,632,4,1703.72
3939,1581,1378,4,2283.47
3940,1581,83,1,1438.15
3941,1581,1466,3,2812.37
3942,1582,384,4,2813.82
3943,1582,591,5,3510.59
3944,1582,1916,5,57.19
3945,1583,70,2,1704.87
3946,1583,228,4,2686.18
3947,1584,909,2,1895.6
3948,1585,1824,2,3280.48
3949,1585,1231,4,679.89
3950,1586,668,4,371.43
3951,1586,641,2,2560.87
3952,1586,407,2,2291.87
3953,1586,39,1,4972.54
3954,1587,1702,4,2855.01
3955,1587,1988,1,785.21
3956,1587,651,2,140.09
3957,1587,847,3,2171.89
3958,1588,1716,3,2035.93
3959,1588,1754,5,1040.98
3960,1588,931,2,4468.44
3961,1589,1185,5,4048.07
3962,1589,755,3,3263.47
3963,1589,1214,3,410.19
3964,1590,1602,2,2669.18
3965,1591,273,1,2698.03
3966,1591,130,5,73.51
3967,1591,1912,1,4495.58
3968,1591,1516,2,4754.42
3969,1592,969,2,1491.03
3970,1592,1049,3,4572.88
3971,1592,183,3,2573.12
3972,1592,1042,2,3030.16
3973,1593,370,5,4704.13
3974,1593,732,1,3185.96
3975,1593,1201,4,3873.97
3976,1593,294,1,4193.11
3977,1594,727,3,1001.69
3978,1595,321,2,3268.68
3979,1595,1872,4,3813.24
3980,1596,1174,5,1402.77
3981,1596,1434,4,986.73
3982,1596,113,2,1021.83
3983,1596,1120,3,2699.19
3984,1597,361,4,102.54
3985,1597,241,4,3425.75
3986,1597,1783,2,2181.97
3987,1598,113,5,1021.83
3988,1598,1220,1,500.69
3989,1599,1889,5,4728.93
3990,1599,1244,5,2169.15
3991,1599,778,3,1884.21
3992,1599,1098,2,4970.86
3993,1600,725,4,1883.71
3994,1600,599,2,4935.59
3995,1600,28,1,4654.11
3996,1600,1337,1,1635.29
3997,1601,90,4,4686.08
3998,1601,238,1,3156.13
3999,1601,772,3,3875.53
4000,1601,1694,2,3306.81
4001,1602,787,1,3735.76
4002,1602,1494,5,195.63
4003,1602,1569,2,961.57
4004,1602,1422,1,1430.68
4005,1603,1299,4,4280.63
4006,1603,1832,4,1596.17
4007,1603,522,1,3199.65
4008,1603,1453,4,1778.93
4009,1604,1782,3,4678.02
4010,1605,44,4,3787.46
4011,1605,971,4,3736.08
4012,1605,1610,1,386.02
4013,1606,1440,1,3589.68
4014,1606,688,4,999.99
4015,1606,129,2,4668.8
4016,1606,864,4,1153.96
4017,1607,476,5,480.09
4018,1607,1932,2,108.69
4019,1607,759,5,4030.25
4020,1608,1259,4,338.22
4021,1609,1702,3,2855.01
4022,1609,714,1,4198.07
4023,1609,304,2,4475.38
4024,1610,309,5,416.3
4025,1611,868,4,801.34
4026,1611,1701,4,3196.88
4027,1611,1760,2,4916.81
4028,1612,1789,5,2544.6
4029,1612,1434,3,1086.62
4030,1613,864,5,1153.96
4031,1613,1422,5,1430.68
4032,1613,423,2,1441.03
4033,1614,1271,2,1820.81
4034,1614,1101,2,4136.01
4035,1614,1899,5,4748.11
4036,1615,1047,1,2250.05
4037,1615,1699,5,3508.73
4038,1616,868,3,991.31
4039,1617,1110,1,81.81
4040,1617,383,4,1839.51
4041,1617,1798,3,3519.52
4042,1617,1380,1,3721.35
4043,1618,773,3,1551.94
4044,1619,700,3,728.03
4045,1619,1175,3,2120.63
4046,1620,1439,4,3836.78
4047,1620,36,2,1618.44
4048,1621,1750,4,3831.82
4049,1621,1252,1,204.93
4050,1621,40,3,4362.39
4051,1621,1976,1,2781.03
4052,1622,1269,3,499.77
4053,1622,1080,5,3937.35
4054,1622,1681,5,1516.38
4055,1622,819,2,2142.95
4056,1623,1587,4,2450.05
4057,1623,1963,3,742.96
4058,1624,1111,4,2224.6
4059,1624,499,3,3719.03
4060,1624,656,4,3743.6
4061,1624,1963,5,742.96
4062,1625,1666,5,911.46
4063,1625,29,3,4104.81
4064,1625,738,2,4721.08
4065,1625,1477,4,2048.44
4066,1626,1640,3,3228.09
4067,1626,1206,4,1052.49
4068,1626,876,3,4735.67
4069,1627,763,2,3663.37
4070,1628,82,1,4492.0
4071,1628,1134,4,1592.31
4072,1628,1802,4,3728.81
4073,1629,1102,4,4297.06
4074,1629,1908,4,2404.29
4075,1629,1223,2,2330.58
4076,1630,118,2,4784.56
4077,1630,511,4,2185.64
4078,1630,966,4,406.68
4079,1631,1914,3,1975.44
4080,1631,1092,1,166.85
4081,1631,436,3,3787.72
4082,1631,1204,4,4942.73
4083,1632,1538,1,4609.56
4084,1633,1751,1,371.51
4085,1633,781,2,2380.19
4086,1634,193,3,4643.63
4087,1634,806,3,131.42
4088,1634,440,2,4235.09
4089,1634,505,5,1675.87
4090,1635,1652,3,342.56
4091,1636,757,4,4478.92
4092,1636,1765,2,534.57
4093,1637,558,4,105.89
4094,1637,567,2,4674.9
4095,1638,40,5,4750.28
4096,1638,611,1,3903.33
4097,1638,373,3,4531.36
4098,1638,648,4,423.27
4099,1639,1434,5,1186.26
4100,1639,1928,2,664.98
4101,1640,319,4,684.29
4102,1641,570,5,2071.01
4103,1641,1360,1,2996.1
4104,1641,1068,5,1499.27
4105,1642,1516,3,4341.1
4106,1642,273,2,2698.03
4107,1643,815,3,2374.91
4108,1644,398,4,3681.87
4109,1644,806,3,131.42
4110,1645,1049,4,4572.88
4111,1645,179,3,3052.29
4112,1646,1098,3,4260.96
4113,1646,26,5,468.21
4114,1646,311,3,4257.7
4115,1646,411,4,4984.22
4116,1647,301,4,857.07
4117,1648,713,5,4319.36
4118,1648,1651,5,1559.53
4119,1648,1842,5,1223.39
4120,1648,820,2,1886.24
4121,1649,594,3,2929.29
4122,1650,1412,1,2409.48
4123,1650,1989,1,2713.54
4124,1650,87,3,2762.02
4125,1651,850,3,30.08
4126,1651,1240,4,4001.24
4127,1652,1182,5,3287.43
4128,1652,1326,4,821.14
4129,1652,1011,4,602.7
4130,1653,47,5,3859.05
4131,1653,822,1,2786.91
4132,1653,773,5,1551.94
4133,1654,1015,3,2805.41
4134,1654,81,2,4873.64
4135,1654,1691,2,49.01
4136,1654,546,5,1544.26
4137,1655,180,5,993.26
4138,1655,186,3,4656.26
4139,1655,1531,3,4829.37
4140,1655,1722,2,220.38
4141,1656,1539,5,87.6
4142,1656,1834,5,3953.74
4143,1656,1662,3,3160.26
4144,1656,1698,1,2763.38
4145,1657,67,4,4645.47
4146,1657,1419,4,2139.84
4147,1657,1598,2,2345.72
4148,1658,1261,1,2089.43
4149,1658,1822,3,4736.7
4150,1658,1821,3,4105.07
4151,1658,648,2,469.49
4152,1659,1015,2,2805.41
4153,1659,77,1,2924.08
4154,1660,443,3,4944.73
4155,1660,1391,4,2097.4
4156,1660,1207,3,3211.83
4157,1661,1667,2,2977.83
4158,1662,1748,2,681.78
4159,1662,974,4,814.44
4160,1663,1257,2,3065.38
4161,1663,461,1,3600.18
4162,1663,608,1,2247.3
4163,1663,843,2,1112.41
4164,1664,988,2,4286.16
4165,1664,1598,4,2779.45
4166,1665,1989,5,2713.54
4167,1665,1253,4,4822.44
4168,1665,1270,2,4109.19
4169,1666,784,5,2254.29
4170,1666,353,1,3480.85
4171,1667,1650,5,1964.8
4172,1667,1551,2,2299.4
4173,1667,1557,1,2010.11
4174,1668,1345,3,3394.63
4175,1668,649,1,127.94
4176,1669,708,4,4775.63
4177,1669,1141,3,282.75
4178,1669,662,1,1537.86
4179,1670,277,3,2853.84
4180,1670,68,1,346.47
4181,1671,214,2,3316.61
4182,1671,1870,3,2081.49
4183,1672,16,3,938.32
4184,1672,1775,5,3513.61
4185,1672,816,5,1136.06
4186,1673,1924,2,2698.77
4187,1673,901,5,3957.69
4188,1674,26,2,511.61
4189,1674,762,1,2037.05
4190,1674,792,5,839.44
4191,1675,1808,5,3905.23
4192,1675,661,1,1784.45
4193,1676,724,4,3238.66
4194,1677,135,1,4248.92
4195,1677,866,2,1065.77
4196,1677,1968,2,167.07
4197,1678,1673,2,3935.36
4198,1678,1939,1,3353.5
4199,1679,1194,1,472.3
4200,1679,1794,4,4943.5
4201,1679,528,5,2730.54
4202,1680,1678,2,2110.41
4203,1680,1914,2,1975.44
4204,1680,1071,3,2170.33
4205,1680,386,4,4619.91
4206,1681,1042,4,3030.16
4207,1681,471,3,1914.7
4208,1681,1148,3,180.53
4209,1682,1614,4,4628.97
4210,1682,95,4,1043.31
4211,1683,610,2,2298.27
4212,1684,653,1,601.62
4213,1684,1793,1,2604.78
4214,1684,246,4,1278.44
4215,1685,911,3,3202.05
4216,1685,811,4,95.73
4217,1685,342,1,4327.25
4218,1685,741,4,2800.3
4219,1686,1063,1,3245.44
4220,1686,315,2,1108.32
4221,1686,951,5,1406.05
4222,1686,1990,1,4241.52
4223,1687,583,5,2344.29
4224,1688,209,3,3655.89
4225,1688,1689,5,3381.49
4226,1688,1680,3,1224.93
4227,1688,913,2,17.43
4228,1689,57,1,4705.04
4229,1689,1179,5,1931.5
4230,1689,975,4,2088.67
4231,1689,1212,1,3682.88
4232,1690,219,2,3445.3
4233,1690,3,5,2226.12
4234,1690,1404,1,1666.95
4235,1691,473,3,4766.17
4236,1691,1905,5,3031.02
4237,1692,1771,2,3405.76
4238,1692,1924,2,2698.77
4239,1692,762,5,1878.37
4240,1692,763,3,3663.37
4241,1693,1339,1,1539.51
4242,1693,774,1,383.9
4243,1693,194,4,85.23
4244,1693,255,5,488.71
4245,1694,1945,3,4845.83
4246,1694,1214,3,410.19
4247,1694,511,4,2511.14
4248,1694,1175,4,1982.33
4249,1695,1942,5,119.81
4250,1695,1265,3,2890.04
4251,1695,1520,3,3436.75
4252,1695,1007,2,1868.9
4253,1696,504,3,782.8
4254,1696,671,1,4268.05
4255,1696,1124,1,4882.27
4256,1697,1955,3,1611.8
4257,1698,728,5,1720.04
4258,1699,1960,3,1687.21
4259,1699,1674,5,4014.42
4260,1699,187,2,4624.37
4261,1700,421,2,4612.91
4262,1700,502,1,584.21
4263,1701,1081,4,1664.25
4264,1702,1003,5,4496.47
4265,1702,4,5,2025.42
4266,1702,1971,3,2916.29
4267,1703,318,1,3958.19
4268,1703,1013,4,2553.62
4269,1703,1373,4,3734.91
4270,1703,39,1,4972.54
4271,1704,847,4,2171.89
4272,1704,1030,1,291.74
4273,1705,45,2,2835.95
4274,1705,1240,5,4001.24
4275,1705,957,3,4532.8
4276,1705,1720,2,1122.48
4277,1706,285,2,1576.59
4278,1706,1033,3,3497.95
4279,1706,614,2,1652.79
4280,1707,569,1,2890.29
4281,1708,1358,2,4529.67
4282,1708,1178,3,2837.84
4283,1708,654,1,61.16
4284,1709,715,3,1345.17
4285,1709,1434,3,1186.26
4286,1710,1415,1,3433.14
4287,1711,732,5,3185.96
4288,1711,537,5,4518.79
4289,1711,576,4,3573.45
4290,1712,1989,4,2713.54
4291,1712,1817,4,2818.35
4292,1713,1232,4,4553.57
4293,1713,544,1,4741.07
4294,1713,1524,1,4290.31
4295,1714,1029,3,2318.09
4296,1714,740,1,618.13
4297,1714,1831,5,1191.03
4298,1714,317,3,2700.01
4299,1715,1257,1,3065.38
4300,1716,1475,2,3866.81
4301,1716,201,4,102.3
4302,1716,404,3,2258.72
4303,1717,1565,4,3779.56
4304,1718,855,4,3214.76
4305,1718,1564,3,4395.5
4306,1718,750,5,2618.93
4307,1719,778,4,1884.21
4308,1720,136,1,3496.33
4309,1720,1706,5,3280.43
4310,1720,841,3,2484.52
4311,1721,1429,1,4518.66
4312,1721,1028,2,1758.23
4313,1722,892,4,3031.09
4314,1722,951,1,1690.56
4315,1723,438,5,3390.29
4316,1724,956,1,2814.27
4317,1724,1685,2,4800.62
4318,1724,1484,1,749.5
4319,1725,923,2,1277.43
4320,1725,1632,4,1735.67
4321,1725,1507,2,526.19
4322,1725,1791,5,952.04
4323,1726,976,2,1872.2
4324,1727,1779,3,4333.82
4325,1727,116,3,1301.79
4326,1728,800,3,1809.64
4327,1728,4,3,2348.56
4328,1728,379,1,323.37
4329,1728,1163,5,1790.9
4330,1729,1208,5,2828.12
4331,1730,701,4,2017.97
4332,1730,1892,2,3756.21
4333,1730,1048,5,3735.55
4334,1731,379,4,259.12
4335,1731,938,1,3776.2
4336,1731,549,3,430.86
4337,1731,175,3,4971.35
4338,1732,1796,4,3311.54
4339,1732,1770,3,2945.45
4340,1732,1993,3,4752.51
4341,1733,1836,3,675.74
4342,1734,676,4,1181.47
4343,1734,107,3,3329.93
4344,1735,778,5,1884.21
4345,1735,1363,3,1157.42
4346,1735,1815,1,2991.78
4347,1735,1041,4,2729.16
4348,1736,388,3,475.38
4349,1736,1525,4,3157.81
4350,1736,141,4,1474.45
4351,1736,115,1,4104.14
4352,1737,307,5,315.91
4353,1737,781,4,2229.76
4354,1738,1737,3,3354.21
4355,1738,1975,4,3658.73
4356,1738,1274,1,3573.23
4357,1738,639,2,1685.85
4358,1739,1492,3,1582.22
4359,1739,1900,4,130.35
4360,1739,473,1,4766.17
4361,1739,919,2,4303.03
4362,1740,1393,4,484.39
4363,1740,1416,1,3028.81
4364,1741,1634,3,4037.89
4365,1741,1517,3,1143.07
4366,1741,343,5,1428.48
4367,1741,807,4,4677.52
4368,1742,402,1,4892.72
4369,1743,871,5,4608.67
4370,1744,1541,1,482.43
4371,1744,679,2,2172.15
4372,1744,352,2,499.9
4373,1745,1610,3,386.02
4374,1746,1677,5,828.77
4375,1746,82,3,4492.0
4376,1746,846,1,3819.23
4377,1747,1085,1,3942.42
4378,1748,442,5,1976.35
4379,1749,695,1,762.18
4380,1749,1978,3,1245.27
4381,1749,556,3,1367.56
4382,1750,1010,1,4593.25
4383,1750,24,5,4213.26
4384,1750,124,2,1903.14
4385,1751,1547,4,3071.68
4386,1751,534,2,124.86
4387,1752,1161,1,2393.29
4388,1752,1785,5,1442.72
4389,1752,435,5,2114.92
4390,1753,6,3,518.13
4391,1754,1381,5,1933.35
4392,1754,130,5,73.51
4393,1755,381,3,3972.54
4394,1755,523,4,2773.06
4395,1755,713,5,4319.36
4396,1756,1041,3,2917.36
4397,1756,613,5,1433.47
4398,1756,1335,3,1474.54
4399,1756,670,1,4951.0
4400,1757,978,3,980.5
4401,1757,74,4,3695.82
4402,1758,230,3,1092.51
4403,1759,1343,2,2668.19
4404,1759,716,1,1722.41
4405,1760,325,4,778.82
4406,1760,99,3,3376.61
4407,1761,1364,1,1790.14
4408,1761,306,4,2895.92
4409,1762,1147,2,3066.56
4410,1762,1091,4,2176.74
4411,1763,645,5,4070.0
4412,1763,1300,5,2792.13
4413,1764,523,1,2712.21
4414,1764,622,3,1553.69
4415,1764,1623,3,4345.73
4416,1765,226,1,1054.31
4417,1765,217,5,657.68
4418,1765,159,2,1154.68
4419,1765,1440,4,3589.68
4420,1766,1939,1,2890.5
4421,1766,955,3,1814.34
4422,1766,713,5,4319.36
4423,1767,1016,2,4654.08
4424,1768,1873,5,1826.58
4425,1768,91,3,1152.39
4426,1768,961,5,4383.36
4427,1768,465,1,3298.77
4428,1769,686,4,4311.22
4429,1769,1542,3,120.15
4430,1770,1184,5,2884.13
4431,1770,1009,4,4016.21
4432,1770,802,2,1237.78
4433,1770,696,2,3200.45
4434,1771,1958,2,3995.53
4435,1771,430,2,4194.01
4436,1771,1527,1,1719.79
4437,1771,477,3,4268.61
4438,1772,7,4,4731.63
4439,1772,19,1,4954.02
4440,1773,1907,1,431.07
4441,1774,202,4,3151.14
4442,1774,1983,3,3511.09
4443,1775,347,2,4172.85
4444,1775,1016,3,3954.88
4445,1775,598,4,298.55
4446,1776,1397,3,1925.16
4447,1776,1142,2,1770.45
4448,1776,1335,2,1397.8
4449,1776,167,4,2818.25
4450,1777,378,4,1016.86
4451,1777,633,4,1387.89
4452,1777,441,5,4307.7
4453,1777,504,3,741.87
4454,1778,1440,3,3589.68
4455,1778,1175,3,2120.63
4456,1779,398,5,3681.87
4457,1779,469,2,3409.35
4458,1779,536,2,1975.5
4459,1779,1344,5,1792.55
4460,1780,1242,3,1507.11
4461,1780,1902,1,171.38
4462,1780,1293,3,1178.02
4463,1780,246,1,1278.44
4464,1781,843,2,1022.01
4465,1781,712,1,1286.57
4466,1781,1402,3,1111.29
4467,1781,28,3,4654.11
4468,1782,841,1,2484.52
4469,1782,242,2,1950.71
4470,1783,527,1,1149.46
4471,1783,663,4,1192.72
4472,1783,1068,1,1499.27
4473,1783,241,2,3425.75
4474,1784,14,5,2169.34
4475,1784,104,2,1673.81
4476,1784,143,1,2926.5
4477,1785,423,2,1441.03
4478,1785,1065,2,1577.35
4479,1785,340,5,2766.58
4480,1785,801,5,1243.14
4481,1786,659,5,1295.32
4482,1786,798,4,4170.48
4483,1786,556,1,1367.56
4484,1786,846,5,3819.23
4485,1787,234,4,751.05
4486,1787,504,1,681.57
4487,1787,997,3,3718.89
4488,1788,1059,5,4118.26
4489,1788,1475,3,4831.22
4490,1788,1758,3,1627.94
4491,1788,167,5,2568.55
4492,1789,417,1,622.91
4493,1790,1825,3,720.4
4494,1790,118,4,4784.56
4495,1790,714,3,4198.07
4496,1791,1543,1,1601.34
4497,1792,911,2,3202.05
4498,1793,1461,3,3052.71
4499,1793,1387,3,3367.36
4500,1793,855,3,3214.76
4501,1794,315,3,1030.63
4502,1794,471,5,1914.7
4503,1794,882,4,2446.15
4504,1795,1615,4,2853.97
4505,1795,586,2,3086.72
4506,1796,1304,2,2267.28
4507,1796,1033,4,3497.95
4508,1796,1190,3,2212.05
4509,1797,786,3,287.29
4510,1798,278,2,2400.4
4511,1798,151,2,4562.87
4512,1799,1328,4,1629.06
4513,1799,164,2,3555.06
4514,1800,2,2,1229.21
4515,1801,363,1,1943.83
4516,1801,718,5,398.82
4517,1801,1209,1,1827.1
4518,1801,1247,1,3146.26
4519,1802,669,3,3129.58
4520,1802,1365,2,782.66
4521,1803,420,2,1799.73
4522,1803,1648,5,4000.16
4523,1803,1475,4,4831.22
4524,1804,1340,3,1567.91
4525,1804,1986,4,2708.52
4526,1804,1110,1,81.81
4527,1804,876,4,3914.83
4528,1805,715,3,1345.17
4529,1805,887,5,4225.09
4530,1805,1862,5,3083.03
4531,1805,1543,2,1601.34
4532,1806,703,5,2916.95
4533,1806,1166,4,4725.81
4534,1806,162,2,980.62
4535,1806,535,1,2607.22
4536,1807,1336,5,3168.5
4537,1808,103,2,4186.48
4538,1809,1813,3,1347.23
4539,1810,1287,1,3345.34
4540,1810,839,2,158.88
4541,1810,356,4,4465.31
4542,1810,327,3,1236.95
4543,1811,16,5,938.32
4544,1811,1097,4,542.09
4545,1811,1301,5,2346.22
4546,1812,1277,3,3223.63
4547,1812,1752,5,3707.7
4548,1812,29,4,4104.81
4549,1812,1916,1,69.6
4550,1813,380,2,3941.12
4551,1814,1682,4,1650.57
4552,1814,222,5,4379.2
4553,1814,579,4,4113.9
4554,1815,1948,2,406.31
4555,1816,273,1,2698.03
4556,1816,244,4,3461.2
4557,1816,1962,4,1588.31
4558,1816,1310,4,4958.65
4559,1817,1461,5,3052.71
4560,1817,389,1,825.04
4561,1818,833,3,923.62
4562,1818,566,2,3671.74
4563,1818,249,3,3887.05
4564,1819,1454,3,869.09
4565,1819,414,2,85.75
4566,1819,1438,4,3162.42
4567,1820,1057,2,4297.01
4568,1821,114,1,3138.55
4569,1821,998,1,4107.24
4570,1821,723,1,2989.89
4571,1821,275,4,3000.32
4572,1822,1504,3,4467.93
4573,1822,3,2,2657.76
4574,1822,1702,5,2855.01
4575,1823,374,4,981.38
4576,1824,1195,2,56.54
4577,1824,1689,2,4055.41
4578,1825,700,5,728.03
4579,1826,145,5,4174.9
4580,1827,722,4,2594.08
4581,1828,1255,1,3780.37
4582,1829,1870,1,2326.9
4583,1830,1688,5,953.67
4584,1830,1026,1,3832.72
4585,1830,1210,2,3200.95
4586,1831,1982,5,3589.97
4587,1832,651,5,119.12
4588,1833,1038,1,3560.78
4589,1833,1296,5,292.88
4590,1833,1054,1,780.35
4591,1833,987,1,4441.98
4592,1834,169,4,1877.04
4593,1834,1910,4,3921.43
4594,1835,1023,2,3208.28
4595,1836,1552,5,2043.9
4596,1836,1184,1,2884.13
4597,1836,764,1,2226.69
4598,1836,1080,3,4797.15
4599,1837,942,3,4334.82
4600,1837,259,1,3788.75
4601,1837,1664,2,3663.0
4602,1838,863,5,2025.64
4603,1838,1942,1,119.81
4604,1838,456,1,204.74
4605,1839,1179,1,1931.5
4606,1839,455,2,3456.73
4607,1839,899,3,2592.14
4608,1840,1026,2,3156.42
4609,1841,158,3,3068.08
4610,1841,222,2,4379.2
4611,1841,1183,1,324.36
4612,1841,1993,2,4752.51
4613,1842,1692,5,1836.1
4614,1842,507,4,1671.42
4615,1842,1690,2,4633.95
4616,1843,352,1,499.9
4617,1843,1023,2,3992.43
4618,1843,1389,3,1904.68
4619,1844,1100,4,3708.22
4620,1844,772,2,3875.53
4621,1845,1475,5,4831.22
4622,1845,837,4,2265.42
4623,1845,823,5,4892.28
4624,1846,1193,4,2049.44
4625,1846,594,4,2929.29
4626,1846,415,2,273.97
4627,1847,1491,5,2694.2
4628,1847,669,1,3129.58
4629,1847,1950,2,3525.4
4630,1848,669,1,3129.58
4631,1848,14,5,2641.22
4632,1848,399,4,935.5
4633,1848,1436,2,4303.05
4634,1849,1322,5,2046.82
4635,1849,1783,5,2061.3
4636,1850,468,3,2222.15
4637,1851,1871,4,2643.42
4638,1851,1232,4,4553.57
4639,1851,979,3,2037.26
4640,1851,744,1,2156.28
4641,1852,1166,5,3860.8
4642,1853,157,3,3788.92
4643,1853,738,3,4721.08
4644,1853,913,4,17.43
4645,1853,53,1,4782.7
4646,1854,885,3,2122.71
4647,1855,1997,3,4060.43
4648,1856,1462,5,3236.96
4649,1856,639,4,1959.67
4650,1856,1663,4,363.7
4651,1856,1735,2,3365.68
4652,1857,167,5,2455.54
4653,1857,1079,2,870.46
4654,1857,1740,2,2678.81
4655,1857,109,4,4113.43
4656,1858,1020,1,3188.65
4657,1859,44,3,3787.46
4658,1860,1776,4,867.72
4659,1860,263,2,4797.79
4660,1860,806,5,131.42
4661,1861,776,1,142.47
4662,1861,1272,2,746.37
4663,1861,1888,2,3602.81
4664,1861,1433,2,2525.06
4665,1862,967,1,3884.42
4666,1862,675,3,771.38
4667,1863,1008,4,3281.27
4668,1863,1012,4,1232.66
4669,1864,1698,2,2763.38
4670,1865,1963,5,742.96
4671,1865,101,1,4125.78
4672,1865,1810,4,1849.5
4673,1865,1668,5,2385.75
4674,1866,784,1,2566.81
4675,1866,313,2,474.04
4676,1866,601,4,4765.61
4677,1866,1780,4,1696.82
4678,1867,1105,1,1308.96
4679,1868,1485,5,734.85
4680,1868,1725,2,4530.18
4681,1868,1262,5,3201.63
4682,1868,1223,3,2330.58
4683,1869,987,2,4441.98
4684,1869,1595,3,1474.89
4685,1869,1423,3,1547.58
4686,1869,1238,4,4582.12
4687,1870,803,2,4217.52
4688,1870,1512,5,3381.05
4689,1870,667,5,4600.9
4690,1870,780,5,4982.09
4691,1871,1210,5,3696.95
4692,1871,405,3,2282.13
4693,1871,699,1,4601.64
4694,1872,349,1,3568.37
4695,1872,1469,1,830.75
4696,1872,862,1,808.75
4697,1872,1626,5,3411.47
4698,1873,1079,5,870.46
4699,1874,329,2,3871.79
4700,1874,1993,3,3947.72
4701,1875,129,1,4668.8
4702,1875,1824,3,3280.48
4703,1876,1214,2,410.19
4704,1876,593,2,1356.01
4705,1877,1581,3,2985.72
4706,1878,140,4,3860.57
4707,1878,1646,4,4531.46
4708,1879,1232,2,4038.28
4709,1879,661,1,1784.45
4710,1879,1999,4,2205.49
4711,1880,571,3,1186.24
4712,1880,464,3,3535.03
4713,1880,247,3,3024.59
4714,1881,1636,5,4425.37
4715,1881,345,4,3821.91
4716,1882,19,5,4954.02
4717,1883,1205,5,4795.08
4718,1884,1587,5,2450.05
4719,1884,1238,5,3764.21
4720,1884,653,1,601.62
4721,1884,1639,4,280.07
4722,1885,638,3,2493.09
4723,1885,239,1,2700.94
4724,1886,464,5,3417.88
4725,1886,1660,5,167.07
4726,1887,1860,5,3085.8
4727,1887,871,1,4608.67
4728,1887,1800,2,867.04
4729,1888,1019,4,256.59
4730,1889,268,2,4015.24
4731,1890,798,2,3382.03
4732,1890,1604,3,622.93
4733,1890,983,2,431.86
4734,1890,844,4,2892.27
4735,1891,447,4,1882.07
4736,1891,1343,5,2394.68
4737,1892,196,4,1975.92
4738,1892,660,1,2431.78
4739,1892,1457,4,1223.09
4740,1892,1888,4,3602.81
4741,1893,186,4,4656.26
4742,1893,311,4,4257.7
4743,1893,1844,1,545.23
4744,1894,1697,3,1927.55
4745,1894,1083,5,2330.45
4746,1894,714,1,4198.07
4747,1894,86,1,1479.15
4748,1895,1364,5,1733.38
4749,1896,1942,2,95.99
4750,1896,1747,1,4211.6
4751,1896,1647,2,4578.02
4752,1897,517,5,586.1
4753,1897,716,2,1935.49
4754,1897,1478,5,3702.99
4755,1897,1742,4,1911.55
4756,1898,109,2,4850.53
4757,1898,15,5,1839.9
4758,1898,94,2,3757.92
4759,1899,785,5,3741.23
4760,1899,1878,3,4003.14
4761,1900,1661,4,4552.99
4762,1900,1789,2,2544.6
4763,1901,1555,1,3690.58
4764,1902,755,1,3263.47
4765,1902,1316,1,1416.17
4766,1903,663,2,1192.72
4767,1904,569,3,3518.66
4768,1904,1215,3,627.48
4769,1904,1540,4,3609.45
4770,1904,681,1,2163.86
4771,1905,1253,4,4822.44
4772,1905,1388,1,1427.84
4773,1906,1889,3,4728.93
4774,1907,1137,5,1821.42
4775,1907,1005,5,481.2
4776,1907,198,5,1266.5
4777,1907,210,2,1176.68
4778,1908,173,2,3873.68
4779,1908,1587,5,2450.05
4780,1909,1401,1,3777.73
4781,1909,1721,2,3360.92
4782,1910,1312,5,3510.23
4783,1910,907,2,466.06
4784,1910,63,1,829.75
4785,1910,1046,1,990.14
4786,1911,1487,4,2148.84
4787,1911,506,1,4793.43
4788,1911,1233,2,3785.82
4789,1912,1159,3,3012.68
4790,1912,1929,5,3451.12
4791,1912,876,2,4735.67
4792,1913,1608,5,2480.7
4793,1913,701,5,1984.46
4794,1913,365,5,3968.22
4795,1913,1802,4,3728.81
4796,1914,1291,5,1661.86
4797,1915,1366,4,3554.33
4798,1915,876,1,4248.42
4799,1915,435,3,2114.92
4800,1915,102,5,4320.41
4801,1916,974,4,1017.69
4802,1916,539,4,4274.76
4803,1916,992,3,2569.67
4804,1916,545,1,2788.18
4805,1917,672,3,2422.67
4806,1917,485,1,2848.42
4807,1917,1833,4,3938.2
4808,1918,1686,3,456.49
4809,1919,152,4,2688.72
4810,1919,227,5,3165.38
4811,1919,1793,5,2856.61
4812,1919,223,2,1865.59
4813,1920,1277,1,3223.63
4814,1920,1870,1,2326.9
4815,1920,106,4,833.52
4816,1921,1079,3,870.46
4817,1922,611,2,3903.33
4818,1922,13,2,2014.52
4819,1923,1084,3,2561.27
4820,1923,1410,2,3888.52
4821,1923,1030,3,291.74
4822,1924,1743,2,982.62
4823,1924,187,5,3875.25
4824,1925,540,2,635.0
4825,1925,382,5,2952.32
4826,1926,1261,3,2089.43
4827,1927,870,3,2303.58
4828,1927,1779,5,4333.82
4829,1928,921,5,675.91
4830,1928,416,1,2396.26
4831,1929,795,3,2034.25
4832,1929,281,5,4227.16
4833,1929,1112,2,3083.37
4834,1929,1456,1,3055.37
4835,1930,1410,1,3888.52
4836,1931,1701,3,2862.17
4837,1931,789,1,1432.18
4838,1932,218,1,4703.1
4839,1933,1592,5,1277.58
4840,1933,1808,4,3139.37
4841,1933,1226,2,3502.2
4842,1934,506,4,4793.43
4843,1934,14,4,2641.22
4844,1934,1801,2,4297.61
4845,1934,347,3,4172.85
4846,1935,656,1,3743.6
4847,1935,1301,3,2344.93
4848,1935,1610,5,386.02
4849,1936,713,3,4319.36
4850,1936,762,5,1886.56
4851,1936,1881,4,3178.03
4852,1937,846,5,3819.23
4853,1937,1020,1,3188.65
4854,1938,892,3,3031.09
4855,1938,520,1,3845.1
4856,1938,1181,3,4895.42
4857,1938,180,1,893.25
4858,1939,1645,5,993.17
4859,1939,1339,5,1539.51
4860,1939,1511,4,3079.08
4861,1939,1622,4,1435.95
4862,1940,1602,2,2669.18
4863,1940,970,2,1564.11
4864,1941,728,2,1492.6
4865,1941,1475,2,4831.22
4866,1941,718,5,390.27
4867,1942,233,4,314.31
4868,1942,1531,1,4829.37
4869,1942,1504,4,4467.93
4870,1943,1222,2,38.25
4871,1943,1084,4,2561.27
4872,1944,667,2,4600.9
4873,1944,94,3,3822.3
4874,1944,1711,4,3091.29
4875,1944,1958,5,4221.55
4876,1945,306,1,2457.98
4877,1945,752,1,1856.82
4878,1945,209,3,3655.89
4879,1946,237,3,1615.24
4880,1947,668,1,371.43
4881,1947,241,1,2747.69
4882,1947,295,5,1977.2
4883,1947,1869,4,349.95
4884,1948,465,5,3548.43
4885,1948,317,5,2700.01
4886,1948,67,1,4645.47
4887,1948,218,1,4703.1
4888,1949,1294,1,3397.16
4889,1949,1434,3,1100.01
4890,1949,855,3,3214.76
4891,1950,1090,2,3430.02
4892,1950,896,4,123.66
4893,1951,715,5,1345.17
4894,1951,1276,5,4456.74
4895,1952,353,4,3480.85
4896,1952,837,2,2265.42
4897,1952,321,1,3268.68
4898,1953,809,4,3104.43
4899,1954,1404,4,1744.69
4900,1954,1147,1,3066.56
4901,1955,1128,5,850.44
4902,1955,1990,1,4241.52
4903,1956,1689,5,4055.41
4904,1957,133,2,3953.01
4905,1958,1362,4,3165.2
4906,1958,925,5,4150.42
4907,1958,91,4,1076.79
4908,1958,963,2,577.79
4909,1959,812,3,4622.84
4910,1959,928,5,3423.28
4911,1959,1787,3,3811.84
4912,1959,1387,5,3367.36
4913,1960,642,5,3342.01
4914,1960,473,2,4766.17
4915,1960,1364,3,1963.35
4916,1960,1017,2,4136.88
4917,1961,1816,4,1753.75
4918,1961,1557,4,2010.11
4919,1961,241,4,3425.75
4920,1961,866,1,967.61
4921,1962,514,4,755.11
4922,1962,1179,4,1931.5
4923,1962,1024,4,2013.75
4924,1962,1996,1,1437.31
4925,1963,224,4,869.06
4926,1963,1051,2,1278.15
4927,1963,1466,3,2812.37
4928,1964,939,5,161.24
4929,1965,866,2,1065.77
4930,1966,855,3,3214.76
4931,1966,972,5,4031.84
4932,1966,196,2,1975.92
4933,1966,1325,1,150.07
4934,1967,1540,5,3898.12
4935,1967,13,3,2227.03
4936,1967,324,1,377.72
4937,1967,856,3,4713.32
4938,1968,1609,1,3710.26
4939,1968,1630,4,995.03
4940,1968,436,5,3380.88
4941,1969,270,2,3023.26
4942,1970,491,5,3913.86
4943,1971,7,5,4089.2
4944,1972,1428,4,1023.73
4945,1972,98,4,2836.46
4946,1973,267,2,1827.23
4947,1973,1153,4,1838.8
4948,1973,329,4,4348.31
4949,1974,1572,4,1543.63
4950,1974,1224,3,2625.11
4951,1974,1449,3,1200.25
4952,1974,1028,4,1758.23
4953,1975,578,5,2970.5
4954,1976,1032,5,1677.99
4955,1976,831,2,1447.85
4956,1976,1586,1,3954.89
4957,1976,434,3,2408.5
4958,1977,1116,1,3703.25
4959,1977,578,1,2970.5
4960,1977,47,2,3859.05
4961,1977,1253,5,4822.44
4962,1978,525,1,585.54
4963,1978,1501,3,571.27
4964,1978,812,5,4622.84
4965,1979,1866,1,3049.22
4966,1979,356,4,4465.31
4967,1979,1595,2,1776.86
4968,1979,83,3,1529.55
4969,1980,1053,1,2083.61
4970,1980,1522,5,1931.12
4971,1981,1928,5,664.98
4972,1981,1517,4,1255.49
4973,1981,764,4,2226.69
4974,1982,1950,1,3525.4
4975,1983,788,3,3906.47
4976,1983,344,5,4211.01
4977,1983,699,3,4601.64
4978,1983,1552,2,2043.9
4979,1984,595,1,2571.36
4980,1984,1221,1,237.2
4981,1984,1235,4,1041.67
4982,1985,246,5,1189.51
4983,1985,1077,2,1521.49
4984,1985,604,1,4183.03
4985,1986,593,4,1356.01
4986,1986,1375,5,3905.71
4987,1986,514,2,755.11
4988,1987,1111,5,2376.45
4989,1987,758,5,3980.65
4990,1988,467,5,3451.65
4991,1988,775,2,1756.06
4992,1988,716,5,1935.49
4993,1989,1656,4,1699.76
4994,1989,1438,1,3162.42
4995,1989,1865,3,1486.0
4996,1989,1169,3,469.06
4997,1990,1613,2,2651.93
4998,1991,1469,5,830.75
4999,1991,124,3,1903.14
5000,1992,508,2,4905.99
5001,1992,1942,1,99.02
5002,1992,823,2,4892.28
5003,1992,1357,3,40.33
5004,1993,1701,4,3196.88
5005,1993,1915,3,3122.45
5006,1993,1076,5,4810.42
5007,1993,1003,5,4496.47
5008,1994,1767,3,2213.8
5009,1994,1445,1,1133.09
5010,1994,329,2,4348.31
5011,1995,894,5,421.43
5012,1995,984,3,3382.2
5013,1995,133,3,3953.01
5014,1995,1505,3,3373.59
5015,1996,1803,2,2615.85
5016,1996,236,5,2978.84
5017,1997,1555,2,2981.94
5018,1997,1003,4,4496.47
5019,1997,1977,1,3137.91
5020,1997,258,5,4301.51
5021,1998,1996,3,1437.31
5022,1998,483,5,4941.39
5023,1998,444,2,4232.65
5024,1998,1913,4,2084.58
5025,1999,963,5,577.79
5026,1999,1332,4,2934.88
5027,1999,534,1,124.86
5028,1999,1962,1,1588.31
5029,2000,1807,1,1458.05
5030,2001,1760,5,4916.81
5031,2001,557,5,2347.99
5032,2001,578,3,2970.5
5033,2001,1212,2,4527.15
5034,2002,1151,5,3442.6
5035,2003,153,3,3801.02
5036,2003,356,3,4465.31
5037,2004,1274,3,3944.58
5038,2005,1345,1,3394.63
5039,2005,574,5,1076.88
5040,2005,1773,3,2075.06
5041,2005,1100,4,3708.22
5042,2006,1765,4,573.5
5043,2006,1083,5,1995.19
5044,2006,1895,4,3396.61
5045,2006,1013,1,3056.19
5046,2007,668,1,371.43
5047,2007,665,4,946.77
5048,2007,1391,2,2097.4
5049,2007,365,3,3968.22
5050,2008,1286,3,749.52
5051,2009,1564,3,4395.5
5052,2009,1027,2,1879.49
5053,2009,992,5,3206.36
5054,2009,70,1,1610.79
5055,2010,970,4,1564.11
5056,2010,1885,5,2638.54
5057,2010,1378,1,2628.29
5058,2010,376,5,1550.37
5059,2011,1164,5,2226.51
5060,2012,1299,4,4015.16
5061,2012,1564,4,4395.5
5062,2012,1815,2,3436.44
5063,2013,1944,4,4317.22
5064,2014,845,5,4661.49
5065,2014,1674,4,4014.42
5066,2014,1330,5,4560.63
5067,2014,1495,5,2805.26
5068,2015,1450,3,4048.3
5069,2015,573,4,1933.49
5070,2016,983,1,431.86
5071,2016,17,2,4252.66
5072,2016,1200,1,3109.39
5073,2016,332,4,4111.12
5074,2017,1277,3,3223.63
5075,2017,1093,3,3916.92
5076,2017,1321,2,1145.46
5077,2017,830,1,1028.93
5078,2018,973,1,1490.81
5079,2018,1326,3,821.14
5080,2019,1913,4,2084.58
5081,2020,1495,1,2805.26
5082,2020,1648,3,4000.16
5083,2021,1535,3,2002.12
5084,2021,1271,1,1820.81
5085,2021,1623,2,4061.83
5086,2021,494,2,2644.3
5087,2022,310,4,3134.88
5088,2022,478,5,207.98
5089,2023,1707,4,341.01
5090,2023,229,3,554.15
5091,2023,193,2,4643.63
5092,2023,959,3,1519.27
5093,2024,273,2,2698.03
5094,2024,1333,4,573.04
5095,2025,1284,1,1729.22
5096,2025,460,1,4443.01
5097,2025,461,5,3600.18
5098,2026,1264,5,2891.63
5099,2026,1739,3,4090.09
5100,2026,726,5,1412.38
5101,2027,95,2,1165.46
5102,2028,442,3,1976.35
5103,2028,1300,4,2792.13
5104,2029,1772,3,3278.52
5105,2029,1220,3,505.15
5106,2030,358,5,1233.98
5107,2030,507,4,1671.42
5108,2031,1881,5,3178.03
5109,2032,1249,5,4030.19
5110,2032,89,3,65.93
5111,2032,1200,4,3109.39
5112,2033,1448,4,3950.08
5113,2033,952,2,2232.98
5114,2034,637,4,2924.96
5115,2035,1496,4,2564.23
5116,2035,943,1,3890.6
5117,2036,1553,4,3046.46
5118,2037,1377,1,2370.92
5119,2037,1242,1,1507.11
5120,2037,280,3,1806.84
5121,2038,1988,5,785.21
5122,2038,795,1,2034.25
5123,2038,1861,3,501.6
5124,2039,1749,2,433.44
5125,2039,317,5,2700.01
5126,2040,362,1,2646.06
5127,2040,525,2,585.54
5128,2040,1959,3,2299.44
5129,2041,857,5,1674.64
5130,2041,750,5,2618.93
5131,2041,138,2,2467.22
5132,2042,374,5,885.08
5133,2043,1630,1,1099.71
5134,2043,857,3,1674.64
5135,2044,312,2,1267.23
5136,2045,1063,3,3675.7
5137,2045,1429,3,4518.66
5138,2045,1496,5,2564.23
5139,2046,1165,4,56.96
5140,2046,806,2,108.52
5141,2046,759,3,4030.25
5142,2046,1729,2,1365.82
5143,2047,898,2,3475.34
5144,2047,767,1,2284.41
5145,2047,512,3,2081.26
5146,2047,1834,4,3676.94
5147,2048,962,5,1077.29
5148,2048,820,3,1886.24
5149,2048,1785,3,1364.29
5150,2049,1388,3,1427.84
5151,2050,1583,1,3561.74
5152,2050,1438,4,3162.42
5153,2050,508,3,4905.99
5154,2051,565,2,159.76
5155,2052,1418,2,203.29
5156,2052,1175,4,2120.63
5157,2052,786,1,287.29
5158,2053,178,3,3799.41
5159,2053,1185,3,4048.07
5160,2053,1644,4,3769.14
5161,2054,582,4,4943.34
5162,2055,1392,3,4601.48
5163,2056,468,1,1793.53
5164,2057,758,2,3980.65
5165,2057,720,2,2189.31
5166,2058,1724,3,2356.52
5167,2059,1694,4,2966.74
5168,2060,459,1,2187.37
5169,2061,752,1,1856.82
5170,2062,544,1,4741.07
5171,2063,159,5,1087.1
5172,2064,581,4,4815.32
5173,2064,117,3,2741.14
5174,2064,828,3,3679.48
5175,2064,1105,3,1308.96
5176,2065,397,1,4722.85
5177,2065,1625,5,1977.99
5178,2065,748,1,1402.9
5179,2066,1346,4,928.28
5180,2066,628,5,4349.75
5181,2066,1355,3,4828.7
5182,2066,1926,4,3156.81
5183,2067,1651,1,1559.53
5184,2067,1856,4,1532.93
5185,2068,521,4,2682.3
5186,2068,1170,4,1315.23
5187,2069,1081,5,1664.25
5188,2070,505,2,1675.87
5189,2070,1048,3,3735.55
5190,2070,1523,4,118.31
5191,2070,1448,1,3950.08
5192,2071,413,5,4118.78
5193,2071,1144,2,4456.58
5194,2072,321,5,3268.68
5195,2072,1194,4,385.54
5196,2073,2000,3,849.72
5197,2073,1982,1,3589.97
5198,2074,818,3,1600.69
5199,2074,797,1,4273.94
5200,2074,103,4,3799.66
5201,2075,1198,4,4266.62
5202,2075,1766,5,2112.18
5203,2075,1453,3,1778.93
5204,2075,1205,1,4795.08
5205,2076,31,1,148.82
5206,2076,1060,2,1164.24
5207,2076,342,1,4327.25
5208,2076,1775,4,3513.61
5209,2077,1017,4,4136.88
5210,2077,1206,2,1052.49
5211,2077,47,3,3859.05
5212,2078,1923,1,2993.0
5213,2078,1136,1,1859.45
5214,2078,576,1,3573.45
5215,2078,1969,3,1411.55
5216,2079,757,5,3601.02
5217,2079,1136,2,1859.45
5218,2080,1069,5,4944.78
5219,2080,25,5,3831.09
5220,2081,323,1,3121.78
5221,2081,91,5,1342.66
5222,2082,525,1,585.54
5223,2082,922,3,756.87
5224,2082,1332,3,2934.88
5225,2083,3,2,2657.76
5226,2083,387,2,2453.3
5227,2083,917,1,3523.38
5228,2083,662,5,1537.86
5229,2084,1088,4,1321.01
5230,2085,1287,2,3725.42
5231,2085,303,2,3528.76
5232,2085,1043,4,3990.48
5233,2086,1088,5,1111.48
5234,2086,365,5,3253.96
5235,2086,1587,1,2289.44
5236,2086,1247,2,3146.26
5237,2087,293,1,3047.2
5238,2087,1367,5,308.74
5239,2087,955,5,1814.34
5240,2088,1598,1,2779.45
5241,2088,1369,1,1107.42
5242,2088,634,3,3390.51
5243,2088,1421,3,4859.69
5244,2089,525,5,585.54
5245,2090,497,5,572.94
5246,2090,414,1,85.75
5247,2090,3,4,2419.34
5248,2091,738,4,4205.36
5249,2092,251,5,2374.8
5250,2092,1051,2,1535.78
5251,2092,1522,4,1931.12
5252,2092,1525,2,3157.81
5253,2093,1250,2,740.64
5254,2093,1091,4,2176.74
5255,2094,1912,3,4205.26
5256,2094,635,5,4443.09
5257,2095,791,4,1394.32
5258,2095,219,3,3445.3
5259,2095,1998,2,3353.53
5260,2095,1742,4,1911.55
5261,2096,857,3,1674.64
5262,2096,827,2,4608.32
5263,2096,1883,2,692.17
5264,2096,887,5,4225.09
5265,2097,608,1,2247.3
5266,2097,1575,5,4759.72
5267,2098,1747,3,3872.02
5268,2098,151,2,4997.17
5269,2099,801,1,1243.14
5270,2099,1712,4,3108.47
5271,2099,1516,1,4754.42
5272,2100,1223,2,2330.58
5273,2100,1359,5,3802.52
5274,2100,1472,1,396.71
5275,2101,1469,5,830.75
5276,2101,371,1,1676.91
5277,2102,1805,2,2631.43
5278,2102,663,5,1192.72
5279,2102,146,3,2306.98
5280,2103,786,2,287.29
5281,2103,108,4,2841.42
5282,2103,1920,5,2032.58
5283,2104,1814,3,2755.18
5284,2104,657,1,1698.74
5285,2105,1625,5,2389.16
5286,2105,679,3,2172.15
5287,2105,60,5,521.12
5288,2105,1657,5,3149.48
5289,2106,201,2,102.3
5290,2107,1750,5,4149.38
5291,2108,456,2,204.74
5292,2109,472,2,848.93
5293,2109,48,3,2171.34
5294,2110,951,1,1690.56
5295,2110,92,1,4458.7
5296,2110,475,5,2104.97
5297,2111,72,2,946.6
5298,2111,1436,3,4303.05
5299,2112,1697,5,2034.38
5300,2112,1188,5,4146.97
5301,2112,1778,5,3865.81
5302,2112,1138,2,2305.56
5303,2113,1617,2,1107.75
5304,2113,230,1,1092.51
5305,2114,1435,4,3765.92
5306,2114,172,1,4966.4
5307,2114,1956,1,652.76
5308,2114,1036,2,4112.89
5309,2115,1601,1,1249.57
5310,2116,279,5,2332.77
5311,2117,1250,3,673.07
5312,2117,1567,4,2535.92
5313,2117,1609,3,3710.26
5314,2117,742,3,1149.62
5315,2118,1738,3,1731.51
5316,2118,1000,3,1180.66
5317,2118,1469,3,830.75
5318,2118,1728,2,2701.66
5319,2119,1016,5,4654.08
5320,2119,802,2,1237.78
5321,2119,1684,5,3589.34
5322,2119,1272,1,855.09
5323,2120,1169,4,469.06
5324,2121,641,2,2560.87
5325,2121,1496,5,2564.23
5326,2121,206,2,4141.44
5327,2122,1081,2,1664.25
5328,2122,539,3,4274.76
5329,2122,1587,3,2450.05
5330,2123,1945,2,4845.83
5331,2123,67,3,4645.47
5332,2124,1502,4,1662.88
5333,2124,1048,2,3735.55
5334,2125,1620,3,3927.91
5335,2125,583,2,2344.29
5336,2126,1049,4,4572.88
5337,2126,1729,3,1365.82
5338,2126,656,4,3743.6
5339,2126,644,3,1100.03
5340,2127,1634,5,4323.52
5341,2127,654,4,61.2
5342,2128,1845,1,1385.2
5343,2128,1268,1,1443.0
5344,2128,762,2,2037.05
5345,2129,1595,2,1776.86
5346,2129,1107,1,1686.83
5347,2129,1095,1,2920.08
5348,2130,1601,2,1249.57
5349,2130,1664,2,4192.17
5350,2130,491,3,4756.43
5351,2131,1236,4,3805.29
5352,2131,532,1,2856.54
5353,2132,523,5,3040.6
5354,2133,236,2,3685.93
5355,2133,959,3,1396.81
5356,2134,1425,5,2840.04
5357,2135,1701,2,3196.88
5358,2135,120,1,474.18
5359,2135,29,3,4104.81
5360,2135,860,2,421.6
5361,2136,341,2,4893.89
5362,2136,892,2,3031.09
5363,2136,1253,1,4822.44
5364,2136,1980,5,885.72
5365,2137,1371,1,4005.07
5366,2137,1959,2,2299.44
5367,2137,1185,1,4048.07
5368,2138,1389,4,1904.68
5369,2139,1907,2,362.26
5370,2139,635,2,4443.09
5371,2139,1689,3,4055.41
5372,2140,352,2,499.9
5373,2140,170,4,2609.26
5374,2140,1762,2,950.9
5375,2141,807,3,4677.52
5376,2142,727,4,1141.07
5377,2143,546,5,1741.25
5378,2144,1815,4,3436.44
5379,2144,1864,2,4244.91
5380,2144,1702,5,2855.01
5381,2145,1348,1,202.98
5382,2145,1701,2,2969.63
5383,2145,1055,3,4800.5
5384,2146,1277,3,2785.32
5385,2147,1665,3,1975.67
5386,2147,593,2,1356.01
5387,2147,1283,2,1258.75
5388,2147,1017,4,3584.18
5389,2148,759,3,4030.25
5390,2148,939,3,161.24
5391,2148,328,2,3696.23
5392,2148,1903,1,2934.47
5393,2149,220,5,1321.49
5394,2149,1148,3,168.82
5395,2149,1479,3,772.64
5396,2150,1487,1,2148.84
5397,2150,1699,4,4382.52
5398,2150,1316,2,1416.17
5399,2151,1580,4,4757.61
5400,2151,685,3,409.21
5401,2152,1543,2,1330.8
5402,2152,1834,4,3953.74
5403,2152,1015,4,2805.41
5404,2153,1461,5,3052.71
5405,2153,994,5,3999.58
5406,2153,1547,4,3071.68
5407,2153,532,2,3341.59
5408,2154,987,2,4441.98
5409,2154,1705,2,2543.61
5410,2154,165,3,3592.46
5411,2155,690,3,3071.04
5412,2156,1491,2,2365.44
5413,2156,1872,5,3813.24
5414,2156,353,2,3480.85
5415,2156,1619,4,3983.49
5416,2157,184,2,1322.36
5417,2157,973,2,1490.81
5418,2157,838,1,1605.7
5419,2157,455,4,3822.19
5420,2158,384,5,2813.82
5421,2159,1293,5,1304.75
5422,2159,1073,4,1327.8
5423,2160,65,4,2718.42
5424,2160,1046,3,1159.16
5425,2160,413,5,4118.78
5426,2161,1842,5,1223.39
5427,2162,635,4,4443.09
5428,2162,28,1,4654.11
5429,2162,376,3,1550.37
5430,2162,1519,5,3618.73
5431,2163,1501,2,571.27
5432,2163,1380,4,3721.35
5433,2163,1920,1,2497.61
5434,2163,1966,4,4882.44
5435,2164,611,3,3903.33
5436,2164,1018,2,4664.27
5437,2165,1403,2,3226.0
5438,2165,1480,2,705.06
5439,2165,498,4,478.55
5440,2166,1849,2,218.72
5441,2166,900,1,2685.69
5442,2167,1502,2,1662.88
5443,2168,1752,5,3707.7
5444,2168,768,1,2222.8
5445,2168,137,2,2112.67
5446,2169,291,5,3996.55
5447,2170,344,2,4211.01
5448,2170,251,5,2748.09
5449,2170,1706,5,3582.05
5450,2170,782,5,147.88
5451,2171,1347,1,4310.65
5452,2171,243,4,2564.96
5453,2171,1500,5,4223.34
5454,2172,9,4,916.9
5455,2172,959,5,1519.27
5456,2172,100,3,4670.26
5457,2173,1777,4,2403.72
5458,2174,1976,4,2781.03
5459,2174,418,4,3704.97
5460,2174,131,2,3089.66
5461,2175,660,4,2431.78
5462,2175,540,4,635.0
5463,2176,1402,4,1111.29
5464,2176,1942,2,105.38
5465,2176,743,5,2405.57
5466,2176,504,1,632.6
5467,2177,939,2,147.99
5468,2178,789,5,1432.18
5469,2178,243,1,2564.96
5470,2178,1516,1,4754.42
5471,2179,1337,2,1760.67
5472,2179,1121,5,421.04
5473,2179,137,2,2258.91
5474,2180,883,3,706.09
5475,2180,249,1,3887.05
5476,2181,1268,2,1590.21
5477,2181,471,1,1914.7
5478,2182,1303,1,68.4
5479,2183,1211,2,1630.48
5480,2183,280,5,1957.71
5481,2184,580,1,4091.23
5482,2184,1505,5,4216.31
5483,2185,1144,3,3859.6
5484,2186,359,1,3620.35
5485,2186,410,3,3644.01
5486,2186,91,5,1342.66
5487,2186,668,1,371.43
5488,2187,791,3,1394.32
5489,2187,1961,1,2267.48
5490,2188,378,5,947.96
5491,2189,985,3,228.63
5492,2189,206,3,4141.44
5493,2189,1711,5,3091.29
5494,2189,924,2,407.23
5495,2190,340,1,3028.53
5496,2191,1221,1,237.2
5497,2191,768,5,2222.8
5498,2191,589,3,67.26
5499,2191,380,1,3941.12
5500,2192,1892,1,3756.21
5501,2192,313,5,474.04
5502,2193,1331,2,772.13
5503,2194,702,1,3418.37
5504,2194,1137,1,1821.42
5505,2194,442,1,1976.35
5506,2195,1691,4,49.01
5507,2195,762,3,2037.05
5508,2196,1959,1,2299.44
5509,2196,1038,2,3779.92
5510,2196,1847,5,3422.2
5511,2196,510,1,2677.13
5512,2197,304,2,4475.38
5513,2197,484,4,2046.14
5514,2198,1875,1,889.15
5515,2199,1898,3,894.05
5516,2199,741,2,3043.25
5517,2199,47,2,3859.05
5518,2200,737,2,2378.96
5519,2201,1316,2,1416.17
5520,2201,913,5,15.11
5521,2201,1203,3,4402.27
5522,2202,1261,2,2089.43
5523,2202,1570,2,4336.23
5524,2202,574,1,1076.88
5525,2202,517,4,586.1
5526,2203,100,1,4670.26
5527,2204,1580,5,4757.61
5528,2205,918,5,709.61
5529,2205,1197,5,3064.29
5530,2205,1772,2,4036.96
5531,2206,1718,1,4491.54
5532,2206,179,1,3052.29
5533,2206,1552,4,1789.42
5534,2206,1193,5,2049.44
5535,2207,202,2,3151.14
5536,2208,1101,2,4136.01
5537,2209,1330,1,4560.63
5538,2209,550,4,2260.59
5539,2209,1709,1,1568.58
5540,2210,1436,1,4303.05
5541,2211,1457,4,1128.86
5542,2211,466,4,2193.4
5543,2211,736,4,3374.71
5544,2211,479,2,1454.09
5545,2212,1854,4,4400.58
5546,2212,45,3,3512.85
5547,2213,489,5,938.89
5548,2213,657,3,1698.74
5549,2213,362,4,2646.06
5550,2214,1332,5,2934.88
5551,2215,1626,3,3411.47
5552,2215,1929,1,3451.12
5553,2216,545,5,2788.18
5554,2217,592,2,3577.8
5555,2217,589,2,67.26
5556,2217,1805,5,2631.43
5557,2218,1760,4,4038.49
5558,2218,681,3,2163.86
5559,2218,853,1,3641.79
5560,2218,1290,3,121.76
5561,2219,1883,2,648.34
5562,2219,715,4,1345.17
5563,2219,1599,1,845.13
5564,2220,1259,2,338.22
5565,2220,1493,1,3781.76
5566,2221,533,2,254.84
5567,2222,329,5,3586.73
5568,2222,436,2,3190.32
5569,2222,154,1,696.76
5570,2223,1554,3,4999.52
5571,2224,690,4,3071.04
5572,2224,1218,3,1559.38
5573,2225,46,5,1485.51
5574,2226,1736,4,3550.81
5575,2226,648,5,469.49
5576,2226,906,4,1703.31
5577,2226,1586,5,3396.86
5578,2227,1068,4,1499.27
5579,2227,581,1,4815.32
5580,2227,1078,4,2956.88
5581,2228,962,5,1077.29
5582,2229,548,5,790.99
5583,2229,413,4,4118.78
5584,2230,1636,1,4425.37
5585,2230,248,5,2859.5
5586,2231,1302,2,293.22
5587,2232,1096,1,2154.04
5588,2232,683,1,381.49
5589,2233,691,1,1477.39
5590,2234,1331,4,772.13
5591,2234,549,4,430.86
5592,2235,537,4,4518.79
5593,2235,457,3,580.66
5594,2236,1,4,19.64
5595,2237,1430,4,1567.53
5596,2238,428,5,4532.08
5597,2238,1012,1,1232.66
5598,2238,358,3,1062.19
5599,2238,1731,5,1237.5
5600,2239,1279,3,2423.46
5601,2239,749,5,3005.85
5602,2240,1732,3,1961.98
5603,2240,1297,3,1916.18
5604,2240,1184,1,2884.13
5605,2241,257,4,454.34
5606,2241,1270,3,4109.19
5607,2242,192,5,4008.87
5608,2242,1495,2,2805.26
5609,2242,4,2,1939.89
5610,2242,1045,2,865.54
5611,2243,656,1,3743.6
5612,2243,684,5,3130.93
5613,2244,1423,2,1547.58
5614,2245,1107,3,1686.83
5615,2246,738,2,4721.08
5616,2247,1671,5,2117.85
5617,2247,810,5,2694.6
5618,2247,297,5,1853.29
5619,2247,1889,1,4728.93
5620,2248,794,4,2704.79
5621,2248,1296,1,292.88
5622,2248,953,2,3227.55
5623,2248,1237,1,3949.17
5624,2249,104,4,1570.81
5625,2250,486,3,499.57
5626,2251,319,3,684.29
5627,2252,1304,2,2267.28
5628,2252,724,2,3238.66
5629,2252,1526,4,2734.98
5630,2252,133,5,3953.01
5631,2253,1896,5,2418.5
5632,2253,1534,2,1420.89
5633,2254,1172,2,4094.28
5634,2254,373,2,3998.58
5635,2254,357,4,1811.46
5636,2255,1316,5,1416.17
5637,2256,1013,1,3056.19
5638,2257,1303,1,68.4
5639,2258,1622,2,1435.95
5640,2258,1510,1,1417.49
5641,2259,319,5,684.29
5642,2259,1325,4,126.95
5643,2259,856,4,4713.32
5644,2260,1567,5,2535.92
5645,2260,342,3,4327.25
5646,2261,1505,3,4216.31
5647,2261,436,1,3340.44
5648,2261,477,2,4760.62
5649,2261,407,2,2291.87
5650,2262,567,3,4674.9
5651,2262,1007,3,1868.9
5652,2262,18,1,4309.27
5653,2262,313,4,474.04
5654,2263,794,2,2434.11
5655,2263,818,1,1691.29
5656,2263,1595,2,1440.85
5657,2263,1715,2,3099.54
5658,2264,711,2,2473.28
5659,2265,160,2,4272.53
5660,2265,725,5,1883.71
5661,2265,699,2,4601.64
5662,2265,17,1,4936.1
5663,2266,555,1,3534.3
5664,2267,1638,5,1905.98
5665,2267,466,5,2193.4
5666,2267,1348,1,219.33
5667,2267,501,5,3768.53
5668,2268,841,4,2484.52
5669,2268,451,4,3151.54
5670,2268,494,5,2644.3
5671,2268,1280,2,2712.92
5672,2269,63,5,908.21
5673,2270,1222,1,39.22
5674,2270,1251,5,898.05
5675,2270,796,2,4016.74
5676,2270,46,3,1232.82
5677,2271,962,3,894.06
5678,2271,1635,1,4510.74
5679,2272,1335,5,1474.54
5680,2272,846,4,3819.23
5681,2273,1224,4,2625.11
5682,2273,1298,4,1317.79
5683,2273,1314,2,2783.43
5684,2273,1803,1,2615.85
5685,2274,1105,3,1105.34
5686,2275,357,5,1811.46
5687,2275,1023,4,3992.43
5688,2275,647,1,1041.85
5689,2276,1734,1,2831.8
5690,2276,1598,1,2779.45
5691,2276,228,1,3049.62
5692,2277,692,1,4629.69
5693,2277,1107,1,1686.83
5694,2277,1488,2,1662.93
5695,2278,1405,3,894.37
5696,2278,994,4,3999.58
5697,2278,932,4,2826.61
5698,2279,205,3,4043.35
5699,2279,493,5,488.29
5700,2279,215,4,1855.51
5701,2279,195,2,1260.96
5702,2280,1689,3,4055.41
5703,2280,1813,2,1347.23
5704,2280,1583,5,3561.74
5705,2280,1192,4,4478.16
5706,2281,1853,4,4314.01
5707,2281,486,1,499.57
5708,2282,1998,5,2736.93
5709,2282,1387,5,3367.36
5710,2282,1990,1,3936.07
5711,2283,994,4,3999.58
5712,2283,1583,2,3561.74
5713,2284,235,2,217.55
5714,2285,1317,1,4464.53
5715,2286,726,1,1412.38
5716,2286,558,5,132.2
5717,2286,808,3,2854.34
5718,2287,992,2,3206.36
5719,2287,1283,2,1258.75
5720,2288,1992,3,531.48
5721,2288,1329,3,1706.26
5722,2288,1492,5,1582.22
5723,2289,71,4,4701.99
5724,2289,166,2,1892.14
5725,2289,571,1,1186.24
5726,2290,773,2,1551.94
5727,2290,1237,1,3489.33
5728,2291,990,1,3181.18
5729,2292,1084,5,2561.27
5730,2292,307,2,288.88
5731,2292,83,2,1742.41
5732,2292,289,3,2450.56
5733,2293,1655,2,2999.53
5734,2293,345,2,4002.8
5735,2293,705,1,4232.36
5736,2294,815,2,2374.91
5737,2295,1191,4,2506.31
5738,2296,1801,1,4297.61
5739,2296,1218,3,1559.38
5740,2296,848,2,2754.39
5741,2296,1179,3,1931.5
5742,2297,1160,2,1408.95
5743,2298,1646,2,4531.46
5744,2298,1334,1,3114.64
5745,2298,1500,3,4223.34
5746,2299,1790,4,4132.48
5747,2299,141,5,1474.45
5748,2299,1113,1,1117.82
5749,2300,612,2,3147.96
5750,2300,1330,5,3814.75
5751,2300,1130,3,2100.36
5752,2301,1700,5,54.4
5753,2301,507,5,1671.42
5754,2301,599,4,4935.59
5755,2302,1502,2,1662.88
5756,2303,480,5,2773.31
5757,2303,104,2,1673.81
5758,2303,1235,5,871.46
5759,2304,273,5,2698.03
5760,2304,1792,1,4989.28
5761,2304,857,3,1674.64
5762,2304,624,2,489.11
5763,2305,976,3,1759.79
5764,2305,616,4,4320.21
5765,2305,1186,3,4015.15
5766,2306,251,1,2748.09
5767,2306,1756,1,2179.25
5768,2307,745,5,2780.97
5769,2307,250,5,449.92
5770,2307,1985,5,4565.54
5771,2308,1118,1,3713.21
5772,2308,1199,1,2032.76
5773,2308,230,1,1092.51
5774,2309,1511,1,3701.57
5775,2309,860,2,421.6
5776,2309,840,1,1078.55
5777,2309,1390,2,2132.37
5778,2310,1897,4,2534.34
5779,2311,1300,3,2792.13
5780,2312,401,3,1294.78
5781,2313,516,2,3302.52
5782,2313,206,4,4141.44
5783,2313,434,1,2688.44
5784,2314,1338,1,1988.92
5785,2314,274,4,88.25
5786,2314,581,2,4815.32
5787,2314,1586,3,3954.89
5788,2315,58,5,4880.59
5789,2315,1545,4,2804.73
5790,2316,1168,3,3342.38
5791,2316,383,5,1839.51
5792,2316,1718,1,4491.54
5793,2316,1368,3,2948.1
5794,2317,1779,4,4333.82
5795,2318,1180,2,3403.33
5796,2318,999,2,2945.34
5797,2318,321,2,3268.68
5798,2319,1808,3,3905.23
5799,2319,267,1,1827.23
5800,2319,167,3,2818.25
5801,2320,1190,2,2212.05
5802,2320,1876,3,915.48
5803,2321,685,4,434.0
5804,2321,150,1,4729.13
5805,2321,788,4,3421.5
5806,2321,244,5,3608.53
5807,2322,1880,2,1959.52
5808,2322,132,4,1956.5
5809,2323,1726,3,635.25
5810,2324,837,3,2265.42
5811,2325,283,3,3371.58
5812,2326,1067,4,2773.27
5813,2327,204,3,4051.48
5814,2328,450,4,377.01
5815,2328,650,3,2104.28
5816,2328,517,3,556.67
5817,2328,297,1,1853.29
5818,2329,52,4,3820.4
5819,2330,1587,5,2273.07
5820,2330,97,1,632.55
5821,2330,747,2,638.84
5822,2330,1120,4,2990.99
5823,2331,1689,4,4055.41
5824,2331,1492,1,1582.22
5825,2331,631,3,2908.12
5826,2332,1467,1,2735.67
5827,2332,1633,1,4642.34
5828,2332,918,4,612.84
5829,2333,103,3,4739.24
5830,2334,61,2,3122.29
5831,2335,452,5,3867.18
5832,2336,976,5,1872.2
5833,2336,1793,2,2471.24
5834,2337,286,4,4186.3
5835,2338,894,3,421.43
5836,2338,577,1,1148.53
5837,2339,1512,3,3381.05
5838,2339,1001,1,2482.85
5839,2339,895,4,4280.38
5840,2340,1336,5,3168.5
5841,2340,766,1,3588.86
5842,2341,1329,1,1706.26
5843,2342,49,3,3024.27
5844,2343,29,2,4104.81
5845,2343,1725,2,4530.18
5846,2344,1000,5,1003.61
5847,2344,1888,2,3602.81
5848,2345,231,5,4228.4
5849,2346,1049,2,4572.88
5850,2347,422,2,3551.95
5851,2348,374,4,981.38
5852,2349,212,2,803.2
5853,2349,1373,2,3734.91
5854,2350,1362,5,2878.4
5855,2351,17,4,4936.1
5856,2351,1632,5,1561.55
5857,2351,611,2,3903.33
5858,2352,1548,3,1570.25
5859,2353,15,2,1839.9
5860,2353,879,4,449.66
5861,2354,1560,2,1249.04
5862,2354,1053,1,2376.88
5863,2355,1254,5,4319.49
5864,2355,904,3,4894.55
5865,2355,76,5,688.1
5866,2356,1203,4,4402.27
5867,2356,1066,5,3972.75
5868,2357,1611,5,3365.34
5869,2357,1959,3,1875.0
5870,2357,630,4,2446.22
5871,2358,1324,4,1491.93
5872,2358,713,4,4319.36
5873,2359,1693,2,1705.8
5874,2359,624,4,563.65
5875,2359,1211,1,1630.48
5876,2359,589,5,67.26
5877,2360,311,1,4257.7
5878,2361,171,3,2190.87
5879,2361,753,4,2931.64
5880,2361,1845,3,1385.2
5881,2362,1512,3,2886.23
5882,2362,855,5,3214.76
5883,2362,1725,4,4530.18
5884,2363,1765,2,573.5
5885,2363,1335,1,1474.54
5886,2363,905,2,1278.01
5887,2364,1206,2,901.6
5888,2365,475,4,2104.97
5889,2365,23,5,4610.39
5890,2365,1628,3,4748.71
5891,2365,871,5,4608.67
5892,2366,855,1,3214.76
5893,2366,1407,5,3721.74
5894,2366,406,2,1153.0
5895,2366,1007,4,1868.9
5896,2367,772,5,3875.53
5897,2368,1260,5,2725.26
5898,2369,1155,2,2298.98
5899,2369,1664,2,3859.93
5900,2369,1820,5,1295.41
5901,2369,901,2,4432.43
5902,2370,113,4,1021.83
5903,2371,423,1,1441.03
5904,2371,1004,1,4068.39
5905,2371,1447,2,4186.93
5906,2372,1253,5,4822.44
5907,2372,1299,5,4280.63
5908,2372,1293,4,1304.75
5909,2373,1042,3,2623.08
5910,2373,1741,2,1194.94
5911,2373,694,1,3986.83
5912,2374,1920,3,2497.61
5913,2374,1059,2,4118.26
5914,2375,1245,3,69.98
5915,2376,169,4,1778.82
5916,2377,614,4,1652.79
5917,2377,1509,1,1128.89
5918,2377,1243,5,3945.21
5919,2378,1321,4,1074.07
5920,2378,1857,1,4958.76
5921,2379,1616,1,3567.75
5922,2380,384,1,2813.82
5923,2380,61,1,3122.29
5924,2380,501,4,3768.53
5925,2380,58,3,4880.59
5926,2381,425,4,3713.27
5927,2381,1747,5,4211.6
5928,2382,1368,4,2948.1
5929,2382,121,5,926.94
5930,2382,209,5,3276.18
5931,2383,1021,4,3684.3
5932,2383,796,4,4016.74
5933,2384,567,3,4674.9
5934,2384,1730,2,1495.47
5935,2385,1354,1,2081.24
5936,2385,546,5,1741.25
5937,2385,29,1,4104.81
5938,2385,584,4,1765.65
5939,2386,1568,5,1764.46
5940,2386,1700,4,54.4
5941,2386,1832,1,1596.17
5942,2387,1311,5,4424.0
5943,2388,209,5,3655.89
5944,2388,664,2,1180.71
5945,2388,146,4,2306.98
5946,2389,994,1,3316.07
5947,2389,1891,3,3352.26
5948,2389,1328,1,1407.11
5949,2389,187,3,4188.97
5950,2390,439,2,4256.54
5951,2390,1422,5,1430.68
5952,2391,970,5,1564.11
5953,2391,1938,2,2485.46
5954,2392,620,4,2983.14
5955,2392,1327,1,975.37
5956,2392,228,4,3049.62
5957,2392,1343,4,2668.19
5958,2393,459,1,2672.36
5959,2393,658,3,1245.37
5960,2393,1705,5,2543.61
5961,2394,80,4,3663.41
5962,2394,795,1,1851.6
5963,2395,829,5,2028.46
5964,2395,1072,2,4913.65
5965,2395,358,1,1233.98
5966,2395,1588,3,344.25
5967,2396,548,3,790.99
5968,2397,346,3,1901.86
5969,2397,1207,4,3211.83
5970,2397,1917,1,3047.65
5971,2398,1770,2,3631.56
5972,2398,1134,1,1592.31
5973,2399,556,4,1172.08
5974,2399,815,3,2374.91
5975,2400,1750,4,4149.38
5976,2400,422,2,2946.9
5977,2400,1757,1,4010.7
5978,2401,591,2,3510.59
5979,2401,290,1,2858.24
5980,2401,1782,5,4678.02
5981,2401,1521,1,4472.71
5982,2402,513,1,4755.26
5983,2402,966,2,326.43
5984,2402,947,1,3238.48
5985,2403,348,4,4740.53
5986,2403,638,1,2189.35
5987,2403,882,4,1989.32
5988,2403,1382,5,380.75
5989,2404,515,2,4246.45
5990,2405,1988,5,734.44
5991,2405,1863,3,4385.05
5992,2405,1234,1,552.76
5993,2405,1874,2,2038.67
5994,2406,730,3,1887.22
5995,2407,1515,4,3802.4
5996,2407,586,5,3086.72
5997,2407,1961,1,1977.21
5998,2407,1862,3,3083.03
5999,2408,1486,1,2349.15
6000,2409,615,3,3661.21
6001,2410,877,2,4109.42
6002,2410,1627,1,4970.08
6003,2410,989,1,3062.22
6004,2410,1632,5,1624.75
6005,2411,871,5,4608.67
6006,2411,401,3,1087.7
6007,2411,920,5,1699.61
6008,2412,1786,3,1807.07
6009,2412,157,4,4489.54
6010,2413,1064,2,891.81
6011,2413,1063,1,3675.7
6012,2414,798,3,4170.48
6013,2414,1913,5,2084.58
6014,2414,538,2,2135.71
6015,2414,1626,3,3411.47
6016,2415,1489,5,1547.24
6017,2416,953,3,3227.55
6018,2416,1112,2,3334.7
6019,2416,722,1,3066.52
6020,2416,53,3,4782.7
6021,2417,372,1,1767.22
6022,2418,565,4,159.76
6023,2419,110,1,2349.49
6024,2419,173,2,3236.64
6025,2419,1299,1,4280.63
6026,2420,153,1,3801.02
6027,2420,1539,4,87.6
6028,2421,904,4,4894.55
6029,2421,1774,5,827.58
6030,2422,765,1,1424.04
6031,2422,1001,5,2286.49
6032,2422,1284,5,1729.22
6033,2423,799,5,4047.46
6034,2424,1761,3,4165.49
6035,2424,386,1,4313.05
6036,2424,174,4,402.4
6037,2425,1596,5,3772.62
6038,2426,11,2,3907.36
6039,2426,600,4,1557.53
6040,2426,1313,2,4023.94
6041,2427,847,4,2171.89
6042,2428,1287,4,3932.11
6043,2428,557,1,2749.62
6044,2429,1533,1,2308.28
6045,2429,975,2,2088.67
6046,2429,522,3,3199.65
6047,2429,1164,2,2067.21
6048,2430,1390,4,1720.48
6049,2430,1767,1,1913.05
6050,2430,307,2,315.91
6051,2431,822,4,2979.71
6052,2431,510,4,2340.3
6053,2431,265,2,366.85
6054,2431,1113,4,1117.82
6055,2432,1731,3,1237.5
6056,2432,1239,1,3172.16
6057,2432,774,2,450.99
6058,2433,753,5,2347.35
6059,2433,813,5,952.88
6060,2433,1899,2,4748.11
6061,2433,1425,2,2840.04
6062,2434,779,4,72.38
6063,2434,1402,4,1111.29
6064,2435,1116,2,4568.6
6065,2435,842,4,68.18
6066,2436,931,3,4468.44
6067,2436,1670,2,3775.41
6068,2437,125,2,1485.79
6069,2437,1275,5,1634.7
6070,2437,1152,3,2019.34
6071,2438,159,5,1222.68
6072,2438,1105,3,1175.95
6073,2438,2,3,1443.35
6074,2439,1410,1,3642.19
6075,2439,415,3,273.97
6076,2439,187,4,4624.37
6077,2440,610,5,2298.27
6078,2440,991,2,4617.12
6079,2440,1959,4,2299.44
6080,2440,770,2,1755.13
6081,2441,1266,1,501.14
6082,2442,884,3,2740.58
6083,2442,1140,1,143.75
6084,2443,1815,1,3436.44
6085,2443,272,1,2854.86
6086,2444,824,4,2349.66
6087,2444,1873,1,2032.74
6088,2444,1380,5,3189.12
6089,2445,878,2,4836.66
6090,2445,763,3,3663.37
6091,2445,66,2,461.64
6092,2445,1493,3,3781.76
6093,2446,552,2,3735.2
6094,2446,208,5,1246.29
6095,2447,1079,4,870.46
6096,2447,490,2,1644.97
6097,2448,1907,2,402.06
6098,2448,1108,2,2593.33
6099,2448,234,1,938.67
6100,2449,1181,3,4895.42
6101,2449,720,2,2189.31
6102,2450,1833,1,3938.2
6103,2450,759,5,4030.25
6104,2451,1352,1,409.65
6105,2451,755,2,3263.47
6106,2451,875,5,593.63
6107,2452,1790,4,4394.84
6108,2453,221,1,1054.07
6109,2453,808,1,2854.34
6110,2454,508,3,4905.99
6111,2454,1942,2,119.81
6112,2455,870,5,2586.71
6113,2455,630,5,2446.22
6114,2455,289,5,2450.56
6115,2455,597,4,513.89
6116,2456,1001,3,2482.85
6117,2456,256,1,1257.69
6118,2456,1610,2,386.02
6119,2456,1328,4,1629.06
6120,2457,1987,5,1206.99
6121,2458,1698,3,2230.14
6122,2459,74,5,3695.82
6123,2459,1540,5,3898.12
6124,2459,1255,2,3780.37
6125,2460,646,3,756.87
6126,2460,1760,3,4916.81
6127,2460,790,3,3156.91
6128,2460,1360,1,2996.1
6129,2461,1083,2,2091.15
6130,2461,1356,3,3048.24
6131,2461,717,4,1550.32
6132,2461,141,1,1380.46
6133,2462,505,1,1675.87
6134,2463,156,5,114.68
6135,2463,552,5,3735.2
6136,2463,1686,1,456.49
6137,2464,1550,5,3369.31
6138,2464,1373,3,3734.91
6139,2464,1240,4,4001.24
6140,2464,1163,3,1790.9
6141,2465,1466,1,2812.37
6142,2465,578,3,2970.5
6143,2466,1940,4,4375.64
6144,2467,167,3,2346.91
6145,2467,65,4,2718.42
6146,2467,1966,1,4882.44
6147,2467,82,1,3796.79
6148,2468,1371,1,4005.07
6149,2469,1008,5,3281.27
6150,2469,170,2,2609.26
6151,2469,1603,1,774.75
6152,2470,1720,4,1338.58
6153,2471,1530,5,1438.4
6154,2471,1442,3,2295.41
6155,2471,1185,5,4048.07
6156,2472,1620,1,3927.91
6157,2472,505,4,1675.87
6158,2473,574,5,936.3
6159,2473,1853,4,4612.68
6160,2474,1691,2,42.18
6161,2474,310,5,3134.88
6162,2474,1649,2,3713.09
6163,2475,85,4,1381.91
6164,2476,1910,3,4302.81
6165,2476,1399,2,2257.63
6166,2477,1691,4,49.01
6167,2477,564,1,4607.16
6168,2478,1961,4,2267.48
6169,2478,1915,2,3122.45
6170,2478,584,2,1416.75
6171,2478,1634,2,4323.52
6172,2479,1039,5,1550.6
6173,2480,1353,4,2284.8
6174,2480,1270,4,4109.19
6175,2481,107,2,3353.52
6176,2481,494,4,2644.3
6177,2481,965,4,1691.03
6178,2482,1073,2,1327.8
6179,2482,417,3,622.91
6180,2482,1327,5,975.37
6181,2483,229,5,554.15
6182,2483,1436,3,3787.35
6183,2484,531,1,1161.66
6184,2484,231,5,3461.12
6185,2484,532,3,2837.11
6186,2484,48,2,2486.54
6187,2485,836,3,3184.86
6188,2485,1507,1,526.19
6189,2485,772,3,3875.53
6190,2486,735,4,1776.43
6191,2487,1747,4,4211.6
6192,2487,1934,5,685.85
6193,2488,113,3,1021.83
6194,2489,1380,2,3156.26
6195,2489,576,1,3573.45
6196,2489,420,2,1799.73
6197,2489,1614,2,4628.97
6198,2490,501,2,3768.53
6199,2490,810,1,2694.6
6200,2491,764,5,1999.08
6201,2491,1549,1,3294.51
6202,2491,566,4,3671.74
6203,2491,548,1,672.78
6204,2492,1634,1,4323.52
6205,2492,110,3,2349.49
6206,2492,1606,3,2436.74
6207,2492,1419,4,2348.86
6208,2493,790,5,2936.99
6209,2493,1503,1,4240.38
6210,2493,1477,1,2470.35
6211,2493,1723,3,4323.91
6212,2494,976,4,1590.69
6213,2494,1979,1,1181.46
6214,2495,1604,1,622.93
6215,2496,733,2,1237.21
6216,2496,1566,2,3082.29
6217,2496,782,5,147.88
6218,2496,190,5,845.16
6219,2497,249,2,3887.05
6220,2497,591,4,3510.59
6221,2497,290,4,2858.24
6222,2497,293,3,3047.2
6223,2498,664,4,1180.71
6224,2498,1811,5,355.4
6225,2499,1540,2,3898.12
6226,2499,602,3,4730.97
6227,2499,258,5,4301.51
6228,2500,1567,4,2535.92
6229,2500,478,3,207.98
6230,2500,1455,4,3979.1
6231,2500,102,2,4320.41
6232,2501,998,2,4107.24
6233,2501,944,2,296.83
6234,2501,106,4,833.52
6235,2501,228,2,3049.62
6236,2502,671,1,4268.05
6237,2502,1220,5,558.75
6238,2502,1008,4,3281.27
6239,2503,915,3,3630.08
6240,2503,1361,1,4344.01
6241,2504,1753,4,499.62
6242,2504,1478,3,3702.99
6243,2504,715,5,1345.17
6244,2504,669,1,3129.58
6245,2505,1554,5,4999.52
6246,2506,1527,3,1472.39
6247,2506,539,5,4274.76
6248,2506,6,2,518.13
6249,2507,863,3,2025.64
6250,2507,1737,1,3354.21
6251,2507,1785,4,1442.72
6252,2507,160,5,4009.44
6253,2508,463,4,2370.45
6254,2508,1425,2,2840.04
6255,2508,1598,1,2779.45
6256,2509,21,3,3692.52
6257,2510,1445,1,1133.09
6258,2511,1715,4,3099.54
6259,2511,423,5,1253.55
6260,2511,525,2,585.54
6261,2511,1243,4,3945.21
6262,2512,465,1,3548.43
6263,2512,1850,1,3786.95
6264,2512,313,3,474.04
6265,2513,13,5,2227.03
6266,2513,1418,1,171.6
6267,2514,1112,2,3074.14
6268,2514,135,2,4248.92
6269,2514,757,5,4043.81
6270,2514,1865,3,1486.0
6271,2515,381,1,3570.42
6272,2515,1023,4,3992.43
6273,2515,620,1,2983.14
6274,2515,93,4,683.08
6275,2516,540,4,635.0
6276,2516,787,3,3735.76
6277,2517,1782,5,4678.02
6278,2517,1998,1,3353.53
6279,2518,1079,2,870.46
6280,2518,1847,5,3422.2
6281,2519,666,1,1158.59
6282,2519,446,4,1003.7
6283,2519,309,4,494.89
6284,2520,158,2,3068.08
6285,2521,852,5,51.74
6286,2521,1599,4,845.13
6287,2521,1189,1,1492.95
6288,2522,1292,1,3802.77
6289,2523,906,2,1703.31
6290,2523,1046,1,1062.41
6291,2524,730,4,1583.73
6292,2524,1937,3,2540.27
6293,2524,1900,1,141.22
6294,2525,1040,3,852.31
6295,2525,1251,4,898.05
6296,2526,1839,5,3374.58
6297,2526,1521,1,4472.71
6298,2526,1250,2,740.64
6299,2526,176,3,4490.57
6300,2527,1883,1,692.17
6301,2527,773,4,1551.94
6302,2527,1191,3,2506.31
6303,2528,1219,4,2455.23
6304,2529,1946,5,1059.73
6305,2529,1739,5,4090.09
6306,2529,1391,1,1950.36
6307,2529,537,5,4518.79
6308,2530,1754,4,1040.98
6309,2530,636,5,3562.89
6310,2531,1724,1,2941.61
6311,2532,1097,2,486.06
6312,2532,77,1,2924.08
6313,2532,1713,5,3233.67
6314,2533,812,5,4622.84
6315,2534,1305,5,1111.43
6316,2534,1759,2,290.64
6317,2535,1723,5,4323.91
6318,2535,1899,3,4748.11
6319,2535,1004,5,4068.39
6320,2535,43,1,1212.23
6321,2536,240,5,431.39
6322,2536,1234,4,552.76
6323,2536,1854,3,3994.55
6324,2536,1454,5,869.09
6325,2537,14,5,2641.22
6326,2537,1910,4,4302.81
6327,2537,1108,3,2593.33
6328,2538,1359,2,3802.52
6329,2538,1874,2,2038.67
6330,2539,588,4,1674.97
6331,2539,532,3,3341.59
6332,2539,1817,2,2657.34
6333,2540,695,2,658.06
6334,2540,1981,4,3974.13
6335,2540,833,4,832.46
6336,2540,276,1,1435.35
6337,2541,1399,1,2617.78
6338,2541,1515,3,3802.4
6339,2542,1199,4,2527.07
6340,2542,1135,4,2404.81
6341,2542,1435,2,3765.92
6342,2543,1824,5,3280.48
6343,2543,586,5,3086.72
6344,2543,409,5,284.25
6345,2543,1858,1,3791.99
6346,2544,573,2,1933.49
6347,2544,1188,1,4483.02
6348,2544,1662,5,3160.26
6349,2544,634,5,3081.3
6350,2545,1728,5,2701.66
6351,2546,993,5,29.01
6352,2546,287,2,3303.19
6353,2547,961,1,4383.36
6354,2548,28,2,4654.11
6355,2548,1580,5,4757.61
6356,2548,116,4,1118.26
6357,2548,1205,1,4795.08
6358,2549,987,1,4441.98
6359,2549,1136,4,1859.45
6360,2550,505,5,1675.87
6361,2550,1896,2,2217.97
6362,2551,2000,5,849.72
6363,2551,1195,5,69.7
6364,2551,107,2,3963.87
6365,2551,501,2,3768.53
6366,2552,1631,4,4490.57
6367,2553,1872,3,3813.24
6368,2554,1173,4,3799.31
6369,2554,402,5,4892.72
6370,2555,1381,5,1933.35
6371,2555,1400,5,1999.62
6372,2555,1139,2,2358.86
6373,2556,1005,1,481.2
6374,2556,1579,2,1134.86
6375,2556,902,3,2296.46
6376,2557,1147,5,3066.56
6377,2558,1621,2,459.84
6378,2558,905,2,1278.01
6379,2558,745,4,2461.6
6380,2559,1406,4,449.18
6381,2559,1696,5,979.19
6382,2559,1783,3,2181.97
6383,2560,1918,5,4282.99
6384,2561,986,1,4768.2
6385,2561,1614,5,4628.97
6386,2562,1109,5,482.64
6387,2562,121,4,926.94
6388,2562,1014,1,2413.88
6389,2562,1479,2,772.64
6390,2563,373,3,4531.36
6391,2563,1866,5,2779.92
6392,2563,1160,1,1408.95
6393,2564,1367,2,278.26
6394,2564,1808,5,3131.33
6395,2564,1052,2,2566.48
6396,2564,1996,1,1437.31
6397,2565,179,4,3052.29
6398,2565,1715,4,3099.54
6399,2565,832,5,1791.53
6400,2565,359,1,4464.57
6401,2566,127,4,4711.87
6402,2566,1174,5,1402.77
6403,2566,609,2,1519.93
6404,2566,1221,4,237.2
6405,2567,344,3,3832.28
6406,2567,429,4,3931.71
6407,2567,1156,5,2717.56
6408,2568,1654,4,1610.37
6409,2568,416,1,2396.26
6410,2568,1597,5,4997.07
6411,2568,1398,5,1360.3
6412,2569,10,3,3381.16
6413,2570,1472,5,396.71
6414,2570,1874,4,2038.67
6415,2571,1066,3,4382.58
6416,2571,1190,2,2212.05
6417,2571,1886,1,2439.86
6418,2571,754,1,1620.48
6419,2572,775,4,1555.86
6420,2572,1580,4,4757.61
6421,2572,1053,5,2376.88
6422,2572,1211,3,1630.48
6423,2573,635,1,3629.99
6424,2573,1020,5,2998.08
6425,2573,1196,3,571.04
6426,2574,1349,4,491.69
6427,2574,716,4,1935.49
6428,2575,1968,1,167.07
6429,2575,911,1,3202.05
6430,2575,1839,4,3768.65
6431,2576,1122,2,246.03
6432,2577,64,1,2594.71
6433,2577,739,4,1046.03
6434,2577,1723,3,4019.04
6435,2578,1054,1,897.28
6436,2578,309,4,494.89
6437,2578,1818,3,673.53
6438,2579,910,3,1668.52
6439,2580,257,3,454.34
6440,2580,44,5,3787.46
6441,2581,1633,3,4173.03
6442,2581,1830,5,1320.05
6443,2581,1869,3,349.95
6444,2581,520,5,3845.1
6445,2582,1239,3,3172.16
6446,2582,1737,3,3354.21
6447,2583,724,2,3238.66
6448,2583,1101,4,4136.01
6449,2583,493,2,488.29
6450,2583,499,3,3719.03
6451,2584,1515,4,3802.4
6452,2584,672,1,2422.67
6453,2584,1270,3,3592.7
6454,2585,1851,3,1194.66
6455,2586,65,2,2718.42
6456,2586,1441,1,692.42
6457,2586,576,1,3011.14
6458,2587,703,4,2916.95
6459,2587,858,3,4288.06
6460,2587,1272,2,855.09
6461,2588,1805,2,2631.43
6462,2588,1007,5,1548.88
6463,2589,1519,2,4276.0
6464,2589,1031,4,2057.32
6465,2590,1761,3,4165.49
6466,2590,1163,4,1790.9
6467,2590,1120,4,3248.65
6468,2591,1308,1,3851.02
6469,2592,403,1,480.08
6470,2592,234,3,938.67
6471,2592,1781,5,2340.2
6472,2592,1435,2,3765.92
6473,2593,1007,2,1868.9
6474,2593,1114,3,2123.92
6475,2593,1652,1,342.56
6476,2593,303,3,3528.76
6477,2594,911,5,3202.05
6478,2595,564,3,4607.16
6479,2595,780,4,4982.09
6480,2596,574,2,1076.88
6481,2596,292,4,941.43
6482,2596,1604,3,622.93
6483,2597,1860,5,3371.81
6484,2597,112,2,373.87
6485,2598,496,5,2061.71
6486,2598,1792,1,4989.28
6487,2598,1403,5,3226.0
6488,2598,1217,4,778.06
6489,2599,1345,1,3133.39
6490,2599,789,5,1432.18
6491,2600,107,2,3963.87
6492,2600,1580,3,4757.61
6493,2601,575,4,332.75
6494,2601,869,2,1049.71
6495,2601,1565,5,3779.56
6496,2602,1919,2,2728.56
6497,2602,30,4,2949.45
6498,2602,729,2,3272.63
6499,2602,1128,2,845.21
6500,2603,212,5,653.16
6501,2604,1008,2,3281.27
6502,2604,672,2,2422.67
6503,2604,756,3,4290.25
6504,2605,408,5,4436.94
6505,2605,153,4,3313.15
6506,2605,1731,1,1237.5
6507,2605,486,1,499.57
6508,2606,1295,4,4824.7
6509,2607,1920,4,2047.26
6510,2607,534,1,124.86
6511,2607,576,1,3573.45
6512,2607,1944,3,4317.22
6513,2608,36,1,1798.08
6514,2608,1076,3,4810.42
6515,2608,576,1,3573.45
6516,2609,1815,1,3436.44
6517,2609,627,1,3263.19
6518,2609,54,2,268.33
6519,2609,1260,3,3252.12
6520,2610,948,3,2907.83
6521,2610,241,1,3425.75
6522,2611,1909,2,4859.09
6523,2611,1513,3,4133.12
6524,2612,1242,1,1507.11
6525,2612,1665,4,1975.67
6526,2612,1248,5,4345.12
6527,2613,1516,2,4754.42
6528,2613,334,2,3189.75
6529,2614,1102,1,4297.06
6530,2614,1080,5,4797.15
6531,2614,1504,2,3990.25
6532,2614,1865,1,1486.0
6533,2615,1811,3,355.4
6534,2615,1747,4,4211.6
6535,2616,848,3,2754.39
6536,2616,1604,3,622.93
6537,2616,130,4,73.51
6538,2617,419,2,4536.4
6539,2617,752,5,1513.53
6540,2617,275,3,3000.32
6541,2618,108,3,2841.42
6542,2618,1586,3,3954.89
6543,2618,1757,2,3458.91
6544,2618,1325,2,137.64
6545,2619,643,4,2567.45
6546,2619,1644,1,3303.5
6547,2620,653,1,488.35
6548,2621,1230,2,2848.87
6549,2622,1379,4,1823.96
6550,2622,251,2,2283.46
6551,2623,1081,1,1664.25
6552,2623,331,1,205.88
6553,2623,1797,2,1642.41
6554,2623,1742,1,1911.55
6555,2624,551,1,291.66
6556,2624,676,2,960.05
6557,2624,298,4,3203.67
6558,2625,160,2,4272.53
6559,2626,1033,2,3497.95
6560,2626,106,2,833.52
6561,2627,1572,1,1462.59
6562,2628,514,3,755.11
6563,2628,1615,3,2853.97
6564,2628,1088,1,1321.01
6565,2628,402,3,4892.72
6566,2629,865,5,2455.86
6567,2630,1656,3,1699.76
6568,2630,363,4,2133.13
6569,2631,1884,2,280.73
6570,2631,72,5,887.84
6571,2632,446,5,863.84
6572,2632,201,2,102.3
6573,2632,699,5,4335.78
6574,2633,499,2,3719.03
6575,2633,1720,1,1338.58
6576,2633,77,4,2924.08
6577,2634,894,3,421.43
6578,2634,257,2,430.74
6579,2634,1779,3,3478.89
6580,2635,1028,2,1758.23
6581,2635,519,2,4756.84
6582,2635,90,2,4303.51
6583,2636,1442,1,2295.41
6584,2636,782,3,147.88
6585,2636,1921,4,78.32
6586,2636,586,4,3086.72
6587,2637,650,3,2104.28
6588,2637,1593,2,4053.1
6589,2637,906,4,1703.31
6590,2638,549,3,430.86
6591,2638,1805,3,2631.43
6592,2639,1266,4,501.14
6593,2640,1530,5,1438.4
6594,2640,220,2,1408.94
6595,2641,449,3,530.54
6596,2642,435,1,2114.92
6597,2643,815,5,2374.91
6598,2644,133,5,3953.01
6599,2644,1597,4,4010.31
6600,2645,1426,4,2840.77
6601,2645,1029,1,2318.09
6602,2646,1569,5,961.57
6603,2647,1131,2,3182.41
6604,2648,1157,5,3021.97
6605,2648,652,2,1566.86
6606,2648,436,1,3787.72
6607,2649,120,3,427.5
6608,2649,1507,5,526.19
6609,2650,1593,5,4053.1
6610,2651,479,4,1787.96
6611,2651,1204,3,4942.73
6612,2652,1034,4,1140.64
6613,2652,1275,3,1440.68
6614,2652,490,4,1552.63
6615,2653,132,3,1956.5
6616,2653,1096,2,2154.04
6617,2653,1634,3,3475.65
6618,2653,1038,3,3475.81
6619,2654,371,1,1990.52
6620,2654,1542,5,142.87
6621,2654,327,1,1024.83
6622,2655,789,5,1432.18
6623,2655,1923,5,3707.45
6624,2655,1153,4,1838.8
6625,2655,362,4,2646.06
6626,2656,566,5,3671.74
6627,2656,802,1,1237.78
6628,2656,485,3,2310.6
6629,2657,2000,3,849.72
6630,2657,1140,1,122.7
6631,2658,615,3,4116.86
6632,2658,478,1,207.98
6633,2658,1524,2,4529.6
6634,2659,437,3,4389.45
6635,2659,886,4,1634.05
6636,2660,1862,2,3083.03
6637,2660,854,3,4215.33
6638,2660,721,4,93.68
6639,2661,1801,2,3898.6
6640,2661,738,3,4282.88
6641,2661,942,1,4334.82
6642,2661,651,5,140.09
6643,2662,273,4,2698.03
6644,2662,521,3,2682.3
6645,2662,1298,4,1167.5
6646,2663,708,4,4775.63
6647,2663,901,3,4432.43
6648,2663,27,5,3124.89
6649,2664,790,3,3044.08
6650,2665,116,3,1301.79
6651,2666,751,4,4210.09
6652,2666,29,3,4104.81
6653,2666,1056,5,151.5
6654,2666,1678,2,2297.44
6655,2667,980,2,4389.83
6656,2667,1322,3,2046.82
6657,2667,1233,5,3785.82
6658,2667,1265,1,2890.04
6659,2668,694,2,4360.55
6660,2668,1642,5,2231.42
6661,2669,663,4,1091.71
6662,2669,851,4,3486.75
6663,2669,892,5,3031.09
6664,2670,240,3,431.39
6665,2670,1946,1,1059.73
6666,2670,1720,3,1338.58
6667,2671,1065,2,1577.35
6668,2671,258,5,3914.57
6669,2671,635,3,3626.64
6670,2672,187,1,4624.37
6671,2672,1063,1,3675.7
6672,2672,489,2,938.89
6673,2672,1236,5,4026.43
6674,2673,1843,1,4261.48
6675,2673,270,4,3023.26
6676,2674,1493,4,3781.76
6677,2674,1737,1,3354.21
6678,2674,783,4,41.05
6679,2674,959,1,1519.27
6680,2675,419,4,3776.67
6681,2675,208,4,1246.29
6682,2675,26,4,511.61
6683,2675,1752,1,3707.7
6684,2676,1717,1,4935.75
6685,2677,28,3,4212.43
6686,2677,902,3,2296.46
6687,2677,701,3,2326.65
6688,2677,92,4,3584.48
6689,2678,1681,5,1228.66
6690,2679,411,2,4984.22
6691,2680,1771,3,3405.76
6692,2681,817,3,3798.7
6693,2681,1455,4,3744.85
6694,2681,199,5,252.39
6695,2681,859,2,3710.41
6696,2682,46,3,1290.52
6697,2682,520,2,3845.1
6698,2682,1864,5,4244.91
6699,2683,1821,4,4493.71
6700,2683,682,5,4710.39
6701,2683,273,2,2698.03
6702,2683,1614,5,3796.47
6703,2684,189,4,2961.0
6704,2685,1821,1,4780.59
6705,2685,1201,2,3381.81
6706,2685,783,2,36.9
6707,2686,1903,1,2934.47
6708,2686,202,3,2944.71
6709,2687,1813,4,1347.23
6710,2687,212,4,803.2
6711,2687,81,1,4873.64
6712,2688,1636,3,4425.37
6713,2688,1238,4,4582.12
6714,2689,1639,5,280.07
6715,2689,1466,2,2812.37
6716,2690,327,4,1236.95
6717,2690,970,5,1564.11
6718,2690,2,2,1443.35
6719,2690,300,2,2268.23
6720,2691,411,5,4984.22
6721,2691,1021,1,3684.3
6722,2692,12,4,1305.93
6723,2692,1487,3,2148.84
6724,2693,544,4,4741.07
6725,2693,1276,5,4775.49
6726,2693,655,3,112.25
6727,2693,1338,3,1951.68
6728,2694,843,5,1112.41
6729,2694,1152,2,2407.53
6730,2694,664,2,1017.73
6731,2695,581,2,4815.32
6732,2695,1857,4,4958.76
6733,2696,481,4,976.31
6734,2696,1388,2,1427.84
6735,2697,80,3,3663.41
6736,2697,1957,2,680.58
6737,2698,1352,4,372.28
6738,2698,264,2,2712.82
6739,2698,950,1,3575.16
6740,2698,135,1,4248.92
6741,2699,1153,4,1596.14
6742,2699,921,2,675.91
6743,2699,1671,4,2466.95
6744,2700,1697,1,1641.36
6745,2700,1778,5,3865.81
6746,2700,863,4,2025.64
6747,2701,70,1,1704.87
6748,2701,1088,5,1321.01
6749,2701,1555,4,3690.58
6750,2701,248,2,2859.5
6751,2702,1805,2,2631.43
6752,2703,1332,5,2934.88
6753,2704,1349,5,491.69
6754,2704,309,4,494.89
6755,2705,1953,1,4319.47
6756,2705,585,1,4157.44
6757,2705,933,3,2246.96
6758,2706,96,2,4674.1
6759,2707,100,4,3805.83
6760,2707,1427,4,1830.81
6761,2707,1676,2,342.22
6762,2707,409,4,284.25
6763,2708,227,3,3165.38
6764,2709,257,2,454.34
6765,2709,1241,2,2878.24
6766,2709,1773,2,2075.06
6767,2710,1506,5,562.59
6768,2710,305,5,1143.82
6769,2710,16,1,938.32
6770,2711,1551,2,2299.4
6771,2711,1768,2,3632.43
6772,2712,1657,1,3149.48
6773,2713,465,4,3548.43
6774,2713,1209,2,1827.1
6775,2714,1755,4,1527.75
6776,2715,1732,5,2354.17
6777,2715,1682,2,1650.57
6778,2715,1251,2,898.05
6779,2716,1470,1,2458.14
6780,2717,1778,4,3865.81
6781,2718,1282,4,4678.25
6782,2718,1150,3,4720.67
6783,2718,1453,1,1778.93
6784,2719,1054,1,966.18
6785,2719,1413,1,4473.5
6786,2720,1989,1,2713.54
6787,2720,651,1,140.09
6788,2721,1914,1,1975.44
6789,2721,166,5,1836.21
6790,2721,1428,5,1023.73
6791,2722,1400,3,1999.62
6792,2722,205,1,4043.35
6793,2722,1768,2,3632.43
6794,2723,1602,5,2497.58
6795,2723,180,4,852.85
6796,2723,1565,4,3779.56
6797,2723,1670,2,3775.41
6798,2724,1745,2,524.94
6799,2724,1530,2,1438.4
6800,2725,126,3,2072.3
6801,2725,1213,4,1984.7
6802,2726,1942,1,96.56
6803,2726,1450,1,4048.3
6804,2726,759,2,4030.25
6805,2726,905,2,1101.12
6806,2727,671,4,4268.05
6807,2728,686,2,3949.54
6808,2728,1059,3,3901.5
6809,2728,1702,2,2855.01
6810,2728,657,2,1698.74
6811,2729,1662,5,2606.0
6812,2729,1422,3,1208.77
6813,2729,174,5,402.4
6814,2730,1755,3,1751.4
6815,2730,1085,1,3942.42
6816,2730,170,5,2609.26
6817,2731,437,1,3883.7
6818,2731,1150,4,4720.67
6819,2731,1154,4,872.87
6820,2731,1252,4,204.93
6821,2732,1672,4,459.75
6822,2732,408,1,4940.48
6823,2732,1717,4,3968.35
6824,2733,524,5,4240.1
6825,2733,311,3,4257.7
6826,2733,1459,5,2168.65
6827,2733,99,1,3376.61
6828,2734,895,3,3917.39
6829,2735,848,5,2457.35
6830,2735,1685,1,4800.62
6831,2736,21,3,3486.87
6832,2737,824,4,2349.66
6833,2737,547,2,2378.11
6834,2737,938,1,3776.2
6835,2738,1563,4,3043.83
6836,2738,927,3,3677.85
6837,2739,374,5,846.81
6838,2739,1610,3,386.02
6839,2739,418,1,4483.51
6840,2739,714,4,4198.07
6841,2740,767,4,2284.41
6842,2740,884,4,2740.58
6843,2740,1047,4,1821.53
6844,2740,591,3,3510.59
6845,2741,1757,3,4010.7
6846,2742,839,2,158.88
6847,2743,1499,5,3745.12
6848,2744,1930,1,1645.53
6849,2744,363,1,2133.13
6850,2744,31,2,148.82
6851,2744,528,1,2730.54
6852,2745,190,5,763.83
6853,2745,1714,2,972.34
6854,2745,1750,1,4149.38
6855,2746,811,3,95.73
6856,2747,471,4,1914.7
6857,2747,1405,1,894.37
6858,2747,1729,5,1194.74
6859,2748,1063,3,3675.7
6860,2748,1308,5,3402.43
6861,2749,1929,1,3451.12
6862,2750,1401,3,3777.73
6863,2750,1456,1,3421.86
6864,2750,1737,3,3354.21
6865,2751,303,5,3528.76
6866,2752,786,3,287.29
6867,2752,390,4,660.12
6868,2752,718,2,375.33
6869,2752,532,4,3341.59
6870,2753,754,1,1620.48
6871,2753,1350,2,3281.89
6872,2754,1186,1,4015.15
6873,2754,378,2,1121.15
6874,2754,922,2,756.87
6875,2754,878,1,4203.93
6876,2755,1147,3,2823.83
6877,2756,524,2,4240.1
6878,2757,615,4,4116.86
6879,2757,1455,4,3979.1
6880,2758,983,2,431.86
6881,2759,973,5,1490.81
6882,2759,1302,3,293.22
6883,2759,71,5,4128.92
6884,2760,708,5,4775.63
6885,2760,73,4,700.9
6886,2760,1304,5,1956.01
6887,2760,1579,1,1271.12
6888,2761,1380,4,3721.35
6889,2762,1928,2,664.98
6890,2763,898,2,4021.03
6891,2763,1614,5,4628.97
6892,2763,979,5,2037.26
6893,2764,413,1,4118.78
6894,2764,375,4,1464.53
6895,2765,1516,3,4754.42
6896,2766,1278,3,4786.26
6897,2766,816,3,1008.26
6898,2766,1703,5,3435.52
6899,2766,968,1,806.76
6900,2767,341,1,4893.89
6901,2767,445,2,3757.76
6902,2767,1908,2,2628.01
6903,2768,156,1,106.63
6904,2769,643,4,3185.4
6905,2769,1390,3,2132.37
6906,2769,434,5,2688.44
6907,2770,1470,2,2389.54
6908,2770,1583,3,2928.05
6909,2771,948,2,2986.01
6910,2771,1902,1,171.38
6911,2771,1832,5,1596.17
6912,2772,1313,3,4023.94
6913,2773,299,4,2422.18
6914,2773,72,2,946.6
6915,2774,1217,5,778.06
6916,2775,30,1,2949.45
6917,2776,1354,5,2081.24
6918,2776,926,4,3865.4
6919,2776,1942,2,119.81
6920,2776,364,3,4850.74
6921,2777,956,5,2516.65
6922,2777,486,2,499.57
6923,2778,892,1,3031.09
6924,2778,745,5,2461.62
6925,2778,1970,1,618.35
6926,2778,392,1,3392.41
6927,2779,161,3,55.99
6928,2779,1443,1,1395.23
6929,2779,947,1,3952.8
6930,2779,1447,3,4186.93
6931,2780,800,3,1809.64
6932,2780,1902,4,171.38
6933,2781,36,3,1798.08
6934,2781,553,4,1436.0
6935,2782,546,5,1741.25
6936,2783,1083,2,2480.07
6937,2783,1727,1,944.49
6938,2784,622,4,1553.69
6939,2785,559,2,2291.41
6940,2785,1194,1,472.3
6941,2785,326,1,2119.6
6942,2786,1827,2,1992.86
6943,2786,1082,4,2810.46
6944,2787,1802,1,3728.81
6945,2787,1659,4,479.37
6946,2788,4,3,2348.56
6947,2789,1960,4,1515.18
6948,2789,1083,3,2480.07
6949,2789,1834,1,3953.74
6950,2789,725,3,1780.09
6951,2790,1634,2,4323.52
6952,2790,463,5,2370.45
6953,2790,1852,2,568.41
6954,2790,1082,4,2810.46
6955,2791,825,2,4366.02
6956,2792,1666,3,996.68
6957,2793,187,2,4624.37
6958,2794,918,3,709.61
6959,2794,715,3,1345.17
6960,2795,551,4,273.22
6961,2795,424,3,850.16
6962,2796,1423,4,1547.58
6963,2796,806,4,131.42
6964,2796,1019,3,256.59
6965,2796,1141,1,282.75
6966,2797,945,3,1759.69
6967,2797,201,4,102.3
6968,2798,1511,3,3701.57
6969,2799,1329,4,1706.26
6970,2799,1581,4,2985.72
6971,2799,1104,5,2160.59
6972,2800,314,1,2232.66
6973,2800,198,1,1266.5
6974,2800,1461,1,3052.71
6975,2801,1963,1,742.96
6976,2801,1205,1,4795.08
6977,2801,136,5,3496.33
6978,2801,1367,1,308.74
6979,2802,1274,5,3243.7
6980,2802,1807,2,1458.05
6981,2802,1374,1,4245.98
6982,2803,482,4,2685.86
6983,2803,608,2,1874.88
6984,2804,1096,1,2154.04
6985,2804,361,1,102.54
6986,2805,1951,1,1299.78
6987,2806,135,3,4248.92
6988,2807,36,4,1480.35
6989,2807,963,1,577.79
6990,2808,964,2,2605.27
6991,2808,775,1,1756.06
6992,2809,649,2,127.94
6993,2809,873,5,3796.87
6994,2809,1408,3,1314.08
6995,2809,565,1,159.76
6996,2810,656,4,3743.6
6997,2810,875,5,593.63
6998,2811,1127,5,903.31
6999,2811,395,2,2293.09
7000,2812,1193,4,2049.44
7001,2812,1873,1,2032.74
7002,2813,1631,4,4490.57
7003,2813,1495,2,2805.26
7004,2814,401,1,1294.78
7005,2814,999,3,2945.34
7006,2814,914,5,4235.83
7007,2814,1230,1,2848.87
7008,2815,358,3,1233.98
7009,2815,479,3,1498.29
7010,2815,855,5,3214.76
7011,2816,622,5,1553.69
7012,2817,273,5,2698.03
7013,2817,495,3,2325.41
7014,2818,1473,2,850.07
7015,2819,685,3,434.0
7016,2819,1100,5,3708.22
7017,2819,1895,2,3889.49
7018,2819,1433,1,2321.69
7019,2820,296,5,2266.44
7020,2820,812,5,4622.84
7021,2821,1085,3,3209.86
7022,2821,1295,3,4824.7
7023,2821,1459,5,2168.65
7024,2822,1082,1,2810.46
7025,2822,1407,4,3721.74
7026,2823,58,2,4880.59
7027,2823,644,2,1244.88
7028,2823,1098,4,4970.86
7029,2824,615,2,3687.94
7030,2825,1583,3,3561.74
7031,2825,1787,5,3811.84
7032,2825,1283,3,1258.75
7033,2825,25,2,3831.09
7034,2826,1431,5,2705.27
7035,2826,656,4,3192.99
7036,2826,860,3,421.6
7037,2827,1552,2,2043.9
7038,2827,1796,4,4111.65
7039,2827,325,1,778.82
7040,2828,210,2,1043.32
7041,2828,658,1,1245.37
7042,2829,1025,1,3495.81
7043,2829,63,1,908.21
7044,2829,564,5,4069.51
7045,2830,1281,2,4697.79
7046,2830,1442,1,2295.41
7047,2831,843,5,1112.41
7048,2831,1679,2,1362.33
7049,2832,462,2,2829.04
7050,2833,1821,1,4780.59
7051,2833,849,1,2135.47
7052,2834,1470,1,2622.08
7053,2834,252,5,1625.25
7054,2835,656,4,3743.6
7055,2835,1466,4,2812.37
7056,2835,618,2,3436.62
7057,2835,1724,5,2941.61
7058,2836,675,3,822.26
7059,2836,1272,2,855.09
7060,2837,1188,1,4483.02
7061,2837,20,5,3466.81
7062,2837,1794,3,4943.5
7063,2838,1800,4,1027.07
7064,2839,1265,4,2890.04
7065,2839,1548,5,1270.37
7066,2839,1955,5,1588.76
7067,2839,724,5,3238.66
7068,2840,134,4,1940.05
7069,2840,605,4,324.29
7070,2840,1798,2,3519.52
7071,2840,538,5,2135.71
7072,2841,1795,2,1258.44
7073,2842,1194,3,472.3
7074,2843,343,4,1428.48
7075,2843,1630,3,1099.71
7076,2843,1340,4,1567.91
7077,2844,1486,1,2349.15
7078,2844,1795,4,1258.44
7079,2844,962,4,1077.29
7080,2845,1892,5,3242.59
7081,2845,1757,2,4010.7
7082,2845,1775,5,3513.61
7083,2846,1489,4,1547.24
7084,2846,1548,2,1570.25
7085,2846,1834,1,3953.74
7086,2847,231,3,3511.85
7087,2847,732,3,3185.96
7088,2847,1881,1,2804.34
7089,2848,379,5,323.37
7090,2848,1112,3,3334.7
7091,2849,1384,1,4380.18
7092,2849,9,4,916.9
7093,2849,578,1,2655.04
7094,2849,490,1,1644.97
7095,2850,297,2,1853.29
7096,2850,1457,1,1223.09
7097,2851,1980,1,781.74
7098,2852,1500,1,4223.34
7099,2852,610,3,2298.27
7100,2852,1178,2,2542.28
7101,2853,1798,1,3519.52
7102,2853,434,1,2688.44
7103,2853,1437,2,3197.93
7104,2853,948,5,3330.38
7105,2854,476,1,480.09
7106,2854,1602,1,2669.18
7107,2854,1874,5,2038.67
7108,2854,981,3,321.21
7109,2855,1807,2,1318.07
7110,2855,1695,2,2387.95
7111,2856,863,4,2025.64
7112,2856,479,5,1787.96
7113,2857,1396,5,2643.95
7114,2857,1838,4,504.85
7115,2857,477,2,4760.62
7116,2858,520,2,3845.1
7117,2858,1842,2,1223.39
7118,2858,229,2,554.15
7119,2859,4,1,2107.31
7120,2859,817,2,3798.7
7121,2860,1269,4,559.11
7122,2861,714,1,4198.07
7123,2861,49,2,3024.27
7124,2861,1953,5,4319.47
7125,2862,876,4,4131.29
7126,2862,1010,1,4593.25
7127,2862,597,1,513.89
7128,2862,1657,5,3149.48
7129,2863,965,3,1566.49
7130,2863,1249,1,4030.19
7131,2864,642,3,3835.02
7132,2864,854,1,4215.33
7133,2864,534,5,124.86
7134,2865,1405,2,894.37
7135,2865,1425,4,2840.04
7136,2865,789,1,1432.18
7137,2866,209,5,3655.89
7138,2866,1987,5,1206.99
7139,2867,1034,1,1140.64
7140,2867,1380,3,3721.35
7141,2867,650,2,2104.28
7142,2867,1149,3,4094.35
7143,2868,922,4,756.87
7144,2868,1058,1,3366.31
7145,2869,1869,1,349.95
7146,2869,1667,4,2977.83
7147,2870,1969,4,1715.61
7148,2870,289,2,2450.56
7149,2870,1695,3,2387.95
7150,2871,607,5,4648.41
7151,2871,1332,1,2934.88
7152,2872,116,3,1301.79
7153,2873,586,5,3086.72
7154,2873,1827,5,1706.93
7155,2873,1859,5,369.58
7156,2873,557,3,2749.62
7157,2874,71,3,4701.99
7158,2874,1796,5,4111.65
7159,2874,1985,2,4565.54
7160,2874,662,2,1537.86
7161,2875,879,5,449.66
7162,2875,1850,2,3786.95
7163,2876,1814,5,2755.18
7164,2876,82,5,4492.0
7165,2877,716,2,1935.49
7166,2877,1754,3,1040.98
7167,2877,1974,1,503.16
7168,2877,1139,4,2565.96
7169,2878,321,5,3268.68
7170,2878,1291,3,1661.86
7171,2878,1521,1,4192.7
7172,2879,352,5,499.9
7173,2880,1996,1,1437.31
7174,2880,783,1,41.05
7175,2880,1046,3,1004.59
7176,2880,1257,4,3065.38
7177,2881,1937,3,2540.27
7178,2882,607,2,4648.41
7179,2882,1274,1,3944.58
7180,2882,211,2,2753.06
7181,2882,1689,4,4055.41
7182,2883,782,5,147.88
7183,2883,1244,3,2169.15
7184,2883,1408,3,1314.08
7185,2883,1699,1,3676.11
7186,2884,1346,3,1135.36
7187,2885,1478,1,3702.99
7188,2885,1190,1,2080.53
7189,2885,1971,2,3384.04
7190,2885,1245,1,85.12
7191,2886,1010,5,3947.66
7192,2886,740,4,618.13
7193,2886,993,2,29.01
7194,2887,4,2,2348.56
7195,2887,1603,2,774.75
7196,2887,1133,5,2239.95
7197,2888,1146,3,220.73
7198,2889,862,2,808.75
7199,2889,344,5,3680.47
7200,2889,1287,5,3932.11
7201,2889,830,3,1158.94
7202,2890,560,3,3783.25
7203,2890,55,4,477.57
7204,2891,252,5,1565.75
7205,2891,1458,5,1313.84
7206,2891,1042,2,3030.16
7207,2892,151,4,4997.17
7208,2892,208,5,1246.29
7209,2893,1586,4,3954.89
7210,2893,1381,4,1933.35
7211,2893,1025,4,3315.19
7212,2894,1949,5,628.06
7213,2895,1509,5,1398.09
7214,2895,1023,3,3628.22
7215,2895,1842,4,1223.39
7216,2896,1121,2,421.04
7217,2897,975,5,2088.67
7218,2898,770,1,1755.13
7219,2898,1178,2,3058.33
7220,2898,499,2,3719.03
7221,2898,1393,1,484.39
7222,2899,76,4,688.1
7223,2899,1894,3,3730.4
7224,2899,1701,5,3196.88
7225,2899,1682,2,1650.57
7226,2900,793,4,175.0
7227,2901,1229,4,4239.84
7228,2902,1188,2,4483.02
7229,2902,772,5,3875.53
7230,2903,1302,3,293.22
7231,2903,1312,1,3510.23
7232,2904,1630,1,1099.71
7233,2904,994,3,3999.58
7234,2905,455,4,3231.24
7235,2905,1435,2,3765.92
7236,2906,700,4,631.95
7237,2906,1736,1,3114.4
7238,2907,1891,3,3164.17
7239,2908,975,5,1903.8
7240,2909,867,1,333.23
7241,2909,1419,5,2348.86
7242,2909,1781,2,2340.2
7243,2909,1463,4,3878.3
7244,2910,429,5,4839.22
7245,2911,966,2,406.68
7246,2912,1815,4,3436.44
7247,2913,135,1,4248.92
7248,2913,76,5,688.1
7249,2914,1003,3,4496.47
7250,2914,1675,5,4618.9
7251,2914,791,1,1197.81
7252,2914,988,1,4286.16
7253,2915,699,1,4601.64
7254,2915,960,4,1695.67
7255,2915,221,4,1054.07
7256,2916,1769,5,3502.01
7257,2916,113,1,1021.83
7258,2917,1226,4,3502.2
7259,2917,1337,2,1760.67
7260,2917,727,4,1037.78
7261,2917,64,4,2594.71
7262,2918,840,5,1257.06
7263,2918,1579,1,1271.12
7264,2918,507,3,1671.42
7265,2918,778,5,1884.21
7266,2919,772,4,3875.53
7267,2919,1840,5,1146.8
7268,2919,1562,5,4597.92
7269,2919,1858,2,4696.05
7270,2920,473,2,4766.17
7271,2920,1062,1,158.0
7272,2920,1624,2,1510.22
7273,2921,630,2,2446.22
7274,2921,1016,4,4654.08
7275,2921,607,2,4648.41
7276,2921,562,3,2995.77
7277,2922,1690,4,4633.95
7278,2923,1576,2,3852.85
7279,2923,1265,1,2890.04
7280,2923,1178,3,2531.31
7281,2924,1286,5,791.64
7282,2925,153,1,3801.02
7283,2925,966,4,372.66
7284,2926,1750,5,4149.38
7285,2926,1629,5,844.45
7286,2926,1835,5,358.62
7287,2926,607,1,4648.41
7288,2927,858,1,4288.06
7289,2927,737,3,2378.96
7290,2928,425,5,3713.27
7291,2928,1538,5,4609.56
7292,2928,420,5,1799.73
7293,2929,1186,4,4015.15
7294,2929,69,5,814.84
7295,2929,1896,5,2168.05
7296,2930,1690,2,4633.95
7297,2930,100,4,4670.26
7298,2930,1084,3,2561.27
7299,2931,1976,5,2781.03
7300,2931,848,3,2754.39
7301,2931,1399,1,2617.78
7302,2932,1003,5,4496.47
7303,2932,1654,5,1610.37
7304,2933,399,2,935.5
7305,2933,445,2,4082.97
7306,2933,1888,4,3602.81
7307,2934,1835,3,358.62
7308,2935,418,2,4483.51
7309,2936,1071,1,2170.33
7310,2936,1278,3,4786.26
7311,2936,573,4,1933.49
7312,2937,1326,2,821.14
7313,2937,1762,5,950.9
7314,2937,1025,1,3996.37
7315,2937,956,5,2814.27
7316,2938,1591,3,2534.31
7317,2939,1789,5,2041.5
7318,2940,1249,1,4030.19
7319,2941,924,1,407.23
7320,2941,885,3,1789.37
7321,2942,245,1,4956.68
7322,2942,1117,2,4632.15
7323,2942,1453,1,1778.93
7324,2942,1710,2,1551.52
7325,2943,1877,5,896.41
7326,2943,1891,3,3141.4
7327,2943,840,5,1185.77
7328,2943,578,2,2970.5
7329,2944,295,5,2319.63
7330,2944,1013,2,3056.19
7331,2944,1496,4,2105.22
7332,2944,24,2,4213.26
7333,2945,1171,1,3620.47
7334,2945,1592,1,1277.58
7335,2945,1573,5,2737.95
7336,2946,735,5,1776.43
7337,2946,480,1,2773.31
7338,2947,494,2,2185.78
7339,2947,1572,5,1768.61
7340,2948,444,3,4232.65
7341,2948,315,3,1223.18
7342,2948,361,4,102.54
7343,2948,1156,5,2717.56
7344,2949,1034,3,1140.64
7345,2949,1186,2,4015.15
7346,2950,701,2,2209.4
7347,2950,1134,5,1592.31
7348,2950,928,1,3423.28
7349,2950,1988,5,785.21
7350,2951,317,2,2700.01
7351,2951,933,2,2246.96
7352,2952,1701,2,2650.89
7353,2952,1475,3,4831.22
7354,2952,358,2,1233.98
7355,2952,815,4,2374.91
7356,2953,1438,2,3162.42
7357,2953,1209,2,1827.1
7358,2954,1119,3,3315.86
7359,2954,347,2,4172.85
7360,2954,1596,4,3386.65
7361,2954,692,1,4629.69
7362,2955,400,3,2808.68
7363,2955,141,2,1474.45
7364,2956,1888,5,3602.81
7365,2956,1832,3,1596.17
7366,2957,556,1,1367.56
7367,2957,1446,5,3668.66
7368,2957,647,1,1274.12
7369,2958,1743,5,855.17
7370,2958,623,2,4260.78
7371,2959,846,1,3819.23
7372,2960,603,5,1040.81
7373,2960,1237,3,3949.17
7374,2960,364,4,4850.74
7375,2960,576,4,3140.7
7376,2961,405,1,2282.13
7377,2962,1264,2,2891.63
7378,2962,68,2,395.92
7379,2963,506,2,4793.43
7380,2963,440,4,4235.09
7381,2963,804,1,3811.41
7382,2963,744,5,2156.28
7383,2964,1018,5,4664.27
7384,2964,275,4,3000.32
7385,2965,1385,4,3672.34
7386,2965,766,4,3588.86
7387,2966,1080,1,4797.15
7388,2966,638,5,2493.09
7389,2967,1571,1,3828.97
7390,2967,19,2,4069.66
7391,2967,1499,1,4052.38
7392,2968,342,4,3810.2
7393,2968,1524,5,4529.6
7394,2969,787,3,3735.76
7395,2969,976,2,1872.2
7396,2969,1934,5,685.85
7397,2970,418,4,4483.51
7398,2971,1144,1,4456.58
7399,2971,1193,3,2049.44
7400,2971,1316,2,1160.61
7401,2971,1496,3,2564.23
7402,2972,1813,4,1347.23
7403,2973,1837,5,4360.25
7404,2974,783,5,41.05
7405,2974,218,3,4703.1
7406,2974,905,5,1278.01
7407,2974,600,3,1557.53
7408,2975,385,2,4309.91
7409,2975,1412,3,2409.48
7410,2975,884,4,2230.99
7411,2976,1338,5,2432.88
7412,2976,1320,1,1133.36
7413,2976,256,3,1529.79
7414,2976,596,3,1231.48
7415,2977,480,4,2489.7
7416,2978,1205,4,4795.08
7417,2978,101,2,4125.78
7418,2978,1930,5,1339.61
7419,2978,1240,1,4001.24
7420,2979,229,1,554.15
7421,2979,507,2,1382.11
7422,2980,1052,2,2566.48
7423,2980,1187,4,3486.78
7424,2981,1970,4,618.35
7425,2981,1897,3,2534.34
7426,2982,46,4,1485.51
7427,2983,1424,5,3150.8
7428,2983,67,3,4645.47
7429,2983,639,3,1959.67
7430,2983,1487,3,1722.02
7431,2984,761,2,1097.43
7432,2985,361,2,102.54
7433,2985,434,1,2688.44
7434,2986,381,5,3972.54
7435,2986,1935,2,4879.73
7436,2986,799,5,3274.72
7437,2987,1687,5,2836.91
7438,2987,1304,1,1847.5
7439,2987,1875,1,765.54
7440,2987,1998,3,3353.53
7441,2988,1721,3,3360.92
7442,2988,1692,2,1836.1
7443,2988,1175,4,2120.63
7444,2988,287,5,3303.19
7445,2989,918,4,709.61
7446,2989,869,4,1049.71
7447,2989,727,3,1141.07
7448,2990,942,1,4334.82
7449,2991,277,1,2853.84
7450,2991,1999,5,2205.49
7451,2991,1693,3,1705.8
7452,2991,1240,2,4001.24
7453,2992,243,1,2564.96
7454,2993,1959,1,2065.12
7455,2994,1349,3,491.69
7456,2994,1251,5,898.05
7457,2995,87,2,2762.02
7458,2995,1024,4,2013.75
7459,2995,847,1,2171.89
7460,2995,1597,4,4745.08
7461,2996,626,3,739.49
7462,2996,1706,5,3582.05
7463,2997,816,3,1247.53
7464,2997,939,2,161.24
7465,2997,230,4,1092.51
7466,2997,561,1,2023.99
7467,2998,1542,3,142.87
7468,2998,1893,5,3012.28
7469,2998,1678,1,2297.44
7470,2999,338,2,99.68
7471,3000,1967,2,2944.05
7472,3000,1082,2,2810.46
7473,3000,1393,3,418.68
7474,3001,1048,5,3735.55
7475,3001,1156,5,2717.56
7476,3001,577,4,1148.53
7477,3002,189,5,2961.0
7478,3003,719,3,4251.26
7479,3003,1806,3,4932.05
7480,3003,628,4,4349.75
7481,3003,316,5,4165.3
7482,3004,783,4,41.05
7483,3004,226,1,935.31
7484,3004,1352,1,409.65
7485,3005,707,2,1194.29
7486,3005,1713,5,3233.67
7487,3005,1368,5,2948.1
7488,3006,905,3,1087.8
7489,3007,1265,1,2466.19
7490,3007,12,1,1305.93
7491,3008,1255,5,3163.42
7492,3008,1254,1,4319.49
7493,3008,437,3,4389.45
7494,3009,1979,3,1181.46
7495,3010,1844,2,487.92
7496,3010,25,5,3831.09
7497,3010,217,4,657.68
7498,3011,299,4,2422.18
7499,3012,1927,3,3376.17
7500,3012,1762,2,950.9
7501,3012,1849,3,195.06
7502,3013,786,1,287.29
7503,3013,1216,3,3884.97
7504,3013,146,3,2306.98
7505,3014,1827,4,1992.86
7506,3015,1370,2,1021.39
7507,3015,253,5,801.69
7508,3015,1432,2,4624.51
7509,3016,118,4,3941.38
7510,3016,1365,5,782.66
7511,3016,1872,3,3813.24
7512,3016,1778,3,3865.81
7513,3017,1538,3,4212.46
7514,3018,1168,1,2815.8
7515,3019,531,4,1100.15
7516,3019,1328,1,1336.68
7517,3019,605,5,286.72
7518,3020,1222,1,43.71
7519,3020,1499,4,3832.03
7520,3020,1156,2,2717.56
7521,3021,768,5,2222.8
7522,3021,1137,4,1821.42
7523,3021,1864,4,4244.91
7524,3021,1042,1,3030.16
7525,3022,806,3,131.42
7526,3022,545,2,2634.06
7527,3022,1685,4,4800.62
7528,3023,956,1,2814.27
7529,3024,395,5,2293.09
7530,3024,1927,5,2705.61
7531,3024,276,4,1435.35
7532,3024,1151,4,3712.56
7533,3025,1455,1,3979.1
7534,3025,1844,4,503.55
7535,3025,1710,1,1551.52
7536,3026,944,2,276.08
7537,3026,1039,3,1550.6
7538,3026,1745,4,524.94
7539,3027,902,5,2296.46
7540,3028,1708,5,319.73
7541,3028,964,1,2605.27
7542,3028,638,1,2493.09
7543,3029,1996,5,1437.31
7544,3029,1102,3,4297.06
7545,3030,642,1,3835.02
7546,3030,210,4,1176.68
7547,3030,82,1,4492.0
7548,3031,67,3,4645.47
7549,3031,1937,1,2540.27
7550,3031,166,5,2028.89
7551,3032,1921,4,78.32
7552,3032,549,5,430.86
7553,3033,908,4,1720.1
7554,3034,1417,5,3166.92
7555,3034,255,4,488.71
7556,3034,454,1,3532.11
7557,3035,109,3,4850.53
7558,3035,12,2,1305.93
7559,3035,1934,1,595.04
7560,3036,1620,1,3927.91
7561,3036,677,5,45.02
7562,3036,1093,2,3916.92
7563,3036,1478,4,3702.99
7564,3037,1722,1,265.02
7565,3037,1243,4,3945.21
7566,3037,64,4,2594.71
7567,3037,1418,1,203.29
7568,3038,1446,5,3668.66
7569,3039,1828,4,3265.59
7570,3040,829,3,2028.46
7571,3041,1248,2,4345.12
7572,3042,1146,5,220.73
7573,3043,661,3,1784.45
7574,3044,600,5,1557.53
7575,3044,1068,1,1499.27
7576,3044,1157,1,3021.97
7577,3044,328,3,4328.97
7578,3045,1024,3,1804.12
7579,3045,1038,1,3133.19
7580,3046,1563,5,3043.83
7581,3047,1070,3,1545.21
7582,3047,1137,5,1821.42
7583,3048,1335,3,1474.54
7584,3048,590,1,2350.34
7585,3049,507,5,1671.42
7586,3050,855,3,3214.76
7587,3050,989,4,3743.11
7588,3051,1690,1,3728.62
7589,3051,293,1,3047.2
7590,3051,1445,4,1133.09
7591,3051,1995,3,2213.54
7592,3052,1569,5,961.57
7593,3052,389,5,825.04
7594,3053,1040,2,710.6
7595,3053,94,2,4398.2
7596,3053,258,3,4301.51
7597,3054,918,5,709.61
7598,3054,1880,5,1679.17
7599,3054,867,2,341.75
7600,3055,901,3,4432.43
7601,3056,734,4,2141.13
7602,3056,817,5,3798.7
7603,3057,1126,2,361.57
7604,3057,1276,1,4775.49
7605,3057,1359,3,3802.52
7606,3058,1586,2,3954.89
7607,3058,1178,3,2625.96
7608,3058,901,1,4432.43
7609,3059,42,2,4975.48
7610,3059,182,5,1313.45
7611,3059,686,3,3833.02
7612,3060,2000,5,849.72
7613,3060,1944,2,4317.22
7614,3060,582,3,4943.34
7615,3061,1271,3,1820.81
7616,3061,1298,1,1317.79
7617,3062,140,1,4091.51
7618,3063,460,3,4443.01
7619,3063,335,4,3956.9
7620,3063,1700,3,54.4
7621,3063,1509,1,1398.09
7622,3064,226,5,1054.31
7623,3064,28,2,4654.11
7624,3065,160,5,4272.53
7625,3065,1170,5,1315.23
7626,3065,233,4,314.31
7627,3066,329,1,4348.31
7628,3067,232,3,3846.85
7629,3068,1402,4,1111.29
7630,3068,441,4,4307.7
7631,3068,1054,2,966.18
7632,3069,798,1,4170.48
7633,3069,1243,2,3945.21
7634,3069,630,1,2446.22
7635,3069,413,5,4118.78
7636,3070,1888,4,2913.85
7637,3070,1151,4,3712.56
7638,3070,922,2,756.87
7639,3071,1620,4,3927.91
7640,3072,100,3,4670.26
7641,3072,1247,3,2968.18
7642,3072,438,3,3390.29
7643,3073,420,3,1799.73
7644,3073,534,3,124.86
7645,3073,698,3,4188.03
7646,3073,153,2,3801.02
7647,3074,721,3,93.68
7648,3074,485,3,2848.42
7649,3075,1673,4,3664.78
7650,3075,1269,4,559.11
7651,3076,555,2,4404.23
7652,3076,770,4,1755.13
7653,3077,1121,5,352.97
7654,3077,1369,1,1107.42
7655,3077,32,5,3938.64
7656,3077,633,5,1207.75
7657,3078,470,2,2867.01
7658,3079,1327,1,975.37
7659,3079,1899,4,4748.11
7660,3080,1818,2,791.28
7661,3080,11,4,3907.36
7662,3080,184,2,1497.19
7663,3080,1118,1,3713.21
7664,3081,1536,1,356.79
7665,3081,1349,1,491.69
7666,3081,1571,1,3828.97
7667,3081,857,4,1674.64
7668,3082,345,1,4476.61
7669,3082,615,4,4116.86
7670,3083,101,2,4125.78
7671,3083,1956,5,794.52
7672,3084,1253,5,4822.44
7673,3084,1011,4,602.7
7674,3084,696,2,3200.45
7675,3085,1748,1,681.78
7676,3085,833,3,923.62
7677,3086,369,1,4023.43
7678,3087,1147,2,3066.56
7679,3087,641,1,2560.87
7680,3087,801,5,1096.23
7681,3087,1978,2,1245.27
7682,3088,1928,5,664.98
7683,3088,1986,2,3350.49
7684,3089,1179,5,1931.5
7685,3089,681,3,2163.86
7686,3090,921,5,675.91
7687,3090,130,5,73.51
7688,3091,435,2,1892.26
7689,3091,3,4,2657.76
7690,3092,1114,1,2404.95
7691,3092,1247,3,2842.27
7692,3093,741,5,3043.25
7693,3093,1672,5,459.75
7694,3093,248,2,2859.5
7695,3093,70,1,1704.87
7696,3094,819,3,2142.95
7697,3094,372,3,1767.22
7698,3094,1257,2,3065.38
7699,3094,1975,4,3658.73
7700,3095,165,4,3913.37
7701,3095,828,1,4204.94
7702,3095,1406,5,449.18
7703,3096,1164,4,1799.22
7704,3096,230,4,1092.51
7705,3096,1682,3,1650.57
7706,3096,953,5,2621.04
7707,3097,298,2,3203.67
7708,3098,1333,5,573.04
7709,3098,270,3,3023.26
7710,3098,377,3,2876.14
7711,3098,865,5,2455.86
7712,3099,1822,3,4736.7
7713,3099,1719,5,4207.69
7714,3099,1790,4,4394.84
7715,3100,1755,4,1751.4
7716,3101,613,5,1703.51
7717,3101,1666,3,904.13
7718,3101,159,4,1222.68
7719,3101,487,1,4330.41
7720,3102,1346,4,946.0
7721,3102,1598,2,2779.45
7722,3102,924,2,407.23
7723,3103,1088,3,1321.01
7724,3103,1565,2,3779.56
7725,3103,1180,5,3403.33
7726,3103,1080,5,4797.15
7727,3104,1900,2,141.22
7728,3105,179,1,3052.29
7729,3106,1944,2,4317.22
7730,3107,1355,3,3958.51
7731,3107,1359,4,3802.52
7732,3107,822,3,2979.71
7733,3107,604,4,4183.03
7734,3108,1445,5,1133.09
7735,3108,11,4,3907.36
7736,3108,1590,5,3842.98
7737,3108,1937,5,2540.27
7738,3109,495,5,2325.41
7739,3109,192,4,3964.65
7740,3109,673,4,3206.77
7741,3109,1028,2,1758.23
7742,3110,1040,2,852.31
7743,3110,837,4,2265.42
7744,3110,840,1,1257.06
7745,3111,663,2,1192.72
7746,3111,978,3,1014.03
7747,3111,364,2,4850.74
7748,3111,577,1,1148.53
7749,3112,1647,1,4578.02
7750,3113,781,2,2720.54
7751,3113,1899,3,4748.11
7752,3114,1440,5,3589.68
7753,3115,648,4,440.68
7754,3116,1470,1,2622.08
7755,3116,596,2,1231.48
7756,3117,238,2,3156.13
7757,3117,1093,1,3916.92
7758,3118,161,5,55.99
7759,3119,1444,5,4381.89
7760,3119,973,3,1490.81
7761,3119,520,3,3845.1
7762,3120,196,4,1975.92
7763,3120,94,2,4398.2
7764,3121,955,1,1814.34
7765,3121,598,2,298.55
7766,3121,1187,2,3486.78
7767,3122,1345,1,2740.97
7768,3123,1839,3,3443.22
7769,3123,1881,2,2877.05
7770,3123,1497,5,271.31
7771,3124,1853,3,4612.68
7772,3124,956,1,2255.4
7773,3125,1709,1,1361.98
7774,3126,1887,3,88.25
7775,3126,1467,4,3014.82
7776,3126,523,4,3040.6
7777,3127,1174,5,1402.77
7778,3127,19,4,4954.02
7779,3127,931,5,4468.44
7780,3128,1170,2,1315.23
7781,3129,1989,4,2575.5
7782,3130,1892,1,3756.21
7783,3130,1481,1,1236.14
7784,3130,715,4,1345.17
7785,3131,619,2,4795.2
7786,3132,1000,4,1180.66
7787,3132,664,4,1180.71
7788,3132,1842,3,1034.61
7789,3133,1631,4,4490.57
7790,3133,1493,3,3781.76
7791,3133,1314,4,2783.43
7792,3133,1497,3,271.31
7793,3134,31,2,148.82
7794,3135,283,2,3371.58
7795,3135,1392,2,4601.48
7796,3136,171,4,2190.87
7797,3136,362,4,2646.06
7798,3136,491,3,4756.43
7799,3137,56,5,3613.22
7800,3138,1812,5,3411.15
7801,3138,1116,4,4568.6
7802,3138,712,1,1459.97
7803,3138,1658,2,1105.04
7804,3139,1388,3,1427.84
7805,3139,990,5,3669.71
7806,3139,1058,3,3366.31
7807,3140,330,5,4858.01
7808,3140,230,1,916.91
7809,3140,122,5,349.5
7810,3140,982,2,294.46
7811,3141,574,4,1076.88
7812,3141,1255,2,3372.21
7813,3141,2000,4,700.19
7814,3142,1881,5,3178.03
7815,3143,366,1,2367.54
7816,3143,1091,5,2176.74
7817,3143,445,3,3296.1
7818,3143,1578,3,2695.81
7819,3144,223,3,1865.59
7820,3144,993,1,29.01
7821,3144,1820,2,1295.41
7822,3145,1589,3,457.62
7823,3145,1166,2,4725.81
7824,3145,1590,5,3842.98
7825,3146,276,3,1435.35
7826,3146,451,5,3107.73
7827,3146,1888,2,3293.97
7828,3147,470,4,2867.01
7829,3147,1217,3,778.06
7830,3147,1369,1,1107.42
7831,3147,182,5,1313.45
7832,3148,533,4,283.98
7833,3149,1912,3,4495.58
7834,3149,1754,3,841.92
7835,3149,1024,3,2013.75
7836,3150,121,3,926.94
7837,3150,1836,3,589.25
7838,3150,838,1,1605.7
7839,3150,19,4,4273.96
7840,3151,1826,5,64.33
7841,3152,599,3,4935.59
7842,3152,1988,2,785.21
7843,3152,1582,3,1472.47
7844,3152,1219,4,2233.85
7845,3153,956,1,2814.27
7846,3153,1235,2,884.59
7847,3154,816,3,1247.53
7848,3155,1610,5,358.02
7849,3155,838,3,1354.28
7850,3155,1215,1,627.48
7851,3156,1374,2,4245.98
7852,3156,448,4,1153.93
7853,3156,1378,2,2628.29
7854,3156,1432,3,4624.51
7855,3157,5,5,3798.58
7856,3158,538,4,2135.71
7857,3158,622,3,1553.69
7858,3158,1586,5,3954.89
7859,3158,1626,2,3411.47
7860,3159,794,3,2342.86
7861,3159,758,4,3980.65
7862,3159,1642,1,2231.42
7863,3159,1603,5,774.75
7864,3160,542,5,3481.44
7865,3160,222,4,4379.2
7866,3160,785,2,3741.23
7867,3160,1489,5,1547.24
7868,3161,1541,1,482.43
7869,3161,584,1,1765.65
7870,3162,1416,3,3301.46
7871,3163,1333,4,573.04
7872,3163,604,5,4183.03
7873,3164,1512,2,3049.41
7874,3164,1547,1,3071.68
7875,3164,120,1,474.18
7876,3164,95,3,1165.46
7877,3165,223,2,1865.59
7878,3165,1930,4,1440.24
7879,3166,1419,3,2348.86
7880,3166,90,2,3882.53
7881,3166,307,2,273.51
7882,3166,1302,1,293.22
7883,3167,942,5,4334.82
7884,3168,313,5,415.1
7885,3168,285,4,1882.5
7886,3168,1823,1,788.45
7887,3168,1173,1,3359.25
7888,3169,1074,3,1090.35
7889,3169,180,4,993.26
7890,3169,492,2,793.39
7891,3170,1338,3,2432.88
7892,3171,75,4,50.34
7893,3172,467,3,3451.65
7894,3172,758,4,3682.81
7895,3173,1279,4,2423.46
7896,3173,26,5,511.61
7897,3173,51,4,2357.41
7898,3174,1089,1,4394.25
7899,3174,839,1,158.88
7900,3174,1645,3,1189.64
7901,3174,287,3,3303.19
7902,3175,295,3,2319.63
7903,3175,1611,5,3365.34
7904,3175,449,5,530.54
7905,3175,1387,4,3367.36
7906,3176,1969,3,1715.61
7907,3177,1419,2,1976.41
7908,3177,505,5,1675.87
7909,3177,1919,2,2728.56
7910,3177,1849,1,218.72
7911,3178,614,5,1652.79
7912,3178,645,5,3603.51
7913,3179,1314,2,2512.48
7914,3179,329,1,4348.31
7915,3179,404,2,2513.11
7916,3179,155,1,4802.34
7917,3180,400,3,2292.53
7918,3180,1528,2,57.8
7919,3180,1903,1,2625.13
7920,3181,1081,3,1664.25
7921,3181,1285,1,1726.78
7922,3182,710,1,4079.08
7923,3183,1264,1,2891.63
7924,3184,513,1,4755.26
7925,3184,801,3,1243.14
7926,3184,137,4,2258.91
7927,3184,1030,5,291.74
7928,3185,1936,1,1780.81
7929,3185,1325,3,150.07
7930,3185,75,5,50.34
7931,3186,473,4,4766.17
7932,3187,1814,5,2755.18
7933,3187,774,5,450.99
7934,3187,1487,1,2148.84
7935,3187,831,5,1447.85
7936,3188,1509,4,1398.09
7937,3189,1020,2,3188.65
7938,3190,336,3,2584.15
7939,3190,1538,4,4609.56
7940,3190,1117,1,4353.02
7941,3191,1349,5,491.69
7942,3191,940,3,430.57
7943,3191,934,3,3262.71
7944,3191,1110,4,69.09
7945,3192,1439,3,3165.29
7946,3193,881,2,406.91
7947,3194,290,1,2858.24
7948,3195,1034,5,1140.64
7949,3195,223,1,1532.49
7950,3195,1308,3,3851.02
7951,3196,1808,2,3905.23
7952,3196,1153,3,1838.8
7953,3196,1361,2,4344.01
7954,3196,1951,2,1435.17
7955,3197,1301,1,2911.31
7956,3198,1839,1,3768.65
7957,3199,1410,5,3401.25
7958,3199,1447,3,4186.93
7959,3199,565,4,159.76
7960,3200,460,2,4443.01
7961,3201,1473,3,850.07
7962,3201,635,5,4443.09
7963,3202,1475,4,4831.22
7964,3202,497,4,540.78
7965,3202,461,1,3600.18
7966,3203,1557,3,2010.11
7967,3203,1628,4,4748.71
7968,3203,1251,2,898.05
7969,3203,1080,4,4797.15
7970,3204,1065,3,1577.35
7971,3204,375,3,1464.53
7972,3204,30,4,2949.45
7973,3205,1324,1,1491.93
7974,3206,1318,5,4006.54
7975,3206,595,2,2571.36
7976,3206,675,1,822.26
7977,3207,1223,3,2330.58
7978,3207,1213,1,2208.1
7979,3208,1183,5,309.78
7980,3208,1407,1,3110.07
7981,3208,257,3,454.34
7982,3208,488,3,1389.7
7983,3209,967,1,3884.42
7984,3210,1173,1,3799.31
7985,3210,1042,5,3030.16
7986,3211,1515,4,3802.4
7987,3211,1539,5,71.01
7988,3211,1220,5,558.75
7989,3212,1436,1,4303.05
7990,3212,1252,5,204.93
7991,3212,1443,5,1395.23
7992,3213,1259,1,338.22
7993,3213,974,2,1017.69
7994,3213,1664,2,3432.79
7995,3214,124,4,1682.42
7996,3214,1062,5,158.0
7997,3215,1195,3,63.04
7998,3216,1178,3,3058.33
7999,3217,36,1,1798.08
8000,3217,1794,4,4521.65
8001,3217,135,2,4248.92
8002,3217,1277,3,3223.63
8003,3218,269,5,1426.17
8004,3218,1553,2,3046.46
8005,3218,463,1,2370.45
8006,3219,1695,1,2160.08
8007,3219,1872,5,3813.24
8008,3219,466,2,2193.4
8009,3220,956,3,2814.27
8010,3220,1094,2,4482.97
8011,3220,577,4,1148.53
8012,3221,206,5,4141.44
8013,3221,78,3,525.53
8014,3221,146,4,2306.98
8015,3221,1479,5,772.64
8016,3222,1433,4,2525.06
8017,3223,1047,1,2250.05
8018,3223,1246,2,456.86
8019,3223,774,1,450.99
8020,3223,1961,3,1958.84
8021,3224,1546,1,3706.04
8022,3224,1992,2,531.48
8023,3224,1807,4,1458.05
8024,3225,1464,5,3568.86
8025,3225,638,2,2493.09
8026,3225,1032,1,1677.99
8027,3226,1977,3,3225.72
8028,3226,1920,1,2497.61
8029,3226,1502,3,1458.01
8030,3227,945,1,1759.69
8031,3227,786,5,287.29
8032,3227,819,5,1890.61
8033,3227,1184,2,2884.13
8034,3228,411,1,4984.22
8035,3228,1475,1,4831.22
8036,3229,982,2,294.46
8037,3229,1613,2,2651.93
8038,3229,1312,5,3510.23
8039,3230,473,3,4766.17
8040,3230,1781,4,2340.2
8041,3230,179,4,3052.29
8042,3230,1780,2,1447.92
8043,3231,95,3,1165.46
8044,3231,1695,3,2387.95
8045,3231,1045,4,973.47
8046,3231,736,3,3374.71
8047,3232,95,5,1165.46
8048,3232,133,2,3953.01
8049,3233,269,2,1338.29
8050,3233,134,4,1731.1
8051,3233,936,2,1664.96
8052,3234,745,1,2780.97
8053,3234,1646,4,4050.42
8054,3235,13,1,2227.03
8055,3235,586,2,3086.72
8056,3236,1267,1,4516.38
8057,3237,941,2,3595.58
8058,3237,1152,3,2407.53
8059,3238,1952,5,2454.26
8060,3238,373,5,4531.36
8061,3239,1383,5,76.06
8062,3239,1822,5,4240.7
8063,3239,125,5,1485.79
8064,3240,540,4,635.0
8065,3240,1938,4,2662.45
8066,3241,132,4,1956.5
8067,3241,1573,3,2276.33
8068,3241,1239,2,3172.16
8069,3242,236,1,3685.93
8070,3243,424,2,850.16
8071,3243,400,5,2808.68
8072,3244,1566,5,3082.29
8073,3244,477,3,4760.62
8074,3244,1492,5,1582.22
8075,3245,1217,4,778.06
8076,3246,558,3,132.2
8077,3247,102,2,4320.41
8078,3247,1676,5,342.22
8079,3248,521,2,2682.3
8080,3248,1360,4,2724.65
8081,3249,286,4,3684.14
8082,3249,285,5,1882.5
8083,3249,1618,2,4119.68
8084,3249,1853,1,4612.68
8085,3250,1164,5,2226.51
8086,3251,1729,3,1365.82
8087,3251,961,2,4383.36
8088,3251,918,1,709.61
8089,3251,1830,4,1574.79
8090,3252,412,1,3557.28
8091,3252,1078,4,3125.24
8092,3252,1902,2,171.38
8093,3252,1251,4,898.05
8094,3253,1880,3,1959.52
8095,3253,1745,2,524.94
8096,3253,805,5,287.96
8097,3253,210,3,1176.68
8098,3254,276,2,1435.35
8099,3254,1651,4,1559.53
8100,3255,1487,2,2148.84
8101,3255,180,4,993.26
8102,3256,1530,5,1438.4
8103,3257,269,4,1255.05
8104,3258,1281,2,4334.8
8105,3258,1318,1,4006.54
8106,3258,1176,2,1355.03
8107,3259,661,2,1784.45
8108,3259,376,1,1550.37
8109,3259,73,2,627.93
8110,3260,790,1,3447.9
8111,3260,976,4,1872.2
8112,3261,348,1,4740.53
8113,3261,1860,5,3653.4
8114,3261,1173,2,3799.31
8115,3262,712,3,1459.97
8116,3262,138,5,2467.22
8117,3263,906,5,1541.98
8118,3264,1350,5,3281.89
8119,3265,1141,1,282.75
8120,3265,1469,1,830.75
8121,3265,1617,4,1107.75
8122,3265,1328,2,1629.06
8123,3266,480,4,2516.48
8124,3266,293,4,3047.2
8125,3267,880,5,4537.46
8126,3267,1676,2,290.4
8127,3267,1021,5,3684.3
8128,3267,1510,4,1417.49
8129,3268,284,2,434.25
8130,3268,989,2,3534.48
8131,3268,584,1,1765.65
8132,3268,1259,3,279.25
8133,3269,431,1,2876.06
8134,3270,113,2,1021.83
8135,3271,1459,3,2168.65
8136,3271,1955,5,1704.13
8137,3271,832,4,1695.78
8138,3272,348,4,4219.29
8139,3273,1077,2,1521.49
8140,3273,1787,5,3112.51
8141,3274,1407,1,3721.74
8142,3275,1857,1,4958.76
8143,3275,1652,2,342.56
8144,3275,693,4,2758.72
8145,3275,1563,2,3043.83
8146,3276,215,2,1855.51
8147,3276,909,1,1895.6
8148,3276,1885,4,2638.54
8149,3276,1276,4,4775.49
8150,3277,245,2,4956.68
8151,3277,1691,5,40.92
8152,3277,1083,4,2480.07
8153,3277,273,1,2698.03
8154,3278,451,3,3672.78
8155,3278,1581,4,2985.72
8156,3279,1167,3,2893.83
8157,3279,827,4,4876.94
8158,3279,1090,4,2954.17
8159,3280,79,5,2248.46
8160,3280,1955,5,1411.48
8161,3281,1180,1,3403.33
8162,3281,730,3,1887.22
8163,3281,477,4,4760.62
8164,3282,1304,2,1897.21
8165,3283,1162,5,260.62
8166,3283,1847,3,3422.2
8167,3283,927,5,3677.85
8168,3283,531,2,1087.63
8169,3284,24,4,4213.26
8170,3284,692,1,3868.42
8171,3284,1289,4,823.25
8172,3285,1303,4,68.4
8173,3285,1840,2,1085.1
8174,3285,1971,1,3384.04
8175,3285,1313,2,3745.01
8176,3286,606,5,4515.64
8177,3286,781,1,2337.04
8178,3287,1738,4,1570.78
8179,3287,627,2,3263.19
8180,3287,1607,2,2615.57
8181,3288,500,3,1122.63
8182,3288,360,5,3919.53
8183,3289,379,3,323.37
8184,3289,1556,2,1976.36
8185,3290,1308,4,3851.02
8186,3290,891,2,2534.47
8187,3290,1928,1,664.98
8188,3290,1566,4,3082.29
8189,3291,213,3,161.25
8190,3291,1005,2,481.2
8191,3292,413,2,3760.67
8192,3292,1591,1,2399.51
8193,3292,1873,3,2032.74
8194,3293,1123,3,525.57
8195,3293,1876,5,915.48
8196,3293,1304,3,2267.28
8197,3294,1257,1,3065.38
8198,3294,333,4,4209.31
8199,3295,483,5,4001.43
8200,3295,92,5,4458.7
8201,3295,239,4,2738.72
8202,3296,1462,5,3236.96
8203,3297,760,2,1548.92
8204,3297,1322,1,1845.14
8205,3297,92,1,4458.7
8206,3298,1215,3,627.48
8207,3298,763,2,3663.37
8208,3298,1537,4,3391.26
8209,3298,352,5,499.9
8210,3299,1113,1,1117.82
8211,3299,572,2,3464.96
8212,3299,750,5,2618.93
8213,3299,1565,5,3779.56
8214,3300,963,2,577.79
8215,3301,1194,2,472.3
8216,3301,1030,5,291.74
8217,3301,1594,3,2659.84
8218,3302,601,3,4765.61
8219,3303,1180,4,3403.33
8220,3303,868,5,991.31
8221,3303,1153,3,1838.8
8222,3304,32,4,3938.64
8223,3305,1159,5,3012.68
8224,3305,295,4,2319.63
8225,3305,1844,2,545.23
8226,3306,1545,4,2490.28
8227,3306,1796,4,4111.65
8228,3306,591,5,3510.59
8229,3306,58,1,4880.59
8230,3307,1780,4,1696.82
8231,3307,1481,4,1236.14
8232,3307,1965,1,4421.08
8233,3307,91,2,1079.3
8234,3308,1606,4,2164.96
8235,3308,362,5,2124.32
8236,3309,1178,2,3058.33
8237,3309,1703,4,3435.52
8238,3309,821,3,1562.15
8239,3310,459,1,2672.36
8240,3311,1599,4,778.25
8241,3311,966,1,332.35
8242,3312,1535,3,2002.12
8243,3313,352,5,499.9
8244,3313,241,4,3425.75
8245,3313,1673,1,3935.36
8246,3314,1296,3,292.88
8247,3314,624,5,465.0
8248,3314,1614,4,3839.32
8249,3314,840,3,1257.06
8250,3315,1471,1,1253.11
8251,3315,1808,4,3131.91
8252,3315,280,2,1813.12
8253,3315,1839,5,3768.65
8254,3316,1752,5,3707.7
8255,3316,857,4,1674.64
8256,3316,797,1,4573.17
8257,3316,61,3,2577.12
8258,3317,210,5,1176.68
8259,3317,1651,4,1306.39
8260,3318,1290,4,105.22
8261,3318,1566,2,3082.29
8262,3319,1218,4,1559.38
8263,3319,1183,3,331.37
8264,3319,1421,5,4859.69
8265,3319,1587,5,2450.05
8266,3320,574,4,1076.88
8267,3321,1483,4,3237.23
8268,3321,88,5,903.79
8269,3321,873,5,4733.69
8270,3321,1363,3,1034.2
8271,3322,997,1,3718.89
8272,3322,940,5,374.45
8273,3322,1040,4,852.31
8274,3323,1801,5,3783.26
8275,3324,1173,3,3799.31
8276,3324,1703,2,3435.52
8277,3325,974,5,1017.69
8278,3325,1673,2,3935.36
8279,3325,1359,5,3802.52
8280,3325,996,3,2795.3
8281,3326,1349,1,425.81
8282,3326,26,2,410.58
8283,3326,1883,3,650.77
8284,3327,1829,4,2889.46
8285,3327,259,3,3788.75
8286,3327,632,3,1782.86
8287,3327,1395,2,2500.5
8288,3328,1350,5,3281.89
8289,3328,1525,2,2999.67
8290,3328,1810,4,1849.5
8291,3328,420,2,1670.21
8292,3329,194,4,75.95
8293,3329,634,4,3067.03
8294,3330,25,2,3831.09
8295,3330,1166,2,4725.81
8296,3331,135,4,4248.92
8297,3331,617,1,145.49
8298,3331,1886,4,2439.86
8299,3332,1281,1,4697.79
8300,3332,226,2,1054.31
8301,3332,506,2,4132.1
8302,3333,1491,5,2694.2
8303,3334,1999,1,2205.49
8304,3335,373,4,4531.36
8305,3335,555,2,4404.23
8306,3335,735,4,1776.43
8307,3336,1275,2,1634.7
8308,3337,325,3,778.82
8309,3337,301,4,1012.97
8310,3338,1042,4,3030.16
8311,3338,1149,5,4334.54
8312,3338,1263,5,2295.53
8313,3339,174,1,357.36
8314,3339,98,2,2836.46
8315,3339,1599,4,845.13
8316,3339,77,2,2347.34
8317,3340,818,3,1691.29
8318,3341,672,2,2422.67
8319,3341,12,4,1305.93
8320,3341,1853,4,4612.68
8321,3342,404,1,2513.11
8322,3342,1880,5,1959.52
8323,3342,1654,5,1610.37
8324,3343,986,4,4071.69
8325,3343,320,2,2079.78
8326,3343,1586,4,3954.89
8327,3344,1890,5,1462.22
8328,3344,385,2,4309.91
8329,3344,531,2,1161.66
8330,3344,1538,4,4609.56
8331,3345,964,5,2605.27
8332,3345,417,1,622.91
8333,3345,222,2,3693.53
8334,3346,1679,3,1438.31
8335,3346,916,2,4904.69
8336,3346,1274,2,3575.02
8337,3347,601,5,4765.61
8338,3347,1243,5,3945.21
8339,3347,630,1,2446.22
8340,3348,310,5,3134.88
8341,3349,1853,2,4612.68
8342,3350,1980,2,885.72
8343,3351,1855,5,3510.07
8344,3351,5,1,4405.06
8345,3352,1995,1,2213.54
8346,3353,1211,1,1630.48
8347,3353,1856,5,1532.93
8348,3354,992,3,3206.36
8349,3355,607,1,4648.41
8350,3355,747,2,638.84
8351,3355,552,2,3735.2
8352,3355,309,4,494.89
8353,3356,1027,5,1879.49
8354,3357,67,5,4645.47
8355,3358,789,2,1432.18
8356,3358,1697,5,2034.38
8357,3358,883,3,777.84
8358,3359,1313,4,4023.94
8359,3360,1748,2,681.78
8360,3361,294,5,4193.11
8361,3361,344,1,4211.01
8362,3362,1410,5,3331.02
8363,3362,713,4,4319.36
8364,3362,1754,5,1040.98
8365,3362,1351,1,2492.74
8366,3363,628,4,4349.75
8367,3363,212,4,803.2
8368,3363,365,3,3640.24
8369,3363,73,4,700.9
8370,3364,1597,1,4997.07
8371,3364,1812,2,3787.64
8372,3364,10,1,3381.16
8373,3364,56,2,3613.22
8374,3365,1589,5,457.62
8375,3365,755,4,3263.47
8376,3365,452,5,3867.18
8377,3365,736,2,3374.71
8378,3366,1328,1,1629.06
8379,3366,299,3,2422.18
8380,3367,1320,4,963.37
8381,3367,931,5,4109.59
8382,3367,370,4,4704.13
8383,3367,1712,2,3108.47
8384,3368,1399,3,2439.89
8385,3368,1436,2,4303.05
8386,3368,697,5,1310.25
8387,3368,1152,4,2407.53
8388,3369,315,4,1223.18
8389,3369,1866,4,3049.22
8390,3369,1996,5,1225.16
8391,3369,1323,4,961.89
8392,3370,1148,4,180.53
8393,3371,1155,4,2298.98
8394,3371,373,1,4531.36
8395,3372,714,3,4198.07
8396,3373,661,4,1784.45
8397,3373,823,2,4892.28
8398,3373,499,4,3719.03
8399,3373,1883,5,641.87
8400,3374,746,4,4857.48
8401,3375,471,5,1914.7
8402,3375,1346,3,1135.36
8403,3376,30,3,2949.45
8404,3376,754,3,1620.48
8405,3376,1892,1,3558.21
8406,3377,1338,3,2432.88
8407,3377,450,4,420.78
8408,3377,1270,5,4109.19
8409,3377,1735,2,4147.46
8410,3378,52,3,4005.77
8411,3378,429,2,4839.22
8412,3379,745,2,2780.97
8413,3380,1706,4,3051.31
8414,3380,256,4,1368.27
8415,3381,1971,3,2895.36
8416,3381,1031,5,2261.27
8417,3382,130,2,68.29
8418,3382,329,4,4348.31
8419,3382,612,2,3147.96
8420,3382,852,5,51.74
8421,3383,745,2,2400.43
8422,3383,99,5,3376.61
8423,3383,107,5,3963.87
8424,3383,812,2,4622.84
8425,3384,570,5,2071.01
8426,3384,1454,5,869.09
8427,3385,1961,2,2267.48
8428,3385,569,3,3518.66
8429,3385,910,2,1668.52
8430,3386,1765,5,486.6
8431,3386,685,1,377.49
8432,3386,100,3,4670.26
8433,3386,397,3,4722.85
8434,3387,406,5,1055.92
8435,3388,1541,1,482.43
8436,3389,1556,3,1976.36
8437,3389,721,5,93.68
8438,3389,1404,4,1949.35
8439,3390,1805,2,2631.43
8440,3391,1966,5,4882.44
8441,3391,1618,5,4119.68
8442,3391,877,4,4109.42
8443,3392,1716,4,1911.59
8444,3392,1084,5,2561.27
8445,3393,228,3,2806.76
8446,3393,1310,4,4690.14
8447,3393,614,4,1652.79
8448,3393,232,3,3846.85
8449,3394,4,4,2142.69
8450,3395,59,4,2827.46
8451,3395,1974,3,503.16
8452,3396,317,4,2700.01
8453,3396,1884,4,347.97
8454,3396,1000,3,1052.48
8455,3396,1577,1,573.06
8456,3397,190,2,718.09
8457,3397,1910,2,4302.81
8458,3397,768,1,2222.8
8459,3398,1975,1,3658.73
8460,3398,907,5,572.97
8461,3398,1074,5,1090.35
8462,3399,1190,5,2212.05
8463,3399,1887,3,80.56
8464,3400,1924,5,2464.66
8465,3400,981,5,355.18
8466,3401,365,5,3968.22
8467,3401,319,4,684.29
8468,3401,1127,4,903.31
8469,3402,1928,2,664.98
8470,3402,940,4,399.3
8471,3403,632,4,2090.66
8472,3403,1675,2,4618.9
8473,3404,1639,5,280.07
8474,3405,36,3,1798.08
8475,3405,296,5,2266.44
8476,3405,1477,5,2470.35
8477,3405,559,1,2291.41
8478,3406,560,2,3488.28
8479,3406,178,3,4327.53
8480,3406,426,5,1966.25
8481,3406,1836,5,556.09
8482,3407,1281,3,4697.79
8483,3407,77,2,2924.08
8484,3407,782,3,125.92
8485,3408,1557,5,2010.11
8486,3408,1291,3,1661.86
8487,3408,1729,1,1285.74
8488,3409,288,1,4203.67
8489,3409,373,1,4531.36
8490,3410,272,2,3043.68
8491,3411,1696,1,979.19
8492,3411,945,1,1759.69
8493,3412,784,1,2566.81
8494,3412,433,1,4118.38
8495,3412,328,4,4328.97
8496,3412,1146,3,193.06
8497,3413,1619,3,3696.14
8498,3414,158,5,2751.69
8499,3415,550,4,1826.29
8500,3416,567,3,4674.9
8501,3416,538,3,2135.71
8502,3416,233,1,314.31
8503,3416,674,2,3045.84
8504,3417,182,4,1313.45
8505,3417,157,2,4489.54
8506,3417,1692,2,1836.1
8507,3417,1191,4,2506.31
8508,3418,559,4,2291.41
8509,3418,2,1,1349.08
8510,3418,596,3,1231.48
8511,3418,235,4,187.06
8512,3419,123,5,2822.61
8513,3419,1864,5,4244.91
8514,3419,1687,4,2836.91
8515,3420,1139,1,2565.96
8516,3420,315,5,1223.18
8517,3420,1144,4,3583.15
8518,3421,729,2,3272.63
8519,3421,1120,1,3248.65
8520,3421,1004,1,4068.39
8521,3421,1361,3,4344.01
8522,3422,1502,5,1662.88
8523,3423,1538,3,4609.56
8524,3423,1147,4,2770.28
8525,3423,1181,5,4895.42
8526,3423,635,2,4443.09
8527,3424,221,1,1054.07
8528,3425,1556,4,1587.29
8529,3426,254,3,3914.95
8530,3426,928,3,2869.1
8531,3426,1388,5,1427.84
8532,3427,419,2,4187.66
8533,3428,1946,2,1059.73
8534,3428,505,3,1675.87
8535,3428,1587,3,2450.05
8536,3429,1605,2,4362.29
8537,3429,1461,4,3052.71
8538,3429,1328,1,1629.06
8539,3430,1823,4,788.45
8540,3430,15,1,1839.9
8541,3431,828,5,3556.68
8542,3431,849,4,2398.69
8543,3431,1156,4,2256.18
8544,3432,48,1,2706.15
8545,3432,1680,2,1224.93
8546,3432,1493,3,3432.41
8547,3433,16,1,938.32
8548,3433,1363,2,938.76
8549,3434,106,3,833.52
8550,3434,1558,5,2141.71
8551,3434,1220,4,558.75
8552,3435,1983,3,3431.48
8553,3435,987,2,4441.98
8554,3435,1826,4,64.33
8555,3436,897,1,1906.85
8556,3437,668,1,371.43
8557,3437,1523,1,118.31
8558,3438,660,2,2431.78
8559,3438,758,4,3980.65
8560,3438,1525,5,3157.81
8561,3438,54,2,219.62
8562,3439,125,3,1205.1
8563,3439,1170,5,1315.23
8564,3439,1019,2,256.59
8565,3439,597,2,513.89
8566,3440,1774,4,827.58
8567,3440,819,4,1993.87
8568,3441,1130,1,2324.01
8569,3441,534,4,124.86
8570,3441,1373,2,3734.91
8571,3441,983,5,431.86
8572,3442,1021,5,3166.73
8573,3442,559,3,2291.41
8574,3443,171,1,2039.51
8575,3443,893,4,92.41
8576,3444,1630,4,1099.71
8577,3445,1854,2,4400.58
8578,3446,1549,4,3386.6
8579,3446,1147,5,3066.56
8580,3446,257,1,454.34
8581,3447,499,2,3209.93
8582,3447,1534,3,1497.27
8583,3447,61,3,3122.29
8584,3447,390,4,608.13
8585,3448,34,5,2908.0
8586,3448,286,5,4563.87
8587,3448,500,2,1122.63
8588,3449,436,1,3416.45
8589,3449,649,4,127.94
8590,3450,682,2,4710.39
8591,3450,392,3,3863.0
8592,3451,494,2,2644.3
8593,3452,1855,1,3510.07
8594,3452,442,5,1976.35
8595,3452,1018,3,4664.27
8596,3453,1943,2,1101.53
8597,3454,197,3,108.89
8598,3454,1322,5,1814.4
8599,3455,1680,5,1126.36
8600,3455,1807,3,1382.96
8601,3455,1283,2,1173.64
8602,3456,1769,3,4216.87
8603,3456,681,4,2163.86
8604,3456,195,4,1175.77
8605,3457,609,3,1519.93
8606,3457,1510,5,1417.49
8607,3457,967,1,3203.63
8608,3458,1603,1,774.75
8609,3458,1192,5,4478.16
8610,3458,399,2,935.5
8611,3458,1040,4,852.31
8612,3459,282,5,614.76
8613,3459,1719,4,4207.69
8614,3460,1590,1,3842.98
8615,3460,1807,3,1458.05
8616,3460,523,2,3040.6
8617,3461,953,4,3227.55
8618,3461,1320,1,1133.36
8619,3462,1913,5,1757.73
8620,3462,1366,1,3346.76
8621,3463,1850,2,3786.95
8622,3463,414,2,85.75
8623,3463,964,4,2605.27
8624,3463,466,5,2193.4
8625,3464,1271,2,1493.44
8626,3464,339,3,2744.38
8627,3465,713,2,4319.36
8628,3465,1489,2,1547.24
8629,3465,184,4,1497.19
8630,3466,512,1,1931.53
8631,3466,228,2,3049.62
8632,3466,1352,3,409.65
8633,3467,90,4,4686.08
8634,3468,334,3,2936.14
8635,3468,1584,3,4258.11
8636,3469,651,1,140.09
8637,3469,1133,4,2239.95
8638,3469,995,4,3117.51
8639,3469,1482,4,1374.53
8640,3470,856,3,4713.32
8641,3470,1406,1,387.19
8642,3470,525,5,585.54
8643,3470,670,4,4951.0
8644,3471,1194,4,472.3
8645,3471,1297,2,1916.18
8646,3471,1752,3,3707.7
8647,3472,1762,1,773.37
8648,3473,1254,5,4319.49
8649,3473,169,5,1877.04
8650,3474,795,1,2034.25
8651,3474,1339,3,1539.51
8652,3474,223,1,1865.59
8653,3475,747,1,594.28
8654,3475,516,2,3302.52
8655,3476,1936,2,1780.81
8656,3476,584,4,1765.65
8657,3476,128,4,4912.65
8658,3476,297,4,1684.64
8659,3477,1331,3,772.13
8660,3477,1098,4,4970.86
8661,3477,870,3,2449.83
8662,3478,517,1,586.1
8663,3478,1718,2,4491.54
8664,3479,1096,2,2154.04
8665,3480,133,1,3953.01
8666,3480,332,3,4663.2
8667,3480,456,4,172.39
8668,3480,337,5,889.63
8669,3481,1670,2,3775.41
8670,3482,1929,3,3451.12
8671,3483,598,4,298.55
8672,3484,47,5,3859.05
8673,3484,858,2,4288.06
8674,3484,20,2,3466.81
8675,3485,1466,1,2812.37
8676,3486,1895,1,3817.11
8677,3486,370,4,4460.64
8678,3486,1890,4,1462.22
8679,3487,1000,2,1180.66
8680,3487,711,2,2912.45
8681,3488,611,1,3903.33
8682,3489,1405,3,838.81
8683,3490,791,5,1394.32
8684,3490,711,5,2588.17
8685,3490,1942,3,119.81
8686,3490,1629,4,844.45
8687,3491,1051,2,1535.78
8688,3492,1774,5,827.58
8689,3492,1317,5,4464.53
8690,3492,221,5,863.46
8691,3492,324,3,377.72
8692,3493,1860,2,3653.4
8693,3493,1257,5,3065.38
8694,3494,517,3,539.31
8695,3494,1563,3,3043.83
8696,3495,1325,5,150.07
8697,3495,241,2,3425.75
8698,3495,1418,4,203.29
8699,3496,750,2,2202.52
8700,3497,141,4,1279.05
8701,3497,779,2,76.77
8702,3498,536,4,2265.43
8703,3499,1425,3,2840.04
8704,3499,1292,4,3753.38
8705,3500,1108,2,2593.33
8706,3501,1399,5,2617.78
8707,3501,1154,2,872.87
8708,3501,810,1,2204.95
8709,3501,1077,4,1521.49
8710,3502,1682,2,1650.57
8711,3502,12,3,1305.93
8712,3503,1452,4,764.05
8713,3503,1160,4,1408.95
8714,3504,604,1,3820.72
8715,3504,1420,2,3385.06
8716,3505,6,5,433.95
8717,3505,381,2,3450.0
8718,3505,365,1,3968.22
8719,3506,781,5,2720.54
8720,3506,345,5,4476.61
8721,3506,314,1,1806.19
8722,3506,662,2,1537.86
8723,3507,319,5,684.29
8724,3507,152,2,2344.25
8725,3507,1863,3,4385.05
8726,3507,1883,2,615.21
8727,3508,1163,5,1790.9
8728,3508,432,5,4230.98
8729,3509,642,5,3320.23
8730,3510,1824,4,3280.48
8731,3510,1589,1,457.62
8732,3510,1245,3,71.7
8733,3511,1448,1,3950.08
8734,3512,1649,3,3713.09
8735,3512,1321,1,1145.46
8736,3513,1085,5,3942.42
8737,3513,1670,1,3775.41
8738,3513,358,5,1233.98
8739,3514,1995,1,2213.54
8740,3515,599,3,4935.59
8741,3515,1568,2,1945.21
8742,3515,1341,4,2068.83
8743,3515,1452,1,764.05
8744,3516,616,5,4320.21
8745,3517,1155,2,2108.67
8746,3517,1865,3,1373.92
8747,3517,1796,1,4111.65
8748,3518,1976,5,2781.03
8749,3518,903,5,2390.95
8750,3518,1814,5,2755.18
8751,3518,1267,2,4516.38
8752,3519,471,4,1914.7
8753,3520,1591,2,2614.03
8754,3520,93,5,635.41
8755,3520,742,3,1149.62
8756,3521,830,3,1158.94
8757,3521,1317,1,4464.53
8758,3521,1961,2,2267.48
8759,3522,535,1,2607.22
8760,3522,965,3,1691.03
8761,3523,93,3,683.08
8762,3523,1883,2,692.17
8763,3523,1994,3,3216.2
8764,3524,599,5,4935.59
8765,3524,1852,3,467.58
8766,3524,728,4,1720.04
8767,3524,506,4,4075.75
8768,3525,347,1,4172.85
8769,3525,1054,5,872.43
8770,3525,13,4,2227.03
8771,3525,1775,1,3513.61
8772,3526,1081,4,1664.25
8773,3526,1741,5,1288.8
8774,3526,1247,3,3146.26
8775,3526,375,1,1464.53
8776,3527,1539,2,87.6
8777,3528,1877,1,896.41
8778,3528,1958,5,4221.55
8779,3529,327,2,1236.95
8780,3529,463,4,2370.45
8781,3529,1393,2,484.39
8782,3530,1234,3,552.76
8783,3531,822,5,2591.8
8784,3531,1042,1,3030.16
8785,3531,406,5,1153.0
8786,3532,954,5,4296.56
8787,3532,274,5,80.75
8788,3533,1818,4,791.28
8789,3533,407,1,2291.87
8790,3534,326,3,2119.6
8791,3534,166,3,1736.55
8792,3535,121,5,926.94
8793,3536,362,1,2162.45
8794,3536,1829,1,2889.46
8795,3536,1311,3,4424.0
8796,3536,1589,4,457.62
8797,3537,1015,1,2659.87
8798,3537,1959,3,2299.44
8799,3538,705,5,4232.36
8800,3538,795,3,2034.25
8801,3539,1146,5,195.09
8802,3539,206,5,4141.44
8803,3540,632,3,2090.66
8804,3541,483,4,4941.39
8805,3541,1033,2,3497.95
8806,3541,1489,5,1547.24
8807,3542,485,2,2848.42
8808,3542,1734,3,2831.8
8809,3542,1456,4,3421.86
8810,3542,1123,3,577.55
8811,3543,1943,4,922.87
8812,3544,1545,5,2804.73
8813,3545,577,5,1148.53
8814,3545,821,1,1562.15
8815,3545,1568,1,1744.34
8816,3546,1446,5,3216.05
8817,3546,1091,1,1791.26
8818,3546,995,2,3117.51
8819,3546,1475,5,4831.22
8820,3547,470,4,2867.01
8821,3547,1318,1,4006.54
8822,3547,1846,1,666.7
8823,3548,1740,4,2678.81
8824,3549,976,3,1872.2
8825,3549,1213,5,2208.1
8826,3550,1494,3,195.63
8827,3550,588,5,1443.82
8828,3550,1380,5,3487.7
8829,3550,1576,5,3852.85
8830,3551,1507,1,526.19
8831,3551,919,5,3777.02
8832,3551,1492,2,1582.22
8833,3551,315,3,1223.18
8834,3552,1219,1,2455.23
8835,3553,518,1,2494.14
8836,3553,1228,3,1898.35
8837,3553,1411,5,3246.16
8838,3554,744,3,2156.28
8839,3554,50,5,2218.47
8840,3554,530,3,1905.89
8841,3554,1801,5,4297.61
8842,3555,1022,2,1040.02
8843,3555,511,1,2708.16
8844,3555,1229,4,4239.84
8845,3555,330,2,4405.2
8846,3556,1180,5,3403.33
8847,3556,1001,2,2482.85
8848,3557,1119,4,3549.39
8849,3557,1969,4,1715.61
8850,3557,1951,1,1361.88
8851,3557,1764,5,2524.19
8852,3558,1558,2,2317.69
8853,3558,1739,2,4090.09
8854,3559,943,2,3890.6
8855,3559,1495,5,2805.26
8856,3559,1268,4,1590.21
8857,3560,1372,5,964.44
8858,3560,1715,3,2629.82
8859,3561,1597,4,4997.07
8860,3561,1209,4,1595.38
8861,3562,816,1,1105.36
8862,3563,1239,4,2558.48
8863,3564,196,1,1975.92
8864,3565,838,4,1605.7
8865,3565,1374,1,4245.98
8866,3566,1830,5,1299.51
8867,3566,650,1,2104.28
8868,3566,1181,1,4369.92
8869,3566,836,4,3184.86
8870,3567,1780,4,1696.82
8871,3568,1285,5,1726.78
8872,3569,1299,3,4280.63
8873,3569,907,5,572.97
8874,3569,1319,5,498.27
8875,3570,260,3,60.74
8876,3570,329,4,4348.31
8877,3570,1355,5,4828.7
8878,3571,1759,4,290.64
8879,3571,900,5,3184.82
8880,3571,884,4,2740.58
8881,3571,1523,2,118.31
8882,3572,258,4,4301.51
8883,3572,1458,4,1609.23
8884,3573,43,3,1023.48
8885,3573,1641,4,1612.78
8886,3573,1049,2,4572.88
8887,3573,586,2,3086.72
8888,3574,1671,1,2466.95
8889,3574,615,1,4116.86
8890,3574,300,4,2023.1
8891,3575,1346,2,1135.36
8892,3575,625,2,4059.0
8893,3575,1648,3,4000.16
8894,3576,1752,2,3707.7
8895,3576,79,4,2248.46
8896,3577,681,3,2163.86
8897,3578,968,4,967.88
8898,3579,646,4,807.46
8899,3579,1275,1,1634.7
8900,3579,1135,2,2723.74
8901,3579,777,3,1849.34
8902,3580,1971,5,3384.04
8903,3580,1857,1,4958.76
8904,3581,584,3,1765.65
8905,3581,463,1,2078.86
8906,3581,1247,4,3146.26
8907,3582,1465,5,2424.32
8908,3582,1815,5,3436.44
8909,3582,941,2,3595.58
8910,3583,11,4,3350.54
8911,3583,635,1,4443.09
8912,3583,672,1,2280.01
8913,3584,500,1,1122.63
8914,3585,947,3,3952.8
8915,3586,230,1,1092.51
8916,3586,566,1,3330.9
8917,3587,902,2,2296.46
8918,3587,1724,1,2941.61
8919,3587,1659,3,479.37
8920,3588,1506,5,681.79
8921,3588,1581,3,2985.72
8922,3588,954,3,4296.56
8923,3588,1355,2,4828.7
8924,3589,872,5,1242.24
8925,3589,59,2,3151.73
8926,3589,675,5,765.82
8927,3590,1295,1,4824.7
8928,3591,1272,2,855.09
8929,3591,1205,2,4795.08
8930,3591,698,1,4188.03
8931,3592,680,1,3366.64
8932,3592,1767,3,2213.8
8933,3592,1494,1,195.63
8934,3593,208,3,1246.29
8935,3594,372,5,1767.22
8936,3594,440,1,4235.09
8937,3594,1488,3,1442.6
8938,3594,341,4,4501.12
8939,3595,1526,4,2734.98
8940,3595,1452,5,764.05
8941,3595,970,5,1564.11
8942,3595,114,3,3138.55
8943,3596,1016,4,4654.08
8944,3597,1677,1,828.77
8945,3597,1336,3,3168.5
8946,3597,58,2,4880.59
8947,3598,981,1,289.36
8948,3598,1010,4,4593.25
8949,3599,356,1,4465.31
8950,3600,1222,3,43.71
8951,3600,302,5,33.26
8952,3600,1843,5,4261.48
8953,3600,1800,2,1027.07
8954,3601,745,4,2780.97
8955,3601,843,1,1112.41
8956,3602,919,2,4303.03
8957,3602,573,2,1933.49
8958,3602,1043,5,3676.55
8959,3603,17,5,4936.1
8960,3603,429,2,4839.22
8961,3603,840,5,1257.06
8962,3604,1554,4,4999.52
8963,3604,922,5,756.87
8964,3604,1283,4,1132.47
8965,3605,1580,4,4757.61
8966,3605,28,4,4654.11
8967,3606,1221,4,216.18
8968,3607,789,4,1432.18
8969,3607,1771,1,3405.76
8970,3608,1956,4,794.52
8971,3608,1968,5,167.07
8972,3608,180,4,993.26
8973,3609,598,1,298.55
8974,3610,837,1,2012.86
8975,3610,1349,3,491.69
8976,3610,1717,2,4935.75
8977,3611,1152,3,2407.53
8978,3611,439,1,4256.54
8979,3611,1326,4,821.14
8980,3612,1157,2,3021.97
8981,3612,304,1,4475.38
8982,3612,1471,2,1253.11
8983,3613,577,5,1148.53
8984,3613,1912,2,4495.58
8985,3614,1431,5,2705.27
8986,3614,224,2,869.06
8987,3615,959,3,1380.51
8988,3615,116,3,1301.79
8989,3615,35,5,1386.08
8990,3616,1821,5,4780.59
8991,3616,1395,2,2500.5
8992,3616,1343,3,2668.19
8993,3616,1512,5,3381.05
8994,3617,89,2,65.93
8995,3617,1769,4,4216.87
8996,3618,414,5,85.75
8997,3618,185,5,1050.24
8998,3619,354,2,1420.94
8999,3619,335,1,3956.9
9000,3620,1405,2,894.37
9001,3620,333,2,4209.31
9002,3621,1558,1,2317.69
9003,3621,1297,2,1916.18
9004,3622,1922,3,2409.88
9005,3622,1752,5,3707.7
9006,3622,1989,2,2713.54
9007,3623,903,3,2116.9
9008,3623,1942,2,111.75
9009,3623,310,3,2607.11
9010,3624,662,3,1537.86
9011,3624,56,2,3613.22
9012,3624,1710,4,1551.52
9013,3625,1610,5,386.02
9014,3625,434,1,2688.44
9015,3625,521,3,2682.3
9016,3625,1834,2,3953.74
9017,3626,1838,1,504.85
9018,3626,987,2,4441.98
9019,3626,498,5,539.19
9020,3627,1127,4,778.22
9021,3627,80,3,3663.41
9022,3628,127,3,4711.87
9023,3628,663,5,1192.72
9024,3628,1128,2,912.22
9025,3629,1669,5,3246.59
9026,3629,1665,1,1975.67
9027,3629,1984,3,808.92
9028,3629,928,4,3423.28
9029,3630,1313,3,4023.94
9030,3630,923,4,1277.43
9031,3631,670,4,4951.0
9032,3631,114,5,3138.55
9033,3632,280,2,1665.72
9034,3632,1033,2,3497.95
9035,3633,1443,1,1395.23
9036,3633,1331,4,690.31
9037,3633,947,4,3952.8
9038,3633,1787,2,3811.84
9039,3634,1514,5,2850.95
9040,3634,1753,5,444.61
9041,3634,1847,3,3422.2
9042,3635,1565,5,3779.56
9043,3636,1216,5,3884.97
9044,3637,422,2,3221.91
9045,3637,511,1,2708.16
9046,3638,1865,3,1252.4
9047,3638,735,2,1776.43
9048,3638,1222,1,43.71
9049,3638,338,2,90.16
9050,3639,720,5,2189.31
9051,3639,959,4,1519.27
9052,3639,949,5,3259.59
9053,3640,323,2,3121.78
9054,3641,1127,5,903.31
9055,3642,241,3,3425.75
9056,3643,1354,3,2081.24
9057,3644,1050,4,105.34
9058,3645,788,3,3158.56
9059,3645,1045,3,973.47
9060,3645,1412,3,2409.48
9061,3645,1219,4,2455.23
9062,3646,1202,4,3015.22
9063,3646,1723,1,4323.91
9064,3647,771,3,289.99
9065,3648,850,3,34.16
9066,3649,1405,4,894.37
9067,3650,832,4,1455.75
9068,3650,1321,5,1145.46
9069,3650,114,2,3138.55
9070,3650,81,1,4131.94
9071,3651,1521,2,4472.71
9072,3651,1038,5,3473.06
9073,3651,1595,4,1776.86
9074,3652,1438,1,2655.69
9075,3652,1067,2,3205.61
9076,3653,139,2,4354.65
9077,3653,1565,3,3535.5
9078,3654,1336,3,3168.5
9079,3654,1468,1,2274.06
9080,3654,1408,2,1237.85
9081,3655,1020,2,3188.65
9082,3656,317,4,2700.01
9083,3656,1110,3,81.81
9084,3657,524,2,3488.55
9085,3657,1768,5,3632.43
9086,3657,259,2,3788.75
9087,3657,120,1,474.18
9088,3658,550,1,2260.59
9089,3658,29,5,3565.89
9090,3658,879,3,449.66
9091,3658,540,2,635.0
9092,3659,35,4,1386.08
9093,3660,1951,5,1299.3
9094,3660,699,5,4601.64
9095,3661,1771,1,2916.35
9096,3661,214,4,3316.61
9097,3662,449,1,530.54
9098,3662,448,1,1229.89
9099,3662,509,4,3670.29
9100,3663,1003,5,4496.47
9101,3664,177,5,2145.9
9102,3664,912,5,3354.45
9103,3664,443,3,4944.73
9104,3665,559,4,2291.41
9105,3666,16,4,938.32
9106,3666,1656,4,1699.76
9107,3666,112,5,373.87
9108,3667,1944,1,4317.22
9109,3667,415,5,273.97
9110,3668,149,3,708.87
9111,3669,573,4,1933.49
9112,3669,852,3,45.28
9113,3669,213,2,161.25
9114,3670,539,1,4274.76
9115,3670,1578,3,2695.81
9116,3671,460,4,4443.01
9117,3672,20,2,3466.81
9118,3672,514,4,755.11
9119,3672,1503,1,4559.11
9120,3672,966,3,406.68
9121,3673,812,5,4622.84
9122,3673,1682,3,1650.57
9123,3674,1448,3,3950.08
9124,3674,1765,4,460.74
9125,3674,34,4,2908.0
9126,3674,393,2,3676.91
9127,3675,1924,1,2698.77
9128,3675,1078,5,3125.24
9129,3675,161,3,55.99
9130,3676,1602,4,2669.18
9131,3676,1827,2,1992.86
9132,3676,1764,1,2524.19
9133,3676,315,2,1223.18
9134,3677,1706,3,3582.05
9135,3677,629,5,3170.8
9136,3677,919,3,4303.03
9137,3677,669,3,3129.58
9138,3678,1477,3,2470.35
9139,3678,1738,5,1876.76
9140,3678,1486,3,2349.15
9141,3678,1817,1,3240.09
9142,3679,689,5,42.67
9143,3679,960,1,1695.67
9144,3679,1024,5,2013.75
9145,3680,1195,3,69.7
9146,3681,626,4,739.49
9147,3682,1447,5,4186.93
9148,3682,1052,1,2070.73
9149,3682,1597,4,4997.07
9150,3682,1968,4,167.07
9151,3683,1724,5,2941.61
9152,3683,599,4,4935.59
9153,3683,1552,5,1696.07
9154,3684,1574,2,2422.76
9155,3685,1094,5,4482.97
9156,3685,1509,1,1202.66
9157,3685,1110,4,71.34
9158,3686,1910,4,4302.81
9159,3686,179,2,3052.29
9160,3687,496,1,2342.32
9161,3687,1115,3,3751.63
9162,3687,1307,5,2113.57
9163,3688,698,5,4188.03
9164,3688,1639,1,228.97
9165,3689,778,5,1884.21
9166,3689,133,1,3953.01
9167,3690,1900,3,141.22
9168,3690,993,1,29.01
9169,3690,1367,2,308.74
9170,3690,578,4,2710.77
9171,3691,1167,2,2893.83
9172,3692,1005,4,481.2
9173,3692,1886,5,2439.86
9174,3693,1442,3,2096.47
9175,3693,1450,3,4048.3
9176,3694,540,1,635.0
9177,3694,627,5,3089.1
9178,3694,705,4,4232.36
9179,3695,1864,1,3458.29
9180,3695,1739,1,3706.22
9181,3696,209,4,3058.3
9182,3696,1582,5,1472.47
9183,3697,129,5,4342.42
9184,3698,1169,3,469.06
9185,3698,1479,2,772.64
9186,3699,1849,3,218.72
9187,3699,1708,1,292.04
9188,3699,1409,3,770.6
9189,3699,1338,3,2432.88
9190,3700,1620,2,3927.91
9191,3701,571,1,1186.24
9192,3701,1207,3,3211.83
9193,3702,1089,1,4471.94
9194,3703,1185,5,4048.07
9195,3703,1479,4,772.64
9196,3703,817,3,3798.7
9197,3704,1434,4,1186.26
9198,3704,1327,4,975.37
9199,3704,407,2,2291.87
9200,3704,1259,4,338.22
9201,3705,299,4,2422.18
9202,3705,80,2,3663.41
9203,3706,1156,4,2717.56
9204,3707,1348,5,219.33
9205,3707,224,3,869.06
9206,3707,1368,2,2948.1
9207,3707,1039,4,1550.6
9208,3708,1401,3,3777.73
9209,3708,684,3,2924.13
9210,3709,426,4,1782.0
9211,3709,1285,5,1726.78
9212,3709,1070,4,1300.2
9213,3709,1170,3,1315.23
9214,3710,1531,4,4829.37
9215,3711,622,1,1553.69
9216,3712,1347,4,4310.65
9217,3712,402,5,4892.72
9218,3713,1807,1,1458.05
9219,3713,348,2,4342.15
9220,3714,243,4,2564.96
9221,3714,1630,3,1099.71
9222,3715,1013,3,3056.19
9223,3715,1357,5,43.94
9224,3716,1383,5,76.06
9225,3717,877,5,3597.04
9226,3717,1483,2,3237.23
9227,3717,394,1,2500.22
9228,3717,1114,5,1944.06
9229,3718,264,5,3080.46
9230,3718,488,5,1567.45
9231,3718,394,4,2677.79
9232,3718,301,2,1012.97
9233,3719,1044,2,2721.04
9234,3719,618,1,3436.62
9235,3719,131,2,2874.16
9236,3720,139,1,4993.88
9237,3720,1260,1,3252.12
9238,3721,1741,1,1288.8
9239,3722,254,2,3914.95
9240,3723,1455,2,3979.1
9241,3724,991,4,4617.12
9242,3724,1905,4,3031.02
9243,3724,1196,4,571.04
9244,3725,610,3,2298.27
9245,3725,614,5,1652.79
9246,3725,1752,1,3707.7
9247,3725,1840,5,1146.8
9248,3726,908,1,1720.1
9249,3726,509,1,3670.29
9250,3726,353,5,3480.85
9251,3726,280,3,1823.34
9252,3727,333,2,4209.31
9253,3727,1847,1,3422.2
9254,3727,538,5,2135.71
9255,3728,1749,3,433.44
9256,3728,1632,5,1855.05
9257,3728,338,2,84.08
9258,3729,951,1,1690.56
9259,3730,430,5,4669.64
9260,3730,1769,1,4216.87
9261,3730,1430,1,1925.3
9262,3731,1847,2,3422.2
9263,3731,1945,5,4845.83
9264,3731,640,1,3707.44
9265,3732,1994,2,2784.59
9266,3732,1042,5,2557.91
9267,3733,67,5,4645.47
9268,3733,1638,5,1682.06
9269,3733,1871,3,2643.42
9270,3734,1045,1,973.47
9271,3734,64,2,2354.41
9272,3735,592,2,3577.8
9273,3736,1270,2,4109.19
9274,3736,560,2,3783.25
9275,3736,525,5,585.54
9276,3737,748,2,1213.33
9277,3737,864,1,1153.96
9278,3737,323,2,3121.78
9279,3738,194,5,75.65
9280,3738,1854,3,4400.58
9281,3738,631,2,3065.52
9282,3738,218,4,4158.49
9283,3739,251,2,2424.99
9284,3739,520,3,3845.1
9285,3739,34,2,2908.0
9286,3740,796,4,4016.74
9287,3740,1153,2,1838.8
9288,3740,1118,4,3713.21
9289,3741,55,5,477.57
9290,3741,1156,5,2717.56
9291,3742,493,3,488.29
9292,3742,1968,4,167.07
9293,3743,911,1,3202.05
9294,3744,171,2,2190.87
9295,3744,1847,4,3422.2
9296,3744,259,4,3055.89
9297,3744,441,4,4307.7
9298,3745,1878,1,4003.14
9299,3745,1156,5,2717.56
9300,3745,1861,3,501.6
9301,3745,249,4,3887.05
9302,3746,1456,3,2881.02
9303,3746,1480,4,589.65
9304,3746,38,4,2848.82
9305,3746,617,3,145.49
9306,3747,464,1,4246.39
9307,3748,1525,2,3157.81
9308,3749,327,5,1236.95
9309,3749,1965,2,4251.33
9310,3750,1178,2,3058.33
9311,3750,493,3,404.12
9312,3750,1979,5,972.76
9313,3751,352,1,463.18
9314,3751,1108,2,2389.35
9315,3751,1264,3,2891.63
9316,3751,953,2,3036.94
9317,3752,1076,4,4810.42
9318,3752,1321,5,1145.46
9319,3752,1377,4,2370.92
9320,3753,270,3,3023.26
9321,3753,1298,5,1317.79
9322,3753,267,2,1827.23
9323,3754,1091,3,2176.74
9324,3754,1846,2,666.7
9325,3755,461,5,3600.18
9326,3755,934,2,2701.78
9327,3755,1870,4,2326.9
9328,3756,1576,2,3517.81
9329,3756,1311,4,4424.0
9330,3756,1821,4,4434.01
9331,3756,690,4,3071.04
9332,3757,1869,3,324.08
9333,3757,1283,5,1258.75
9334,3757,1290,4,121.76
9335,3757,543,2,543.77
9336,3758,1724,5,2941.61
9337,3759,724,4,3238.66
9338,3759,1273,2,2490.93
9339,3759,1990,1,4241.52
9340,3760,1315,4,3808.34
9341,3760,1656,1,1600.79
9342,3760,188,2,1525.92
9343,3760,808,1,2854.34
9344,3761,1800,5,1027.07
9345,3762,133,3,3585.35
9346,3762,329,2,3676.44
9347,3762,1664,2,4192.17
9348,3763,105,4,1594.49
9349,3763,1563,4,3043.83
9350,3764,1064,1,891.81
9351,3764,873,4,4733.69
9352,3764,1866,5,3049.22
9353,3765,276,3,1361.61
9354,3765,401,1,1136.95
9355,3766,852,5,51.74
9356,3766,923,4,1277.43
9357,3766,1608,1,2480.7
9358,3766,777,4,2077.46
9359,3767,1142,2,1770.45
9360,3767,48,1,2706.15
9361,3767,479,4,1787.96
9362,3768,350,1,1260.04
9363,3768,1510,3,1417.49
9364,3769,1101,2,4136.01
9365,3770,954,5,4296.56
9366,3770,1716,5,2035.93
9367,3771,891,5,2534.47
9368,3772,1819,3,118.88
9369,3773,1262,5,3201.63
9370,3774,897,5,2363.4
9371,3774,1184,1,2884.13
9372,3775,1235,2,1041.67
9373,3776,1813,1,1347.23
9374,3776,1622,3,1435.95
9375,3776,689,1,34.21
9376,3776,628,5,4349.75
9377,3777,1714,1,972.34
9378,3777,299,5,2422.18
9379,3778,247,4,3024.59
9380,3779,242,3,2164.87
9381,3780,987,1,4441.98
9382,3780,278,5,2545.14
9383,3780,1517,1,1255.49
9384,3781,1624,3,1226.41
9385,3781,570,1,2071.01
9386,3782,1778,3,3865.81
9387,3783,103,3,4739.24
9388,3783,293,4,3047.2
9389,3784,539,4,4274.76
9390,3784,1414,2,604.17
9391,3784,1850,3,3786.95
9392,3785,1042,1,3030.16
9393,3786,1841,5,3295.24
9394,3786,1186,1,4015.15
9395,3786,1606,3,2436.74
9396,3787,1318,3,4006.54
9397,3788,1726,1,635.25
9398,3789,1745,3,524.94
9399,3789,1572,3,1638.32
9400,3789,804,5,3281.32
9401,3789,1216,4,3556.81
9402,3790,271,2,4144.82
9403,3791,1944,5,4317.22
9404,3791,529,2,2017.88
9405,3792,92,1,4458.7
9406,3792,835,4,824.78
9407,3793,176,3,4490.57
9408,3793,1786,3,1676.88
9409,3793,451,4,3672.78
9410,3794,1518,3,1094.47
9411,3795,1671,1,2466.95
9412,3795,1894,4,3204.18
9413,3795,1603,5,774.75
9414,3796,15,1,1839.9
9415,3796,575,5,332.75
9416,3796,1342,5,2958.39
9417,3796,1433,1,2387.85
9418,3797,853,5,4151.58
9419,3798,1864,1,4244.91
9420,3798,87,1,2762.02
9421,3799,1637,4,827.99
9422,3799,1848,2,727.07
9423,3799,1218,4,1559.38
9424,3800,210,5,1176.68
9425,3800,545,3,2788.18
9426,3800,437,2,4389.45
9427,3801,1599,4,737.82
9428,3801,6,4,518.13
9429,3801,959,4,1519.27
9430,3802,1730,3,1575.07
9431,3802,1416,5,3592.41
9432,3802,207,2,4395.79
9433,3803,1193,1,2049.44
9434,3803,708,1,4775.63
9435,3803,744,4,2156.28
9436,3804,165,5,3913.37
9437,3804,1622,5,1435.95
9438,3805,776,1,142.47
9439,3805,482,4,2685.86
9440,3805,267,4,1827.23
9441,3805,484,5,2046.14
9442,3806,408,5,4940.48
9443,3806,1389,3,1904.68
9444,3806,1034,5,1140.64
9445,3807,1978,1,1245.27
9446,3807,713,2,4319.36
9447,3807,258,2,3773.33
9448,3807,1652,5,342.56
9449,3808,194,4,85.23
9450,3809,681,4,1808.05
9451,3809,669,2,3129.58
9452,3809,460,4,4443.01
9453,3809,1279,5,2423.46
9454,3810,1480,3,705.06
9455,3810,1630,4,1099.71
9456,3811,61,5,3122.29
9457,3811,2000,2,752.48
9458,3811,962,4,1077.29
9459,3811,1320,4,1133.36
9460,3812,1753,5,499.62
9461,3812,149,3,708.87
9462,3813,565,2,159.76
9463,3813,696,4,3200.45
9464,3814,1621,1,459.84
9465,3814,587,5,3620.3
9466,3815,969,1,1814.87
9467,3815,1995,1,2213.54
9468,3815,485,4,2848.42
9469,3815,1344,5,1792.55
9470,3816,1174,5,1402.77
9471,3816,1998,3,3353.53
9472,3816,1958,5,4221.55
9473,3816,1840,4,1146.8
9474,3817,641,1,2236.86
9475,3817,1980,4,885.72
9476,3818,285,5,1882.5
9477,3819,1260,5,3252.12
9478,3819,1976,1,2369.38
9479,3819,628,3,3883.66
9480,3819,786,4,287.29
9481,3820,1591,4,2817.51
9482,3820,1540,2,3898.12
9483,3820,389,5,697.95
9484,3820,1,1,19.64
9485,3821,194,1,78.97
9486,3821,1166,5,4725.81
9487,3821,482,4,2685.86
9488,3821,1989,3,2713.54
9489,3822,1268,4,1453.33
9490,3822,1317,2,4464.53
9491,3822,833,1,923.62
9492,3822,1339,3,1539.51
9493,3823,1053,2,2376.88
9494,3824,567,1,4674.9
9495,3824,1792,3,4989.28
9496,3824,739,5,1046.03
9497,3824,437,4,4389.45
9498,3825,270,1,2633.06
9499,3826,233,4,314.31
9500,3826,498,1,539.19
9501,3826,1536,3,376.58
9502,3827,416,4,2396.26
9503,3827,1003,4,3859.05
9504,3827,1593,1,4053.1
9505,3827,1894,2,3730.4
9506,3828,237,1,1615.24
9507,3828,1854,5,4400.58
9508,3828,1917,3,3047.65
9509,3828,1840,1,1146.8
9510,3829,1222,3,43.71
9511,3829,1252,5,204.93
9512,3829,431,4,3294.77
9513,3829,90,1,4686.08
9514,3830,440,4,3438.49
9515,3830,818,5,1691.29
9516,3830,1645,5,1189.64
9517,3831,1664,4,4192.17
9518,3832,25,3,3831.09
9519,3832,175,1,4971.35
9520,3832,594,5,2484.07
9521,3833,924,1,407.23
9522,3834,1637,3,910.75
9523,3835,319,3,554.53
9524,3835,1182,4,3287.43
9525,3835,776,2,142.47
9526,3836,260,2,60.74
9527,3836,1884,2,323.85
9528,3836,591,5,3510.59
9529,3836,872,1,1346.22
9530,3837,1317,2,4464.53
9531,3837,1912,5,4495.58
9532,3837,1209,2,1827.1
9533,3837,353,5,3045.85
9534,3838,938,4,3245.37
9535,3838,1755,2,1751.4
9536,3839,294,4,4193.11
9537,3839,970,5,1564.11
9538,3840,779,5,86.06
9539,3840,1392,5,3836.47
9540,3840,610,3,2298.27
9541,3840,183,5,2951.85
9542,3841,843,3,1112.41
9543,3841,1167,1,2893.83
9544,3841,104,5,1673.81
9545,3841,1287,1,3932.11
9546,3842,1003,4,4496.47
9547,3842,331,1,191.36
9548,3843,1548,4,1570.25
9549,3843,425,1,3713.27
9550,3844,1458,2,1609.23
9551,3844,1098,4,4970.86
9552,3845,1279,1,2423.46
9553,3845,907,3,521.11
9554,3846,965,3,1691.03
9555,3847,653,3,567.88
9556,3847,393,5,3676.91
9557,3848,714,4,4198.07
9558,3848,14,3,2641.22
9559,3849,1577,2,661.29
9560,3850,724,3,3238.66
9561,3850,1493,5,3781.76
9562,3850,1730,5,1326.35
9563,3850,725,2,1536.69
9564,3851,387,1,2294.61
9565,3852,686,4,4311.22
9566,3852,57,3,4705.04
9567,3852,1007,5,1868.9
9568,3853,1685,2,4800.62
9569,3854,1392,1,4601.48
9570,3855,1099,5,3583.64
9571,3856,607,3,4648.41
9572,3856,200,4,1216.73
9573,3856,1612,4,1478.67
9574,3857,580,3,3341.27
9575,3857,627,5,3263.19
9576,3858,713,5,4319.36
9577,3858,118,1,4784.56
9578,3859,1586,5,3174.1
9579,3860,1472,4,396.71
9580,3860,64,3,2594.71
9581,3860,643,3,3185.4
9582,3860,1763,1,1693.66
9583,3861,1104,3,2160.59
9584,3862,501,2,3768.53
9585,3862,1758,3,1627.94
9586,3862,1786,5,1807.07
9587,3863,1887,5,88.25
9588,3863,1837,3,4360.25
9589,3863,244,2,3907.13
9590,3863,836,4,3184.86
9591,3864,226,5,1054.31
9592,3864,1375,2,3905.71
9593,3864,625,4,4059.0
9594,3865,528,1,2730.54
9595,3865,168,4,3008.4
9596,3865,12,4,1121.7
9597,3865,1644,4,3457.27
9598,3866,1723,3,4323.91
9599,3866,930,2,79.28
9600,3866,536,1,2265.43
9601,3867,1108,5,2593.33
9602,3867,1892,5,3267.55
9603,3867,1351,5,2492.74
9604,3867,270,5,2555.0
9605,3868,673,2,3206.77
9606,3868,1699,4,4382.52
9607,3869,1929,2,3451.12
9608,3869,1714,2,972.34
9609,3870,484,4,2046.14
9610,3871,994,1,3999.58
9611,3871,798,1,4170.48
9612,3872,1818,4,648.93
9613,3872,594,5,2929.29
9614,3873,1327,2,794.27
9615,3874,686,4,4040.28
9616,3874,1669,5,3246.59
9617,3874,25,5,3831.09
9618,3875,129,1,4668.8
9619,3875,657,5,1698.74
9620,3876,1943,3,1101.53
9621,3877,1584,2,4258.11
9622,3877,1957,4,680.58
9623,3878,1174,5,1402.77
9624,3878,1711,1,3091.29
9625,3878,709,5,1694.57
9626,3879,792,2,839.44
9627,3880,1794,4,4943.5
9628,3880,1410,4,3888.52
9629,3880,1349,4,491.69
9630,3881,1469,2,830.75
9631,3881,1480,5,657.84
9632,3882,1594,2,2659.84
9633,3882,1495,3,2805.26
9634,3883,731,1,1685.44
9635,3884,1504,1,4467.93
9636,3884,1934,2,572.7
9637,3884,1919,2,2368.44
9638,3885,1089,2,4868.96
9639,3885,1933,5,2038.18
9640,3886,1889,4,4728.93
9641,3887,1257,1,3065.38
9642,3887,904,5,4894.55
9643,3887,628,3,4349.75
9644,3887,501,4,3768.53
9645,3888,780,4,4982.09
9646,3888,1574,3,2422.76
9647,3888,873,5,4733.69
9648,3889,1402,4,1111.29
9649,3889,473,1,4766.17
9650,3889,847,3,2171.89
9651,3890,265,5,410.67
9652,3891,969,3,1814.87
9653,3892,763,1,3663.37
9654,3892,1406,3,449.18
9655,3892,1226,3,3005.0
9656,3893,1184,4,2884.13
9657,3893,246,5,1278.44
9658,3893,335,2,3956.9
9659,3893,1848,1,727.07
9660,3894,318,5,4231.08
9661,3894,517,1,586.1
9662,3894,540,5,597.95
9663,3894,417,2,622.91
9664,3895,329,2,4348.31
9665,3895,1933,5,2420.56
9666,3896,419,4,4536.4
9667,3896,93,3,683.08
9668,3897,1771,2,3405.76
9669,3897,217,5,657.68
9670,3898,1507,2,526.19
9671,3899,914,4,4235.83
9672,3899,1802,1,3728.81
9673,3899,107,4,3963.87
9674,3899,1525,3,3157.81
9675,3900,903,4,2390.95
9676,3900,651,2,140.09
9677,3900,1455,5,3979.1
9678,3901,955,1,1814.34
9679,3901,606,2,4220.57
9680,3902,31,5,148.82
9681,3903,500,2,1122.63
9682,3903,711,4,2912.45
9683,3903,36,1,1798.08
9684,3904,473,5,4766.17
9685,3904,838,1,1605.7
9686,3904,1543,3,1601.34
9687,3905,946,1,2289.61
9688,3905,1634,3,4323.52
9689,3905,133,1,3953.01
9690,3905,1484,1,749.5
9691,3906,1055,5,4800.5
9692,3906,220,2,1408.94
9693,3907,1786,2,1807.07
9694,3907,1263,1,2295.53
9695,3908,426,5,1966.25
9696,3908,1190,3,2019.83
9697,3908,342,1,4327.25
9698,3908,1130,2,2324.01
9699,3909,1347,4,4310.65
9700,3909,555,2,4404.23
9701,3909,908,2,1720.1
9702,3910,921,3,604.14
9703,3910,576,2,3573.45
9704,3910,679,3,2172.15
9705,3911,1227,2,2335.25
9706,3911,1034,4,1140.64
9707,3912,1353,3,2284.8
9708,3913,1734,3,2831.8
9709,3914,525,2,585.54
9710,3914,1518,2,1171.72
9711,3914,1139,3,2308.38
9712,3915,1135,1,2192.58
9713,3915,1310,2,4958.65
9714,3916,1345,1,3394.63
9715,3917,1900,1,141.22
9716,3917,1868,2,2512.3
9717,3917,1318,5,4006.54
9718,3917,1291,5,1661.86
9719,3918,268,5,4622.54
9720,3918,1359,5,3802.52
9721,3918,1308,2,3851.02
9722,3918,799,4,3277.53
9723,3919,3,5,2295.5
9724,3919,920,4,1699.61
9725,3920,177,5,2469.38
9726,3921,440,1,4235.09
9727,3921,1319,2,498.27
9728,3921,201,5,86.24
9729,3922,1124,2,4882.27
9730,3922,1380,2,3146.41
9731,3922,784,5,2566.81
9732,3923,77,4,2924.08
9733,3923,235,2,217.55
9734,3923,223,1,1865.59
9735,3924,1410,3,3888.52
9736,3924,1329,2,1706.26
9737,3924,1017,2,4136.88
9738,3924,1621,1,459.84
9739,3925,909,4,1895.6
9740,3925,72,1,946.6
9741,3925,634,3,3390.51
9742,3925,1167,1,2893.83
9743,3926,58,5,4880.59
9744,3927,948,1,3588.3
9745,3928,1546,2,3490.58
9746,3929,482,1,2685.86
9747,3930,1198,3,4266.62
9748,3930,619,4,4795.2
9749,3931,1947,4,1787.64
9750,3931,1270,3,4109.19
9751,3931,243,2,2371.67
9752,3932,140,2,3705.48
9753,3932,973,5,1490.81
9754,3933,1754,5,1040.98
9755,3934,696,4,3200.45
9756,3934,337,2,742.04
9757,3935,1660,4,149.33
9758,3935,464,5,4246.39
9759,3935,1736,1,3550.81
9760,3936,269,1,1426.17
9761,3936,1101,5,4136.01
9762,3937,1275,5,1634.7
9763,3937,388,2,475.38
9764,3937,859,5,4439.46
9765,3938,1234,4,552.76
9766,3938,406,4,1153.0
9767,3938,498,4,485.27
9768,3939,1630,5,904.47
9769,3939,299,1,2422.18
9770,3939,1970,2,618.35
9771,3939,639,4,1959.67
9772,3940,1940,4,4375.64
9773,3940,1364,2,1963.35
9774,3940,1179,5,1931.5
9775,3941,257,1,454.34
9776,3942,1148,5,150.74
9777,3942,182,2,1313.45
9778,3943,1596,2,3772.62
9779,3943,208,1,1246.29
9780,3944,1387,5,3172.87
9781,3945,1774,2,827.58
9782,3946,373,5,3745.58
9783,3947,1234,5,552.76
9784,3947,1731,5,1237.5
9785,3948,221,5,1054.07
9786,3948,47,5,3859.05
9787,3949,653,1,560.51
9788,3950,903,4,2390.95
9789,3950,939,2,161.24
9790,3951,665,5,946.77
9791,3951,1065,2,1577.35
9792,3951,287,1,3303.19
9793,3951,1913,1,1889.52
9794,3952,211,4,2753.06
9795,3952,1981,5,3974.13
9796,3952,58,1,4880.59
9797,3952,1566,5,3082.29
9798,3953,550,4,1978.26
9799,3953,1001,1,2482.85
9800,3953,1089,3,4868.96
9801,3954,1260,1,3252.12
9802,3955,929,5,3931.07
9803,3955,887,5,4225.09
9804,3955,1084,3,2561.27
9805,3956,1953,1,3667.26
9806,3956,1349,2,491.69
9807,3956,1933,3,2420.56
9808,3957,1336,4,3168.5
9809,3957,1104,4,2160.59
9810,3957,684,2,3130.93
9811,3957,1904,1,23.78
9812,3958,333,3,4209.31
9813,3959,18,3,3990.26
9814,3959,852,2,51.74
9815,3960,25,2,3831.09
9816,3961,1399,2,2235.52
9817,3961,12,4,1305.93
9818,3961,928,1,2936.17
9819,3961,445,2,4082.97
9820,3962,1663,4,363.7
9821,3963,1341,3,1722.24
9822,3964,436,2,3400.65
9823,3965,1665,2,1975.67
9824,3965,109,2,4850.53
9825,3965,1433,1,2278.44
9826,3966,1868,5,2512.3
9827,3966,366,4,2367.54
9828,3966,21,4,3173.39
9829,3966,1243,1,3945.21
9830,3967,70,4,1704.87
9831,3967,1064,4,891.81
9832,3967,1929,5,3451.12
9833,3967,1319,3,498.27
9834,3968,571,2,1186.24
9835,3968,1935,5,4879.73
9836,3969,801,5,1243.14
9837,3969,112,1,313.05
9838,3969,765,2,1424.04
9839,3969,937,3,1937.21
9840,3970,122,3,349.5
9841,3970,801,3,1243.14
9842,3971,1712,5,3108.47
9843,3971,1973,1,4641.02
9844,3971,713,1,4319.36
9845,3971,1493,2,3781.76
9846,3972,1917,4,3047.65
9847,3972,1945,1,4845.83
9848,3972,1300,3,2792.13
9849,3972,11,4,3907.36
9850,3973,1474,1,567.6
9851,3973,1500,4,4223.34
9852,3973,451,1,3672.78
9853,3973,298,3,3203.67
9854,3974,1553,2,3046.46
9855,3975,1987,5,1206.99
9856,3975,830,2,1095.74
9857,3975,113,4,1021.83
9858,3975,1689,4,4055.41
9859,3976,794,2,2404.9
9860,3976,583,1,2344.29
9861,3976,1946,3,883.68
9862,3976,665,4,946.77
9863,3977,698,4,4188.03
9864,3978,551,4,318.01
9865,3978,558,4,132.2
9866,3978,1055,2,4244.49
9867,3979,1538,1,4609.56
9868,3979,243,4,2564.96
9869,3979,1890,2,1462.22
9870,3979,1181,5,4895.42
9871,3980,950,3,3575.16
9872,3980,1334,3,3114.64
9873,3981,1729,5,1365.82
9874,3981,556,1,1367.56
9875,3981,14,4,2641.22
9876,3981,1745,2,524.94
9877,3982,537,5,4518.79
9878,3983,1825,4,720.4
9879,3983,1056,5,132.9
9880,3983,801,2,1243.14
9881,3984,1842,1,1223.39
9882,3984,1419,3,2348.86
9883,3984,1515,1,3802.4
9884,3984,1892,3,3756.21
9885,3985,1415,5,3433.14
9886,3985,1784,1,1280.6
9887,3985,520,1,3845.1
9888,3985,682,1,4710.39
9889,3986,1598,3,2779.45
9890,3987,172,3,4966.4
9891,3987,397,5,3866.73
9892,3987,1064,3,891.81
9893,3987,1010,4,4593.25
9894,3988,250,5,449.92
9895,3988,1074,1,1090.35
9896,3989,1499,5,3760.58
9897,3990,1332,2,2934.88
9898,3990,67,5,4645.47
9899,3991,75,2,50.34
9900,3992,480,1,2773.31
9901,3992,512,4,2081.26
9902,3992,513,2,4755.26
9903,3993,986,2,4768.2
9904,3993,749,3,3005.85
9905,3993,1718,5,3641.06
9906,3994,1082,3,2388.94
9907,3994,972,3,4344.95
9908,3994,473,5,4766.17
9909,3995,558,3,132.2
9910,3996,457,5,580.66
9911,3996,664,4,1180.71
9912,3997,1065,1,1577.35
9913,3998,1222,2,38.11
9914,3998,1314,2,2783.43
9915,3999,1570,3,3911.22
9916,3999,735,3,1776.43
9917,3999,1988,2,785.21
9918,3999,6,2,443.35
9919,4000,642,3,3835.02
9920,4000,1386,1,2830.63
9921,4000,1760,3,4916.81
9922,4000,1699,4,4382.52
9923,4001,408,4,4940.48
9924,4001,84,2,182.72
9925,4001,47,4,3859.05
9926,4002,1751,4,371.51
9927,4002,1494,2,195.63
9928,4002,798,5,4170.48
9929,4002,1959,4,2299.44
9930,4003,918,1,709.61
9931,4003,874,2,4765.46
9932,4003,558,4,112.73
9933,4004,116,3,1301.79
9934,4004,1347,1,4310.65
9935,4005,1130,1,2178.47
9936,4006,782,5,147.88
9937,4006,1924,5,2275.03
9938,4006,700,3,728.03
9939,4007,1953,1,4319.47
9940,4007,747,3,638.84
9941,4007,1318,2,4006.54
9942,4007,1723,4,4323.91
9943,4008,1257,5,2477.44
9944,4008,1224,3,2625.11
9945,4008,841,1,2484.52
9946,4008,42,3,4975.48
9947,4009,1556,5,1976.36
9948,4010,1827,5,1832.04
9949,4011,1638,5,1905.98
9950,4011,1499,3,4052.38
9951,4012,689,4,42.67
9952,4012,69,1,814.84
9953,4012,1164,5,2226.51
9954,4012,1692,5,1836.1
9955,4013,1706,2,3066.58
9956,4013,948,5,3588.3
9957,4013,1299,4,4280.63
9958,4014,1290,4,121.76
9959,4014,918,2,709.61
9960,4014,312,2,1267.23
9961,4014,1481,1,1236.14
9962,4015,963,1,577.79
9963,4016,455,2,3822.19
9964,4016,1835,5,358.62
9965,4017,1633,3,4642.34
9966,4017,1909,4,4859.09
9967,4017,1870,2,1902.59
9968,4017,921,5,621.77
9969,4018,1953,2,4319.47
9970,4018,685,2,434.0
9971,4018,569,3,3518.66
9972,4018,1542,2,142.87
9973,4019,825,5,4366.02
9974,4020,1342,4,2958.39
9975,4020,932,1,2826.61
9976,4020,1770,2,3631.56
9977,4021,541,3,1696.04
9978,4022,5,5,3534.66
9979,4022,958,4,786.16
9980,4023,1668,1,2385.75
9981,4023,1228,5,1898.35
9982,4023,950,4,3315.16
9983,4024,1886,4,2439.86
9984,4024,601,2,4765.61
9985,4024,1134,4,1285.9
9986,4024,1114,2,2404.95
9987,4025,1970,3,525.69
9988,4025,233,4,314.31
9989,4025,1026,4,3832.72
9990,4026,1354,3,2081.24
9991,4026,953,2,3227.55
9992,4026,411,3,4984.22
9993,4027,1727,3,944.49
9994,4027,1436,4,4303.05
9995,4027,32,2,3244.09
9996,4027,1245,2,85.12
9997,4028,916,1,4904.69
9998,4028,1007,2,1868.9
9999,4029,682,1,4710.39
10000,4030,126,3,2072.3
10001,4030,1450,3,4048.3
10002,4031,1256,3,3632.6
10003,4032,1979,1,1181.46
10004,4033,193,2,4643.63
10005,4033,574,3,1000.42
10006,4033,810,1,2694.6
10007,4033,724,1,3238.66
10008,4034,1085,1,3942.42
10009,4034,10,5,3166.57
10010,4035,989,4,3743.11
10011,4035,1883,4,692.17
10012,4036,164,1,3555.06
10013,4036,361,3,102.54
10014,4036,319,2,684.29
10015,4036,357,5,1811.46
10016,4037,77,3,2924.08
10017,4037,334,5,3189.75
10018,4037,391,5,545.65
10019,4037,1963,4,742.96
10020,4038,820,3,1886.24
10021,4038,1949,5,628.06
10022,4038,455,1,3822.19
10023,4038,1047,3,2250.05
10024,4039,1237,2,3949.17
10025,4040,719,4,4251.26
10026,4040,1332,2,2934.88
10027,4040,1264,4,2891.63
10028,4040,1877,5,752.11
10029,4041,1599,3,845.13
10030,4041,1814,4,2346.53
10031,4041,1766,4,2112.18
10032,4042,1897,4,2334.74
10033,4043,900,1,3184.82
10034,4043,371,3,1990.52
10035,4044,1872,5,3813.24
10036,4044,280,1,1957.71
10037,4045,388,5,475.38
10038,4046,879,1,393.65
10039,4047,1781,3,2340.2
10040,4048,1012,2,1232.66
10041,4048,173,5,3329.14
10042,4048,1549,5,3763.06
10043,4048,568,2,4098.08
10044,4049,1912,5,4077.96
10045,4049,1633,5,4642.34
10046,4049,1094,4,4482.97
10047,4049,1044,4,2721.04
10048,4050,517,2,586.1
10049,4051,1092,2,166.85
10050,4052,299,2,2042.42
10051,4052,433,4,4118.38
10052,4052,907,4,572.97
10053,4053,1980,3,824.34
10054,4054,1628,5,4748.71
10055,4054,571,2,1186.24
10056,4054,886,3,1634.05
10057,4054,1422,3,1430.68
10058,4055,1983,2,4107.76
10059,4055,1823,5,788.45
10060,4055,704,3,4838.98
10061,4055,1935,4,4879.73
10062,4056,1162,4,260.62
10063,4056,1725,5,4530.18
10064,4056,764,2,2226.69
10065,4057,1695,3,2387.95
10066,4058,1470,1,2622.08
10067,4058,1488,1,1662.93
10068,4058,1985,1,4279.76
10069,4059,1439,3,3836.78
10070,4059,1757,2,4010.7
10071,4060,514,3,606.12
10072,4060,51,1,2912.21
10073,4060,1032,3,1677.99
10074,4061,727,5,1141.07
10075,4061,1805,3,2631.43
10076,4061,1268,1,1590.21
10077,4062,1324,2,1411.74
10078,4062,108,2,2841.42
10079,4062,41,4,4483.86
10080,4063,1873,2,2032.74
10081,4063,1640,4,3228.09
10082,4063,440,4,4235.09
10083,4063,578,5,2970.5
10084,4064,99,1,3376.61
10085,4064,1813,3,1347.23
10086,4065,124,4,1903.14
10087,4066,1004,4,4068.39
10088,4066,1603,4,774.75
10089,4066,1807,5,1458.05
10090,4067,1273,1,2490.93
10091,4067,1875,4,889.15
10092,4068,168,2,2569.41
10093,4068,177,5,2228.24
10094,4068,239,1,3126.17
10095,4069,1044,4,2721.04
10096,4069,864,4,1153.96
10097,4069,1645,4,978.25
10098,4069,1453,3,1778.93
10099,4070,1367,2,308.74
10100,4070,363,1,2133.13
10101,4070,432,2,3552.59
10102,4071,543,4,543.77
10103,4071,252,1,1843.4
10104,4071,744,3,1893.55
10105,4071,551,4,297.82
10106,4072,1663,4,363.7
10107,4072,891,5,2534.47
10108,4073,1981,1,3201.37
10109,4074,1435,4,3765.92
10110,4074,778,1,1884.21
10111,4075,134,3,1940.05
10112,4075,367,1,1480.88
10113,4076,459,2,2367.89
10114,4077,415,5,273.97
10115,4077,1562,3,4084.76
10116,4077,1459,2,2168.65
10117,4077,1842,1,1223.39
10118,4078,936,3,1664.96
10119,4079,540,1,635.0
10120,4079,1862,3,2813.23
10121,4079,669,4,3129.58
10122,4079,823,3,4892.28
10123,4080,642,4,3835.02
10124,4080,1293,3,1091.01
10125,4080,1527,3,1719.79
10126,4081,1826,3,64.33
10127,4081,643,2,3185.4
10128,4081,1582,5,1472.47
10129,4082,735,1,1776.43
10130,4083,554,1,4495.61
10131,4083,1278,4,3877.73
10132,4084,750,1,2618.93
10133,4084,548,4,790.99
10134,4084,571,5,1186.24
10135,4084,1136,4,1859.45
10136,4085,795,5,2034.25
10137,4085,1822,5,4736.7
10138,4086,456,3,204.74
10139,4086,537,4,4518.79
10140,4086,1183,4,348.93
10141,4086,1026,5,3832.72
10142,4087,519,1,4756.84
10143,4087,673,4,3206.77
10144,4088,123,2,2822.61
10145,4089,1209,4,1827.1
10146,4089,1275,2,1634.7
10147,4089,801,5,1243.14
10148,4090,1003,3,4496.47
10149,4090,562,3,3206.23
10150,4090,1524,3,4529.6
10151,4090,39,4,4972.54
10152,4091,1683,2,4193.9
10153,4091,1388,5,1427.84
10154,4091,1400,4,1999.62
10155,4091,1978,3,1245.27
10156,4092,919,2,4303.03
10157,4093,675,5,822.26
10158,4093,881,5,336.92
10159,4094,1582,5,1472.47
10160,4094,662,3,1436.08
10161,4095,916,1,4904.69
10162,4096,1959,5,2299.44
10163,4096,799,2,4047.46
10164,4097,1723,5,4323.91
10165,4097,1473,5,804.98
10166,4097,867,3,390.65
10167,4097,789,2,1432.18
10168,4098,1473,4,850.07
10169,4098,586,1,3086.72
10170,4098,1089,1,4868.96
10171,4098,1757,2,4010.7
10172,4099,589,1,67.26
10173,4099,487,5,4330.41
10174,4099,116,4,1301.79
10175,4100,1928,4,664.98
10176,4100,1385,3,3672.34
10177,4101,213,5,161.25
10178,4102,548,3,790.99
10179,4103,888,3,129.22
10180,4103,13,5,2227.03
10181,4104,49,4,3024.27
10182,4104,1557,3,2010.11
10183,4105,134,4,1940.05
10184,4105,975,5,1673.1
10185,4105,1570,4,3907.59
10186,4105,513,1,4113.87
10187,4106,1752,1,3707.7
10188,4106,389,1,770.31
10189,4107,602,2,4730.97
10190,4108,958,4,786.16
10191,4108,1291,1,1395.14
10192,4108,494,3,2644.3
10193,4109,730,3,1887.22
10194,4109,1299,4,4280.63
10195,4110,822,5,2979.71
10196,4110,1084,4,2561.27
10197,4110,1042,3,3030.16
10198,4110,1345,3,3394.63
10199,4111,1647,5,4578.02
10200,4111,157,1,4489.54
10201,4111,1632,5,1504.15
10202,4111,1963,4,742.96
10203,4112,391,4,545.65
10204,4112,1621,5,459.84
10205,4112,947,3,3952.8
10206,4112,1713,5,3233.67
10207,4113,5,4,3660.22
10208,4113,1932,4,87.56
10209,4114,578,3,2970.5
10210,4114,824,2,2349.66
10211,4114,1985,5,4565.54
10212,4114,1528,5,69.45
10213,4115,1725,1,4530.18
10214,4115,969,1,1646.38
10215,4115,1461,4,3052.71
10216,4115,819,1,1884.9
10217,4116,1874,3,2038.67
10218,4116,775,5,1756.06
10219,4116,1210,5,2984.24
10220,4117,538,4,2135.71
10221,4117,581,1,4815.32
10222,4117,373,1,4531.36
10223,4118,651,4,140.09
10224,4118,1700,5,54.4
10225,4118,411,2,4984.22
10226,4118,629,2,3437.25
10227,4119,753,3,2361.58
10228,4120,1185,4,4048.07
10229,4120,1667,3,2977.83
10230,4120,672,3,2422.67
10231,4120,1087,3,4472.76
10232,4121,923,2,1277.43
10233,4121,1030,2,271.18
10234,4121,99,4,3376.61
10235,4121,64,1,2594.71
10236,4122,550,1,2070.32
10237,4123,806,2,131.42
10238,4123,660,4,2431.78
10239,4123,1281,1,4196.21
10240,4123,1095,1,2920.08
10241,4124,69,3,814.84
10242,4124,1353,3,2284.8
10243,4124,917,2,3056.05
10244,4125,1007,1,1868.9
10245,4125,225,2,1331.62
10246,4125,214,3,3316.61
10247,4126,1016,5,4654.08
10248,4126,1189,1,1235.19
10249,4127,46,4,1357.85
10250,4128,773,4,1551.94
10251,4128,383,1,1542.46
10252,4128,674,2,3045.84
10253,4128,411,5,4227.46
10254,4129,892,1,3031.09
10255,4129,1403,5,3226.0
10256,4129,826,5,2668.7
10257,4130,1968,4,167.07
10258,4130,1040,5,852.31
10259,4130,151,5,4997.17
10260,4130,602,4,4730.97
10261,4131,308,1,4227.04
10262,4131,1117,2,4632.15
10263,4131,120,3,433.63
10264,4131,268,1,4622.54
10265,4132,1625,3,2389.16
10266,4132,959,1,1356.54
10267,4133,58,4,4880.59
10268,4133,1454,5,869.09
10269,4133,1009,5,4331.92
10270,4133,1873,4,2032.74
10271,4134,1652,3,280.8
10272,4135,1608,2,2480.7
10273,4135,138,3,2467.22
10274,4135,694,2,4360.55
10275,4135,1698,5,2763.38
10276,4136,1217,4,778.06
10277,4136,1624,5,1510.22
10278,4137,586,4,3086.72
10279,4137,1584,5,4258.11
10280,4138,953,3,3227.55
10281,4138,371,5,1990.52
10282,4139,177,2,2469.38
10283,4139,262,5,348.71
10284,4140,1114,4,2404.95
10285,4140,576,3,3573.45
10286,4140,49,5,3024.27
10287,4141,1744,3,1336.38
10288,4141,167,1,2428.91
10289,4141,1069,5,4944.78
10290,4141,1463,3,4311.37
10291,4142,252,5,1843.4
10292,4142,1965,3,4683.28
10293,4143,1092,1,155.97
10294,4143,656,4,3514.85
10295,4143,170,1,2609.26
10296,4144,1984,1,808.92
10297,4144,1257,5,2507.34
10298,4144,770,4,1755.13
10299,4145,963,5,577.79
10300,4145,1743,5,982.62
10301,4146,1101,5,4136.01
10302,4147,1435,1,3765.92
10303,4148,857,3,1517.58
10304,4149,813,4,952.88
10305,4149,372,2,1767.22
10306,4149,1046,1,1159.16
10307,4149,997,4,3718.89
10308,4150,1210,4,3696.95
10309,4150,1853,2,4612.68
10310,4150,600,3,1557.53
10311,4151,1010,1,4593.25
10312,4151,1395,5,2500.5
10313,4151,201,2,102.3
10314,4151,1443,1,1225.13
10315,4152,1553,5,3046.46
10316,4153,1588,5,344.25
10317,4153,272,1,3498.52
10318,4153,413,5,4118.78
10319,4154,847,2,2046.98
10320,4154,1602,4,2669.18
10321,4155,30,2,2949.45
10322,4155,1085,3,3689.53
10323,4155,1823,2,647.31
10324,4156,687,1,343.32
10325,4157,72,5,946.6
10326,4157,316,5,4165.3
10327,4158,1284,3,1729.22
10328,4159,580,3,4091.23
10329,4159,1047,2,2250.05
10330,4160,1329,2,1706.26
10331,4160,1275,5,1634.7
10332,4160,362,4,2646.06
10333,4160,835,1,824.78
10334,4161,1082,1,2810.46
10335,4162,953,1,3227.55
10336,4163,1213,5,1936.06
10337,4163,1965,5,4429.48
10338,4163,1979,4,1057.92
10339,4164,114,2,3138.55
10340,4164,1792,3,4989.28
10341,4164,1379,2,1823.96
10342,4165,1961,4,1974.16
10343,4165,1599,4,845.13
10344,4166,447,3,1882.07
10345,4167,1562,1,4597.92
10346,4167,914,3,4235.83
10347,4167,1460,5,3394.34
10348,4168,1354,3,2081.24
10349,4168,21,3,3692.52
10350,4168,1833,3,3249.02
10351,4169,324,3,377.72
10352,4169,756,3,3439.83
10353,4169,1972,3,4088.97
10354,4169,319,1,684.29
10355,4170,1372,4,1012.63
10356,4171,471,2,1914.7
10357,4172,1125,2,290.75
10358,4172,1441,1,692.42
10359,4173,741,2,3043.25
10360,4173,1642,1,2231.42
10361,4174,1616,1,3567.75
10362,4175,889,2,2129.98
10363,4175,741,3,3043.25
10364,4175,454,1,3532.11
10365,4175,5,4,4147.83
10366,4176,1981,3,3974.13
10367,4177,1458,5,1295.42
10368,4178,1249,3,4030.19
10369,4178,1094,5,4482.97
10370,4178,426,3,1966.25
10371,4179,1371,3,4005.07
10372,4179,408,4,4940.48
10373,4180,80,2,3663.41
10374,4181,1617,3,1107.75
10375,4181,1317,1,4155.76
10376,4181,1630,3,882.25
10377,4181,1162,1,260.62
10378,4182,1362,4,3165.2
10379,4182,1528,3,69.45
10380,4182,508,4,4905.99
10381,4182,1755,4,1751.4
10382,4183,10,1,3381.16
10383,4184,1584,1,4258.11
10384,4185,1355,1,4828.7
10385,4186,800,3,1809.64
10386,4186,215,3,1755.01
10387,4186,225,1,1331.62
10388,4187,1792,3,4989.28
10389,4187,1522,1,1931.12
10390,4188,776,3,129.39
10391,4188,85,1,1381.91
10392,4188,904,2,4894.55
10393,4188,495,1,2325.41
10394,4189,1967,3,3118.21
10395,4189,1563,3,3043.83
10396,4190,536,4,1989.94
10397,4191,596,2,1231.48
10398,4191,645,1,4070.0
10399,4191,1177,5,3460.99
10400,4191,781,1,2720.54
10401,4192,164,1,2931.32
10402,4193,713,5,4319.36
10403,4193,189,3,2961.0
10404,4193,1382,3,380.75
10405,4194,1639,2,248.54
10406,4194,1517,2,1255.49
10407,4194,1353,3,2284.8
10408,4194,474,5,2019.11
10409,4195,1153,4,1838.8
10410,4195,1968,1,167.07
10411,4195,608,5,2247.3
10412,4196,277,2,2853.84
10413,4197,1957,5,680.58
10414,4197,744,4,2156.28
10415,4197,1852,5,568.41
10416,4198,1821,2,4780.59
10417,4198,1861,2,501.6
10418,4198,1166,3,4725.81
10419,4198,1913,4,1947.74
10420,4199,584,1,1765.65
10421,4199,1235,5,1041.67
10422,4200,1315,4,3808.34
10423,4200,186,2,3841.04
10424,4200,969,1,1814.87
10425,4200,1365,4,711.15
10426,4201,67,2,4645.47
10427,4201,1941,1,4341.05
10428,4201,1849,3,218.72
10429,4201,207,1,4395.79
10430,4202,1556,5,1976.36
10431,4202,1649,2,3713.09
10432,4202,198,1,1266.5
10433,4202,1875,3,889.15
10434,4203,591,3,3510.59
10435,4203,561,4,2023.99
10436,4203,552,3,3735.2
10437,4204,1026,2,3832.72
10438,4204,692,2,4629.69
10439,4204,1874,1,2038.67
10440,4205,1321,2,1145.46
10441,4205,78,2,525.53
10442,4205,860,3,421.6
10443,4206,376,4,1550.37
10444,4206,499,2,3448.44
10445,4207,1071,2,2170.33
10446,4207,1592,3,1277.58
10447,4207,711,4,2512.97
10448,4208,1701,4,3196.88
10449,4208,749,5,3005.85
10450,4208,1036,2,3638.41
10451,4208,684,2,3130.93
10452,4209,360,3,3687.6
10453,4210,924,3,407.23
10454,4210,483,1,4941.39
10455,4210,1051,2,1535.78
10456,4210,1801,2,4297.61
10457,4211,550,1,2260.59
10458,4211,649,3,127.94
10459,4211,781,1,2720.54
10460,4212,1718,4,4491.54
10461,4212,381,2,3590.19
10462,4212,1255,2,3534.1
10463,4213,447,1,1882.07
10464,4214,1852,5,568.41
10465,4214,1651,3,1559.53
10466,4214,1542,5,142.87
10467,4214,1639,2,280.07
10468,4215,1719,4,4207.69
10469,4215,634,5,3390.51
10470,4215,1237,4,3949.17
10471,4216,1394,1,1472.74
10472,4216,773,5,1551.94
10473,4217,1575,2,4759.72
10474,4217,51,5,2377.06
10475,4217,509,2,3670.29
10476,4218,1131,1,3182.41
10477,4219,50,3,2406.36
10478,4219,1794,4,4943.5
10479,4219,1620,4,3927.91
10480,4220,1193,4,2049.44
10481,4220,1102,5,3915.2
10482,4220,1638,5,1905.98
10483,4220,1128,2,912.22
10484,4221,1847,3,3422.2
10485,4221,700,5,728.03
10486,4221,1544,1,2753.26
10487,4221,875,4,593.63
10488,4222,843,3,1112.41
10489,4222,395,1,2293.09
10490,4222,1862,2,3083.03
10491,4223,105,2,1594.49
10492,4223,311,5,4257.7
10493,4223,1756,5,2179.25
10494,4223,774,3,450.99
10495,4224,1118,3,3713.21
10496,4224,1307,4,2522.81
10497,4224,629,1,3250.39
10498,4224,826,5,2668.7
10499,4225,584,2,1765.65
10500,4225,850,3,34.16
10501,4225,1932,4,108.69
10502,4225,1995,1,2213.54
10503,4226,208,1,1033.96
10504,4226,1128,4,912.22
10505,4226,1037,4,1567.44
10506,4227,603,5,1040.81
10507,4227,207,2,4395.79
10508,4227,168,3,2516.81
10509,4228,1662,1,2948.12
10510,4229,1662,4,3160.26
10511,4229,623,3,4260.78
10512,4229,688,5,999.99
10513,4230,803,1,4544.47
10514,4230,1575,5,4759.72
10515,4231,2000,3,849.72
10516,4231,1935,2,4879.73
10517,4231,1708,4,319.73
10518,4231,1735,4,4147.46
10519,4232,201,2,102.3
10520,4232,1748,4,681.78
10521,4232,1441,1,640.88
10522,4233,722,2,2534.69
10523,4233,429,3,4456.8
10524,4233,1545,2,2436.92
10525,4234,527,4,1149.46
10526,4234,1141,2,247.41
10527,4235,324,1,318.48
10528,4235,965,5,1691.03
10529,4235,633,1,1499.21
10530,4235,263,5,4797.79
10531,4236,1955,4,1704.13
10532,4237,280,1,1667.42
10533,4237,1488,1,1662.93
10534,4237,77,1,2924.08
10535,4237,893,2,91.06
10536,4238,735,5,1558.54
10537,4238,149,5,708.87
10538,4239,1410,2,3888.52
10539,4239,1696,4,979.19
10540,4239,414,5,85.75
10541,4240,1510,2,1417.49
10542,4241,982,1,294.46
10543,4242,728,1,1720.04
10544,4243,86,5,1479.15
10545,4244,218,2,4199.98
10546,4244,432,4,3466.31
10547,4244,252,2,1843.4
10548,4245,496,1,2342.32
10549,4246,1001,4,2482.85
10550,4247,1787,2,3811.84
10551,4248,1500,4,4223.34
10552,4248,79,1,2248.46
10553,4249,1364,1,1963.35
10554,4249,1684,2,3589.34
10555,4249,709,2,1815.19
10556,4250,724,4,3238.66
10557,4250,976,1,1872.2
10558,4250,1474,5,567.6
10559,4251,123,3,2822.61
10560,4252,1967,5,3118.21
10561,4252,1714,3,876.0
10562,4252,89,3,65.93
10563,4252,643,4,3185.4
10564,4253,1606,4,2436.74
10565,4253,537,3,4518.79
10566,4253,954,2,4296.56
10567,4254,1560,3,1396.92
10568,4255,398,3,3230.16
10569,4255,1959,4,2299.44
10570,4255,1104,3,2160.59
10571,4255,607,5,4648.41
10572,4256,926,4,3865.4
10573,4256,1223,2,2330.58
10574,4256,1540,1,3686.49
10575,4257,1665,1,1975.67
10576,4257,11,3,3127.01
10577,4257,195,2,1171.9
10578,4258,1429,2,4518.66
10579,4258,1433,5,2525.06
10580,4259,520,4,3845.1
10581,4259,1896,1,2418.5
10582,4260,908,4,1720.1
10583,4260,1506,1,681.79
10584,4260,1949,4,628.06
10585,4261,1709,4,1568.58
10586,4261,1602,1,2669.18
10587,4262,1924,4,2698.77
10588,4263,1452,4,764.05
10589,4264,1619,2,3983.49
10590,4264,1011,3,504.06
10591,4264,1884,5,347.97
10592,4264,859,1,4439.46
10593,4265,1722,1,265.02
10594,4265,1399,4,2617.78
10595,4265,1146,1,220.73
10596,4266,1698,2,2763.38
10597,4267,700,4,659.92
10598,4267,300,2,2393.53
10599,4268,1141,1,282.75
10600,4269,33,4,618.65
10601,4270,519,5,4756.84
10602,4270,1158,3,2952.93
10603,4270,1940,3,4375.64
10604,4271,30,2,2949.45
10605,4271,612,5,3147.96
10606,4272,1190,1,2212.05
10607,4272,1492,1,1454.23
10608,4272,724,2,3238.66
10609,4273,572,3,2788.36
10610,4273,1021,2,3684.3
10611,4273,330,4,4858.01
10612,4274,174,3,402.4
10613,4274,958,4,786.16
10614,4274,1605,2,4362.29
10615,4275,215,4,1855.51
10616,4276,329,3,4348.31
10617,4276,1346,2,1135.36
10618,4276,740,1,618.13
10619,4277,1805,1,2631.43
10620,4277,431,5,3294.77
10621,4277,1730,5,1575.07
10622,4277,906,3,1402.5
10623,4278,965,3,1691.03
10624,4279,1639,4,280.07
10625,4280,916,4,4398.18
10626,4280,42,1,4975.48
10627,4281,716,2,1935.49
10628,4282,361,5,102.54
10629,4282,1916,1,60.17
10630,4282,754,3,1620.48
10631,4283,978,3,1119.6
10632,4283,1996,5,1194.53
10633,4283,1518,5,1171.72
10634,4283,1764,4,2524.19
10635,4284,1798,5,3519.52
10636,4284,1881,4,3178.03
10637,4285,276,5,1435.35
10638,4286,1484,1,749.5
10639,4287,1195,5,69.7
10640,4287,336,4,2584.15
10641,4288,948,2,3079.92
10642,4288,501,2,3768.53
10643,4289,1313,4,4023.94
10644,4290,1280,2,2712.92
10645,4291,1007,1,1712.16
10646,4291,1154,3,872.87
10647,4291,1182,4,2928.88
10648,4292,1824,1,3280.48
10649,4292,1549,5,3763.06
10650,4292,1346,1,952.46
10651,4293,1931,4,2121.67
10652,4293,390,4,734.47
10653,4293,299,4,2422.18
10654,4294,1240,3,3414.6
10655,4294,1578,3,2695.81
10656,4294,1183,5,348.93
10657,4294,710,2,4079.08
10658,4295,740,3,618.13
10659,4295,625,4,4059.0
10660,4296,83,4,1742.41
10661,4296,172,1,4966.4
10662,4297,484,1,2046.14
10663,4297,1279,1,2423.46
10664,4297,121,2,926.94
10665,4298,215,4,1667.27
10666,4298,294,3,3816.77
10667,4299,184,4,1497.19
10668,4299,1795,5,1258.44
10669,4299,58,4,4880.59
10670,4299,1015,4,2805.41
10671,4300,1989,4,2713.54
10672,4300,438,3,3390.29
10673,4301,1266,5,501.14
10674,4302,925,5,4150.42
10675,4302,600,2,1308.23
10676,4302,1108,5,2593.33
10677,4302,1670,4,3775.41
10678,4303,917,1,3523.38
10679,4303,18,5,3855.15
10680,4303,183,3,2373.18
10681,4303,1190,3,1857.66
10682,4304,918,1,637.84
10683,4304,1947,3,1787.64
10684,4304,1827,1,1992.86
10685,4304,1113,5,1117.82
10686,4305,599,5,4935.59
10687,4305,844,2,3001.86
10688,4305,729,1,3272.63
10689,4306,1126,4,444.36
10690,4306,469,3,3051.6
10691,4306,554,1,4495.61
10692,4307,1100,3,3483.4
10693,4307,277,2,2633.94
10694,4307,949,5,2903.07
10695,4308,1649,4,3450.39
10696,4308,1490,1,4644.16
10697,4309,1940,4,4375.64
10698,4310,911,4,3202.05
10699,4310,884,5,2740.58
10700,4310,860,5,421.6
10701,4311,375,2,1464.53
10702,4311,703,5,2916.95
10703,4311,906,2,1703.31
10704,4312,130,1,73.51
10705,4313,162,3,980.62
10706,4313,1715,2,2658.67
10707,4313,1558,2,2317.69
10708,4313,1375,2,3905.71
10709,4314,1953,5,4319.47
10710,4314,343,5,1356.03
10711,4314,1938,5,2662.45
10712,4315,1603,5,774.75
10713,4315,1189,3,1304.54
10714,4315,339,4,2744.38
10715,4316,1971,3,3384.04
10716,4316,948,5,3588.3
10717,4316,1702,5,2855.01
10718,4317,1025,4,3771.86
10719,4317,1935,5,4879.73
10720,4317,1471,5,1253.11
10721,4318,44,4,3787.46
10722,4318,247,5,3024.59
10723,4318,208,2,1246.29
10724,4319,1231,1,679.89
10725,4319,1930,4,1645.53
10726,4319,1229,1,4239.84
10727,4320,1647,2,4578.02
10728,4320,1786,2,1507.08
10729,4320,1615,5,2480.18
10730,4321,821,3,1562.15
10731,4321,264,2,3080.46
10732,4322,211,5,2753.06
10733,4322,1334,3,3114.64
10734,4322,1280,1,2371.97
10735,4322,327,5,1053.74
10736,4323,469,5,3409.35
10737,4323,1155,5,2298.98
10738,4323,1134,3,1592.31
10739,4323,828,2,4204.94
10740,4324,1788,3,3293.76
10741,4324,1106,1,3401.16
10742,4324,1909,1,4859.09
10743,4324,876,2,4735.67
10744,4325,1269,1,559.11
10745,4325,529,2,1839.51
10746,4325,1529,4,1524.47
10747,4325,1371,4,4005.07
10748,4326,1767,2,2213.8
10749,4326,1527,2,1719.79
10750,4326,712,2,1459.97
10751,4327,294,1,4193.11
10752,4327,1390,4,2132.37
10753,4327,1798,1,3080.77
10754,4327,1044,2,2244.24
10755,4328,1733,5,3172.94
10756,4329,1142,2,1770.45
10757,4329,1419,5,2348.86
10758,4329,16,3,938.32
10759,4330,369,2,4023.43
10760,4330,53,5,4782.7
10761,4331,182,3,1313.45
10762,4331,315,5,1223.18
10763,4332,1877,2,896.41
10764,4332,1508,2,3515.38
10765,4333,1840,4,1146.8
10766,4333,1888,5,3602.81
10767,4333,1609,3,3510.51
10768,4333,67,4,4645.47
10769,4334,1184,3,2884.13
10770,4334,924,2,407.23
10771,4334,336,4,2584.15
10772,4335,630,3,2446.22
10773,4335,1488,2,1662.93
10774,4335,787,5,3735.76
10775,4336,981,3,355.18
10776,4336,948,5,3588.3
10777,4336,375,3,1178.46
10778,4336,212,3,803.2
10779,4337,1337,2,1760.67
10780,4338,1886,2,2439.86
10781,4338,750,2,2618.93
10782,4339,1165,1,56.96
10783,4339,418,1,4483.51
10784,4339,809,4,3104.43
10785,4340,1059,1,4118.26
10786,4341,392,5,3369.23
10787,4341,373,5,4531.36
10788,4341,920,2,1699.61
10789,4341,1578,3,2695.81
10790,4342,1588,4,344.25
10791,4342,1276,5,4775.49
10792,4342,1001,4,2482.85
10793,4343,594,3,2929.29
10794,4343,1322,2,1730.65
10795,4343,285,5,1775.87
10796,4343,1651,2,1559.53
10797,4344,1480,2,705.06
10798,4344,1828,4,3265.59
10799,4344,517,4,586.1
10800,4345,1396,4,2643.95
10801,4346,1798,5,3341.44
10802,4346,667,1,4600.9
10803,4346,673,4,3206.77
10804,4346,943,4,3628.8
10805,4347,1581,5,2985.72
10806,4347,1695,3,1980.65
10807,4347,557,1,2749.62
10808,4347,963,5,577.79
10809,4348,1952,3,2454.26
10810,4348,260,1,60.74
10811,4349,1283,1,1258.75
10812,4349,1897,3,2534.34
10813,4349,207,2,4395.79
10814,4350,911,5,3202.05
10815,4350,178,3,4327.53
10816,4350,1910,5,4302.81
10817,4350,333,4,3534.97
10818,4351,1868,1,2512.3
10819,4351,842,4,63.92
10820,4352,898,1,4021.03
10821,4352,1478,2,3702.99
10822,4352,370,3,4704.13
10823,4353,1609,4,3710.26
10824,4353,1116,4,4568.6
10825,4353,1832,5,1596.17
10826,4354,572,4,3464.96
10827,4354,1989,2,2713.54
10828,4354,786,3,287.29
10829,4354,1747,4,4211.6
10830,4355,759,1,4030.25
10831,4355,859,1,4126.15
10832,4356,789,1,1326.9
10833,4356,1035,1,1827.28
10834,4356,854,4,4215.33
10835,4357,528,3,2730.54
10836,4357,1554,4,4999.52
10837,4357,1350,5,2699.14
10838,4357,198,1,1266.5
10839,4358,408,4,4940.48
10840,4358,100,1,4670.26
10841,4358,1959,2,1911.78
10842,4359,563,1,771.18
10843,4359,1705,5,2543.61
10844,4360,801,1,1243.14
10845,4360,97,5,704.13
10846,4360,347,2,4172.85
10847,4361,1478,5,3702.99
10848,4361,552,3,3735.2
10849,4362,477,2,4760.62
10850,4363,961,4,3543.03
10851,4364,1305,5,1337.98
10852,4364,883,3,777.84
10853,4364,1026,5,3832.72
10854,4365,216,4,1658.13
10855,4365,1211,3,1630.48
10856,4365,230,3,1092.51
10857,4365,569,2,3518.66
10858,4366,1398,3,1360.3
10859,4366,1645,1,1189.64
10860,4367,1185,5,4048.07
10861,4367,1256,3,3211.48
10862,4368,191,1,4047.09
10863,4368,433,2,4118.38
10864,4368,151,1,4997.17
10865,4369,1009,1,3758.92
10866,4369,1758,5,1627.94
10867,4370,740,1,618.13
10868,4370,392,3,4147.29
10869,4371,1489,4,1547.24
10870,4371,1669,1,2604.27
10871,4372,478,4,207.98
10872,4373,1898,1,1001.41
10873,4373,716,2,1935.49
10874,4374,1134,5,1429.28
10875,4374,1207,4,3211.83
10876,4374,1662,3,2835.9
10877,4374,1197,2,2665.4
10878,4375,580,4,4091.23
10879,4375,12,3,1094.11
10880,4375,904,3,4894.55
10881,4376,1956,5,685.08
10882,4376,796,3,4016.74
10883,4376,874,1,4765.46
10884,4376,148,1,3104.71
10885,4377,1809,4,1631.51
10886,4377,1977,4,3501.61
10887,4377,1191,3,2506.31
10888,4378,417,2,622.91
10889,4378,57,5,4705.04
10890,4379,846,5,3605.95
10891,4379,1261,5,2089.43
10892,4380,830,2,1158.94
10893,4380,497,4,572.94
10894,4380,324,3,377.72
10895,4381,817,5,3798.7
10896,4381,220,2,1408.94
10897,4381,958,5,681.09
10898,4381,453,2,4545.91
10899,4382,1815,3,3436.44
10900,4382,1015,2,2805.41
10901,4383,1242,2,1507.11
10902,4383,843,2,1112.41
10903,4384,1575,5,4376.61
10904,4384,1046,5,1159.16
10905,4384,1041,2,2917.36
10906,4384,480,5,2460.22
10907,4385,1942,4,110.05
10908,4385,1737,3,3354.21
10909,4385,772,3,3327.54
10910,4386,431,3,3294.77
10911,4386,362,4,2646.06
10912,4386,875,5,593.63
10913,4387,528,3,2730.54
10914,4387,1491,2,2694.2
10915,4387,1678,1,2297.44
10916,4387,28,1,4654.11
10917,4388,200,2,1216.73
10918,4389,1065,2,1479.0
10919,4389,866,4,1065.77
10920,4389,930,1,79.28
10921,4390,1581,4,2985.72
10922,4390,359,3,4464.57
10923,4390,1721,3,3360.92
10924,4391,209,1,3655.89
10925,4391,1864,2,4244.91
10926,4391,1095,5,2920.08
10927,4391,792,3,776.47
10928,4392,604,3,4183.03
10929,4393,1220,3,558.75
10930,4394,313,3,474.04
10931,4394,391,3,545.65
10932,4394,351,5,713.77
10933,4394,1003,3,4496.47
10934,4395,878,1,4836.66
10935,4395,741,3,3043.25
10936,4395,1812,2,3787.64
10937,4396,401,5,1225.79
10938,4397,482,1,2685.86
10939,4397,689,3,34.78
10940,4397,1096,5,2154.04
10941,4397,628,1,4349.75
10942,4398,1688,3,953.67
10943,4398,21,2,3692.52
10944,4398,260,3,60.74
10945,4399,698,3,3508.03
10946,4399,1324,5,1491.93
10947,4399,1405,5,781.6
10948,4400,1380,4,3721.35
10949,4400,536,2,2265.43
10950,4400,261,5,3561.67
10951,4400,1663,1,363.7
10952,4401,1813,5,1347.23
10953,4401,101,5,3718.33
10954,4401,1310,3,4444.28
10955,4401,671,5,3446.65
10956,4402,1126,1,444.36
10957,4402,1214,5,328.89
10958,4403,150,5,4729.13
10959,4403,1297,5,1916.18
10960,4403,445,2,4082.97
10961,4403,672,5,2422.67
10962,4404,1569,2,961.57
10963,4404,1523,2,118.31
10964,4405,1596,4,3117.15
10965,4405,761,4,1097.43
10966,4405,333,4,4209.31
10967,4406,921,1,558.99
10968,4407,1871,4,2643.42
10969,4407,1631,2,3896.29
10970,4408,1380,5,3721.35
10971,4408,796,1,3811.84
10972,4408,1706,3,3582.05
10973,4408,1114,3,2254.45
10974,4409,1994,3,3216.2
10975,4409,720,1,2189.31
10976,4409,1499,4,4052.38
10977,4410,1582,4,1372.91
10978,4410,848,5,2754.39
10979,4410,958,2,786.16
10980,4411,1875,5,889.15
10981,4411,1620,1,3927.91
10982,4411,1299,4,3754.76
10983,4411,267,5,1827.23
10984,4412,343,5,1428.48
10985,4412,181,3,2140.92
10986,4412,1876,3,915.48
10987,4413,1111,4,2011.59
10988,4413,415,1,246.23
10989,4413,262,4,296.9
10990,4414,1427,2,2180.98
10991,4414,1124,2,4882.27
10992,4414,1908,1,2628.01
10993,4414,1674,1,4014.42
10994,4415,1735,4,4147.46
10995,4415,1087,3,3869.88
10996,4415,142,3,3966.55
10997,4416,899,4,2673.68
10998,4417,529,5,2017.88
10999,4417,1686,1,456.49
11000,4417,755,2,3263.47
11001,4417,1489,4,1336.44
11002,4418,289,4,2450.56
11003,4419,1034,3,1140.64
11004,4419,257,2,454.34
11005,4419,1608,3,2480.7
11006,4420,378,4,1121.15
11007,4420,18,5,4759.91
11008,4420,1207,2,3211.83
11009,4420,738,4,4721.08
11010,4421,1316,4,1416.17
11011,4421,1816,3,1970.73
11012,4421,45,1,3512.85
11013,4422,761,1,1097.43
11014,4422,324,3,377.72
11015,4423,792,4,738.04
11016,4424,1832,5,1460.07
11017,4424,624,2,477.59
11018,4424,143,1,2926.5
11019,4424,62,4,3329.9
11020,4425,1401,3,3525.55
11021,4425,1779,5,4333.82
11022,4425,74,3,3695.82
11023,4425,939,3,161.24
11024,4426,1043,4,3990.48
11025,4427,491,3,4756.43
11026,4427,1229,2,4239.84
11027,4427,780,2,4982.09
11028,4427,651,4,140.09
11029,4428,1284,1,1729.22
11030,4428,796,1,4016.74
11031,4428,206,1,4141.44
11032,4429,464,1,3908.33
11033,4430,484,2,1919.65
11034,4430,1678,3,2297.44
11035,4431,177,3,2324.4
11036,4432,1662,1,3160.26
11037,4432,435,2,2114.92
11038,4432,1163,1,1790.9
11039,4433,1960,3,1687.21
11040,4433,276,4,1435.35
11041,4433,760,5,1548.92
11042,4434,804,5,3811.41
11043,4434,1579,2,1271.12
11044,4434,848,3,2288.31
11045,4435,909,2,1895.6
11046,4435,916,2,4904.69
11047,4435,1151,1,3712.56
11048,4436,1134,4,1277.18
11049,4437,868,2,991.31
11050,4438,1822,1,4035.75
11051,4439,1511,5,3701.57
11052,4439,131,4,3366.57
11053,4440,1604,1,622.93
11054,4440,518,5,2494.14
11055,4440,1152,4,2407.53
11056,4440,392,2,4147.29
11057,4441,1940,3,4375.64
11058,4441,330,3,4858.01
11059,4442,282,5,536.58
11060,4442,1037,1,1567.44
11061,4443,1359,4,3802.52
11062,4443,1474,5,513.53
11063,4443,1543,3,1433.78
11064,4443,1087,2,4472.76
11065,4444,1297,4,1916.18
11066,4444,1931,1,2121.67
11067,4445,245,2,4165.93
11068,4445,146,3,2306.98
11069,4445,1150,2,3896.29
11070,4446,1583,2,3561.74
11071,4446,251,3,2748.09
11072,4447,129,4,3986.14
11073,4448,1744,4,1621.05
11074,4449,1834,5,3953.74
11075,4449,1631,5,4490.57
11076,4450,1334,2,3114.64
11077,4451,646,4,807.46
11078,4451,186,1,3792.58
11079,4452,1172,2,4339.9
11080,4452,284,4,434.25
11081,4453,814,4,3110.03
11082,4454,1339,1,1539.51
11083,4454,1120,3,2942.79
11084,4454,306,5,2895.92
11085,4455,1327,5,913.21
11086,4455,1130,5,2324.01
11087,4456,1805,2,2631.43
11088,4457,1781,4,2128.99
11089,4457,203,5,3171.04
11090,4457,920,1,1499.07
11091,4457,136,3,3496.33
11092,4458,196,3,1975.92
11093,4459,268,3,4622.54
11094,4459,1545,5,2804.73
11095,4460,222,2,4379.2
11096,4460,450,2,394.32
11097,4460,944,1,314.92
11098,4461,1128,3,912.22
11099,4461,844,3,3408.55
11100,4461,20,1,3115.68
11101,4461,1292,4,4546.08
11102,4462,1081,1,1664.25
11103,4462,229,3,554.15
11104,4462,1214,4,410.19
11105,4462,1801,2,4297.61
11106,4463,657,1,1698.74
11107,4463,717,1,1550.32
11108,4464,1327,3,975.37
11109,4464,897,2,2363.4
11110,4464,195,2,1260.96
11111,4465,1384,3,4380.18
11112,4465,613,5,1703.51
11113,4465,570,3,2071.01
11114,4465,948,2,3588.3
11115,4466,1646,1,4531.46
11116,4466,1623,3,4345.73
11117,4466,1099,2,3583.64
11118,4466,60,2,521.12
11119,4467,429,2,4461.6
11120,4468,794,1,2450.4
11121,4468,284,3,434.25
11122,4468,1067,4,2613.45
11123,4468,24,3,3472.55
11124,4469,587,5,3620.3
11125,4469,1748,5,681.78
11126,4469,198,5,1017.03
11127,4469,141,1,1392.29
11128,4470,901,3,4432.43
11129,4470,266,4,965.9
11130,4470,1529,5,1524.47
11131,4470,225,2,1331.62
11132,4471,1761,3,3336.93
11133,4471,1754,1,1040.98
11134,4472,338,2,99.68
11135,4472,953,3,2843.81
11136,4472,1759,1,236.52
11137,4472,321,4,3268.68
11138,4473,658,1,1245.37
11139,4473,1041,2,2917.36
11140,4473,1326,4,821.14
11141,4473,676,3,1181.47
11142,4474,1022,2,907.78
11143,4474,1540,4,3898.12
11144,4474,892,4,3031.09
11145,4474,322,1,1128.18
11146,4475,1049,4,3885.24
11147,4475,1328,5,1629.06
11148,4476,1795,5,1058.89
11149,4476,1881,5,2560.06
11150,4477,129,1,4668.8
11151,4477,27,4,2504.25
11152,4478,1720,2,1338.58
11153,4478,1842,1,1065.87
11154,4478,1118,4,3713.21
11155,4479,1833,4,3938.2
11156,4479,229,3,554.15
11157,4479,31,4,133.5
11158,4480,1687,4,2836.91
11159,4480,1845,2,1385.2
11160,4480,546,2,1741.25
11161,4480,1078,5,3125.24
11162,4481,1833,4,3938.2
11163,4481,1789,4,2182.07
11164,4481,1098,2,4970.86
11165,4481,203,5,3030.63
11166,4482,168,5,3008.4
11167,4482,1036,3,3724.42
11168,4482,655,5,120.85
11169,4483,614,3,1652.79
11170,4484,1735,4,4147.46
11171,4484,1407,5,3721.74
11172,4484,1806,2,4932.05
11173,4484,1527,4,1719.79
11174,4485,1332,5,2422.0
11175,4485,1140,4,143.75
11176,4486,1035,2,1589.57
11177,4486,528,5,2541.84
11178,4486,1938,4,2662.45
11179,4487,1946,5,898.7
11180,4487,1925,1,4695.17
11181,4487,1304,4,2267.28
11182,4488,608,1,2011.32
11183,4488,1904,2,23.78
11184,4488,575,2,332.75
11185,4489,944,2,314.92
11186,4489,358,1,1233.98
11187,4489,964,4,2445.95
11188,4490,1663,2,340.05
11189,4490,1779,3,4333.82
11190,4491,1872,2,3813.24
11191,4491,1082,3,2810.46
11192,4492,924,5,407.23
11193,4492,642,5,3835.02
11194,4492,1274,1,3944.58
11195,4493,988,1,4286.16
11196,4493,1284,1,1729.22
11197,4493,925,2,4150.42
11198,4494,1593,3,4053.1
11199,4494,172,3,4467.85
11200,4494,1320,5,1133.36
11201,4494,814,2,3110.03
11202,4495,1073,4,1327.8
11203,4495,945,4,1759.69
11204,4495,905,3,1278.01
11205,4496,1185,5,4048.07
11206,4497,1913,5,2084.58
11207,4497,1169,4,469.06
11208,4498,373,2,4531.36
11209,4498,509,4,3670.29
11210,4498,1751,5,371.51
11211,4498,194,5,85.23
11212,4499,524,3,3907.03
11213,4499,1999,2,2205.49
11214,4499,590,1,2350.34
11215,4499,1359,5,3802.52
11216,4500,359,5,4464.57
11217,4500,572,2,3464.96
11218,4500,71,1,4701.99
11219,4501,169,2,1877.04
11220,4502,658,5,1245.37
11221,4502,342,2,4327.25
11222,4502,1164,1,2226.51
11223,4503,88,3,903.79
11224,4504,820,2,1886.24
11225,4504,1408,5,1314.08
11226,4504,987,3,4441.98
11227,4505,103,1,4739.24
11228,4505,7,4,4731.63
11229,4505,1630,4,1099.71
11230,4506,793,3,163.62
11231,4506,1208,5,2828.12
11232,4506,321,4,3268.68
11233,4507,435,5,2114.92
11234,4507,1459,5,2168.65
11235,4507,1361,3,4344.01
11236,4507,1598,3,2779.45
11237,4508,244,1,3456.64
11238,4509,1366,3,3554.33
11239,4509,889,3,2129.98
11240,4510,1619,1,3983.49
11241,4511,454,5,3532.11
11242,4512,5,2,4405.06
11243,4512,1979,3,997.48
11244,4513,835,3,824.78
11245,4513,658,3,1245.37
11246,4513,728,3,1622.78
11247,4513,1096,5,2154.04
11248,4514,232,5,3548.64
11249,4514,1697,4,1857.62
11250,4515,1601,5,1059.49
11251,4515,1698,3,2333.32
11252,4516,1930,1,1645.53
11253,4516,54,5,268.33
11254,4516,18,4,4759.91
11255,4517,580,5,4091.23
11256,4517,1731,1,1237.5
11257,4517,461,3,3600.18
11258,4517,886,3,1634.05
11259,4518,1497,5,232.45
11260,4518,319,4,565.74
11261,4518,1868,4,2512.3
11262,4518,183,1,2951.85
11263,4519,135,1,3569.96
11264,4519,1809,2,1631.51
11265,4519,1659,1,479.37
11266,4519,258,2,3583.78
11267,4520,1138,1,2305.56
11268,4520,864,3,1153.96
11269,4520,1626,3,2865.29
11270,4520,908,3,1492.02
11271,4521,1056,3,151.5
11272,4521,1887,5,88.25
11273,4522,1448,3,3950.08
11274,4522,1511,1,3103.96
11275,4523,581,5,4201.25
11276,4524,1758,1,1627.94
11277,4524,1056,3,151.5
11278,4524,393,5,3211.67
11279,4524,1975,2,3658.73
11280,4525,55,5,477.57
11281,4525,1539,1,87.6
11282,4525,189,5,2961.0
11283,4525,1849,5,218.72
11284,4526,1412,1,2409.48
11285,4526,1509,3,1398.09
11286,4526,1387,2,3367.36
11287,4526,1939,4,3353.5
11288,4527,1758,4,1627.94
11289,4527,841,3,2484.52
11290,4527,1669,1,3246.59
11291,4527,1433,4,2525.06
11292,4528,618,5,3436.62
11293,4529,1613,5,2651.93
11294,4530,738,2,4721.08
11295,4530,1678,3,2174.16
11296,4531,332,1,4663.2
11297,4531,422,4,3166.84
11298,4531,1565,4,3269.57
11299,4531,1955,3,1704.13
11300,4532,629,4,3437.25
11301,4532,501,2,3768.53
11302,4533,1668,4,2153.99
11303,4533,1448,3,3950.08
11304,4534,1791,5,952.04
11305,4534,171,1,2036.52
11306,4534,1123,1,577.55
11307,4534,390,4,734.47
11308,4535,702,1,3418.37
11309,4535,824,1,1955.72
11310,4536,1713,3,3233.67
11311,4536,513,5,4755.26
11312,4536,1768,2,3632.43
11313,4537,1932,2,99.64
11314,4537,420,1,1799.73
11315,4538,1731,4,1237.5
11316,4539,926,4,3865.4
11317,4539,1394,2,1472.74
11318,4540,1567,1,2535.92
11319,4540,287,1,3303.19
11320,4540,203,5,3599.53
11321,4541,879,3,449.66
11322,4541,297,1,1853.29
11323,4541,311,1,4257.7
11324,4541,96,3,4674.1
11325,4542,1047,1,2250.05
11326,4542,1092,3,166.85
11327,4542,1801,3,4297.61
11328,4543,1244,3,1819.99
11329,4544,1900,4,141.22
11330,4544,1577,2,582.7
11331,4544,644,3,1244.88
11332,4544,1808,5,3905.23
11333,4545,768,2,2222.8
11334,4545,1334,2,3114.64
11335,4545,1349,1,491.69
11336,4545,223,3,1865.59
11337,4546,764,5,2226.69
11338,4546,326,3,2119.6
11339,4546,846,1,3819.23
11340,4547,231,2,4228.4
11341,4547,1767,1,2213.8
11342,4547,1508,4,3515.38
11343,4547,312,3,1267.23
11344,4548,385,3,4309.91
11345,4548,400,4,2808.68
11346,4548,639,1,1959.67
11347,4549,1443,2,1395.23
11348,4549,1646,4,4531.46
11349,4549,13,1,1865.32
11350,4549,522,1,2570.82
11351,4550,70,3,1704.87
11352,4550,1873,5,1692.52
11353,4550,162,4,980.62
11354,4551,1431,1,2347.72
11355,4551,989,3,3743.11
11356,4551,872,1,1346.22
11357,4552,527,2,1149.46
11358,4552,719,5,4251.26
11359,4552,638,2,2493.09
11360,4553,1430,3,1925.3
11361,4553,1403,2,2636.06
11362,4553,799,5,4047.46
11363,4553,876,3,4735.67
11364,4554,1987,3,1206.99
11365,4554,1605,2,3543.19
11366,4554,1876,5,915.48
11367,4555,489,2,938.89
11368,4556,206,2,4141.44
11369,4557,1456,5,3240.86
11370,4557,232,4,3846.85
11371,4557,320,1,2079.78
11372,4558,1062,5,158.0
11373,4559,1853,1,4612.68
11374,4559,1382,5,380.75
11375,4559,72,5,946.6
11376,4559,232,1,3846.85
11377,4560,451,5,3672.78
11378,4560,1067,1,3205.61
11379,4560,1326,4,666.5
11380,4561,1027,5,1574.31
11381,4561,1290,2,121.76
11382,4561,552,4,3735.2
11383,4561,500,1,1122.63
11384,4562,1790,2,4394.84
11385,4562,1713,5,3233.67
11386,4563,1642,5,2231.42
11387,4563,421,2,4612.91
11388,4564,438,3,3390.29
11389,4564,809,2,3104.43
11390,4564,1162,3,260.62
11391,4565,1897,3,2164.35
11392,4565,869,5,1049.71
11393,4565,363,2,2133.13
11394,4566,1354,1,2081.24
11395,4567,870,4,2586.71
11396,4568,1147,1,3066.56
11397,4569,841,2,2484.52
11398,4569,61,4,3122.29
11399,4569,525,4,585.54
11400,4569,453,3,4264.92
11401,4570,902,4,2296.46
11402,4570,1799,2,3529.71
11403,4570,312,5,1267.23
11404,4571,1832,1,1596.17
11405,4572,1523,1,118.31
11406,4572,1575,1,4759.72
11407,4573,843,3,1112.41
11408,4574,42,2,4975.48
11409,4574,510,5,2503.64
11410,4574,832,5,1626.26
11411,4575,1539,4,87.6
11412,4576,169,2,1877.04
11413,4577,1599,5,681.02
11414,4578,1670,3,3342.85
11415,4578,926,2,3865.4
11416,4579,1123,4,577.55
11417,4579,1838,2,504.85
11418,4580,306,3,2895.92
11419,4581,225,4,1331.62
11420,4581,1919,4,2429.15
11421,4582,798,2,4170.48
11422,4582,1427,3,2180.98
11423,4583,1977,5,3120.5
11424,4584,495,3,2325.41
11425,4585,607,5,4648.41
11426,4585,1389,3,1904.68
11427,4585,64,5,2594.71
11428,4586,1458,1,1609.23
11429,4586,1291,3,1661.86
11430,4586,1453,2,1778.93
11431,4586,1165,5,56.96
11432,4587,1442,1,2295.41
11433,4587,1892,1,3756.21
11434,4588,1510,3,1417.49
11435,4588,1928,5,664.98
11436,4589,495,4,2325.41
11437,4589,1542,4,142.87
11438,4589,1265,4,2890.04
11439,4590,1619,2,3983.49
11440,4590,782,4,130.52
11441,4591,251,4,2748.09
11442,4592,258,2,4301.51
11443,4593,1877,5,774.36
11444,4593,290,1,2353.48
11445,4593,535,4,2607.22
11446,4593,1978,3,1245.27
11447,4594,1311,3,4424.0
11448,4594,19,5,4954.02
11449,4594,778,1,1884.21
11450,4594,1978,3,1245.27
11451,4595,852,3,51.74
11452,4595,761,3,1097.43
11453,4595,878,1,4261.01
11454,4595,112,5,373.87
11455,4596,794,2,2517.43
11456,4596,1238,4,4582.12
11457,4597,906,1,1703.31
11458,4597,275,2,3000.32
11459,4597,601,3,4087.4
11460,4598,141,2,1274.07
11461,4598,1814,5,2755.18
11462,4598,1453,5,1778.93
11463,4598,956,3,2299.04
11464,4599,497,1,472.21
11465,4599,658,2,1245.37
11466,4599,485,4,2292.12
11467,4599,1061,1,3936.22
11468,4600,1918,4,3446.63
11469,4600,1830,4,1574.79
11470,4600,332,3,4265.17
11471,4601,220,2,1408.94
11472,4601,1170,2,1315.23
11473,4601,394,1,2288.32
11474,4601,533,3,283.98
11475,4602,1218,1,1559.38
11476,4603,926,3,3865.4
11477,4603,197,1,124.38
11478,4603,1969,1,1715.61
11479,4604,1254,2,3813.76
11480,4604,756,1,4290.25
11481,4604,496,3,2221.82
11482,4605,1348,4,193.95
11483,4606,1703,2,3435.52
11484,4607,719,5,3751.43
11485,4608,1383,2,76.06
11486,4608,1022,1,859.51
11487,4609,1703,2,3435.52
11488,4609,269,1,1426.17
11489,4610,862,1,808.75
11490,4610,531,1,1030.43
11491,4610,1446,1,3357.61
11492,4610,160,4,4272.53
11493,4611,967,5,3884.42
11494,4612,880,2,4537.46
11495,4612,1922,3,2213.9
11496,4612,251,5,2748.09
11497,4613,1136,2,1859.45
11498,4614,1209,3,1827.1
11499,4614,1531,2,4829.37
11500,4615,492,1,977.04
11501,4615,805,3,287.96
11502,4615,918,2,709.61
11503,4616,628,5,4349.75
11504,4616,1517,4,1255.49
11505,4616,1647,1,4578.02
11506,4616,1481,5,1236.14
11507,4617,1802,3,3083.22
11508,4617,1023,5,3992.43
11509,4618,1281,5,4697.79
11510,4619,1972,5,3411.26
11511,4619,1197,4,3064.29
11512,4619,863,5,2025.64
11513,4619,690,5,3071.04
11514,4620,1801,5,4297.61
11515,4620,456,4,204.74
11516,4620,1377,2,2370.92
11517,4621,525,2,585.54
11518,4621,579,3,4113.9
11519,4622,539,1,4274.76
11520,4623,1711,2,3091.29
11521,4624,647,2,1274.12
11522,4624,1398,1,1360.3
11523,4624,1092,2,166.85
11524,4625,611,2,3903.33
11525,4625,1198,4,4266.62
11526,4625,124,1,1903.14
11527,4626,760,4,1548.92
11528,4626,777,1,2077.46
11529,4626,647,5,1274.12
11530,4627,1876,5,915.48
11531,4628,1061,3,4408.37
11532,4629,1358,5,4529.67
11533,4629,1517,3,1255.49
11534,4629,1125,4,339.79
11535,4630,1282,3,4678.25
11536,4631,1154,4,776.7
11537,4632,599,2,4935.59
11538,4632,1380,4,3721.35
11539,4632,1858,5,4696.05
11540,4632,940,5,430.57
11541,4633,431,3,3294.77
11542,4633,1837,3,4360.25
11543,4634,455,4,3822.19
11544,4635,747,2,638.84
11545,4635,1111,2,2376.45
11546,4636,118,4,4784.56
11547,4636,1127,3,750.74
11548,4636,315,2,1014.5
11549,4637,260,2,54.23
11550,4637,846,2,3819.23
11551,4638,1842,4,1066.57
11552,4638,677,2,45.02
11553,4638,1427,4,2180.98
11554,4639,1834,4,3290.45
11555,4639,76,5,688.1
11556,4639,1623,2,4345.73
11557,4639,698,2,4188.03
11558,4640,946,3,2790.2
11559,4640,1594,5,2659.84
11560,4640,1304,5,2267.28
11561,4640,1396,2,2418.31
11562,4641,1171,3,3310.06
11563,4641,219,2,3445.3
11564,4642,510,2,2677.13
11565,4643,1465,3,2424.32
11566,4643,1899,3,4748.11
11567,4644,588,5,1793.76
11568,4644,1208,4,2828.12
11569,4644,732,3,3185.96
11570,4645,1662,1,3160.26
11571,4645,871,4,4608.67
11572,4646,354,1,1420.94
11573,4647,944,4,314.92
11574,4647,365,3,3968.22
11575,4647,279,5,2332.77
11576,4647,1003,1,4496.47
11577,4648,665,5,946.77
11578,4649,92,2,4458.7
11579,4649,359,4,4464.57
11580,4649,1847,3,3422.2
11581,4649,964,2,2605.27
11582,4650,1318,3,4006.54
11583,4650,1208,5,2828.12
11584,4650,435,2,1757.08
11585,4651,42,5,4975.48
11586,4651,1220,2,558.75
11587,4651,1323,2,961.89
11588,4652,1016,2,4654.08
11589,4653,1048,3,3735.55
11590,4653,1185,1,3820.17
11591,4653,1039,4,1303.71
11592,4653,286,3,4563.87
11593,4654,557,5,2749.62
11594,4655,439,1,3553.25
11595,4656,925,3,4150.42
11596,4656,1274,5,3944.58
11597,4656,1416,1,3592.41
11598,4657,1834,1,3540.6
11599,4657,1057,1,4297.01
11600,4657,229,2,554.15
11601,4658,1701,1,3196.88
11602,4659,686,1,4311.22
11603,4659,1265,3,2541.49
11604,4659,1723,5,3605.35
11605,4660,1090,3,3677.27
11606,4660,945,2,1526.12
11607,4661,1606,3,2286.33
11608,4662,1680,4,1224.93
11609,4662,1354,1,2081.24
11610,4662,1588,4,344.25
11611,4662,619,3,4795.2
11612,4663,302,4,40.83
11613,4663,1080,2,4797.15
11614,4663,22,1,3853.54
11615,4664,271,4,4144.82
11616,4664,86,4,1479.15
11617,4664,984,4,3382.2
11618,4664,265,2,410.67
11619,4665,1312,1,3290.67
11620,4665,684,1,3130.93
11621,4666,1039,1,1424.41
11622,4667,898,1,4021.03
11623,4667,35,2,1151.65
11624,4667,1588,1,344.25
11625,4668,1717,2,4935.75
11626,4668,214,4,3316.61
11627,4669,936,5,1664.96
11628,4669,1480,1,705.06
11629,4670,1865,3,1365.6
11630,4670,345,1,4476.61
11631,4670,1581,5,2604.92
11632,4670,1989,2,2713.54
11633,4671,580,3,4091.23
11634,4671,364,2,4850.74
11635,4671,1009,5,4331.92
11636,4671,297,4,1853.29
11637,4672,1795,5,1077.36
11638,4672,104,1,1362.49
11639,4672,1429,2,4518.66
11640,4672,671,1,4268.05
11641,4673,949,3,2673.52
11642,4673,927,5,3432.29
11643,4673,597,2,513.89
11644,4673,271,2,4144.82
11645,4674,937,5,1937.21
11646,4674,1434,4,1186.26
11647,4674,533,2,248.55
11648,4675,1088,2,1321.01
11649,4675,903,2,2006.08
11650,4675,1356,5,3354.26
11651,4675,1766,1,2112.18
11652,4676,905,3,1278.01
11653,4676,1607,5,2101.05
11654,4676,674,1,3045.84
11655,4676,1645,4,1189.64
11656,4677,825,1,4366.02
11657,4678,992,5,3206.36
11658,4678,1398,2,1360.3
11659,4678,1777,4,2403.72
11660,4678,1324,3,1491.93
11661,4679,582,1,4107.9
11662,4679,532,4,2678.18
11663,4679,1266,3,501.14
11664,4680,699,3,4130.06
11665,4680,1455,5,3979.1
11666,4680,1050,1,105.34
11667,4680,333,2,4209.31
11668,4681,677,3,38.0
11669,4681,342,4,4327.25
11670,4681,1048,5,3110.28
11671,4682,1503,2,4559.11
11672,4682,1048,3,3118.21
11673,4683,525,5,585.54
11674,4683,259,2,3788.75
11675,4683,14,5,2641.22
11676,4684,631,5,3065.52
11677,4685,894,2,421.43
11678,4685,163,1,3241.38
11679,4685,1588,1,344.25
11680,4685,1243,1,3945.21
11681,4686,646,2,807.46
11682,4686,926,1,3865.4
11683,4686,81,4,4873.64
11684,4686,748,1,1402.9
11685,4687,498,4,497.43
11686,4687,1266,2,501.14
11687,4688,1853,4,4612.68
11688,4688,1973,3,4641.02
11689,4689,1343,4,2668.19
11690,4689,655,2,120.85
11691,4690,731,1,1685.44
11692,4690,1130,4,1923.2
11693,4690,378,2,1121.15
11694,4690,606,2,3621.92
11695,4691,984,3,3382.2
11696,4692,330,3,4858.01
11697,4692,1411,1,3043.72
11698,4693,1825,2,720.4
11699,4693,911,3,3202.05
11700,4693,1105,3,1308.96
11701,4694,1498,3,2947.49
11702,4694,909,2,1895.6
11703,4695,804,1,3811.41
11704,4695,1905,2,3031.02
11705,4695,835,4,824.78
11706,4695,844,3,3408.55
11707,4696,795,3,2034.25
11708,4696,1864,3,4244.91
11709,4696,1005,5,481.2
11710,4696,687,3,312.63
11711,4697,408,2,4940.48
11712,4697,1973,1,4641.02
11713,4697,1243,3,3598.19
11714,4697,1326,5,821.14
11715,4698,512,1,2081.26
11716,4698,1492,5,1582.22
11717,4699,1085,1,3942.42
11718,4699,1451,1,95.51
11719,4699,947,1,3952.8
11720,4699,1434,2,1186.26
11721,4700,866,4,1065.77
11722,4701,1950,3,3525.4
11723,4701,134,2,1940.05
11724,4701,1659,3,432.01
11725,4702,1316,2,1416.17
11726,4702,1001,5,2482.85
11727,4702,1064,2,891.81
11728,4702,1954,2,4409.84
11729,4703,1340,3,1417.77
11730,4703,340,3,3028.53
11731,4703,753,3,2931.64
11732,4704,396,4,2432.47
11733,4704,835,4,824.78
11734,4705,1211,3,1423.79
11735,4705,1741,2,1288.8
11736,4705,1390,4,1972.51
11737,4705,1784,4,1361.63
11738,4706,38,1,3283.97
11739,4706,40,5,4750.28
11740,4706,1945,4,4845.83
11741,4707,211,3,2753.06
11742,4707,932,2,2826.61
11743,4707,1128,1,854.78
11744,4708,833,1,859.16
11745,4708,1666,2,1107.86
11746,4708,938,3,3776.2
11747,4708,1085,3,3942.42
11748,4709,1138,5,2305.56
11749,4709,1768,4,3375.79
11750,4710,1803,5,2615.85
11751,4710,11,4,3907.36
11752,4710,180,3,993.26
11753,4711,1924,2,2698.77
11754,4711,1822,1,4736.7
11755,4711,1498,2,2947.49
11756,4712,159,2,1222.68
11757,4713,870,5,2586.71
11758,4713,1254,4,4319.49
11759,4714,548,1,790.99
11760,4715,1593,2,4053.1
11761,4715,1765,3,573.5
11762,4716,911,2,3202.05
11763,4716,1370,2,1021.39
11764,4716,966,2,406.68
11765,4716,491,4,4756.43
11766,4717,299,2,2422.18
11767,4717,1029,2,2318.09
11768,4717,97,4,704.13
11769,4718,1600,1,3410.82
11770,4719,559,2,2291.41
11771,4719,462,3,2829.04
11772,4719,1279,3,2423.46
11773,4719,390,1,734.47
11774,4720,872,1,1218.93
11775,4720,884,4,2740.58
11776,4720,1949,2,628.06
11777,4720,223,3,1539.71
11778,4721,1004,2,4068.39
11779,4721,1113,4,1117.82
11780,4721,895,4,4280.38
11781,4722,764,3,1833.36
11782,4722,1319,2,429.98
11783,4722,1631,1,4490.57
11784,4722,1516,5,4754.42
11785,4723,614,2,1652.79
11786,4723,202,3,3151.14
11787,4723,1824,2,2984.88
11788,4723,474,5,2019.11
11789,4724,985,4,228.63
11790,4724,1226,2,3502.2
11791,4725,1673,2,3935.36
11792,4725,869,1,1049.71
11793,4725,1950,5,3234.55
11794,4726,146,1,2306.98
11795,4726,235,4,217.55
11796,4727,48,3,2706.15
11797,4727,1322,3,1918.78
11798,4727,60,5,521.12
11799,4728,1227,1,2840.98
11800,4729,1853,4,4289.75
11801,4729,563,1,771.18
11802,4730,772,3,3333.99
11803,4731,288,3,4203.67
11804,4731,482,2,2685.86
11805,4731,634,3,3390.51
11806,4731,406,4,1153.0
11807,4732,192,3,4658.31
11808,4732,1895,2,4104.65
11809,4732,741,4,3043.25
11810,4732,1293,5,1304.75
11811,4733,1495,1,2805.26
11812,4733,899,5,3039.24
11813,4734,812,3,4622.84
11814,4734,982,2,294.46
11815,4734,122,3,282.9
11816,4734,629,4,3437.25
11817,4735,1222,5,43.71
11818,4735,1379,1,1823.96
11819,4735,1184,1,2884.13
11820,4736,677,4,45.02
11821,4737,542,2,3481.44
11822,4737,338,1,99.68
11823,4737,1900,4,141.22
11824,4738,1679,5,1438.31
11825,4738,425,4,3405.22
11826,4738,974,1,1017.69
11827,4739,1710,2,1383.51
11828,4739,1785,1,1442.72
11829,4739,1615,4,2853.97
11830,4739,841,2,2484.52
11831,4740,1097,3,542.09
11832,4741,1537,4,3391.26
11833,4741,420,4,1799.73
11834,4741,1156,5,2229.63
11835,4741,1430,1,1925.3
11836,4742,1087,2,4472.76
11837,4742,703,3,2916.95
11838,4742,247,2,3024.59
11839,4742,843,5,1112.41
11840,4743,565,4,159.76
11841,4743,1961,2,2267.48
11842,4744,1062,4,158.0
11843,4744,863,3,2025.64
11844,4744,1639,2,226.96
11845,4745,450,4,370.84
11846,4745,542,3,3481.44
11847,4746,1234,1,552.76
11848,4746,1347,3,4310.65
11849,4747,1665,2,1975.67
11850,4747,622,4,1349.43
11851,4747,1524,5,4529.6
11852,4748,1727,1,812.72
11853,4748,1366,5,3554.33
11854,4749,1934,2,551.41
11855,4750,1593,3,4053.1
11856,4750,872,4,1346.22
11857,4751,467,4,3451.65
11858,4751,1336,4,3168.5
11859,4751,1991,4,3214.44
11860,4752,236,4,3685.93
11861,4753,1537,1,3391.26
11862,4753,1791,5,952.04
11863,4754,716,5,1935.49
11864,4754,1911,5,1523.55
11865,4754,1959,1,2299.44
11866,4755,1196,4,571.04
11867,4755,1664,2,4192.17
11868,4755,602,2,4730.97
11869,4756,154,5,696.76
11870,4756,578,2,2567.35
11871,4757,1501,5,571.27
11872,4757,68,1,395.92
11873,4758,1141,5,282.75
11874,4759,1340,3,1329.18
11875,4759,1283,1,1008.44
11876,4760,325,1,723.05
11877,4760,1297,1,1648.23
11878,4760,952,4,2232.98
11879,4761,1963,1,742.96
11880,4762,212,3,803.2
11881,4762,782,3,147.88
11882,4762,1329,5,1706.26
11883,4763,214,2,3316.61
11884,4763,1527,2,1719.79
11885,4763,1133,1,2239.95
11886,4764,1485,5,734.85
11887,4764,1085,5,3343.49
11888,4764,1689,2,4055.41
11889,4765,469,2,3409.35
11890,4765,1130,5,2324.01
11891,4765,1706,3,3582.05
11892,4766,457,5,580.66
11893,4766,1170,5,1315.23
11894,4766,812,4,4622.84
11895,4767,992,4,3206.36
11896,4767,345,1,4476.61
11897,4768,1492,5,1582.22
11898,4769,319,3,684.29
11899,4769,1016,5,4654.08
11900,4769,1776,4,867.72
11901,4770,249,4,3887.05
11902,4771,1017,5,3902.85
11903,4771,1187,5,3486.78
11904,4772,1688,3,953.67
11905,4773,588,3,1793.76
11906,4773,1836,5,563.58
11907,4774,479,2,1560.48
11908,4775,1440,5,3589.68
11909,4775,484,5,2046.14
11910,4776,1472,3,367.67
11911,4776,409,1,284.25
11912,4776,1674,4,3215.96
11913,4776,892,3,3031.09
11914,4777,1973,3,4641.02
11915,4777,622,5,1290.86
11916,4777,545,5,2788.18
11917,4777,1009,3,3804.41
11918,4778,1884,2,347.97
11919,4778,344,1,4211.01
11920,4778,1326,2,659.49
11921,4779,1130,2,2324.01
11922,4779,641,3,2560.87
11923,4779,487,5,4330.41
11924,4779,580,4,4091.23
11925,4780,810,3,2189.0
11926,4780,570,5,2071.01
11927,4780,123,4,2822.61
11928,4780,282,2,614.76
11929,4781,1738,3,1876.76
11930,4781,1552,3,2043.9
11931,4781,298,2,3203.67
11932,4781,125,2,1485.79
11933,4782,1056,4,151.5
11934,4782,1324,5,1491.93
11935,4782,245,3,4956.68
11936,4783,684,4,3130.93
11937,4784,564,3,4607.16
11938,4785,1384,1,4380.18
11939,4785,1808,2,3905.23
11940,4785,67,3,4645.47
11941,4785,1671,1,2466.95
11942,4786,664,1,1180.71
11943,4786,1807,5,1458.05
11944,4786,587,3,3292.77
11945,4787,1134,2,1592.31
11946,4788,1190,1,2212.05
11947,4788,302,1,40.83
11948,4788,311,1,4257.7
11949,4788,196,1,1724.95
11950,4789,1658,3,1105.04
11951,4789,650,4,2104.28
11952,4790,1716,2,2035.93
11953,4790,1806,3,4107.18
11954,4791,709,2,1968.3
11955,4792,365,5,3968.22
11956,4793,1865,1,1486.0
11957,4793,1178,4,3058.33
11958,4793,1324,4,1491.93
11959,4793,1791,2,952.04
11960,4794,308,4,4227.04
11961,4794,1182,1,3017.72
11962,4794,656,4,3743.6
11963,4794,38,5,3283.97
11964,4795,905,3,1278.01
11965,4795,1948,4,406.31
11966,4795,393,3,3676.91
11967,4795,1077,3,1521.49
11968,4796,28,5,4654.11
11969,4796,1787,1,3811.84
11970,4796,538,4,2135.71
11971,4797,1835,1,358.62
11972,4798,530,5,1905.89
11973,4799,754,1,1620.48
11974,4799,561,4,2023.99
11975,4800,129,1,4668.8
11976,4800,1426,3,2840.77
11977,4801,38,5,3283.97
11978,4801,464,1,4246.39
11979,4802,942,3,4334.82
11980,4802,1080,4,4797.15
11981,4803,1211,5,1630.48
11982,4803,1672,2,459.75
11983,4803,151,5,4997.17
11984,4804,1829,5,2889.46
11985,4805,1215,2,627.48
11986,4805,619,3,4795.2
11987,4805,432,3,3586.91
11988,4805,56,2,3084.56
11989,4806,608,4,2247.3
11990,4806,1408,1,1111.34
11991,4806,1115,1,3751.63
11992,4807,1763,4,1928.96
11993,4807,638,4,2301.01
11994,4807,1818,3,791.28
11995,4808,723,2,2989.89
11996,4808,1331,2,772.13
11997,4809,810,3,2694.6
11998,4809,453,3,4545.91
11999,4809,644,5,1244.88
12000,4809,893,4,108.23
12001,4810,291,5,3834.29
12002,4810,1688,3,953.67
12003,4810,1126,3,370.64
12004,4811,1743,5,982.62
12005,4811,714,5,4198.07
12006,4812,240,5,431.39
12007,4812,752,3,1547.46
12008,4812,1728,4,2701.66
12009,4813,1633,4,4642.34
12010,4813,1976,1,2781.03
12011,4814,728,5,1720.04
12012,4814,322,4,989.66
12013,4814,637,1,2924.96
12014,4815,301,1,1012.97
12015,4815,271,5,4144.82
12016,4815,1876,4,915.48
12017,4816,298,5,2854.79
12018,4816,1859,4,306.46
12019,4816,1928,2,664.98
12020,4816,1081,1,1367.21
12021,4817,1449,2,1096.8
12022,4817,139,5,4993.88
12023,4817,1321,4,1145.46
12024,4817,1412,3,2409.48
12025,4818,1873,5,2032.74
12026,4818,1497,1,237.02
12027,4819,1695,2,2387.95
12028,4819,484,4,2046.14
12029,4819,19,1,4123.69
12030,4819,1043,5,3990.48
12031,4820,4,4,2348.56
12032,4820,794,5,2422.57
12033,4820,977,1,638.45
12034,4821,647,2,1274.12
12035,4821,860,5,421.6
12036,4821,1651,4,1559.53
12037,4821,863,3,2025.64
12038,4822,681,3,2163.86
12039,4822,1482,3,1263.09
12040,4823,1012,3,1051.18
12041,4823,34,1,2501.81
12042,4823,98,5,2836.46
12043,4823,1709,3,1568.58
12044,4824,170,1,2609.26
12045,4824,1482,3,1374.53
12046,4824,1342,2,2958.39
12047,4825,691,3,1582.01
12048,4825,180,5,993.26
12049,4825,136,4,3496.33
12050,4826,151,3,4997.17
12051,4826,1121,4,421.04
12052,4826,1455,1,3979.1
12053,4827,701,1,2326.65
12054,4827,1217,3,778.06
12055,4827,1267,5,3727.62
12056,4828,1570,3,4336.23
12057,4828,157,2,4489.54
12058,4828,1353,5,2284.8
12059,4828,1894,3,3730.4
12060,4829,127,4,4711.87
12061,4829,1011,1,602.7
12062,4829,784,5,2566.81
12063,4829,1141,5,282.75
12064,4830,996,4,2795.3
12065,4830,1426,5,2840.77
12066,4830,509,1,3282.5
12067,4830,603,3,896.73
12068,4831,1722,3,265.02
12069,4831,1430,3,1925.3
12070,4832,374,4,889.74
12071,4832,853,5,3707.66
12072,4832,1349,4,491.69
12073,4832,1852,3,568.41
12074,4833,1800,1,1027.07
12075,4834,1671,2,2333.26
12076,4834,681,5,2163.86
12077,4834,1402,3,1111.29
12078,4834,333,4,4209.31
12079,4835,1926,5,3156.81
12080,4835,151,1,4997.17
12081,4835,1637,4,910.75
12082,4835,853,4,4151.58
12083,4836,1651,5,1559.53
12084,4836,1421,4,4859.69
12085,4837,166,5,2028.89
12086,4837,426,4,1966.25
12087,4837,837,3,2265.42
12088,4838,1906,4,2799.16
12089,4838,1615,4,2853.97
12090,4838,56,5,3613.22
12091,4839,61,4,3122.29
12092,4840,631,2,3065.52
12093,4841,1447,4,4186.93
12094,4842,40,1,4750.28
12095,4842,1589,4,457.62
12096,4842,975,1,2088.67
12097,4842,711,3,2912.45
12098,4843,1194,2,472.3
12099,4843,680,2,3366.64
12100,4843,711,1,2912.45
12101,4844,135,3,4248.92
12102,4844,233,4,314.31
12103,4845,976,1,1762.07
12104,4845,632,1,2090.66
12105,4846,570,5,1715.54
12106,4847,1094,5,4482.97
12107,4847,509,1,3182.48
12108,4847,1847,3,3422.2
12109,4848,1660,2,167.07
12110,4848,784,2,2566.81
12111,4848,1371,4,4005.07
12112,4849,360,3,3919.53
12113,4849,1010,3,4593.25
12114,4850,1106,5,2950.19
12115,4850,818,2,1691.29
12116,4850,1952,3,2454.26
12117,4850,1015,1,2805.41
12118,4851,1303,1,54.95
12119,4851,1927,4,3376.17
12120,4852,1724,3,2941.61
12121,4853,1234,3,509.76
12122,4853,148,1,3104.71
12123,4853,516,3,3302.52
12124,4854,557,5,2749.62
12125,4855,1360,1,2684.1
12126,4856,516,2,3302.52
12127,4857,196,5,1975.92
12128,4857,1710,4,1551.52
12129,4857,359,4,4464.57
12130,4857,1854,5,3869.12
12131,4858,1028,3,1758.23
12132,4858,1441,1,640.67
12133,4859,1237,4,3949.17
12134,4859,843,1,1112.41
12135,4859,1412,4,2409.48
12136,4859,1471,4,1146.5
12137,4860,1442,4,2295.41
12138,4860,431,1,3294.77
12139,4860,510,4,2677.13
12140,4860,1624,3,1510.22
12141,4861,689,3,42.67
12142,4861,1005,1,426.85
12143,4861,1189,5,1326.06
12144,4862,56,1,3301.61
12145,4862,542,4,3481.44
12146,4863,37,3,2979.68
12147,4863,865,3,2455.86
12148,4864,498,4,539.19
12149,4864,114,3,3138.55
12150,4864,56,4,3613.22
12151,4865,728,5,1584.05
12152,4865,1651,1,1559.53
12153,4865,263,4,4797.79
12154,4865,866,3,1065.77
12155,4866,690,5,3071.04
12156,4866,1715,2,3099.54
12157,4867,272,2,3134.42
12158,4868,1230,1,2848.87
12159,4868,913,2,17.43
12160,4868,1984,1,808.92
12161,4869,373,3,4531.36
12162,4870,172,2,4966.4
12163,4870,1727,4,812.23
12164,4870,355,1,578.16
12165,4870,442,1,1976.35
12166,4871,443,5,4944.73
12167,4871,590,1,2029.2
12168,4871,1603,1,774.75
12169,4871,1525,1,3157.81
12170,4872,127,5,4711.87
12171,4872,1778,2,3865.81
12172,4873,244,4,3200.9
12173,4873,1889,4,4728.93
12174,4873,1396,1,2643.95
12175,4873,1878,3,4003.14
12176,4874,1945,1,4845.83
12177,4875,1917,1,3047.65
12178,4875,1979,2,1181.46
12179,4875,353,4,3480.85
12180,4875,1719,3,4207.69
12181,4876,1626,1,3411.47
12182,4876,672,1,2422.67
12183,4876,1399,3,2617.78
12184,4877,1011,3,602.7
12185,4877,354,3,1420.94
12186,4877,731,2,1598.3
12187,4877,857,4,1366.12
12188,4878,485,2,2848.42
12189,4879,128,3,4912.65
12190,4880,92,4,4458.7
12191,4881,661,4,1475.68
12192,4882,419,1,4536.4
12193,4882,770,1,1755.13
12194,4883,1237,4,3949.17
12195,4884,1168,5,3342.38
12196,4884,219,3,3445.3
12197,4885,285,3,1882.5
12198,4885,790,3,3447.9
12199,4886,1282,5,4678.25
12200,4886,235,5,217.55
12201,4886,888,4,104.84
12202,4887,1249,4,4030.19
12203,4888,1374,2,4245.98
12204,4888,39,1,4474.73
12205,4888,308,1,4227.04
12206,4888,1027,4,1756.96
12207,4889,1371,4,4005.07
12208,4890,607,3,4648.41
12209,4890,227,2,2926.4
12210,4890,211,1,2753.06
12211,4891,97,3,704.13
12212,4892,147,2,2788.08
12213,4892,771,1,267.16
12214,4892,719,1,4251.26
12215,4892,394,3,2677.79
12216,4893,1425,5,2840.04
12217,4893,139,4,4993.88
12218,4893,822,2,2979.71
12219,4894,513,1,4296.72
12220,4894,1539,2,87.6
12221,4895,1376,1,1939.31
12222,4895,1469,3,830.75
12223,4895,1464,3,3568.86
12224,4896,807,2,4216.51
12225,4896,534,3,124.86
12226,4896,905,1,1043.32
12227,4897,1121,3,348.16
12228,4897,1393,3,484.39
12229,4897,1105,4,1308.96
12230,4897,654,3,59.37
12231,4898,306,5,2895.92
12232,4898,1761,3,4165.49
12233,4898,1475,1,4831.22
12234,4899,1407,4,3721.74
12235,4900,1617,4,1107.75
12236,4901,49,5,3024.27
12237,4902,1399,3,2617.78
12238,4902,362,4,2369.54
12239,4902,965,5,1691.03
12240,4903,16,4,938.32
12241,4903,1371,3,4005.07
12242,4904,1062,3,158.0
12243,4904,1370,1,1021.39
12244,4905,1394,3,1472.74
12245,4905,348,5,4740.53
12246,4905,1092,5,156.85
12247,4906,865,1,2455.86
12248,4906,837,1,2265.42
12249,4907,1909,5,4859.09
12250,4907,931,3,3595.06
12251,4907,786,2,254.58
12252,4908,619,4,4795.2
12253,4908,325,2,778.82
12254,4909,454,3,3045.58
12255,4910,86,3,1479.15
12256,4910,861,3,3583.46
12257,4910,636,5,3562.89
12258,4911,1025,5,3996.37
12259,4912,1114,2,2404.95
12260,4912,1284,5,1729.22
12261,4912,1416,4,3592.41
12262,4912,880,3,4537.46
12263,4913,1944,5,4317.22
12264,4913,1058,1,3366.31
12265,4913,50,2,2406.36
12266,4913,1179,3,1931.5
12267,4914,59,5,3151.73
12268,4915,506,3,4793.43
12269,4916,1183,4,348.93
12270,4917,1029,2,2318.09
12271,4917,869,3,1049.71
12272,4917,1854,4,4065.57
12273,4918,1798,5,3043.56
12274,4918,497,3,572.94
12275,4919,789,3,1432.18
12276,4919,455,3,3822.19
12277,4920,1663,2,363.7
12278,4920,1783,4,2181.97
12279,4921,794,3,2704.79
12280,4922,1200,5,2682.68
12281,4923,1172,5,4339.9
12282,4924,113,4,854.24
12283,4925,1062,5,158.0
12284,4925,1968,3,167.07
12285,4925,1747,5,4211.6
12286,4926,1144,2,4456.58
12287,4926,1969,3,1715.61
12288,4926,1067,5,3205.61
12289,4927,1313,4,3445.01
12290,4927,1157,4,2696.58
12291,4928,1748,4,681.78
12292,4929,1467,4,3014.82
12293,4929,1724,4,2941.61
12294,4929,44,3,3295.26
12295,4929,284,4,434.25
12296,4930,930,5,74.69
12297,4930,1702,1,2295.94
12298,4931,1148,1,168.32
12299,4931,1344,1,1792.55
12300,4932,348,5,4357.26
12301,4932,1862,3,3083.03
12302,4932,1682,1,1650.57
12303,4933,1426,2,2840.77
12304,4933,10,3,3381.16
12305,4933,291,5,4479.15
12306,4933,1741,5,1288.8
12307,4934,1628,3,4748.71
12308,4934,1286,5,791.64
12309,4934,85,3,1308.48
12310,4934,681,3,2163.86
12311,4935,480,2,2773.31
12312,4935,1231,3,679.89
12313,4935,1988,3,785.21
12314,4936,1892,5,3756.21
12315,4936,1341,2,1767.01
12316,4937,582,5,4943.34
12317,4937,1724,3,2646.45
12318,4937,188,3,1686.73
12319,4938,458,3,1726.51
12320,4938,943,5,3890.6
12321,4939,638,5,2493.09
12322,4939,26,5,511.61
12323,4939,1703,2,3435.52
12324,4940,761,2,1097.43
12325,4940,1759,2,251.87
12326,4940,1246,5,456.86
12327,4941,69,1,814.84
12328,4942,701,2,2326.65
12329,4942,1680,3,1224.93
12330,4942,1184,3,2884.13
12331,4943,1495,3,2805.26
12332,4944,802,4,1237.78
12333,4945,1657,2,3149.48
12334,4945,1274,3,3944.58
12335,4945,1540,1,3898.12
12336,4946,1188,4,4483.02
12337,4946,887,3,4225.09
12338,4947,1190,4,2212.05
12339,4947,1043,4,3990.48
12340,4947,1904,2,23.78
12341,4948,624,1,563.65
12342,4948,26,5,511.61
12343,4948,238,5,3156.13
12344,4949,707,1,1194.29
12345,4949,747,4,638.84
12346,4949,1795,3,1258.44
12347,4950,1151,2,3712.56
12348,4950,664,2,1180.71
12349,4951,1826,4,64.33
12350,4952,1251,5,898.05
12351,4952,1128,1,863.32
12352,4953,422,5,3551.95
12353,4953,1103,3,2807.19
12354,4954,1590,3,3842.98
12355,4954,369,2,4023.43
12356,4954,290,1,2858.24
12357,4954,1904,3,20.27
12358,4955,1800,4,1027.07
12359,4955,1643,5,2610.69
12360,4956,1190,3,2212.05
12361,4956,1606,3,2158.77
12362,4957,616,3,4320.21
12363,4957,1671,1,2075.71
12364,4958,748,4,1250.0
12365,4958,683,4,381.49
12366,4958,952,4,2232.98
12367,4959,1555,3,3690.58
12368,4960,1652,2,342.56
12369,4960,1451,5,95.51
12370,4960,452,1,3518.43
12371,4960,874,4,4108.8
12372,4961,979,3,2037.26
12373,4961,1331,2,642.56
12374,4961,526,1,1644.34
12375,4962,1106,4,3401.16
12376,4963,1534,5,1228.25
12377,4963,1950,2,3525.4
12378,4964,1860,3,3653.4
12379,4964,583,1,2218.99
12380,4965,1529,1,1524.47
12381,4965,445,3,4082.97
12382,4966,1276,2,4775.49
12383,4966,1726,3,635.25
12384,4966,385,1,4309.91
12385,4966,1868,1,2512.3
12386,4967,886,1,1634.05
12387,4967,403,4,480.08
12388,4967,197,1,124.38
12389,4968,621,3,784.63
12390,4968,1751,3,371.51
12391,4968,1224,4,2625.11
12392,4969,1687,3,2358.32
12393,4969,1856,4,1532.93
12394,4969,557,4,2749.62
12395,4970,859,5,4439.46
12396,4971,1821,2,4017.87
12397,4971,68,2,395.92
12398,4971,1224,5,2432.16
12399,4971,831,4,1447.85
12400,4972,296,3,2038.93
12401,4972,684,1,3130.93
12402,4973,1241,5,2878.24
12403,4973,1449,3,1200.25
12404,4973,86,5,1479.15
12405,4973,1060,4,1164.24
12406,4974,1760,1,3967.45
12407,4974,755,2,3263.47
12408,4975,258,5,3491.52
12409,4975,983,1,431.86
12410,4976,277,2,2853.84
12411,4977,1021,4,3143.46
12412,4977,22,1,3319.12
12413,4978,835,4,678.02
12414,4978,937,2,1937.21
12415,4978,793,5,178.67
12416,4978,751,4,3976.53
12417,4979,1233,1,3785.82
12418,4979,1407,1,3721.74
12419,4980,1035,4,1562.43
12420,4980,1919,4,2728.56
12421,4980,1929,2,3451.12
12422,4980,1308,3,3851.02
12423,4981,570,3,2071.01
12424,4981,1982,5,3589.97
12425,4982,846,2,3819.23
12426,4982,875,2,593.63
12427,4982,256,5,1529.79
12428,4982,375,2,1464.53
12429,4983,1898,2,1001.41
12430,4983,943,3,3890.6
12431,4983,780,5,4982.09
12432,4984,1750,2,4149.38
12433,4985,462,5,2829.04
12434,4985,1753,3,405.36
12435,4985,986,4,4768.2
12436,4985,493,5,416.11
12437,4986,1712,3,3108.47
12438,4986,1254,5,4319.49
12439,4987,102,3,4007.75
12440,4987,1187,1,3147.19
12441,4987,1443,3,1395.23
12442,4987,1817,3,3240.09
12443,4988,692,3,4629.69
12444,4988,837,5,2265.42
12445,4989,132,2,1956.5
12446,4989,1560,1,1396.92
12447,4989,304,3,4475.38
12448,4990,57,5,4705.04
12449,4991,476,5,441.53
12450,4992,1735,3,4147.46
12451,4992,107,3,3963.87
12452,4993,1113,3,1117.82
12453,4994,1251,1,898.05
12454,4994,1692,3,1836.1
12455,4994,1315,1,3808.34
12456,4994,1965,1,4683.28
12457,4995,952,1,2232.98
12458,4996,1980,5,885.72
12459,4996,1034,4,1140.64
12460,4997,1460,4,3394.34
12461,4998,1190,4,2212.05
12462,4999,1403,1,2835.88
12463,4999,1697,3,2034.38
12464,4999,1524,5,4529.6
12465,4999,940,3,430.57
12466,5000,1182,1,3287.43
12467,5000,1427,3,2068.95
12468,5001,1583,3,3561.74
12469,5002,1334,5,3114.64
12470,5002,347,3,4172.85
12471,5002,589,2,67.26
12472,5003,1193,2,2049.44
12473,5003,1871,1,2643.42
12474,5003,1796,5,4111.65
12475,5004,617,2,145.49
12476,5005,1971,1,2794.44
12477,5006,643,2,3185.4
12478,5006,101,1,4125.78
12479,5006,981,3,355.18
12480,5006,216,5,1452.34
12481,5007,1025,1,3380.72
12482,5007,1028,5,1758.23
12483,5007,456,2,204.74
12484,5007,1938,3,2142.47
12485,5008,1283,1,1062.44
12486,5009,1575,5,4759.72
12487,5009,397,2,3783.13
12488,5010,1576,4,3852.85
12489,5010,433,4,4118.38
12490,5010,1486,2,2001.88
12491,5010,579,4,3558.39
12492,5011,1781,5,2120.66
12493,5011,468,3,2222.15
12494,5011,1782,2,4678.02
12495,5012,1285,1,1726.78
12496,5012,262,5,348.71
12497,5013,1269,2,559.11
12498,5013,1543,4,1601.34
12499,5013,1160,3,1408.95
12500,5013,1827,1,1992.86
12501,5014,431,1,3294.77
12502,5014,1873,2,2032.74
12503,5014,975,1,2088.67
12504,5014,1840,1,1146.8
12505,5015,1307,1,2522.81
12506,5015,1470,2,2622.08
12507,5015,1589,3,457.62
12508,5015,1972,1,3800.17
12509,5016,1734,2,2831.8
12510,5016,1784,1,1361.63
12511,5017,402,1,4892.72
12512,5017,213,2,161.25
12513,5017,1888,4,3602.81
12514,5018,501,1,3768.53
12515,5018,1878,2,4003.14
12516,5019,263,3,3926.0
12517,5020,975,1,2088.67
12518,5020,1399,5,2617.78
12519,5021,666,1,1158.59
12520,5022,930,4,79.28
12521,5022,86,2,1306.55
12522,5022,663,3,955.83
12523,5022,1800,1,1027.07
12524,5023,1571,3,3828.97
12525,5023,1412,3,2409.48
12526,5023,1567,5,2535.92
12527,5024,1186,5,4015.15
12528,5024,330,5,4858.01
12529,5025,430,1,4669.64
12530,5026,1443,4,1395.23
12531,5026,1161,5,2876.69
12532,5026,1441,1,692.42
12533,5027,1056,5,143.69
12534,5027,1808,2,3905.23
12535,5027,1011,4,560.85
12536,5027,585,5,4567.13
12537,5028,385,3,4309.91
12538,5028,451,5,3672.78
12539,5028,1220,2,558.75
12540,5028,363,5,2133.13
12541,5029,547,3,2542.66
12542,5029,1825,1,720.4
12543,5029,669,4,3129.58
12544,5029,303,1,3042.91
12545,5030,889,5,1915.87
12546,5031,1010,4,4320.18
12547,5032,249,3,3887.05
12548,5032,1944,5,4317.22
12549,5033,1049,5,4572.88
12550,5033,10,5,3381.16
12551,5033,1757,1,4010.7
12552,5033,1682,4,1650.57
12553,5034,113,4,1021.83
12554,5034,691,5,1460.65
12555,5034,493,1,488.29
12556,5035,1861,1,501.6
12557,5035,1039,3,1550.6
12558,5035,10,1,3381.16
12559,5035,1258,2,3632.61
12560,5036,686,2,4311.22
12561,5036,203,2,3046.44
12562,5037,687,5,343.32
12563,5038,885,4,1940.65
12564,5039,815,3,2374.91
12565,5039,830,2,1158.94
12566,5040,53,4,4782.7
12567,5040,1115,2,3751.63
12568,5041,1898,1,1001.41
12569,5041,1427,2,2180.98
12570,5041,197,5,124.38
12571,5041,72,4,778.62
12572,5042,852,5,51.74
12573,5042,231,2,4228.4
12574,5042,878,3,4836.66
12575,5043,199,4,252.39
12576,5043,1258,1,3972.09
12577,5043,1325,5,150.07
12578,5044,773,4,1467.05
12579,5044,142,3,3966.55
12580,5044,862,4,666.72
12581,5045,878,1,4450.68
12582,5045,386,2,4619.91
12583,5045,1073,1,1327.8
12584,5045,1871,4,2414.35
12585,5046,1485,5,734.85
12586,5046,755,2,3263.47
12587,5047,1709,4,1568.58
12588,5047,1314,1,2783.43
12589,5047,460,5,4443.01
12590,5048,367,2,1306.18
12591,5049,1384,4,3605.27
12592,5049,1669,1,3246.59
12593,5050,443,5,4944.73
12594,5050,1331,4,772.13
12595,5050,68,1,395.92
12596,5051,920,5,1699.61
12597,5051,1474,4,488.3
12598,5051,931,4,4468.44
12599,5052,823,3,4892.28
12600,5053,1860,2,3653.4
12601,5053,238,3,3156.13
12602,5053,958,2,786.16
12603,5054,1790,3,4394.84
12604,5054,1546,1,3706.04
12605,5055,809,5,2746.61
12606,5055,773,4,1551.94
12607,5055,1264,4,2891.63
12608,5055,1131,1,3182.41
12609,5056,1701,3,3196.88
12610,5056,1170,1,1315.23
12611,5057,565,4,159.76
12612,5057,1655,5,2999.53
12613,5058,1354,3,2081.24
12614,5059,206,4,4141.44
12615,5060,520,2,3845.1
12616,5060,1908,3,2628.01
12617,5061,1937,2,2540.27
12618,5061,1149,2,4334.54
12619,5062,1717,2,4935.75
12620,5063,1350,5,3281.89
12621,5064,1057,1,4297.01
12622,5064,1375,2,3647.76
12623,5065,1441,1,692.42
12624,5065,1995,2,1999.84
12625,5066,1958,2,4221.55
12626,5066,135,5,4248.92
12627,5066,1281,2,4088.89
12628,5067,1727,5,944.49
12629,5067,1514,1,2410.18
12630,5067,1663,4,363.7
12631,5067,1448,1,3950.08
12632,5068,1995,5,2066.11
12633,5069,606,3,4146.42
12634,5069,207,5,4395.79
12635,5069,760,2,1548.92
12636,5070,566,2,3671.74
12637,5070,579,5,4113.9
12638,5071,1457,4,1223.09
12639,5072,954,4,3925.35
12640,5072,621,5,784.63
12641,5072,514,2,755.11
12642,5072,1401,5,3777.73
12643,5073,1968,3,167.07
12644,5073,1956,3,794.52
12645,5074,1948,2,406.31
12646,5075,1716,1,2035.93
12647,5075,1714,4,972.34
12648,5075,1114,3,1941.35
12649,5076,1263,5,2295.53
12650,5076,886,2,1338.8
12651,5076,655,4,102.5
12652,5077,1361,4,4344.01
12653,5077,94,4,4398.2
12654,5078,1631,3,4490.57
12655,5078,1236,2,4026.43
12656,5078,1491,3,2694.2
12657,5078,555,1,4404.23
12658,5079,51,3,2912.21
12659,5079,1742,5,1911.55
12660,5079,140,5,3686.33
12661,5080,1898,3,1001.41
12662,5080,1045,3,973.47
12663,5081,1865,2,1486.0
12664,5081,552,2,3735.2
12665,5082,1434,2,1064.91
12666,5082,1659,1,479.37
12667,5082,710,3,3713.37
12668,5082,81,4,4873.64
12669,5083,281,4,4959.48
12670,5083,1934,1,685.85
12671,5083,284,2,434.25
12672,5084,1103,3,2333.64
12673,5084,1450,1,4048.3
12674,5084,1856,5,1433.57
12675,5084,1831,1,1191.03
12676,5085,615,4,4116.86
12677,5085,391,4,441.95
12678,5086,955,1,1814.34
12679,5086,601,3,4765.61
12680,5086,507,3,1671.42
12681,5087,1886,5,2439.86
12682,5087,1447,3,4186.93
12683,5088,1622,4,1435.95
12684,5088,1162,5,260.62
12685,5088,1842,3,1223.39
12686,5088,820,1,1636.37
12687,5089,132,2,1856.58
12688,5089,1991,1,3214.44
12689,5090,1468,1,1871.69
12690,5090,375,4,1464.53
12691,5090,1543,2,1601.34
12692,5091,693,1,2758.72
12693,5091,1503,1,3879.04
12694,5091,1231,5,679.89
12695,5092,1842,4,1223.39
12696,5092,1196,1,571.04
12697,5092,419,4,3764.98
12698,5092,4,5,2348.56
12699,5093,637,2,2386.02
12700,5093,551,4,263.89
12701,5093,1063,3,3675.7
12702,5093,1690,5,4339.16
12703,5094,1990,4,4241.52
12704,5094,1063,3,3675.7
12705,5095,1035,3,1554.0
12706,5095,343,5,1428.48
12707,5095,1582,5,1472.47
12708,5096,1612,4,1478.67
12709,5096,156,5,114.68
12710,5097,1673,4,3536.02
12711,5097,595,3,2571.36
12712,5097,1007,4,1868.9
12713,5098,1040,1,852.31
12714,5099,1260,2,2923.79
12715,5099,1406,1,449.18
12716,5100,857,1,1674.64
12717,5101,1080,5,4797.15
12718,5101,928,2,2758.49
12719,5101,987,2,4441.98
12720,5101,967,1,3884.42
12721,5102,1053,2,2376.88
12722,5103,1289,5,823.25
12723,5103,69,1,814.84
12724,5103,1927,2,3376.17
12725,5103,1590,3,3842.98
12726,5104,1873,2,2032.74
12727,5104,1162,1,225.97
12728,5105,82,3,4492.0
12729,5105,1643,4,2610.69
12730,5106,1945,3,4845.83
12731,5107,410,5,3521.29
12732,5108,1039,3,1550.6
12733,5108,1882,4,1460.59
12734,5108,969,3,1814.87
12735,5108,694,2,3997.09
12736,5109,676,1,1181.47
12737,5109,1373,3,3734.91
12738,5109,1657,2,3149.48
12739,5110,1403,3,2869.81
12740,5110,332,5,4324.66
12741,5110,113,4,1021.83
12742,5111,429,3,4839.22
12743,5112,743,2,2405.57
12744,5113,707,4,1194.29
12745,5114,780,5,4067.34
12746,5115,1192,4,4478.16
12747,5116,922,1,622.35
12748,5116,236,3,3685.93
12749,5117,826,5,2259.56
12750,5117,394,3,2677.79
12751,5117,1805,1,2631.43
12752,5118,1205,5,4795.08
12753,5118,753,1,2931.64
12754,5118,520,3,3845.1
12755,5118,874,4,4765.46
12756,5119,1411,5,3246.16
12757,5120,1548,5,1570.25
12758,5120,981,3,355.18
12759,5120,1820,2,1130.58
12760,5121,531,1,1161.66
12761,5121,298,1,3203.67
12762,5121,1751,3,371.51
12763,5121,1954,3,4409.84
12764,5122,340,4,3028.53
12765,5122,928,2,3423.28
12766,5123,1402,3,1111.29
12767,5123,1625,1,1976.29
12768,5124,857,1,1579.47
12769,5124,834,5,4957.63
12770,5125,1498,1,2456.73
12771,5125,1575,3,3948.96
12772,5125,260,3,60.74
12773,5126,302,4,40.83
12774,5126,1469,2,670.67
12775,5127,140,4,4472.12
12776,5128,472,1,848.93
12777,5128,1667,1,2571.22
12778,5128,268,3,4622.54
12779,5128,1825,5,720.4
12780,5129,1945,3,4028.43
12781,5129,1593,3,4053.1
12782,5129,1574,3,2196.58
12783,5129,1414,5,544.3
12784,5130,1901,3,151.68
12785,5130,1880,5,1959.52
12786,5131,297,1,1511.37
12787,5131,1257,2,3065.38
12788,5131,139,4,4993.88
12789,5132,244,1,3907.13
12790,5132,745,1,2780.97
12791,5132,189,5,2961.0
12792,5132,438,3,2997.69
12793,5133,1911,3,1523.55
12794,5133,338,2,99.68
12795,5134,911,5,3202.05
12796,5135,1791,4,952.04
12797,5135,1686,5,456.49
12798,5135,343,3,1428.48
12799,5136,103,1,4739.24
12800,5137,800,4,1809.64
12801,5137,785,1,3185.05
12802,5137,652,3,1904.28
12803,5138,1726,5,635.25
12804,5139,419,4,4536.4
12805,5139,1552,2,2043.9
12806,5140,702,2,3418.37
12807,5140,571,1,1186.24
12808,5141,324,4,315.57
12809,5141,1295,3,4379.66
12810,5142,1318,3,4006.54
12811,5143,1708,4,319.73
12812,5144,665,1,946.77
12813,5144,1864,4,4244.91
12814,5144,1940,5,4375.64
12815,5144,1958,4,4221.55
12816,5145,292,5,875.14
12817,5145,501,1,3768.53
12818,5145,1432,3,4624.51
12819,5146,971,3,3736.08
12820,5147,1680,4,1224.93
12821,5147,1089,5,4868.96
12822,5147,21,5,3692.52
12823,5147,1600,2,4071.4
12824,5148,1775,2,3513.61
12825,5148,1688,1,953.67
12826,5148,1094,1,4482.97
12827,5149,255,1,488.71
12828,5149,499,3,3719.03
12829,5149,94,5,4398.2
12830,5150,1635,3,4839.97
12831,5150,1867,1,2289.03
12832,5150,1500,1,4223.34
12833,5150,570,2,1667.96
12834,5151,451,2,3672.78
12835,5151,1565,1,3779.56
12836,5151,1597,3,4997.07
12837,5152,420,5,1799.73
12838,5152,1415,3,3433.14
12839,5152,1164,4,1945.22
12840,5153,895,5,4280.38
12841,5154,1289,4,823.25
12842,5154,879,3,449.66
12843,5155,1197,4,3064.29
12844,5155,639,4,1795.68
12845,5155,849,2,2398.69
12846,5156,1263,2,2295.53
12847,5156,1042,2,3030.16
12848,5156,359,2,4464.57
12849,5156,1405,3,894.37
12850,5157,1783,5,2181.97
12851,5157,1474,3,567.6
12852,5157,1050,5,94.86
12853,5157,1919,4,2728.56
12854,5158,606,5,4515.64
12855,5158,1242,2,1507.11
12856,5159,1597,4,4997.07
12857,5160,1994,1,3216.2
12858,5160,409,1,234.06
12859,5160,1424,4,3150.8
12860,5160,1081,4,1664.25
12861,5161,514,3,755.11
12862,5161,433,4,4118.38
12863,5161,522,4,3199.65
12864,5162,650,1,1721.35
12865,5162,270,3,3023.26
12866,5163,174,5,402.4
12867,5163,177,2,2469.38
12868,5163,165,4,3913.37
12869,5163,1874,3,2038.67
12870,5164,207,4,3711.33
12871,5165,1291,1,1661.86
12872,5165,254,2,3914.95
12873,5165,1896,4,2418.5
12874,5165,845,1,4661.49
12875,5166,1812,5,3787.64
12876,5167,1270,2,4109.19
12877,5167,1965,5,4683.28
12878,5168,1905,1,3031.02
12879,5168,1502,5,1662.88
12880,5168,218,3,4703.1
12881,5168,1632,5,1855.05
12882,5169,957,5,4532.8
12883,5169,566,5,3671.74
12884,5169,1835,1,358.62
12885,5169,1734,1,2386.64
12886,5170,412,2,3557.28
12887,5170,1495,3,2596.74
12888,5170,1612,1,1478.67
12889,5170,893,1,108.23
12890,5171,30,3,2949.45
12891,5171,750,4,2303.65
12892,5171,385,1,4309.91
12893,5171,1743,1,869.5
12894,5172,699,1,3744.22
12895,5172,572,1,3464.96
12896,5172,1327,2,975.37
12897,5172,1138,1,2305.56
12898,5173,927,3,3677.85
12899,5173,1848,3,668.59
12900,5173,1378,1,2628.29
12901,5173,1377,2,2370.92
12902,5174,1275,4,1634.7
12903,5175,1614,2,4045.59
12904,5175,736,3,3374.71
12905,5176,1642,5,2231.42
12906,5176,1628,4,4748.71
12907,5176,1186,4,3778.72
12908,5177,1896,5,2001.18
12909,5177,1598,4,2779.45
12910,5177,41,5,4483.86
12911,5178,1179,2,1931.5
12912,5178,942,1,4334.82
12913,5178,1911,5,1424.36
12914,5178,308,4,4007.83
12915,5179,458,1,1612.27
12916,5179,1162,2,260.62
12917,5180,1204,2,4942.73
12918,5180,1606,1,2436.74
12919,5181,542,4,2846.91
12920,5181,1040,2,852.31
12921,5182,1104,3,1878.82
12922,5182,298,2,3203.67
12923,5182,1543,5,1601.34
12924,5183,1399,5,2617.78
12925,5183,577,5,1085.31
12926,5183,1852,4,568.41
12927,5184,2000,5,699.27
12928,5184,237,1,1615.24
12929,5184,334,1,3189.75
12930,5184,188,2,1533.45
12931,5185,292,4,941.43
12932,5186,418,3,4483.51
12933,5186,1207,3,3211.83
12934,5186,1019,4,220.58
12935,5186,633,2,1499.21
12936,5187,1012,2,1064.56
12937,5188,760,3,1548.92
12938,5188,339,5,2744.38
12939,5188,1557,2,1786.11
12940,5189,1498,4,2947.49
12941,5189,372,3,1767.22
12942,5189,1855,1,3510.07
12943,5190,1871,1,2643.42
12944,5190,1314,2,2783.43
12945,5191,293,1,3047.2
12946,5191,1438,4,3162.42
12947,5192,1537,2,3391.26
12948,5192,1936,2,1646.26
12949,5193,815,1,2374.91
12950,5193,504,3,782.8
12951,5193,3,2,2657.76
12952,5194,427,2,536.06
12953,5194,888,5,129.22
12954,5194,511,1,2272.37
12955,5195,787,1,3735.76
12956,5195,1256,4,3632.6
12957,5195,1146,4,220.73
12958,5195,1703,3,3435.52
12959,5196,513,3,4755.26
12960,5197,250,5,449.92
12961,5197,1209,1,1598.87
12962,5198,407,2,2291.87
12963,5198,761,5,1097.43
12964,5199,291,3,4175.2
12965,5199,912,1,3354.45
12966,5200,1252,5,204.93
12967,5200,746,3,4857.48
12968,5200,950,2,3575.16
12969,5201,652,4,1904.28
12970,5202,166,3,2028.89
12971,5203,1900,2,141.22
12972,5203,588,5,1793.76
12973,5203,184,1,1497.19
12974,5204,1778,1,3865.81
12975,5204,1845,5,1385.2
12976,5205,1621,2,459.84
12977,5205,965,1,1421.8
12978,5205,1862,5,3083.03
12979,5205,1001,2,2350.31
12980,5206,1945,4,4845.83
12981,5206,1104,2,2160.59
12982,5206,758,2,3980.65
12983,5207,491,5,4479.84
12984,5207,1498,3,2947.49
12985,5207,198,5,1266.5
12986,5208,429,1,4839.22
12987,5208,221,4,1054.07
12988,5208,1709,1,1568.58
12989,5209,507,1,1671.42
12990,5210,74,4,3695.82
12991,5210,671,2,4023.45
12992,5210,268,3,3745.35
12993,5210,855,2,3214.76
12994,5211,395,4,1836.23
12995,5211,1360,2,2418.45
12996,5211,335,5,3478.88
12997,5211,1197,3,3064.29
12998,5212,302,2,40.83
12999,5213,201,2,102.3
13000,5213,901,3,4432.43
13001,5213,1866,4,2880.63
13002,5213,1725,4,4530.18
13003,5214,1515,4,3404.15
13004,5214,1077,5,1521.49
13005,5215,1988,1,638.24
13006,5215,1327,1,975.37
13007,5215,1303,3,64.66
13008,5215,1077,3,1521.49
13009,5216,1839,1,3768.65
13010,5216,652,4,1904.28
13011,5216,325,5,778.82
13012,5217,1091,4,2176.74
13013,5217,246,1,1278.44
13014,5217,1564,4,4395.5
13015,5218,1071,2,2170.33
13016,5218,293,4,3047.2
13017,5218,1426,3,2840.77
13018,5218,16,1,938.32
13019,5219,261,4,3202.99
13020,5219,22,5,3853.54
13021,5219,1358,2,4085.84
13022,5219,617,1,145.49
13023,5220,682,3,4710.39
13024,5221,1698,3,2763.38
13025,5222,1988,1,721.54
13026,5223,1834,4,3548.61
13027,5223,236,2,3685.93
13028,5224,1249,5,3260.2
13029,5224,511,3,2708.16
13030,5224,881,3,331.83
13031,5224,1900,3,133.44
13032,5225,422,2,3551.95
13033,5226,521,3,2682.3
13034,5226,1524,3,4529.6
13035,5226,1346,3,1135.36
13036,5226,15,5,1839.9
13037,5227,429,5,4839.22
13038,5227,1831,2,1067.41
13039,5227,864,1,1153.96
13040,5227,304,1,4475.38
13041,5228,276,4,1205.2
13042,5228,277,4,2853.84
13043,5229,1898,4,1001.41
13044,5229,1004,2,4068.39
13045,5229,277,5,2853.84
13046,5230,1499,5,4052.38
13047,5230,1139,4,2565.96
13048,5230,972,5,4344.95
13049,5231,1983,5,4107.76
13050,5231,816,4,1247.53
13051,5231,689,3,42.67
13052,5231,1209,5,1827.1
13053,5232,1382,4,331.96
13054,5232,226,4,1054.31
13055,5232,1388,4,1162.18
13056,5232,1993,4,4752.51
13057,5233,1493,5,3078.0
13058,5233,834,5,4229.52
13059,5233,347,2,4172.85
13060,5233,112,2,310.14
13061,5234,83,4,1742.41
13062,5234,1284,2,1729.22
13063,5234,903,2,2390.95
13064,5235,1398,4,1360.3
13065,5235,1467,4,3014.82
13066,5236,1432,2,3892.79
13067,5236,1682,3,1650.57
13068,5236,187,1,4006.55
13069,5236,598,3,298.55
13070,5237,1669,3,3246.59
13071,5237,1340,2,1378.78
13072,5237,996,1,2581.76
13073,5237,181,4,2553.82
13074,5238,267,2,1827.23
13075,5238,1581,1,2985.72
13076,5238,617,2,145.49
13077,5238,632,5,2090.66
13078,5239,572,1,3464.96
13079,5239,596,2,1011.46
13080,5239,1880,5,1959.52
13081,5240,1770,1,3631.56
13082,5241,1883,1,645.66
13083,5241,196,4,1746.57
13084,5241,1263,5,2001.21
13085,5241,1151,3,3712.56
13086,5242,978,2,1208.96
13087,5242,146,5,2066.59
13088,5242,1846,3,666.7
13089,5243,885,4,2122.71
13090,5244,385,1,4309.91
13091,5244,649,3,127.94
13092,5244,454,5,3532.11
13093,5245,618,1,3075.96
13094,5245,1533,5,2308.28
13095,5245,652,4,1904.28
13096,5246,514,3,698.95
13097,5246,842,3,55.07
13098,5246,861,2,3583.46
13099,5246,962,2,1077.29
13100,5247,1613,4,2426.55
13101,5247,1627,1,4970.08
13102,5247,110,2,2349.49
13103,5247,149,1,708.87
13104,5248,1715,1,2701.37
13105,5249,1972,1,4088.97
13106,5249,1266,3,501.14
13107,5249,1372,1,1110.49
13108,5250,517,2,586.1
13109,5250,1298,5,1317.79
13110,5250,1067,1,3012.56
13111,5250,1647,3,4578.02
13112,5251,1596,1,3328.09
13113,5251,1224,3,2493.17
13114,5251,245,3,4956.68
13115,5251,952,4,2232.98
13116,5252,1539,1,87.6
13117,5252,538,2,1847.11
13118,5253,1056,3,151.5
13119,5253,251,2,2748.09
13120,5253,1752,3,3473.57
13121,5254,1891,2,3352.26
13122,5254,1920,5,2497.61
13123,5254,1541,4,482.43
13124,5254,1212,4,3782.46
13125,5255,24,3,4213.26
13126,5256,1277,5,3223.63
13127,5257,516,5,3302.52
13128,5258,716,3,1935.49
13129,5258,791,3,1394.32
13130,5258,675,5,822.26
13131,5259,705,5,4232.36
13132,5259,211,3,2753.06
13133,5259,1811,5,355.4
13134,5260,999,4,2945.34
13135,5260,1015,3,2805.41
13136,5260,1526,2,2734.98
13137,5261,878,4,4836.66
13138,5261,1987,4,1037.63
13139,5261,989,4,3743.11
13140,5261,1083,1,2480.07
13141,5262,579,5,4113.9
13142,5262,1741,2,1288.8
13143,5262,1433,4,2080.35
13144,5262,927,4,3677.85
13145,5263,1126,3,444.36
13146,5264,1588,1,344.25
13147,5264,1451,3,95.51
13148,5265,1804,5,2848.61
13149,5265,148,4,3104.71
13150,5265,1773,4,2075.06
13151,5266,1449,5,1200.25
13152,5266,1529,3,1524.47
13153,5266,1969,5,1715.61
13154,5267,1121,2,336.95
13155,5268,978,4,1208.96
13156,5268,1074,2,1090.35
13157,5268,116,2,1151.26
13158,5269,1661,4,4981.28
13159,5269,768,5,2222.8
13160,5270,1938,2,2196.03
13161,5270,968,1,967.88
13162,5270,190,1,845.16
13163,5270,927,1,3677.85
13164,5271,1225,3,918.89
13165,5271,1849,5,218.72
13166,5271,1108,5,2593.33
13167,5271,1878,2,4003.14
13168,5272,944,4,314.92
13169,5273,1150,4,4720.67
13170,5273,265,1,410.67
13171,5274,1710,4,1551.52
13172,5275,1814,5,2755.18
13173,5275,73,4,566.28
13174,5275,1959,2,2299.44
13175,5276,47,5,3319.8
13176,5276,1686,2,456.49
13177,5277,24,2,4213.26
13178,5277,445,4,4082.97
13179,5277,1918,5,4282.99
13180,5278,261,1,3561.67
13181,5278,1578,4,2387.16
13182,5279,1995,1,2213.54
13183,5280,369,3,4023.43
13184,5280,686,5,4311.22
13185,5280,1534,3,1497.27
13186,5280,1092,1,166.85
13187,5281,1223,2,2330.58
13188,5281,640,3,3707.44
13189,5281,170,1,2609.26
13190,5282,645,1,4070.0
13191,5282,1046,2,1064.01
13192,5282,1815,4,3436.44
13193,5283,256,4,1529.79
13194,5284,624,5,510.68
13195,5284,606,4,4515.64
13196,5284,1905,1,3031.02
13197,5285,512,4,2081.26
13198,5286,1640,5,3228.09
13199,5286,1142,3,1770.45
13200,5286,1113,1,913.76
13201,5287,1936,1,1780.81
13202,5287,603,2,1040.81
13203,5287,292,4,941.43
13204,5287,1633,1,4642.34
13205,5288,1152,2,2407.53
13206,5288,1988,4,785.21
13207,5288,1875,1,889.15
13208,5288,717,2,1550.32
13209,5289,808,3,2854.34
13210,5290,96,5,4674.1
13211,5290,533,3,283.98
13212,5290,1721,2,3360.92
13213,5291,399,1,935.5
13214,5291,1946,2,1059.73
13215,5292,1216,1,3884.97
13216,5292,1247,3,3146.26
13217,5293,1183,5,348.93
13218,5294,1710,5,1551.52
13219,5295,917,1,3523.38
13220,5295,1405,1,894.37
13221,5296,717,3,1436.47
13222,5296,1718,5,4491.54
13223,5296,1399,1,2617.78
13224,5296,624,5,563.65
13225,5297,820,3,1760.91
13226,5297,1174,3,1402.77
13227,5297,987,1,4441.98
13228,5297,1310,5,4958.65
13229,5298,270,4,3023.26
13230,5298,187,4,4624.37
13231,5298,6,4,449.27
13232,5298,188,3,1686.73
13233,5299,278,5,2545.14
13234,5299,1093,4,3916.92
13235,5300,1587,4,2450.05
13236,5300,666,4,1158.59
13237,5300,1592,2,1068.35
13238,5300,1979,3,1181.46
13239,5301,764,2,2226.69
13240,5301,1644,3,3769.14
13241,5301,1824,4,3280.48
13242,5301,862,4,664.25
13243,5302,326,2,2119.6
13244,5302,1804,3,2848.61
13245,5302,1747,5,4211.6
13246,5303,1113,1,901.63
13247,5304,433,2,4118.38
13248,5304,1779,1,3815.84
13249,5304,1200,4,2698.42
13250,5304,701,4,2326.65
13251,5305,1723,1,4323.91
13252,5305,1929,3,3451.12
13253,5306,1917,1,3047.65
13254,5307,405,1,2282.13
13255,5307,716,2,1935.49
13256,5307,1656,2,1699.76
13257,5308,369,3,4023.43
13258,5308,1508,4,3515.38
13259,5309,1069,3,4944.78
13260,5310,779,4,86.06
13261,5311,599,2,4409.46
13262,5311,1471,2,1253.11
13263,5311,778,5,1884.21
13264,5312,1605,5,4362.29
13265,5312,72,3,946.6
13266,5313,1152,5,2020.39
13267,5313,388,1,475.38
13268,5314,1251,3,720.38
13269,5315,175,5,4971.35
13270,5315,881,3,406.91
13271,5315,1799,5,2994.79
13272,5315,1690,4,4633.95
13273,5316,1864,4,4244.91
13274,5316,1193,2,2049.44
13275,5316,542,3,3481.44
13276,5316,833,5,923.62
13277,5317,1427,2,2180.98
13278,5317,1699,5,4382.52
13279,5318,199,4,252.39
13280,5318,1124,5,4882.27
13281,5318,543,3,461.11
13282,5318,701,4,2326.65
13283,5319,1310,4,4958.65
13284,5319,1327,4,975.37
13285,5319,1990,3,3709.22
13286,5320,1361,3,4344.01
13287,5320,1872,2,3813.24
13288,5320,928,2,2805.11
13289,5321,1041,1,2917.36
13290,5321,188,5,1686.73
13291,5321,296,4,2266.44
13292,5322,2000,2,849.72
13293,5323,73,3,643.84
13294,5323,1249,5,4030.19
13295,5323,1391,2,2097.4
13296,5324,1399,3,2617.78
13297,5325,520,1,3845.1
13298,5325,623,5,4260.78
13299,5326,1509,3,1398.09
13300,5326,643,2,3185.4
13301,5326,1936,2,1780.81
13302,5327,1616,5,3567.75
13303,5328,488,4,1567.45
13304,5329,1058,3,3366.31
13305,5329,1782,1,4678.02
13306,5329,470,1,2354.78
13307,5330,316,4,4165.3
13308,5331,1545,2,2804.73
13309,5332,960,5,1695.67
13310,5332,268,5,3757.3
13311,5332,945,3,1759.69
13312,5332,1935,1,4879.73
13313,5333,1643,4,2610.69
13314,5334,1948,3,347.91
13315,5334,7,3,4731.63
13316,5335,1662,2,3160.26
13317,5335,523,5,3040.6
13318,5336,684,1,3130.93
13319,5336,986,2,4768.2
13320,5336,1975,5,3658.73
13321,5336,1241,1,2878.24
13322,5337,740,3,618.13
13323,5337,1530,1,1438.4
13324,5338,679,2,2172.15
13325,5338,552,1,3735.2
13326,5338,619,3,4795.2
13327,5339,541,5,1696.04
13328,5340,1871,2,2469.04
13329,5340,835,4,824.78
13330,5340,286,2,3840.05
13331,5340,1801,1,4297.61
13332,5341,1386,2,3278.38
13333,5341,896,4,104.13
13334,5341,1363,2,1088.99
13335,5341,835,3,824.78
13336,5342,439,1,4256.54
13337,5342,1965,5,4683.28
13338,5342,1134,1,1592.31
13339,5342,389,3,825.04
13340,5343,249,4,3887.05
13341,5343,574,4,1076.88
13342,5344,1654,4,1610.37
13343,5344,709,3,1637.17
13344,5345,796,4,4016.74
13345,5345,47,3,3859.05
13346,5346,273,5,2698.03
13347,5347,649,4,127.94
13348,5347,1620,4,3927.91
13349,5347,883,3,777.84
13350,5347,546,3,1741.25
13351,5348,784,3,2225.69
13352,5348,613,5,1598.72
13353,5348,1708,5,268.74
13354,5348,1359,3,3802.52
13355,5349,179,1,3052.29
13356,5349,1471,5,1253.11
13357,5349,1646,1,3763.12
13358,5349,526,1,1644.34
13359,5350,1018,5,4664.27
13360,5350,1348,1,219.33
13361,5350,1682,3,1481.44
13362,5351,563,1,771.18
13363,5352,1461,4,3052.71
13364,5352,611,1,3903.33
13365,5352,1706,2,3582.05
13366,5352,926,1,3865.4
13367,5353,853,1,4151.58
13368,5354,1423,5,1547.58
13369,5354,1134,4,1592.31
13370,5354,1947,1,1787.64
13371,5355,729,1,3272.63
13372,5356,639,5,1959.67
13373,5356,340,3,3028.53
13374,5356,693,1,2758.72
13375,5356,994,5,3999.58
13376,5357,1901,1,123.62
13377,5357,682,3,4710.39
13378,5357,1538,5,4609.56
13379,5357,902,1,2296.46
13380,5358,212,1,803.2
13381,5358,1813,5,1347.23
13382,5358,203,4,3599.53
13383,5358,804,3,3811.41
13384,5359,1683,1,4193.9
13385,5359,1058,1,3366.31
13386,5359,171,2,2190.87
13387,5360,332,4,4663.2
13388,5361,1275,2,1634.7
13389,5362,340,3,3028.53
13390,5362,760,2,1548.92
13391,5362,1105,4,1308.96
13392,5363,1034,1,1140.64
13393,5363,1057,2,4297.01
13394,5364,858,1,4288.06
13395,5365,63,2,908.21
13396,5365,1426,1,2840.77
13397,5366,1491,2,2694.2
13398,5366,367,4,1480.88
13399,5367,1603,1,774.75
13400,5367,473,3,4766.17
13401,5368,1153,1,1596.82
13402,5368,1635,4,4839.97
13403,5368,1869,5,349.95
13404,5368,834,4,4957.63
13405,5369,145,1,3601.82
13406,5369,1266,5,501.14
13407,5369,542,4,3481.44
13408,5369,52,3,4478.08
13409,5370,1904,4,19.64
13410,5370,312,3,1267.23
13411,5371,291,1,4479.15
13412,5372,441,5,4307.7
13413,5372,166,5,2028.89
13414,5372,262,1,302.05
13415,5373,1523,5,118.31
13416,5373,1424,2,3150.8
13417,5373,1876,5,915.48
13418,5374,1960,4,1687.21
13419,5374,1233,4,3785.82
13420,5375,334,1,3189.75
13421,5375,847,3,1900.03
13422,5376,1760,4,4916.81
13423,5377,595,3,2571.36
13424,5377,1863,1,4385.05
13425,5377,3,3,2657.76
13426,5377,1216,4,3884.97
13427,5378,962,5,1077.29
13428,5378,897,1,2363.4
13429,5379,1933,4,2124.33
13430,5379,748,4,1144.43
13431,5379,1966,5,4882.44
13432,5380,728,3,1720.04
13433,5380,1967,2,2912.08
13434,5380,1042,1,3030.16
13435,5381,621,4,784.63
13436,5381,458,3,2007.63
13437,5382,1066,4,4382.58
13438,5382,1153,4,1838.8
13439,5382,1587,2,2450.05
13440,5383,1168,1,3342.38
13441,5383,287,5,3303.19
13442,5384,564,4,4607.16
13443,5384,1598,1,2320.94
13444,5384,1951,2,1435.17
13445,5384,1389,5,1678.53
13446,5385,1384,3,4380.18
13447,5385,178,3,4327.53
13448,5385,552,5,3735.2
13449,5386,1400,5,1999.62
13450,5386,1048,1,3735.55
13451,5387,676,2,1181.47
13452,5387,1393,4,484.39
13453,5388,154,1,696.76
13454,5388,469,4,3142.34
13455,5388,1490,4,4644.16
13456,5388,1384,3,3794.21
13457,5389,311,3,4257.7
13458,5389,529,1,2017.88
13459,5389,534,5,124.86
13460,5389,837,1,2265.42
13461,5390,944,2,314.92
13462,5390,1153,5,1538.01
13463,5391,298,3,3203.67
13464,5391,243,1,2564.96
13465,5391,1350,1,3281.89
13466,5392,794,5,2355.27
13467,5392,1598,3,2243.24
13468,5392,690,5,3071.04
13469,5393,1904,2,21.86
13470,5394,1690,2,4633.95
13471,5395,614,3,1652.79
13472,5395,1837,2,4360.25
13473,5395,353,5,3184.83
13474,5395,1244,5,2169.15
13475,5396,384,2,2813.82
13476,5397,689,2,37.91
13477,5397,941,5,3595.58
13478,5397,1019,5,256.59
13479,5397,1029,2,2318.09
13480,5398,1559,2,1497.62
13481,5399,1776,1,797.76
13482,5399,1375,3,3905.71
13483,5399,302,4,33.01
13484,5400,1773,4,2075.06
13485,5400,958,1,786.16
13486,5400,1539,4,73.47
13487,5401,1960,3,1687.21
13488,5401,860,2,421.6
13489,5401,268,3,4622.54
13490,5401,1337,5,1760.67
13491,5402,533,5,283.98
13492,5402,770,3,1755.13
13493,5403,1812,2,3787.64
13494,5403,359,5,4464.57
13495,5403,1603,3,774.75
13496,5404,377,3,2876.14
13497,5405,1879,1,938.89
13498,5405,593,3,1356.01
13499,5406,488,5,1277.79
13500,5406,1528,4,69.45
13501,5407,1657,2,2585.46
13502,5407,1956,2,794.52
13503,5407,193,4,4643.63
13504,5407,302,2,40.83
13505,5408,1460,1,3394.34
13506,5408,746,1,4857.48
13507,5409,74,1,3695.82
13508,5410,1733,2,3172.94
13509,5411,1705,5,2543.61
13510,5411,1932,4,108.69
13511,5411,1251,5,898.05
13512,5411,736,4,3374.71
13513,5412,95,5,1165.46
13514,5413,1184,5,2727.65
13515,5414,411,3,4984.22
13516,5414,720,1,2189.31
13517,5414,755,5,3263.47
13518,5415,1362,4,2833.94
13519,5415,492,2,977.04
13520,5416,337,5,889.63
13521,5416,1156,5,2717.56
13522,5416,910,1,1458.33
13523,5417,1135,4,2723.74
13524,5418,221,4,1054.07
13525,5418,1315,1,3808.34
13526,5418,234,4,938.67
13527,5419,520,1,3845.1
13528,5419,1135,3,2723.74
13529,5419,1768,3,3632.43
13530,5419,487,3,4330.41
13531,5420,830,1,1158.94
13532,5420,170,4,2450.23
13533,5420,141,5,1474.45
13534,5420,1238,3,4582.12
13535,5421,780,2,4982.09
13536,5421,42,3,4975.48
13537,5422,648,1,430.87
13538,5422,1676,1,342.22
13539,5422,1508,2,3515.38
13540,5423,1120,4,3248.65
13541,5423,535,2,2607.22
13542,5423,985,3,208.55
13543,5424,907,3,572.97
13544,5424,436,2,3787.72
13545,5424,622,2,1285.78
13546,5424,809,4,3104.43
13547,5425,873,5,4278.31
13548,5425,32,5,3586.08
13549,5425,1842,3,1113.42
13550,5426,815,1,2374.91
13551,5426,581,4,4815.32
13552,5426,1481,1,1236.14
13553,5427,1271,3,1820.81
13554,5427,354,3,1420.94
13555,5428,1189,2,1492.95
13556,5428,1667,3,2977.83
13557,5428,1017,2,4136.88
13558,5429,1652,2,342.56
13559,5429,1588,4,344.25
13560,5429,727,5,1141.07
13561,5429,270,3,3023.26
13562,5430,1765,3,573.5
13563,5430,1396,1,2643.95
13564,5430,1425,4,2840.04
13565,5430,1150,1,4720.67
13566,5431,20,2,3466.81
13567,5431,127,4,4711.87
13568,5432,647,5,1274.12
13569,5432,567,2,3860.21
13570,5432,1904,3,21.74
13571,5433,1263,2,2295.53
13572,5433,120,2,474.18
13573,5433,1879,4,938.89
13574,5433,966,4,406.68
13575,5434,230,2,1092.51
13576,5435,1790,1,4394.84
13577,5435,727,5,1003.08
13578,5435,1065,1,1361.59
13579,5435,778,5,1693.58
13580,5436,1991,5,2994.39
13581,5436,1226,5,3502.2
13582,5437,1028,5,1758.23
13583,5437,1642,1,2023.98
13584,5438,1724,1,2673.52
13585,5439,1391,4,2097.4
13586,5439,1095,1,2920.08
13587,5440,1565,4,3779.56
13588,5440,682,5,4354.46
13589,5440,1134,5,1592.31
13590,5441,639,1,1959.67
13591,5442,769,5,4199.98
13592,5442,134,1,1940.05
13593,5442,1007,4,1868.9
13594,5443,458,1,2007.63
13595,5444,1096,4,2154.04
13596,5444,1333,2,533.18
13597,5445,1913,4,2084.58
13598,5445,442,2,1976.35
13599,5446,210,4,1176.68
13600,5446,487,4,4330.41
13601,5447,588,3,1793.76
13602,5447,1064,5,891.81
13603,5447,863,1,2025.64
13604,5447,1078,2,2606.26
13605,5448,1492,2,1582.22
13606,5449,633,2,1499.21
13607,5449,1068,2,1499.27
13608,5449,183,4,2951.85
13609,5450,652,2,1904.28
13610,5450,1919,3,2728.56
13611,5450,1874,4,2038.67
13612,5451,1336,3,3168.5
13613,5451,705,5,4232.36
13614,5451,1836,1,675.74
13615,5452,946,5,2790.2
13616,5452,1235,5,981.56
13617,5453,1465,3,2424.32
13618,5453,1171,5,3620.47
13619,5453,37,2,3285.39
13620,5453,1944,5,4317.22
13621,5454,1991,4,3032.32
13622,5454,1298,2,1317.79
13623,5455,694,4,3499.66
13624,5455,782,3,147.88
13625,5455,830,4,1158.94
13626,5455,910,2,1668.52
13627,5456,1497,3,271.31
13628,5456,1971,3,3384.04
13629,5457,246,2,1055.13
13630,5457,992,5,3206.36
13631,5458,711,3,2912.45
13632,5458,1609,5,3710.26
13633,5458,502,5,468.44
13634,5459,643,1,3185.4
13635,5459,1828,3,3033.89
13636,5459,23,3,4240.6
13637,5459,702,1,3418.37
13638,5460,707,2,1194.29
13639,5461,764,2,2226.69
13640,5462,194,5,85.23
13641,5462,1642,1,2231.42
13642,5463,405,5,2282.13
13643,5464,582,5,4943.34
13644,5464,1699,4,4069.5
13645,5464,1448,4,3950.08
13646,5465,1448,4,3950.08
13647,5465,829,4,2028.46
13648,5465,1278,1,4314.45
13649,5466,941,1,3595.58
13650,5467,904,1,4894.55
13651,5468,1417,5,3166.92
13652,5469,376,4,1421.35
13653,5469,1154,4,712.05
13654,5469,642,1,3835.02
13655,5470,124,5,1903.14
13656,5470,1932,1,108.69
13657,5470,1425,1,2840.04
13658,5471,1457,1,1223.09
13659,5471,844,1,3408.55
13660,5471,1805,2,2631.43
13661,5471,1284,3,1729.22
13662,5472,909,2,1895.6
13663,5472,1382,3,380.75
13664,5472,1202,1,3015.22
13665,5472,7,1,4731.63
13666,5473,929,2,3931.07
13667,5474,1830,3,1574.79
13668,5474,634,1,3390.51
13669,5475,1179,4,1623.57
13670,5475,270,4,3023.26
13671,5475,163,2,3241.38
13672,5475,452,5,3867.18
13673,5476,1145,5,3804.92
13674,5476,1665,2,1975.67
13675,5477,1188,3,4483.02
13676,5477,1157,4,3021.97
13677,5477,1734,2,2831.8
13678,5477,593,5,1356.01
13679,5478,889,1,2129.98
13680,5478,638,1,2493.09
13681,5478,247,5,3024.59
13682,5479,1354,3,1798.84
13683,5479,8,4,4283.46
13684,5479,1303,2,59.91
13685,5479,1447,3,4186.93
13686,5480,1107,3,1491.04
13687,5481,836,2,2870.95
13688,5482,1089,4,4519.21
13689,5482,734,1,2141.13
13690,5483,836,5,3184.86
13691,5483,253,4,801.69
13692,5484,1084,4,2561.27
13693,5485,717,5,1393.93
13694,5485,716,2,1679.38
13695,5485,54,5,232.84
13696,5486,1987,5,1122.38
13697,5486,96,5,4674.1
13698,5486,1044,3,2721.04
13699,5486,740,3,618.13
13700,5487,1703,1,3435.52
13701,5487,512,2,2081.26
13702,5487,121,1,926.94
13703,5488,1581,5,2985.72
13704,5488,1313,3,4023.94
13705,5489,1800,1,1027.07
13706,5489,412,4,3204.07
13707,5489,728,3,1720.04
13708,5489,1975,5,3658.73
13709,5490,1766,5,2112.18
13710,5491,308,5,4227.04
13711,5491,498,1,539.19
13712,5491,165,4,3400.92
13713,5492,1963,5,742.96
13714,5492,1597,5,4997.07
13715,5492,1566,5,3082.29
13716,5492,13,3,2227.03
13717,5493,1738,5,1876.76
13718,5494,1914,5,1975.44
13719,5494,573,2,1933.49
13720,5494,1043,1,3990.48
13721,5494,1500,1,4223.34
13722,5495,1104,4,2160.59
13723,5495,112,3,373.87
13724,5495,421,5,3946.57
13725,5496,1104,4,2160.59
13726,5496,414,3,85.75
13727,5496,66,2,461.64
13728,5497,689,3,42.67
13729,5497,1025,5,3996.37
13730,5497,1957,3,680.58
13731,5498,1763,4,1928.96
13732,5498,192,5,4658.31
13733,5499,1718,5,3729.27
13734,5499,771,2,289.99
13735,5499,1269,1,559.11
13736,5500,763,4,3663.37
13737,5500,728,4,1392.8
13738,5500,1860,3,3340.89
13739,5500,1917,3,2763.3
13740,5501,49,3,3024.27
13741,5501,1228,4,1774.52
13742,5501,9,2,824.42
13743,5501,1124,5,4882.27
13744,5502,244,3,3907.13
13745,5503,1315,5,3808.34
13746,5504,1882,5,1460.59
13747,5505,456,4,204.74
13748,5505,399,5,935.5
13749,5505,354,1,1420.94
13750,5506,1599,4,845.13
13751,5507,1330,1,4560.63
13752,5507,1653,3,2729.95
13753,5507,1986,4,3350.49
13754,5508,280,3,1957.71
13755,5508,1388,4,1427.84
13756,5508,1809,1,1399.23
13757,5509,626,4,739.49
13758,5509,994,3,3999.58
13759,5509,450,1,420.78
13760,5510,742,2,1149.62
13761,5510,898,5,4021.03
13762,5510,654,1,74.1
13763,5510,456,1,204.74
13764,5511,1279,1,2423.46
13765,5512,1855,1,3510.07
13766,5512,1422,5,1430.68
13767,5512,519,1,4756.84
13768,5513,1758,1,1627.94
13769,5513,108,5,2841.42
13770,5514,1104,5,2160.59
13771,5514,972,1,4344.95
13772,5514,1633,3,4642.34
13773,5515,743,4,2242.09
13774,5516,596,3,1231.48
13775,5516,68,2,395.92
13776,5516,182,4,1313.45
13777,5516,1528,3,69.45
13778,5517,497,2,572.94
13779,5517,887,1,4225.09
13780,5518,1307,1,2522.81
13781,5519,1294,3,3397.16
13782,5520,1258,5,3972.09
13783,5520,217,3,657.68
13784,5520,1452,2,764.05
13785,5521,582,3,4943.34
13786,5521,882,5,2446.15
13787,5521,1090,1,3677.27
13788,5521,1087,1,4472.76
13789,5522,1230,5,2848.87
13790,5522,863,2,2025.64
13791,5522,1664,4,4192.17
13792,5523,1071,4,2170.33
13793,5523,1124,4,4882.27
13794,5524,1658,1,1105.04
13795,5524,1410,2,3888.52
13796,5525,272,5,3156.8
13797,5525,423,5,1333.49
13798,5526,351,5,781.08
13799,5526,851,5,2951.3
13800,5526,515,5,4246.45
13801,5527,906,4,1703.31
13802,5527,70,1,1704.87
13803,5527,167,4,2818.25
13804,5527,1096,2,1948.62
13805,5528,1632,4,1855.05
13806,5528,889,1,2129.98
13807,5528,1075,5,1297.7
13808,5528,67,5,4645.47
13809,5529,1641,5,1682.69
13810,5529,437,1,4389.45
13811,5529,1488,1,1662.93
13812,5529,1827,5,1992.86
13813,5530,1072,3,3976.31
13814,5530,790,2,3447.9
13815,5530,510,5,2394.97
13816,5531,1637,4,910.75
13817,5532,1063,5,3675.7
13818,5532,1364,2,1963.35
13819,5532,810,5,2694.6
13820,5532,1594,4,2659.84
13821,5533,1761,5,4165.49
13822,5533,334,1,3189.75
13823,5533,356,1,4465.31
13824,5534,831,4,1447.85
13825,5534,1670,1,3775.41
13826,5534,583,3,2344.29
13827,5534,1331,5,772.13
13828,5535,1302,5,260.14
13829,5535,87,4,2230.46
13830,5535,821,5,1562.15
13831,5535,627,2,3263.19
13832,5536,1337,2,1639.86
13833,5536,418,4,4483.51
13834,5536,548,2,790.99
13835,5536,779,4,70.02
13836,5537,978,1,1208.96
13837,5537,1405,2,894.37
13838,5538,322,5,1128.18
13839,5539,1879,4,938.89
13840,5539,1753,1,499.62
13841,5540,1422,2,1430.68
13842,5540,33,5,545.81
13843,5540,1044,2,2721.04
13844,5540,154,2,696.76
13845,5541,1925,4,4695.17
13846,5541,1079,1,788.26
13847,5541,1961,4,2267.48
13848,5542,318,3,3728.9
13849,5543,1265,2,2890.04
13850,5543,1512,2,3381.05
13851,5543,306,5,2895.92
13852,5543,360,3,3919.53
13853,5544,446,2,1003.7
13854,5544,1889,1,4728.93
13855,5544,1202,2,3015.22
13856,5544,250,3,449.92
13857,5545,1636,3,4425.37
13858,5546,1127,1,903.31
13859,5547,1247,4,2926.57
13860,5547,1189,5,1492.95
13861,5548,88,4,834.81
13862,5548,595,4,2251.34
13863,5548,907,4,476.62
13864,5548,1338,3,2432.88
13865,5549,73,1,636.89
13866,5549,636,4,2982.66
13867,5550,809,2,3104.43
13868,5551,280,1,1957.71
13869,5551,386,1,4619.91
13870,5551,1495,2,2805.26
13871,5552,454,5,3532.11
13872,5553,1698,1,2763.38
13873,5553,400,5,2808.68
13874,5554,1927,3,3376.17
13875,5554,67,5,4645.47
13876,5554,911,2,3202.05
13877,5555,1037,2,1567.44
13878,5555,1656,1,1504.48
13879,5556,282,2,614.76
13880,5556,1986,4,3350.49
13881,5556,1264,4,2698.97
13882,5557,1929,4,3451.12
13883,5557,1738,4,1876.76
13884,5557,685,5,434.0
13885,5558,83,1,1618.96
13886,5558,1946,5,993.97
13887,5559,213,5,161.25
13888,5559,29,5,4104.81
13889,5560,245,4,4956.68
13890,5560,446,2,1003.7
13891,5561,924,3,407.23
13892,5561,1428,3,1023.73
13893,5561,915,3,4241.85
13894,5562,867,2,315.97
13895,5562,1539,5,87.6
13896,5562,268,2,4622.54
13897,5562,1477,3,2470.35
13898,5563,74,5,3695.82
13899,5563,727,3,1141.07
13900,5564,1441,4,692.42
13901,5564,1900,2,141.22
13902,5564,1999,2,2205.49
13903,5565,970,1,1564.11
13904,5565,1522,4,1931.12
13905,5565,1487,2,2148.84
13906,5565,288,2,4203.67
13907,5566,1111,5,2026.53
13908,5566,1610,5,386.02
13909,5567,1572,5,1524.98
13910,5567,1723,5,4323.91
13911,5567,1761,3,4165.49
13912,5568,1630,1,1099.71
13913,5568,356,2,4465.31
13914,5569,62,3,2802.91
13915,5570,1712,4,2677.58
13916,5571,1241,2,2878.24
13917,5571,1988,2,785.21
13918,5571,1881,1,3178.03
13919,5572,1302,1,249.56
13920,5572,1169,5,469.06
13921,5572,903,4,2390.95
13922,5572,455,1,3822.19
13923,5573,617,4,145.49
13924,5573,536,2,2265.43
13925,5573,826,3,2668.7
13926,5574,1073,2,1327.8
13927,5575,1780,4,1696.82
13928,5575,596,2,1231.48
13929,5576,1408,2,1314.08
13930,5576,1374,2,4245.98
13931,5577,804,4,3811.41
13932,5578,1335,1,1474.54
13933,5578,71,1,4701.99
13934,5578,1977,1,3501.61
13935,5578,1260,5,2833.1
13936,5579,798,1,4170.48
13937,5579,1571,5,3828.97
13938,5579,506,3,4793.43
13939,5580,113,3,1021.83
13940,5580,1085,4,3942.42
13941,5581,871,1,3995.67
13942,5581,663,1,1192.72
13943,5581,86,5,1479.15
13944,5582,756,3,4290.25
13945,5582,1929,4,3451.12
13946,5582,593,2,1266.27
13947,5582,661,1,1784.45
13948,5583,855,5,3214.76
13949,5584,462,3,2829.04
13950,5584,1864,4,4244.91
13951,5584,267,2,1689.77
13952,5584,697,4,1310.25
13953,5585,1932,5,108.69
13954,5585,1283,4,1258.75
13955,5585,725,2,1883.71
13956,5585,946,2,2790.2
13957,5586,1244,2,2169.15
13958,5587,1697,1,2034.38
13959,5587,805,5,287.96
13960,5587,161,5,55.99
13961,5587,773,2,1442.71
13962,5588,1059,1,4118.26
13963,5588,1866,1,3049.22
13964,5588,1820,4,1295.41
13965,5588,729,3,2931.06
13966,5589,131,2,3366.57
13967,5590,1404,5,1949.35
13968,5590,1727,5,944.49
13969,5590,980,5,4389.83
13970,5591,1621,1,459.84
13971,5591,663,5,1192.72
13972,5592,1520,1,3436.75
13973,5593,269,5,1426.17
13974,5594,830,3,1021.6
13975,5594,154,4,696.76
13976,5595,859,5,4439.46
13977,5596,1032,1,1476.5
13978,5596,323,1,3121.78
13979,5596,376,2,1550.37
13980,5596,221,2,1054.07
13981,5597,1013,5,3056.19
13982,5597,1341,4,2068.83
13983,5598,1510,1,1417.49
13984,5598,1632,3,1855.05
13985,5598,1891,4,3352.26
13986,5599,757,5,4478.92
13987,5599,1825,5,720.4
13988,5599,1967,3,3118.21
13989,5600,662,3,1368.47
13990,5600,1000,5,1180.66
13991,5601,1180,2,3403.33
13992,5601,257,2,454.34
13993,5601,476,2,480.09
13994,5602,1522,2,1931.12
13995,5603,1102,2,3474.79
13996,5603,1171,5,3620.47
13997,5604,880,3,4537.46
13998,5605,366,2,2367.54
13999,5605,1764,1,2524.19
14000,5605,1429,1,4518.66
14001,5606,421,1,4612.91
14002,5606,577,2,1148.53
14003,5606,870,1,2149.76
14004,5607,609,3,1519.93
14005,5607,1276,5,4775.49
14006,5607,1544,5,2753.26
14007,5608,510,5,2677.13
14008,5608,873,5,4733.69
14009,5609,1933,3,2420.56
14010,5609,993,2,29.01
14011,5609,1699,4,4382.52
14012,5610,1182,3,2771.15
14013,5610,1270,1,4109.19
14014,5610,1480,1,650.14
14015,5610,560,4,3783.25
14016,5611,106,2,833.52
14017,5611,1560,5,1317.43
14018,5611,562,4,2920.61
14019,5611,1945,3,4845.83
14020,5612,909,3,1895.6
14021,5613,56,4,3613.22
14022,5614,406,3,1153.0
14023,5614,1376,1,1745.87
14024,5615,1079,5,870.46
14025,5615,1661,2,4981.28
14026,5615,965,4,1691.03
14027,5616,170,1,2609.26
14028,5616,1221,1,237.2
14029,5617,933,2,2246.96
14030,5617,1929,4,3451.12
14031,5617,967,4,3884.42
14032,5617,338,2,99.68
14033,5618,739,3,879.2
14034,5619,1763,3,1928.96
14035,5619,1386,5,2647.87
14036,5619,747,3,638.84
14037,5620,1311,1,4424.0
14038,5620,493,2,488.29
14039,5620,26,1,511.61
14040,5620,850,1,34.16
14041,5621,578,4,2970.5
14042,5621,1881,4,3178.03
14043,5621,1669,5,3246.59
14044,5621,96,4,4674.1
14045,5622,969,3,1814.87
14046,5622,704,5,4838.98
14047,5623,325,2,778.82
14048,5623,1655,2,2768.98
14049,5623,1104,5,2160.59
14050,5623,1411,3,3246.16
14051,5624,862,1,808.75
14052,5624,690,2,3071.04
14053,5624,1053,3,2376.88
14054,5625,129,5,4668.8
14055,5625,1679,3,1438.31
14056,5625,1434,1,1186.26
14057,5625,775,5,1756.06
14058,5626,1067,2,3205.61
14059,5626,1773,2,2075.06
14060,5627,569,4,3518.66
14061,5628,1859,5,369.58
14062,5628,953,5,3227.55
14063,5628,804,4,3811.41
14064,5628,617,1,145.49
14065,5629,980,4,4389.83
14066,5629,1889,5,4728.93
14067,5629,1086,2,4700.28
14068,5629,1120,5,3248.65
14069,5630,600,1,1279.01
14070,5630,1280,4,2712.92
14071,5630,245,5,4956.68
14072,5630,1631,3,4490.57
14073,5631,1525,5,3157.81
14074,5631,521,3,2682.3
14075,5631,802,3,1237.78
14076,5632,50,3,2406.36
14077,5633,1534,5,1497.27
14078,5633,1229,2,3415.67
14079,5633,133,5,3953.01
14080,5633,721,1,93.68
14081,5634,916,3,4368.75
14082,5634,499,3,3719.03
14083,5635,409,3,284.25
14084,5635,1594,3,2659.84
14085,5635,495,3,2080.5
14086,5635,550,4,2260.59
14087,5636,102,4,4320.41
14088,5637,1471,4,1253.11
14089,5637,1122,1,246.03
14090,5637,448,3,1305.83
14091,5638,1958,5,4221.55
14092,5638,1977,2,3501.61
14093,5638,291,2,3821.82
14094,5639,1688,5,953.67
14095,5639,1082,3,2810.46
14096,5639,71,2,4701.99
14097,5639,1020,3,3188.65
14098,5640,1573,1,2737.95
14099,5640,299,3,2422.18
14100,5640,1277,4,3223.63
14101,5641,69,2,703.65
14102,5641,463,3,2370.45
14103,5641,561,1,2023.99
14104,5642,1713,3,3233.67
14105,5642,527,3,1149.46
14106,5643,1105,2,1308.96
14107,5643,967,2,3884.42
14108,5644,348,5,4740.53
14109,5644,969,5,1814.87
14110,5645,1390,1,2132.37
14111,5645,139,4,4993.88
14112,5646,1731,1,1237.5
14113,5646,915,1,4241.85
14114,5647,97,2,704.13
14115,5647,401,1,1294.78
14116,5647,1555,5,3690.58
14117,5648,181,4,2553.82
14118,5648,105,5,1594.49
14119,5648,114,1,3138.55
14120,5648,1605,4,4362.29
14121,5649,1941,1,3651.99
14122,5649,1145,2,3804.92
14123,5650,951,5,1480.24
14124,5650,80,1,3663.41
14125,5651,515,3,4246.45
14126,5651,886,3,1634.05
14127,5651,688,3,999.99
14128,5652,677,4,37.12
14129,5652,1620,1,3927.91
14130,5652,1995,3,2213.54
14131,5652,560,4,3783.25
14132,5653,1887,5,88.25
14133,5653,1410,1,3888.52
14134,5653,1204,2,4942.73
14135,5654,447,2,1882.07
14136,5654,1608,4,2480.7
14137,5654,814,1,3110.03
14138,5655,555,1,4404.23
14139,5656,299,4,2124.91
14140,5657,1221,4,237.2
14141,5657,87,4,2762.02
14142,5658,1181,2,4895.42
14143,5658,412,2,3557.28
14144,5658,1661,5,4981.28
14145,5659,1794,4,4943.5
14146,5659,724,2,3238.66
14147,5659,296,2,2036.31
14148,5660,1923,2,3707.45
14149,5660,1419,3,2348.86
14150,5661,950,3,3575.16
14151,5661,55,3,477.57
14152,5661,1134,1,1592.31
14153,5662,980,3,3648.05
14154,5662,390,5,734.47
14155,5662,340,3,3028.53
14156,5663,188,1,1579.71
14157,5663,509,4,3072.89
14158,5663,1094,2,4482.97
14159,5664,1881,4,3178.03
14160,5664,1736,4,3550.81
14161,5665,895,2,4280.38
14162,5665,1240,2,3767.32
14163,5665,1512,5,2799.99
14164,5665,435,5,2114.92
14165,5666,245,2,4113.78
14166,5666,1281,2,4697.79
14167,5666,1916,2,63.57
14168,5666,1890,4,1247.55
14169,5667,1797,1,1642.41
14170,5667,1109,2,482.64
14171,5668,1991,3,3214.44
14172,5668,545,4,2788.18
14173,5668,1607,1,2615.57
14174,5668,488,4,1567.45
14175,5669,1564,5,3743.37
14176,5669,531,3,1161.66
14177,5669,636,3,3562.89
14178,5670,1483,1,3237.23
14179,5670,770,4,1755.13
14180,5670,936,1,1664.96
14181,5670,1590,3,3239.04
14182,5671,1731,3,990.17
14183,5672,1899,1,4748.11
14184,5672,571,5,1186.24
14185,5672,1511,2,3701.57
14186,5673,1626,2,3411.47
14187,5674,50,2,2406.36
14188,5675,1393,5,484.39
14189,5675,782,4,147.88
14190,5675,1937,3,2540.27
14191,5675,1259,4,338.22
14192,5676,1642,5,2231.42
14193,5676,217,1,657.68
14194,5677,801,4,1088.88
14195,5677,1552,5,2043.9
14196,5677,1305,4,1337.98
14197,5678,306,2,2895.92
14198,5678,1297,5,1916.18
14199,5679,1937,2,2372.7
14200,5679,184,5,1497.19
14201,5679,1383,3,76.06
14202,5680,182,1,1313.45
14203,5680,1362,1,3165.2
14204,5681,1555,2,3690.58
14205,5682,1353,2,2284.8
14206,5683,857,2,1674.64
14207,5684,295,1,2319.63
14208,5685,371,3,1755.21
14209,5685,1718,5,4491.54
14210,5685,661,5,1784.45
14211,5685,1496,4,2564.23
14212,5686,1377,1,2370.92
14213,5686,1720,4,1338.58
14214,5686,1681,1,1516.38
14215,5686,1033,1,3497.95
14216,5687,580,5,4091.23
14217,5687,472,2,802.83
14218,5687,1846,5,666.7
14219,5687,498,4,539.19
14220,5688,1949,3,628.06
14221,5688,33,3,618.65
14222,5688,239,5,3126.17
14223,5688,473,2,4766.17
14224,5689,60,3,521.12
14225,5690,1387,5,3367.36
14226,5690,1943,3,1101.53
14227,5690,1407,4,3721.74
14228,5690,1630,4,1099.71
14229,5691,214,2,2739.93
14230,5691,804,4,3811.41
14231,5691,1777,5,2086.84
14232,5692,646,4,807.46
14233,5692,1015,4,2805.41
14234,5692,811,4,95.73
14235,5693,236,5,3685.93
14236,5693,1340,3,1452.4
14237,5694,1271,5,1820.81
14238,5694,1367,2,308.74
14239,5694,390,2,642.26
14240,5694,1907,4,404.51
14241,5695,213,5,161.25
14242,5695,1890,1,1462.22
14243,5695,1624,4,1510.22
14244,5695,1447,4,3439.62
14245,5696,1569,1,961.57
14246,5697,362,5,2646.06
14247,5697,1940,3,4375.64
14248,5697,1194,1,429.28
14249,5697,877,4,4109.42
14250,5698,1783,3,2181.97
14251,5698,633,3,1499.21
14252,5698,442,2,1976.35
14253,5698,602,1,3815.64
14254,5699,1072,5,4388.93
14255,5699,1135,5,2723.74
14256,5700,1698,3,2763.38
14257,5700,1783,3,2181.97
14258,5700,235,5,175.84
14259,5701,431,4,2990.31
14260,5702,670,2,4951.0
14261,5702,1985,4,4565.54
14262,5702,633,4,1499.21
14263,5703,1103,5,2376.74
14264,5703,91,5,1196.73
14265,5704,1749,2,433.44
14266,5704,917,4,2819.46
14267,5704,296,4,2266.44
14268,5704,845,2,4661.49
14269,5705,699,3,4601.64
14270,5705,1488,1,1662.93
14271,5705,1213,2,2208.1
14272,5705,853,3,4151.58
14273,5706,1019,3,256.59
14274,5706,311,3,3797.61
14275,5706,1854,2,4400.58
14276,5707,960,2,1391.41
14277,5707,127,3,4711.87
14278,5707,514,4,755.11
14279,5708,626,4,739.49
14280,5709,1405,2,894.37
14281,5709,349,5,3568.37
14282,5709,772,5,3875.53
14283,5709,189,5,2961.0
14284,5710,235,2,217.55
14285,5710,1200,2,3109.39
14286,5711,1246,5,456.86
14287,5711,149,2,708.87
14288,5711,1,4,19.64
14289,5711,90,4,4686.08
14290,5712,110,5,2349.49
14291,5712,1861,3,501.6
14292,5712,50,4,2406.36
14293,5713,200,4,1216.73
14294,5713,581,5,3868.6
14295,5713,1993,4,4752.51
14296,5714,1621,3,459.84
14297,5714,1446,4,3668.66
14298,5714,821,3,1562.15
14299,5715,984,5,2743.97
14300,5716,1957,2,680.58
14301,5716,1721,2,3360.92
14302,5716,915,5,4241.85
14303,5717,74,5,3695.82
14304,5718,929,4,3931.07
14305,5719,93,5,683.08
14306,5719,934,3,3262.71
14307,5719,692,3,4629.69
14308,5720,626,3,677.32
14309,5720,498,5,498.82
14310,5720,632,3,2090.66
14311,5721,875,1,523.94
14312,5722,1480,2,623.57
14313,5722,1229,2,4239.84
14314,5723,300,1,2393.53
14315,5723,603,4,1040.81
14316,5723,414,4,75.3
14317,5723,1561,3,4175.17
14318,5724,6,4,518.13
14319,5724,467,5,3451.65
14320,5724,8,4,4283.46
14321,5724,1632,2,1855.05
14322,5725,317,2,2700.01
14323,5725,1968,1,167.07
14324,5726,519,2,4756.84
14325,5726,1780,3,1371.42
14326,5727,64,4,2594.71
14327,5728,211,3,2753.06
14328,5729,1408,3,1117.4
14329,5730,1383,1,76.06
14330,5730,612,2,2570.89
14331,5730,963,4,577.79
14332,5730,1245,4,85.12
14333,5731,146,4,2306.98
14334,5731,627,1,3263.19
14335,5732,1052,5,2566.48
14336,5732,915,5,4241.85
14337,5733,839,5,158.88
14338,5733,1490,3,4644.16
14339,5733,687,2,343.32
14340,5734,1553,5,2504.98
14341,5734,1906,3,2799.16
14342,5735,1554,4,4142.67
14343,5735,1878,1,4003.14
14344,5736,624,4,563.65
14345,5737,1449,4,1200.25
14346,5737,757,2,4478.92
14347,5737,214,4,3316.61
14348,5738,1182,3,3026.7
14349,5738,1521,1,3671.18
14350,5739,37,4,3285.39
14351,5739,316,4,3525.42
14352,5739,981,1,355.18
14353,5739,349,1,3568.37
14354,5740,1984,4,808.92
14355,5740,158,3,3068.08
14356,5741,873,1,4733.69
14357,5741,547,5,2542.66
14358,5741,540,3,635.0
14359,5741,128,1,4912.65
14360,5742,693,2,2758.72
14361,5743,85,4,1381.91
14362,5743,1993,1,4752.51
14363,5744,353,5,3037.92
14364,5744,674,2,3045.84
14365,5745,1536,2,376.58
14366,5745,1738,4,1876.76
14367,5746,1450,3,4048.3
14368,5746,999,1,2391.94
14369,5747,1159,1,3012.68
14370,5747,1943,3,1101.53
14371,5747,1534,5,1497.27
14372,5747,1680,5,1155.49
14373,5748,1162,2,260.62
14374,5749,1317,4,4464.53
14375,5750,1168,1,3342.38
14376,5750,618,4,3436.62
14377,5750,1715,3,3099.54
14378,5751,1129,2,4161.06
14379,5751,1968,2,167.07
14380,5751,1683,2,4193.9
14381,5752,507,5,1413.83
14382,5752,460,3,4443.01
14383,5753,1764,5,2524.19
14384,5753,574,5,1076.88
14385,5753,1565,2,3779.56
14386,5754,611,5,3903.33
14387,5754,297,3,1853.29
14388,5754,732,3,2827.22
14389,5754,849,3,2398.69
14390,5755,1310,5,4958.65
14391,5755,1019,4,256.59
14392,5755,373,1,3796.49
14393,5755,1187,5,3486.78
14394,5756,99,4,2707.35
14395,5757,193,2,4643.63
14396,5758,961,1,4383.36
14397,5759,1230,2,2848.87
14398,5759,128,5,4912.65
14399,5759,521,1,2682.3
14400,5760,729,2,3011.77
14401,5760,529,4,1848.76
14402,5761,1150,2,4720.67
14403,5761,1348,2,219.33
14404,5761,740,4,618.13
14405,5762,1571,4,3325.7
14406,5763,332,4,4663.2
14407,5763,1792,4,4989.28
14408,5763,521,2,2682.3
14409,5764,1563,2,3043.83
14410,5764,1520,2,3436.75
14411,5765,673,3,3206.77
14412,5765,174,4,381.46
14413,5765,1841,5,3295.24
14414,5766,934,4,2629.31
14415,5767,1090,2,3677.27
14416,5767,1611,3,3365.34
14417,5768,774,2,450.99
14418,5768,1837,3,4360.25
14419,5768,56,3,3613.22
14420,5768,1340,4,1567.91
14421,5769,1530,4,1438.4
14422,5769,1578,3,2695.81
14423,5769,617,2,145.49
14424,5770,902,1,2296.46
14425,5770,707,2,1194.29
14426,5770,571,4,1186.24
14427,5770,1060,3,1164.24
14428,5771,399,2,935.5
14429,5771,222,5,4379.2
14430,5771,605,4,324.29
14431,5772,461,2,3600.18
14432,5772,1899,2,4748.11
14433,5772,842,3,68.18
14434,5772,1930,5,1645.53
14435,5773,1236,3,4026.43
14436,5773,1959,1,2299.44
14437,5774,1573,4,2737.95
14438,5774,1009,3,4331.92
14439,5775,882,1,2446.15
14440,5775,1603,4,774.75
14441,5775,1178,2,3058.33
14442,5775,463,3,2013.43
14443,5776,1248,1,4345.12
14444,5776,429,3,4839.22
14445,5776,1542,2,133.93
14446,5777,1397,4,1925.16
14447,5778,197,5,124.38
14448,5779,1924,4,2698.77
14449,5780,1494,4,195.63
14450,5780,1303,5,68.4
14451,5780,482,5,2685.86
14452,5780,605,2,324.29
14453,5781,785,4,3741.23
14454,5781,1600,3,4071.4
14455,5781,959,1,1519.27
14456,5781,1964,2,2947.38
14457,5782,1143,3,4442.33
14458,5783,1551,1,2299.4
14459,5784,104,2,1673.81
14460,5784,1941,3,4341.05
14461,5784,25,1,3464.36
14462,5784,1016,1,4654.08
14463,5785,456,2,204.74
14464,5785,1265,5,2890.04
14465,5785,1914,5,1975.44
14466,5785,930,5,79.28
14467,5786,1519,1,4276.0
14468,5786,1147,3,2552.53
14469,5786,1110,3,81.81
14470,5786,873,2,3796.36
14471,5787,608,3,2247.3
14472,5787,1624,3,1510.22
14473,5787,488,4,1567.45
14474,5787,1272,3,855.09
14475,5788,189,2,2961.0
14476,5788,1295,2,4824.7
14477,5789,740,3,536.96
14478,5789,1268,5,1590.21
14479,5790,1585,3,4244.75
14480,5790,418,4,4483.51
14481,5790,1299,5,4280.63
14482,5790,388,1,400.49
14483,5791,1816,3,1970.73
14484,5791,1826,2,64.33
14485,5791,1344,4,1792.55
14486,5791,916,3,4904.69
14487,5792,1066,1,4382.58
14488,5792,747,1,638.84
14489,5792,39,4,4295.72
14490,5793,22,2,3853.54
14491,5794,191,2,4047.09
14492,5794,1093,2,3916.92
14493,5795,331,5,205.88
14494,5795,246,2,1278.44
14495,5796,1281,4,4697.79
14496,5797,1809,5,1631.51
14497,5797,1624,2,1510.22
14498,5798,592,2,3577.8
14499,5798,679,1,1822.97
14500,5799,1614,2,4628.97
14501,5799,286,5,4563.87
14502,5800,744,5,2156.28
14503,5801,850,3,34.16
14504,5801,954,1,4296.56
14505,5802,1693,3,1705.8
14506,5802,1355,4,4828.7
14507,5802,245,2,4956.68
14508,5802,885,2,2122.71
14509,5803,1729,5,1365.82
14510,5804,1,1,19.64
14511,5804,1676,4,342.22
14512,5805,675,5,822.26
14513,5806,1054,4,873.25
14514,5807,566,5,3671.74
14515,5807,569,5,3518.66
14516,5808,944,2,314.92
14517,5808,582,2,4943.34
14518,5808,200,5,1102.84
14519,5809,1167,5,2893.83
14520,5810,1434,1,1186.26
14521,5810,832,4,1791.53
14522,5811,1930,2,1645.53
14523,5811,809,4,2744.28
14524,5812,231,2,4228.4
14525,5812,25,3,3831.09
14526,5812,691,5,1582.01
14527,5813,935,5,1506.93
14528,5813,107,2,3963.87
14529,5813,1595,5,1776.86
14530,5814,794,4,2704.79
14531,5814,136,3,2997.47
14532,5815,469,4,3409.35
14533,5815,1382,3,380.75
14534,5815,1642,1,1916.84
14535,5815,406,1,1153.0
14536,5816,1720,4,1338.58
14537,5816,436,4,3454.12
14538,5816,627,5,3263.19
14539,5817,1540,4,3898.12
14540,5817,453,5,4545.91
14541,5817,1011,1,515.46
14542,5818,1651,2,1559.53
14543,5818,1007,3,1521.29
14544,5819,1850,5,3107.41
14545,5820,1086,2,4700.28
14546,5820,40,1,4750.28
14547,5821,1760,3,4916.81
14548,5821,1310,4,4958.65
14549,5821,886,2,1634.05
14550,5822,1626,5,3411.47
14551,5823,182,5,1101.1
14552,5824,559,5,2291.41
14553,5824,1593,4,4053.1
14554,5824,764,1,2226.69
14555,5825,1955,4,1579.22
14556,5826,1323,2,961.89
14557,5827,1167,4,2893.83
14558,5827,620,5,2588.07
14559,5828,694,2,4360.55
14560,5828,200,2,1216.73
14561,5828,1199,1,2527.07
14562,5829,634,4,3105.25
14563,5829,934,5,2747.33
14564,5829,734,1,2141.13
14565,5830,1062,4,158.0
14566,5830,320,2,1850.13
14567,5831,1392,5,4601.48
14568,5831,1923,3,3707.45
14569,5832,55,3,477.57
14570,5832,1510,4,1417.49
14571,5833,1322,2,2046.82
14572,5833,594,2,2929.29
14573,5833,1193,4,2049.44
14574,5834,1130,5,2324.01
14575,5835,35,4,1267.38
14576,5835,976,5,1514.49
14577,5836,710,2,3318.35
14578,5836,1240,5,4001.24
14579,5837,457,1,580.66
14580,5837,335,5,3217.72
14581,5838,1405,4,894.37
14582,5838,79,3,2248.46
14583,5838,139,2,4993.88
14584,5838,1807,5,1458.05
14585,5839,613,4,1703.51
14586,5839,621,5,784.63
14587,5839,595,3,2571.36
14588,5839,1301,4,2911.31
14589,5840,46,1,1485.51
14590,5841,531,3,1161.66
14591,5841,1328,1,1629.06
14592,5842,805,5,287.96
14593,5842,1909,3,4859.09
14594,5843,353,4,3480.85
14595,5843,219,2,3445.3
14596,5843,928,1,2881.36
14597,5844,228,2,3049.62
14598,5845,1761,1,4165.49
14599,5845,172,5,4196.86
14600,5846,976,4,1872.2
14601,5847,1064,4,891.81
14602,5847,155,3,4405.1
14603,5847,1284,2,1441.32
14604,5848,1179,4,1931.5
14605,5848,659,4,1295.32
14606,5849,1790,2,4394.84
14607,5849,1748,2,681.78
14608,5849,1827,1,1992.86
14609,5850,533,4,283.98
14610,5850,318,1,3438.62
14611,5851,878,1,4836.66
14612,5851,517,4,586.1
14613,5852,1018,4,4664.27
14614,5853,518,2,2494.14
14615,5853,1459,5,1872.36
14616,5853,1803,5,2615.85
14617,5854,494,3,2644.3
14618,5854,1751,3,310.64
14619,5855,1023,2,3313.03
14620,5855,362,2,2646.06
14621,5855,1746,4,3623.92
14622,5855,1402,1,1111.29
14623,5856,1671,3,2466.95
14624,5856,242,3,2164.87
14625,5856,1454,2,869.09
14626,5856,1104,1,2160.59
14627,5857,143,5,2926.5
14628,5857,1337,5,1760.67
14629,5858,67,4,4273.44
14630,5858,284,2,434.25
14631,5858,905,3,1278.01
14632,5858,205,2,4043.35
14633,5859,1459,2,2168.65
14634,5860,13,5,2227.03
14635,5860,1292,2,4546.08
14636,5861,389,5,825.04
14637,5862,873,5,4733.69
14638,5862,1022,2,1040.02
14639,5862,1183,3,348.93
14640,5863,476,5,430.75
14641,5864,279,2,2332.77
14642,5864,80,5,3663.41
14643,5865,253,2,801.69
14644,5865,1470,3,2622.08
14645,5865,445,3,4082.97
14646,5865,79,1,2248.46
14647,5866,310,4,3134.88
14648,5866,1896,5,2418.5
14649,5867,1050,2,105.34
14650,5867,295,2,2319.63
14651,5868,1917,4,3047.65
14652,5869,867,3,390.65
14653,5870,696,2,3200.45
14654,5870,1641,3,1853.09
14655,5871,1657,3,3149.48
14656,5872,1910,1,4302.81
14657,5873,333,4,4209.31
14658,5873,35,4,1386.08
14659,5873,450,2,420.78
14660,5874,589,5,58.7
14661,5874,989,2,3743.11
14662,5875,548,1,699.02
14663,5875,702,4,3418.37
14664,5875,1893,3,3012.28
14665,5875,1271,2,1820.81
14666,5876,925,4,4150.42
14667,5876,245,1,4956.68
14668,5876,1361,3,4344.01
14669,5877,1322,2,1648.09
14670,5877,389,4,825.04
14671,5877,1083,3,2480.07
14672,5878,1959,4,2299.44
14673,5878,303,3,3528.76
14674,5878,439,3,4256.54
14675,5879,1040,3,716.28
14676,5880,1189,4,1358.81
14677,5880,1846,3,666.7
14678,5880,1146,2,220.73
14679,5881,996,2,2795.3
14680,5881,812,4,4622.84
14681,5881,1001,5,2482.85
14682,5882,1964,3,3473.21
14683,5883,1661,5,4981.28
14684,5884,618,2,3436.62
14685,5884,1839,2,3200.71
14686,5885,1090,2,3677.27
14687,5885,1198,3,4266.62
14688,5885,825,1,4082.04
14689,5886,1801,3,3703.7
14690,5887,666,4,1158.59
14691,5888,1519,2,4276.0
14692,5889,1335,4,1474.54
14693,5889,1355,1,4828.7
14694,5890,837,4,2265.42
14695,5891,1879,1,817.51
14696,5891,157,3,4489.54
14697,5891,453,1,4545.91
14698,5891,1572,3,1768.61
14699,5892,1299,3,3718.34
14700,5892,1421,5,4859.69
14701,5892,1529,2,1524.47
14702,5892,1833,2,3938.2
14703,5893,995,1,2753.98
14704,5894,1437,5,3751.2
14705,5894,1372,1,1110.49
14706,5894,1555,3,3690.58
14707,5894,1193,2,2049.44
14708,5895,748,3,1402.9
14709,5895,1467,4,3014.82
14710,5896,1699,2,4382.52
14711,5896,1457,5,1223.09
14712,5897,96,4,4674.1
14713,5897,1725,5,4295.72
14714,5897,1063,3,3675.7
14715,5897,1021,4,3684.3
14716,5898,1346,4,978.04
14717,5898,1774,2,699.02
14718,5898,1661,5,4981.28
14719,5898,336,1,2584.15
14720,5899,791,5,1394.32
14721,5899,1075,4,1297.7
14722,5899,1291,4,1535.01
14723,5900,247,5,3024.59
14724,5900,1036,3,4112.89
14725,5901,1612,4,1478.67
14726,5901,1948,1,406.31
14727,5902,1206,1,1052.49
14728,5903,908,2,1720.1
14729,5903,333,4,4209.31
14730,5903,7,5,4731.63
14731,5904,256,5,1529.79
14732,5904,1443,5,1395.23
14733,5904,1123,1,577.55
14734,5904,1532,4,4771.9
14735,5905,1774,4,827.58
14736,5905,1272,2,855.09
14737,5905,1721,3,3360.92
14738,5906,1958,3,3887.2
14739,5907,1571,3,3828.97
14740,5907,1665,3,1975.67
14741,5908,804,3,3584.51
14742,5908,1043,2,3990.48
14743,5908,525,5,585.54
14744,5908,1345,5,3394.63
14745,5909,472,2,848.93
14746,5909,509,4,3670.29
14747,5910,204,1,4051.48
14748,5910,1540,5,3898.12
14749,5910,384,3,2813.82
14750,5910,767,2,2284.41
14751,5911,445,5,4082.97
14752,5911,24,2,4213.26
14753,5911,1516,4,4754.42
14754,5911,2000,2,754.36
14755,5912,1813,1,1347.23
14756,5912,1365,3,782.66
14757,5912,1238,1,4582.12
14758,5912,1670,3,3423.45
14759,5913,888,2,116.54
14760,5913,871,2,4608.67
14761,5914,1377,3,2370.92
14762,5914,1198,4,3785.02
14763,5914,1406,5,449.18
14764,5914,1235,3,1041.67
14765,5915,1881,5,3178.03
14766,5915,584,5,1765.65
14767,5915,1306,2,3280.58
14768,5916,1420,5,3913.88
14769,5917,557,4,2749.62
14770,5918,1976,5,2781.03
14771,5918,265,2,410.67
14772,5919,423,2,1441.03
14773,5919,1169,3,469.06
14774,5920,1182,4,3287.43
14775,5920,1312,5,3510.23
14776,5921,1442,1,2103.63
14777,5921,565,1,134.14
14778,5922,983,1,431.86
14779,5923,1150,4,4720.67
14780,5923,339,3,2744.38
14781,5924,1835,3,358.62
14782,5924,683,1,381.49
14783,5924,191,4,4047.09
14784,5925,403,3,438.52
14785,5925,1538,5,4609.56
14786,5925,940,5,430.57
14787,5925,1535,1,2002.12
14788,5926,960,4,1695.67
14789,5926,1272,3,855.09
14790,5927,1915,2,3122.45
14791,5927,1069,2,4944.78
14792,5927,1021,4,3684.3
14793,5928,979,5,1683.18
14794,5928,178,3,4327.53
14795,5928,973,4,1490.81
14796,5929,633,5,1499.21
14797,5930,143,3,2664.09
14798,5930,1983,2,4107.76
14799,5931,1109,5,482.64
14800,5931,164,1,3555.06
14801,5932,1704,3,4211.03
14802,5933,808,2,2480.93
14803,5933,1167,2,2893.83
14804,5933,1870,1,2326.9
14805,5933,319,5,684.29
14806,5934,387,5,2453.3
14807,5934,277,3,2853.84
14808,5935,932,4,2826.61
14809,5935,1301,1,2911.31
14810,5935,1118,2,3029.82
14811,5936,1092,5,166.85
14812,5937,265,3,410.67
14813,5938,1458,1,1326.42
14814,5938,1973,3,4641.02
14815,5938,890,1,1826.95
14816,5939,674,3,3045.84
14817,5939,569,5,3518.66
14818,5939,1662,4,3160.26
14819,5939,604,1,4183.03
14820,5940,1272,5,724.81
14821,5940,156,4,114.68
14822,5940,831,2,1315.81
14823,5940,1375,2,3524.84
14824,5941,220,5,1408.94
14825,5941,1484,5,609.4
14826,5941,550,3,2260.59
14827,5942,106,3,693.35
14828,5943,1747,1,4211.6
14829,5943,9,3,916.9
14830,5944,1777,4,2403.72
14831,5944,629,5,2969.66
14832,5944,565,1,159.76
14833,5944,1954,5,4409.84
14834,5945,732,3,3185.96
14835,5945,147,5,2527.66
14836,5946,576,1,3021.96
14837,5946,1266,2,453.43
14838,5947,1470,1,2622.08
14839,5947,708,5,4775.63
14840,5948,1964,2,3473.21
14841,5949,673,3,3206.77
14842,5950,1220,4,558.75
14843,5951,1427,5,2180.98
14844,5952,1330,4,3989.19
14845,5952,646,2,807.46
14846,5953,413,4,3407.58
14847,5954,1428,5,1023.73
14848,5954,1215,5,627.48
14849,5954,1152,4,2407.53
14850,5954,1061,5,4408.37
14851,5955,1410,1,3888.52
14852,5956,286,4,4563.87
14853,5957,487,1,3848.84
14854,5957,1156,2,2346.82
14855,5957,1135,1,2723.74
14856,5957,181,3,2553.82
14857,5958,366,5,2367.54
14858,5958,1581,4,2985.72
14859,5959,68,2,395.92
14860,5960,1510,1,1417.49
14861,5961,1465,5,2424.32
14862,5961,1868,2,2284.7
14863,5961,832,4,1791.53
14864,5961,1876,5,820.14
14865,5962,1952,1,2454.26
14866,5962,185,3,1050.24
14867,5963,1416,3,3592.41
14868,5963,320,1,2079.78
14869,5964,743,5,2405.57
14870,5964,507,3,1485.91
14871,5964,1587,5,2450.05
14872,5964,1961,4,2267.48
14873,5965,786,5,249.59
14874,5965,1163,3,1547.95
14875,5966,637,1,2924.96
14876,5966,862,1,808.75
14877,5966,1986,2,3350.49
14878,5967,22,4,3853.54
14879,5968,710,1,4079.08
14880,5969,1264,5,2891.63
14881,5969,1738,2,1726.03
14882,5970,860,2,421.6
14883,5970,1337,4,1582.7
14884,5971,336,5,2274.25
14885,5971,527,5,939.88
14886,5971,648,2,469.49
14887,5972,103,4,4739.24
14888,5972,190,2,845.16
14889,5973,517,4,586.1
14890,5974,1052,1,2365.9
14891,5974,1601,2,1249.57
14892,5974,493,5,488.29
14893,5974,105,4,1594.49
14894,5975,130,3,73.51
14895,5975,1965,3,4683.28
14896,5976,80,1,2936.46
14897,5976,1453,1,1778.93
14898,5976,1395,2,2500.5
14899,5976,974,4,1017.69
14900,5977,1112,4,3334.7
14901,5978,1228,3,1898.35
14902,5979,1112,4,3334.7
14903,5979,918,3,709.61
14904,5979,430,4,4669.64
14905,5980,1362,5,3165.2
14906,5980,1286,1,791.64
14907,5980,729,2,3272.63
14908,5981,1864,1,4244.91
14909,5981,20,3,3466.81
14910,5982,457,4,580.66
14911,5982,889,4,2129.98
14912,5982,1270,1,4109.19
14913,5983,805,5,287.96
14914,5983,305,4,985.55
14915,5983,1579,3,1026.48
14916,5983,132,5,1956.5
14917,5984,763,5,3663.37
14918,5984,1593,4,3635.06
14919,5985,398,2,3681.87
14920,5985,1256,5,3254.57
14921,5985,1327,2,975.37
14922,5986,846,4,3819.23
14923,5987,174,5,371.88
14924,5988,1621,3,459.84
14925,5988,1286,4,791.64
14926,5989,929,3,3719.55
14927,5989,1928,2,664.98
14928,5989,848,1,2754.39
14929,5989,10,3,3381.16
14930,5990,1057,3,4297.01
14931,5991,891,2,2534.47
14932,5991,1795,2,1258.44
14933,5991,211,5,2753.06
14934,5991,1477,4,2470.35
14935,5992,1835,2,315.91
14936,5992,1821,2,4780.59
14937,5992,249,1,3887.05
14938,5993,1409,3,943.24
14939,5993,616,5,3628.06
14940,5993,789,2,1234.37
14941,5993,1484,2,749.5
14942,5994,1788,5,4044.6
14943,5994,250,2,414.88
14944,5994,823,2,4892.28
14945,5995,1496,5,2564.23
14946,5996,1691,4,49.01
14947,5996,1454,3,869.09
14948,5996,192,4,4658.31
14949,5997,152,3,2688.72
14950,5997,1321,2,1145.46
14951,5997,1127,1,903.31
14952,5997,523,4,2568.55
14953,5998,179,3,3052.29
14954,5998,1069,3,4944.78
14955,5999,1636,4,4425.37
14956,6000,492,3,977.04
14957,6001,1140,3,143.75
14958,6001,424,5,687.93
14959,6001,1582,2,1472.47
14960,6001,1467,5,3014.82
14961,6002,1415,2,3433.14
14962,6003,560,5,3783.25
14963,6003,251,4,2748.09
14964,6003,253,1,801.69
14965,6004,434,2,2211.22
14966,6004,1637,3,910.75
14967,6004,99,2,3376.61
14968,6005,947,5,3952.8
14969,6005,324,4,377.72
14970,6005,1572,1,1768.61
14971,6005,1240,1,4001.24
14972,6006,288,4,4203.67
14973,6006,1201,3,3873.97
14974,6006,731,1,1685.44
14975,6007,995,2,3117.51
14976,6007,1678,1,2297.44
14977,6007,1166,2,4725.81
14978,6008,394,2,2677.79
14979,6008,1746,5,3623.92
14980,6009,1614,5,4628.97
14981,6010,1723,5,4323.91
14982,6010,858,2,4288.06
14983,6010,623,3,4260.78
14984,6010,1057,3,4297.01
14985,6011,75,5,44.04
14986,6011,1804,2,2848.61
14987,6011,1384,1,4380.18
14988,6011,1572,4,1482.22
14989,6012,1945,4,4845.83
14990,6012,1564,3,4395.5
14991,6013,1047,2,2250.05
14992,6013,820,3,1886.24
14993,6014,1609,3,3212.65
14994,6014,1837,5,3490.34
14995,6014,555,5,4404.23
14996,6014,1797,3,1642.41
14997,6015,1960,4,1687.21
14998,6015,1805,2,2631.43
14999,6015,224,2,869.06
15000,6015,670,1,4951.0
15001,6016,1350,3,2796.27
15002,6016,1867,2,2289.03
15003,6016,1515,2,3802.4
15004,6016,941,5,3595.58
15005,6017,1383,1,76.06
15006,6018,9,3,916.9
15007,6018,668,2,338.95
15008,6018,252,2,1843.4
15009,6018,1916,2,69.6
15010,6019,404,1,2513.11
15011,6020,1611,1,3365.34
15012,6020,815,1,2374.91
15013,6021,571,5,1058.83
15014,6021,497,2,572.94
15015,6022,1311,5,4424.0
15016,6022,427,4,536.06
15017,6022,1869,1,349.95
15018,6023,1970,1,618.35
15019,6024,1694,2,3306.81
15020,6025,1787,1,3811.84
15021,6026,1899,5,4748.11
15022,6026,1344,1,1792.55
15023,6026,801,5,1243.14
15024,6027,304,5,4475.38
15025,6028,855,1,3214.76
15026,6028,1249,5,3587.98
15027,6029,326,1,2119.6
15028,6029,1403,5,3226.0
15029,6030,1823,4,788.45
15030,6030,757,4,3998.81
15031,6030,1737,2,3354.21
15032,6030,934,5,3262.71
15033,6031,909,5,1895.6
15034,6032,115,2,4104.14
15035,6032,1388,3,1275.71
15036,6033,414,1,85.75
15037,6033,956,4,2279.95
15038,6033,1898,2,1001.41
15039,6033,1681,4,1516.38
15040,6034,1852,5,459.94
15041,6034,33,2,618.65
15042,6035,547,3,2310.53
15043,6036,122,2,349.5
15044,6036,1506,4,681.79
15045,6036,1133,4,2047.55
15046,6036,777,2,1768.53
15047,6037,325,1,778.82
15048,6037,125,2,1485.79
15049,6037,419,3,3924.87
15050,6037,420,5,1799.73
15051,6038,1709,4,1568.58
15052,6038,1568,2,1945.21
15053,6038,1544,2,2266.38
15054,6039,709,5,1842.89
15055,6039,516,4,3302.52
15056,6040,225,5,1331.62
15057,6040,81,2,4873.64
15058,6040,768,1,2222.8
15059,6041,327,1,1236.95
15060,6042,348,3,4740.53
15061,6042,1098,2,4970.86
15062,6042,1142,5,1450.53
15063,6043,1876,4,915.48
15064,6044,687,4,343.32
15065,6045,1971,2,3003.95
15066,6046,515,3,3817.92
15067,6047,1109,2,482.64
15068,6047,561,3,2023.99
15069,6047,113,5,1021.83
15070,6048,449,4,530.54
15071,6048,606,5,3924.98
15072,6048,1243,1,3710.88
15073,6049,444,2,4232.65
15074,6049,753,5,2931.64
15075,6049,1637,1,910.75
15076,6050,247,3,3024.59
15077,6050,1673,5,3935.36
15078,6050,1988,2,785.21
15079,6050,22,3,3853.54
15080,6051,1542,3,142.87
15081,6051,419,5,3788.17
15082,6051,826,2,2668.7
15083,6051,556,1,1367.56
15084,6052,1691,4,49.01
15085,6052,1425,5,2840.04
15086,6052,1462,4,3236.96
15087,6053,913,4,17.43
15088,6053,1629,3,844.45
15089,6054,914,3,4235.83
15090,6055,1187,4,3486.78
15091,6055,1742,3,1911.55
15092,6055,668,1,371.43
15093,6055,449,5,530.54
15094,6056,636,1,3562.89
15095,6056,989,4,3743.11
15096,6056,763,4,3663.37
15097,6057,1098,1,4970.86
15098,6057,832,3,1791.53
15099,6057,888,1,129.22
15100,6057,181,3,2553.82
15101,6058,266,1,965.9
15102,6059,1934,4,685.85
15103,6060,228,2,3049.62
15104,6060,1637,5,855.19
15105,6060,133,4,3953.01
15106,6061,970,5,1564.11
15107,6061,750,4,2618.93
15108,6062,1958,4,4221.55
15109,6062,1,1,19.64
15110,6063,717,1,1550.32
15111,6064,790,3,3274.5
15112,6064,553,5,1791.0
15113,6065,680,5,3366.64
15114,6066,1569,3,961.57
15115,6066,491,4,4756.43
15116,6066,1203,4,3687.66
15117,6066,595,5,2187.0
15118,6067,1995,3,2213.54
15119,6067,687,2,343.32
15120,6067,971,4,3736.08
15121,6068,166,1,2028.89
15122,6068,669,4,3129.58
15123,6068,905,4,1204.88
15124,6068,1113,4,1117.82
15125,6069,670,5,4951.0
15126,6069,295,4,1949.24
15127,6069,1278,5,4786.26
15128,6070,887,1,3465.77
15129,6071,173,4,3873.68
15130,6071,1245,4,85.12
15131,6071,964,1,2605.27
15132,6071,607,3,4648.41
15133,6072,1466,5,2812.37
15134,6073,454,5,3532.11
15135,6073,127,2,4711.87
15136,6073,1604,4,622.93
15137,6073,1924,1,2698.77
15138,6074,930,4,79.28
15139,6074,1051,5,1535.78
15140,6074,800,3,1696.59
15141,6075,1226,2,3502.2
15142,6075,500,2,1015.17
15143,6075,545,2,2788.18
15144,6075,1666,3,1107.86
15145,6076,1324,3,1491.93
15146,6076,468,5,2222.15
15147,6076,1590,4,3842.98
15148,6076,1078,4,3125.24
15149,6077,1256,1,3137.45
15150,6077,262,3,348.71
15151,6077,1297,5,1579.43
15152,6077,1718,5,4491.54
15153,6078,289,5,2251.46
15154,6078,1172,4,4339.9
15155,6078,683,5,381.49
15156,6078,1981,3,3974.13
15157,6079,787,1,3735.76
15158,6080,1778,3,3231.96
15159,6080,1844,1,450.24
15160,6081,1152,1,1937.92
15161,6081,377,3,2876.14
15162,6081,1359,4,3802.52
15163,6082,889,2,2129.98
15164,6082,625,4,4059.0
15165,6082,771,1,289.99
15166,6083,662,3,1537.86
15167,6083,42,3,4975.48
15168,6083,924,1,407.23
15169,6083,1676,2,342.22
15170,6084,577,2,1148.53
15171,6084,996,2,2795.3
15172,6085,402,1,4892.72
15173,6085,1563,2,2730.3
15174,6085,1649,2,3084.34
15175,6085,1640,1,3228.09
15176,6086,40,4,4139.18
15177,6086,877,4,3648.95
15178,6086,1158,2,3218.83
15179,6087,580,2,4091.23
15180,6087,221,1,1054.07
15181,6087,1799,5,3115.2
15182,6088,900,1,3184.82
15183,6088,87,5,2762.02
15184,6088,1880,1,1959.52
15185,6089,1968,4,167.07
15186,6089,129,5,4668.8
15187,6089,407,3,2291.87
15188,6089,280,5,1957.71
15189,6090,589,4,67.26
15190,6090,442,5,1830.81
15191,6090,1381,1,1933.35
15192,6090,348,3,4740.53
15193,6091,1350,1,2958.12
15194,6091,1732,5,2354.17
15195,6091,256,3,1529.79
15196,6092,495,5,2325.41
15197,6092,1892,2,3756.21
15198,6092,1127,4,903.31
15199,6093,1933,5,2420.56
15200,6093,940,2,430.57
15201,6093,748,4,1402.9
15202,6093,1510,1,1220.63
15203,6094,810,2,2694.6
15204,6095,1774,4,827.58
15205,6096,1187,4,2902.69
15206,6096,1031,3,2261.27
15207,6096,148,2,3104.71
15208,6096,1854,2,4400.58
15209,6097,27,5,3124.89
15210,6098,414,3,85.75
15211,6098,979,2,2037.26
15212,6099,1937,4,2370.28
15213,6099,673,5,3206.77
15214,6100,18,2,4759.91
15215,6100,1941,4,4341.05
15216,6101,683,3,325.49
15217,6102,1391,4,1885.76
15218,6102,953,1,3227.55
15219,6102,1016,1,3725.73
15220,6102,468,2,2222.15
15221,6103,446,3,1003.7
15222,6103,1918,1,4282.99
15223,6103,828,1,4204.94
15224,6103,1919,1,2728.56
15225,6104,553,1,1621.58
15226,6104,144,3,3945.75
15227,6105,1885,3,2638.54
15228,6105,968,3,967.88
15229,6105,394,4,2677.79
15230,6106,1546,4,3706.04
15231,6106,1513,3,4133.12
15232,6107,554,3,4495.61
15233,6107,231,4,4228.4
15234,6107,1948,3,406.31
15235,6108,1851,1,1194.66
15236,6108,1318,3,4006.54
15237,6108,240,1,431.39
15238,6109,532,1,3341.59
15239,6109,1019,4,256.59
15240,6110,848,5,2754.39
15241,6110,1338,4,2432.88
15242,6110,576,3,3258.62
15243,6110,1245,1,85.12
15244,6111,477,5,4342.93
15245,6111,108,5,2841.42
15246,6111,332,5,4663.2
15247,6111,316,2,3474.36
15248,6112,303,4,3528.76
15249,6112,1924,1,2698.77
15250,6112,1844,3,545.23
15251,6113,257,5,393.24
15252,6113,1614,3,4628.97
15253,6114,765,1,1424.04
15254,6114,1284,4,1729.22
15255,6114,1693,1,1705.8
15256,6115,1441,5,692.42
15257,6116,896,4,123.66
15258,6116,231,4,3995.53
15259,6117,261,1,3561.67
15260,6118,343,4,1428.48
15261,6118,276,5,1435.35
15262,6118,1679,5,1438.31
15263,6118,398,1,3681.87
15264,6119,1669,2,3246.59
15265,6119,1024,1,1743.25
15266,6119,928,1,3423.28
15267,6119,1657,4,3149.48
15268,6120,99,4,3376.61
15269,6120,1261,1,2089.43
15270,6121,511,4,2708.16
15271,6122,1860,1,3653.4
15272,6122,601,5,4765.61
15273,6122,1997,1,4843.33
15274,6123,1421,4,4859.69
15275,6124,803,3,4544.47
15276,6125,1840,3,1146.8
15277,6126,231,1,4228.4
15278,6127,994,3,3999.58
15279,6127,693,5,2758.72
15280,6128,464,1,4246.39
15281,6129,1553,3,3046.46
15282,6129,888,3,129.22
15283,6130,1800,3,1027.07
15284,6130,1798,1,3519.52
15285,6130,481,4,976.31
15286,6130,873,5,4733.69
15287,6131,1667,2,2977.83
15288,6131,1008,1,3281.27
15289,6131,215,1,1855.51
15290,6131,1788,5,3828.2
15291,6132,1423,2,1280.08
15292,6133,841,5,2484.52
15293,6133,330,2,4858.01
15294,6133,811,1,95.73
15295,6133,588,3,1529.11
15296,6134,1140,1,143.75
15297,6134,1263,2,1837.68
15298,6135,1627,1,4970.08
15299,6135,302,5,40.83
15300,6135,658,2,1245.37
15301,6136,1409,5,943.24
15302,6136,393,1,3676.91
15303,6136,1870,1,2326.9
15304,6136,825,4,4366.02
15305,6137,1510,4,1417.49
15306,6138,1451,5,95.51
15307,6138,1626,2,3411.47
15308,6138,1923,2,3234.92
15309,6139,1721,4,3360.92
15310,6139,1806,3,4932.05
15311,6139,1952,4,2054.69
15312,6140,682,1,4710.39
15313,6140,1877,4,896.41
15314,6140,756,2,3828.52
15315,6140,952,5,2054.59
15316,6141,1182,2,3287.43
15317,6141,1732,2,2354.17
15318,6142,322,1,1128.18
15319,6143,1027,3,1879.49
15320,6143,1913,4,2084.58
15321,6144,385,4,4309.91
15322,6145,837,2,2265.42
15323,6146,1067,1,3205.61
15324,6147,1581,2,2661.82
15325,6147,1685,3,4800.62
15326,6147,1052,2,2566.48
15327,6147,1931,3,2121.67
15328,6148,1511,4,3701.57
15329,6148,1425,1,2840.04
15330,6148,1557,3,2010.11
15331,6148,700,3,728.03
15332,6149,1154,4,872.87
15333,6149,894,4,341.59
15334,6149,228,2,3049.62
15335,6149,842,4,68.18
15336,6150,1391,4,2097.4
15337,6150,1485,5,734.85
15338,6150,1822,4,4736.7
15339,6150,1891,2,2832.14
15340,6151,428,4,4532.08
15341,6151,773,5,1551.94
15342,6151,750,3,2618.93
15343,6151,359,4,4464.57
15344,6152,449,2,530.54
15345,6152,869,4,1049.71
15346,6152,652,1,1646.21
15347,6153,298,3,3203.67
15348,6153,1521,3,4472.71
15349,6153,318,5,4231.08
15350,6154,205,2,4043.35
15351,6155,1810,1,1849.5
15352,6156,1470,4,2622.08
15353,6157,1496,1,2564.23
15354,6157,1427,5,1948.19
15355,6157,381,5,3972.54
15356,6157,1704,3,4825.0
15357,6158,1833,2,3574.48
15358,6158,825,3,3750.39
15359,6158,1164,1,2226.51
15360,6159,1299,5,4280.63
15361,6160,413,5,4118.78
15362,6160,1262,4,3201.63
15363,6160,1903,3,2934.47
15364,6161,460,4,4443.01
15365,6162,1481,5,1236.14
15366,6162,507,5,1492.61
15367,6162,577,4,1148.53
15368,6162,1572,3,1612.41
15369,6163,214,5,3316.61
15370,6163,1145,4,3226.34
15371,6164,1089,2,4868.96
15372,6164,902,4,2296.46
15373,6164,1124,4,4882.27
15374,6164,167,5,2818.25
15375,6165,422,4,3551.95
15376,6165,365,4,3968.22
15377,6165,1180,4,3403.33
15378,6165,1381,1,1933.35
15379,6166,1405,5,894.37
15380,6166,843,3,1112.41
15381,6166,1219,5,2455.23
15382,6166,54,4,232.65
15383,6167,454,1,3532.11
15384,6167,1106,2,3401.16
15385,6167,580,2,4091.23
15386,6168,1015,5,2805.41
15387,6168,1817,5,3240.09
15388,6168,310,2,3134.88
15389,6168,1461,4,3052.71
15390,6169,1210,2,3696.95
15391,6169,37,1,3285.39
15392,6169,451,5,3171.64
15393,6169,866,3,1065.77
15394,6170,1127,5,760.49
15395,6170,1490,5,4644.16
15396,6170,865,1,2455.86
15397,6171,1341,1,1811.22
15398,6171,152,5,2688.72
15399,6171,240,3,408.64
15400,6171,1041,2,2917.36
15401,6172,120,4,386.29
15402,6172,1720,1,1338.58
15403,6172,886,2,1634.05
15404,6172,475,4,2104.97
15405,6173,97,3,704.13
15406,6173,850,3,34.16
15407,6174,1794,2,4943.5
15408,6174,1816,4,1970.73
15409,6174,126,2,2072.3
15410,6174,1275,2,1634.7
15411,6175,1224,4,2625.11
15412,6176,142,4,3333.62
15413,6176,1647,3,4578.02
15414,6176,1641,1,1853.09
15415,6177,175,1,4971.35
15416,6177,1928,1,664.98
15417,6178,1494,1,178.77
15418,6178,970,2,1411.95
15419,6178,1947,2,1787.64
15420,6179,1883,1,562.07
15421,6180,342,3,4327.25
15422,6180,1129,5,3473.51
15423,6180,667,3,4600.9
15424,6180,1405,5,715.96
15425,6181,167,4,2818.25
15426,6181,1231,4,679.89
15427,6182,147,1,2788.08
15428,6183,1104,5,2160.59
15429,6183,1789,4,2544.6
15430,6184,820,5,1700.61
15431,6184,574,2,1076.88
15432,6185,608,1,1969.74
15433,6185,1234,3,552.76
15434,6186,1341,2,2068.83
15435,6187,1797,5,1642.41
15436,6187,718,5,437.22
15437,6187,1609,5,3710.26
15438,6187,1731,5,1237.5
15439,6188,376,4,1550.37
15440,6188,1772,3,4036.96
15441,6188,437,4,4389.45
15442,6189,1212,2,4527.15
15443,6189,1683,4,4193.9
15444,6190,771,2,289.99
15445,6191,566,5,3671.74
15446,6192,768,4,2222.8
15447,6192,1662,5,2571.79
15448,6193,1320,1,1133.36
15449,6193,1701,3,2998.12
15450,6193,1776,3,867.72
15451,6194,1070,4,1545.21
15452,6195,1202,3,3015.22
15453,6195,799,1,4047.46
15454,6196,1115,2,3751.63
15455,6197,1057,4,4297.01
15456,6197,771,5,289.99
15457,6197,427,3,487.66
15458,6198,1810,3,1632.05
15459,6198,1110,2,72.51
15460,6198,1569,3,961.57
15461,6198,67,2,4645.47
15462,6199,1181,2,4895.42
15463,6200,1165,1,56.96
15464,6200,422,5,3551.95
15465,6200,350,4,1260.04
15466,6200,1806,3,4618.65
15467,6201,932,1,2826.61
15468,6201,1926,4,3156.81
15469,6201,527,1,1149.46
15470,6201,1816,4,1970.73
15471,6202,1706,1,3582.05
15472,6202,1242,3,1311.14
15473,6202,1227,4,2840.98
15474,6202,1676,4,342.22
15475,6203,753,3,2693.33
15476,6203,236,2,3015.73
15477,6203,1018,4,4664.27
15478,6203,978,4,1208.96
15479,6204,300,3,2393.53
15480,6205,365,3,3968.22
15481,6206,405,5,2282.13
15482,6207,643,5,3185.4
15483,6207,1623,5,4345.73
15484,6208,392,1,3586.91
15485,6208,1512,3,3381.05
15486,6208,1646,3,3986.85
15487,6208,1529,5,1524.47
15488,6209,858,4,4288.06
15489,6209,882,5,2238.63
15490,6209,1650,1,2182.84
15491,6209,1237,1,3189.84
15492,6210,1995,5,2054.37
15493,6210,1899,2,4748.11
15494,6210,1475,4,4831.22
15495,6211,964,2,2605.27
15496,6211,1844,2,545.23
15497,6211,456,2,204.74
15498,6212,229,4,554.15
15499,6212,953,1,3227.55
15500,6212,633,2,1499.21
15501,6212,465,3,3548.43
15502,6213,770,5,1755.13
15503,6213,829,3,2028.46
15504,6213,1054,4,966.18
15505,6213,1856,4,1532.93
15506,6214,1171,5,3620.47
15507,6215,774,2,450.99
15508,6216,721,1,93.68
15509,6216,417,1,622.91
15510,6216,1548,4,1384.0
15511,6216,1347,4,4310.65
15512,6217,702,5,3418.37
15513,6217,1392,1,4601.48
15514,6218,1952,2,2229.77
15515,6218,841,5,2484.52
15516,6218,883,2,777.84
15517,6219,1008,3,3281.27
15518,6219,1901,3,151.68
15519,6219,606,4,4515.64
15520,6220,1323,5,961.89
15521,6221,95,5,1165.46
15522,6221,1419,3,2348.86
15523,6222,732,4,3185.96
15524,6222,94,2,3705.18
15525,6222,1975,4,3658.73
15526,6223,1893,2,3012.28
15527,6223,829,3,1782.85
15528,6223,1048,3,3735.55
15529,6224,1353,5,2284.8
15530,6225,1751,2,335.83
15531,6225,1397,2,1925.16
15532,6225,354,5,1263.89
15533,6225,276,4,1204.28
15534,6226,1693,3,1705.8
15535,6226,947,4,3233.18
15536,6226,919,4,4303.03
15537,6227,96,5,4674.1
15538,6227,120,4,474.18
15539,6228,1973,5,4641.02
15540,6228,1949,4,628.06
15541,6228,1534,4,1377.62
15542,6229,1658,5,1105.04
15543,6229,24,2,4213.26
15544,6229,1676,3,342.22
15545,6230,680,3,3366.64
15546,6230,1891,4,3352.26
15547,6230,111,1,1765.05
15548,6230,563,1,771.18
15549,6231,470,3,2867.01
15550,6232,1796,1,4111.65
15551,6232,31,1,148.82
15552,6232,909,2,1895.6
15553,6232,1018,1,4664.27
15554,6233,378,2,1121.15
15555,6233,965,2,1691.03
15556,6234,455,3,3822.19
15557,6235,973,4,1490.81
15558,6235,1825,3,614.5
15559,6235,304,1,4475.38
15560,6235,1762,1,892.46
15561,6236,1471,3,1253.11
15562,6236,1805,4,2631.43
15563,6236,1706,4,3582.05
15564,6237,658,4,1245.37
15565,6238,1375,1,3905.71
15566,6239,1440,5,3589.68
15567,6240,590,4,2350.34
15568,6240,318,4,4231.08
15569,6241,872,1,1346.22
15570,6242,1509,2,1224.44
15571,6243,1835,5,358.62
15572,6244,455,1,3822.19
15573,6244,1270,3,4109.19
15574,6245,773,5,1551.94
15575,6245,1268,4,1445.19
15576,6246,1136,4,1859.45
15577,6246,411,3,4984.22
15578,6246,419,5,4536.4
15579,6246,1781,1,2340.2
15580,6247,928,5,3073.84
15581,6248,1235,2,1041.67
15582,6249,1870,1,2326.9
15583,6250,1507,3,482.37
15584,6250,871,2,3919.08
15585,6250,697,3,1225.89
15586,6250,1643,1,2610.69
15587,6251,1439,5,3836.78
15588,6251,896,1,123.66
15589,6252,1073,3,1327.8
15590,6252,1615,2,2853.97
15591,6253,382,4,2471.81
15592,6253,1770,4,3031.62
15593,6253,65,5,2718.42
15594,6254,248,4,2326.45
15595,6254,1601,5,1249.57
15596,6254,1937,5,2540.27
15597,6255,978,2,1208.96
15598,6256,41,5,4483.86
15599,6256,1398,1,1360.3
15600,6257,1535,2,2002.12
15601,6257,213,4,161.25
15602,6258,1477,3,2470.35
15603,6259,1224,1,2299.29
15604,6259,458,4,2007.63
15605,6259,1825,1,645.1
15606,6259,1613,2,2651.93
15607,6260,565,1,159.76
15608,6261,1785,3,1176.56
15609,6261,668,1,371.43
15610,6261,687,1,343.32
15611,6262,751,2,4210.09
15612,6262,1415,1,2793.82
15613,6262,1671,3,2466.95
15614,6262,1323,2,872.83
15615,6263,241,2,3081.43
15616,6264,224,5,869.06
15617,6264,1807,4,1458.05
15618,6265,510,5,2677.13
15619,6265,559,3,2291.41
15620,6265,1941,4,4341.05
15621,6266,874,5,4765.46
15622,6267,1520,5,2840.17
15623,6267,1326,3,821.14
15624,6267,1197,1,3064.29
15625,6268,1988,5,785.21
15626,6269,140,5,4472.12
15627,6269,53,2,4782.7
15628,6269,831,5,1447.85
15629,6270,1779,2,4333.82
15630,6270,1204,3,4942.73
15631,6271,1026,4,3832.72
15632,6272,1155,2,2298.98
15633,6273,323,5,2833.33
15634,6273,783,1,41.05
15635,6273,6,1,518.13
15636,6273,1653,5,2729.95
15637,6274,604,5,4183.03
15638,6274,1466,2,2812.37
15639,6274,1521,1,4472.71
15640,6275,115,2,4104.14
15641,6275,1314,2,2783.43
15642,6276,236,4,3685.93
15643,6277,200,1,1216.73
15644,6278,1898,5,1001.41
15645,6278,915,1,3973.15
15646,6278,1378,4,2628.29
15647,6279,107,2,3963.87
15648,6279,1074,3,1090.35
15649,6280,1484,3,749.5
15650,6281,1603,4,774.75
15651,6281,808,4,2854.34
15652,6281,1695,1,2387.95
15653,6282,1191,4,2506.31
15654,6283,543,1,435.3
15655,6284,1326,1,701.45
15656,6284,1436,2,3677.92
15657,6284,758,1,3980.65
15658,6284,203,4,3599.53
15659,6285,1100,3,3708.22
15660,6286,1227,5,2609.24
15661,6287,362,2,2646.06
15662,6287,1659,3,479.37
15663,6287,1474,4,567.6
15664,6287,858,2,4288.06
15665,6288,46,4,1485.51
15666,6288,1341,5,2068.83
15667,6288,135,4,3895.24
15668,6289,1003,2,4162.57
15669,6290,691,4,1478.92
15670,6291,1978,1,1245.27
15671,6291,1406,4,449.18
15672,6292,1253,4,4822.44
15673,6292,860,1,421.6
15674,6292,493,3,393.23
15675,6293,567,2,4674.9
15676,6293,509,4,3670.29
15677,6293,916,2,4904.69
15678,6294,1671,3,2466.95
15679,6294,355,2,578.16
15680,6294,1997,1,4843.33
15681,6294,1712,2,3108.47
15682,6295,206,1,3342.24
15683,6295,1760,1,4916.81
15684,6296,545,1,2788.18
15685,6296,1016,2,4654.08
15686,6296,138,4,2467.22
15687,6297,805,5,287.96
15688,6298,1784,5,1361.63
15689,6298,1350,1,3281.89
15690,6298,1563,1,3043.83
15691,6298,1907,1,394.75
15692,6299,1137,1,1821.42
15693,6299,326,1,2119.6
15694,6299,1781,1,2340.2
15695,6300,1692,2,1836.1
15696,6300,1714,2,972.34
15697,6300,1573,3,2737.95
15698,6300,984,3,3382.2
15699,6301,9,3,916.9
15700,6301,1860,4,3045.94
15701,6301,183,4,2951.85
15702,6301,1910,4,4006.99
15703,6302,964,2,2605.27
15704,6303,89,3,65.93
15705,6303,483,4,4941.39
15706,6303,4,4,2348.56
15707,6304,1527,5,1719.79
15708,6304,1548,4,1570.25
15709,6305,626,4,739.49
15710,6305,94,5,4398.2
15711,6306,1037,3,1567.44
15712,6306,1788,1,4044.6
15713,6306,140,1,4472.12
15714,6307,1603,1,774.75
15715,6307,1215,1,627.48
15716,6307,1867,5,2289.03
15717,6308,704,2,4111.88
15718,6308,578,4,2970.5
15719,6308,1661,2,4981.28
15720,6309,1545,1,2804.73
15721,6310,446,2,1003.7
15722,6311,1703,1,3435.52
15723,6311,623,5,3447.22
15724,6311,1253,1,4822.44
15725,6311,167,2,2363.63
15726,6312,225,5,1331.62
15727,6312,1950,3,3525.4
15728,6312,1156,5,2717.56
15729,6313,1319,2,414.55
15730,6313,977,1,597.08
15731,6313,765,4,1424.04
15732,6314,1564,3,4395.5
15733,6314,1029,4,2318.09
15734,6315,1387,3,2907.13
15735,6315,967,2,3884.42
15736,6316,208,4,1246.29
15737,6316,1514,1,2850.95
15738,6316,1817,2,3240.09
15739,6316,1519,3,3518.13
15740,6317,966,5,406.68
15741,6317,370,5,3863.66
15742,6318,769,2,3618.51
15743,6319,629,2,3437.25
15744,6319,275,4,3000.32
15745,6319,1719,1,4207.69
15746,6320,1128,4,823.84
15747,6320,1979,5,1181.46
15748,6320,1043,4,3990.48
15749,6321,1843,3,3934.31
15750,6321,362,5,2646.06
15751,6321,611,2,3903.33
15752,6321,1547,3,3071.68
15753,6322,76,5,688.1
15754,6322,1648,1,3423.72
15755,6323,934,5,3262.71
15756,6323,1701,4,3196.88
15757,6323,1677,3,828.77
15758,6324,371,4,1990.52
15759,6324,848,5,2510.02
15760,6324,857,1,1674.64
15761,6325,338,2,82.9
15762,6325,1283,2,1258.75
15763,6325,756,1,4290.25
15764,6325,78,5,525.53
15765,6326,135,3,4248.92
15766,6327,10,4,3381.16
15767,6327,1023,5,3992.43
15768,6327,55,1,477.57
15769,6327,543,2,543.77
15770,6328,1172,1,3866.28
15771,6329,703,5,2916.95
15772,6329,1930,2,1645.53
15773,6329,1349,2,491.69
15774,6329,39,4,4698.73
15775,6330,816,2,1247.53
15776,6330,992,3,3206.36
15777,6330,1322,3,2046.82
15778,6331,89,1,65.93
15779,6331,612,4,2675.96
15780,6332,293,1,2819.36
15781,6332,993,5,29.01
15782,6333,1184,1,2884.13
15783,6333,1895,2,4104.65
15784,6334,1714,2,972.34
15785,6335,777,2,2077.46
15786,6336,187,4,3709.14
15787,6336,917,4,3523.38
15788,6337,1621,4,459.84
15789,6337,1894,5,3730.4
15790,6337,566,3,3671.74
15791,6338,1671,1,2466.95
15792,6338,1128,4,912.22
15793,6338,1727,2,865.4
15794,6338,1940,1,4375.64
15795,6339,1942,4,119.81
15796,6339,1676,4,342.22
15797,6339,1795,1,1258.44
15798,6340,860,5,421.6
15799,6340,1436,5,4303.05
15800,6340,1275,3,1504.68
15801,6341,914,2,3722.19
15802,6341,889,3,2129.98
15803,6341,534,1,124.86
15804,6341,967,3,3884.42
15805,6342,912,2,3173.58
15806,6342,804,2,3811.41
15807,6343,863,4,2025.64
15808,6343,925,2,4150.42
15809,6343,1296,2,292.88
15810,6343,1739,1,3813.8
15811,6344,1492,2,1582.22
15812,6344,860,1,421.6
15813,6345,1955,4,1704.13
15814,6346,133,4,3953.01
15815,6346,872,1,1346.22
15816,6347,1288,4,3299.26
15817,6347,323,2,3121.78
15818,6347,230,4,993.0
15819,6347,196,3,1975.92
15820,6348,1346,2,1032.97
15821,6348,148,2,3104.71
15822,6348,1782,5,4678.02
15823,6349,1570,5,4336.23
15824,6349,176,3,4490.57
15825,6349,1186,3,4015.15
15826,6349,775,5,1756.06
15827,6350,870,2,2408.81
15828,6351,1202,4,2646.98
15829,6352,89,3,57.95
15830,6353,1018,2,4664.27
15831,6353,1531,2,4829.37
15832,6353,508,1,4905.99
15833,6354,859,2,4439.46
15834,6354,164,1,3555.06
15835,6355,740,1,618.13
15836,6355,1567,4,2535.92
15837,6356,225,3,1258.04
15838,6356,72,4,946.6
15839,6357,739,3,1046.03
15840,6357,1179,3,1931.5
15841,6357,48,2,2706.15
15842,6358,998,4,4107.24
15843,6359,312,2,1267.23
15844,6359,87,5,2762.02
15845,6359,1246,5,456.86
15846,6359,298,1,3203.67
15847,6360,1591,1,2817.51
15848,6360,1819,2,118.88
15849,6361,689,1,42.67
15850,6361,427,5,536.06
15851,6361,1627,1,4970.08
15852,6361,771,2,289.99
15853,6362,95,3,1165.46
15854,6362,1648,5,4000.16
15855,6362,17,3,4936.1
15856,6362,1590,4,3208.18
15857,6363,85,5,1381.91
15858,6364,1772,3,4036.96
15859,6364,460,1,4443.01
15860,6364,276,5,1435.35
15861,6365,998,2,4107.24
15862,6366,497,4,572.94
15863,6366,213,3,161.25
15864,6366,1505,2,3485.12
15865,6366,1496,3,2262.64
15866,6367,1691,4,42.46
15867,6367,349,4,3568.37
15868,6367,1490,2,4644.16
15869,6368,947,4,3952.8
15870,6368,1925,3,4695.17
15871,6368,538,1,2135.71
15872,6368,491,4,3922.87
15873,6369,1973,3,4641.02
15874,6369,934,2,3262.71
15875,6370,2000,1,849.72
15876,6370,235,2,187.9
15877,6370,852,4,51.74
15878,6371,67,2,4645.47
15879,6372,1806,2,4144.79
15880,6372,109,3,4850.53
15881,6372,1442,4,2295.41
15882,6373,1627,4,4970.08
15883,6373,312,2,1267.23
15884,6373,404,3,2513.11
15885,6373,505,1,1434.65
15886,6374,642,2,3835.02
15887,6374,961,1,4383.36
15888,6374,1288,3,3299.26
15889,6375,1597,3,4170.02
15890,6375,1727,3,944.49
15891,6375,1319,1,498.27
15892,6375,29,4,4104.81
15893,6376,375,3,1464.53
15894,6376,1087,1,4472.76
15895,6376,966,5,406.68
15896,6377,1227,5,2840.98
15897,6377,1317,5,4464.53
15898,6377,1676,2,342.22
15899,6377,206,5,4141.44
15900,6378,1789,4,2544.6
15901,6379,1233,1,3076.67
15902,6379,1304,1,2267.28
15903,6380,89,3,65.93
15904,6380,334,3,3189.75
15905,6380,1273,4,2490.93
15906,6381,832,5,1791.53
15907,6381,244,2,3907.13
15908,6381,530,3,1905.89
15909,6382,48,4,2706.15
15910,6383,618,5,3436.62
15911,6383,1335,5,1474.54
15912,6383,1307,4,2522.81
15913,6384,1293,4,1151.96
15914,6385,1134,2,1592.31
15915,6386,37,1,3285.39
15916,6386,646,4,807.46
15917,6386,1112,3,3334.7
15918,6387,932,1,2826.61
15919,6387,1886,3,2439.86
15920,6387,1718,2,4491.54
15921,6387,1457,1,1223.09
15922,6388,1286,3,791.64
15923,6388,880,1,4537.46
15924,6388,351,1,781.08
15925,6388,424,4,686.83
15926,6389,1950,4,3138.27
15927,6390,665,3,946.77
15928,6390,1722,4,265.02
15929,6391,155,5,4802.34
15930,6391,1430,4,1925.3
15931,6392,1816,2,1970.73
15932,6392,1315,5,3808.34
15933,6392,96,5,3756.55
15934,6392,1029,2,2196.53
15935,6393,1458,3,1466.55
15936,6393,1264,3,2891.63
15937,6394,1936,2,1780.81
15938,6395,561,1,2023.99
15939,6395,21,4,3447.41
15940,6395,831,2,1447.85
15941,6396,1114,3,2404.95
15942,6396,490,3,1390.03
15943,6397,1789,5,2544.6
15944,6398,423,2,1441.03
15945,6398,1733,1,3172.94
15946,6398,1740,2,2678.81
15947,6399,1677,5,828.77
15948,6400,714,5,4198.07
15949,6401,1150,5,4720.67
15950,6402,916,4,4904.69
15951,6402,870,4,2586.71
15952,6402,377,3,2876.14
15953,6402,1353,5,2284.8
15954,6403,20,1,3466.81
15955,6404,946,4,2790.2
15956,6404,1392,5,4601.48
15957,6404,860,4,421.6
15958,6404,1161,3,2876.69
15959,6405,73,5,700.9
15960,6405,14,3,2641.22
15961,6406,1534,2,1497.27
15962,6406,1862,2,3083.03
15963,6406,1623,4,4345.73
15964,6406,417,2,622.91
15965,6407,887,4,4225.09
15966,6407,1405,5,894.37
15967,6407,1896,3,2418.5
15968,6407,1414,1,604.17
15969,6408,1213,1,2208.1
15970,6408,1653,4,2729.95
15971,6408,377,1,2876.14
15972,6409,1617,3,1107.75
15973,6409,667,3,4600.9
15974,6409,1150,5,4720.67
15975,6409,666,3,1158.59
15976,6410,791,2,1394.32
15977,6410,864,5,1153.96
15978,6411,405,3,1937.58
15979,6411,1548,3,1570.25
15980,6411,1351,4,2028.44
15981,6412,1639,5,280.07
15982,6412,317,1,2268.37
15983,6413,725,5,1883.71
15984,6413,1530,3,1220.46
15985,6413,229,5,554.15
15986,6414,45,3,3512.85
15987,6414,474,2,2019.11
15988,6415,722,3,3066.52
15989,6415,1693,5,1705.8
15990,6415,1377,5,2370.92
15991,6415,1035,3,1827.28
15992,6416,492,4,977.04
15993,6416,551,2,318.01
15994,6416,1954,2,4409.84
15995,6416,1582,5,1472.47
15996,6417,78,2,453.94
15997,6417,847,3,1978.11
15998,6418,937,2,1937.21
15999,6418,923,2,1277.43
16000,6418,1117,3,4632.15
16001,6418,1015,2,2805.41
16002,6419,1509,5,1398.09
16003,6419,1545,5,2804.73
16004,6419,899,5,3039.24
16005,6420,356,1,3826.34
16006,6421,1592,4,1182.96
16007,6421,1562,2,4597.92
16008,6421,895,3,4280.38
16009,6421,1836,3,579.88
16010,6422,1001,1,2296.87
16011,6422,121,5,926.94
16012,6423,1087,5,4472.76
16013,6423,1502,4,1662.88
16014,6423,891,1,2534.47
16015,6424,461,4,3600.18
16016,6424,1131,1,3182.41
16017,6425,120,3,474.18
16018,6425,1342,3,2958.39
16019,6425,82,3,3845.55
16020,6426,361,3,92.35
16021,6427,290,1,2858.24
16022,6427,123,3,2539.61
16023,6428,1401,4,3777.73
16024,6428,370,4,4704.13
16025,6429,909,1,1895.6
16026,6429,1587,5,2083.07
16027,6429,1923,3,3707.45
16028,6429,519,4,4756.84
16029,6430,1691,4,49.01
16030,6430,209,3,3655.89
16031,6431,1682,3,1474.34
16032,6431,766,5,3588.86
16033,6432,578,5,2750.51
16034,6433,1413,2,4473.5
16035,6433,261,2,3561.67
16036,6433,1146,1,220.73
16037,6434,1342,3,2958.39
16038,6434,915,1,4241.85
16039,6434,1926,3,3156.81
16040,6434,1913,4,2084.58
16041,6435,591,4,3510.59
16042,6435,896,3,123.66
16043,6436,462,5,2829.04
16044,6437,618,5,3436.62
16045,6438,1065,4,1577.35
16046,6438,774,4,450.99
16047,6438,1364,3,1611.67
16048,6438,715,1,1345.17
16049,6439,1820,5,1295.41
16050,6439,211,3,2753.06
16051,6439,1966,4,4882.44
16052,6439,1360,1,2996.1
16053,6440,1509,4,1398.09
16054,6441,1652,2,342.56
16055,6441,281,2,3999.95
16056,6441,332,1,4663.2
16057,6442,1380,2,3721.35
16058,6442,1294,1,3397.16
16059,6443,1089,2,4868.96
16060,6443,1191,5,2346.15
16061,6444,370,1,4704.13
16062,6445,1276,4,4775.49
16063,6445,1680,1,1224.93
16064,6446,1419,5,2348.86
16065,6447,660,2,2431.78
16066,6447,136,2,3496.33
16067,6448,233,2,296.08
16068,6449,814,1,3110.03
16069,6449,427,1,536.06
16070,6449,737,1,2378.96
16071,6449,1784,1,1257.62
16072,6450,1534,4,1497.27
16073,6450,1896,2,2418.5
16074,6450,1194,2,472.3
16075,6450,229,3,554.15
16076,6451,1604,2,622.93
16077,6452,878,4,4836.66
16078,6452,605,4,324.29
16079,6452,433,4,4118.38
16080,6453,73,1,571.57
16081,6453,1755,2,1471.12
16082,6453,1288,4,3299.26
16083,6454,1005,5,481.2
16084,6454,1251,3,898.05
16085,6454,219,5,3445.3
16086,6455,1942,1,119.81
16087,6455,208,4,1246.29
16088,6455,675,2,822.26
16089,6455,1681,5,1374.94
16090,6456,1060,1,1164.24
16091,6456,285,5,1882.5
16092,6457,1932,1,108.69
16093,6457,480,5,2773.31
16094,6457,646,5,807.46
16095,6457,1486,5,2165.39
16096,6458,477,2,4760.62
16097,6458,1435,4,3765.92
16098,6458,681,1,2163.86
16099,6458,1508,3,3515.38
16100,6459,576,2,3573.45
16101,6459,327,4,1236.95
16102,6459,70,3,1406.39
16103,6460,518,5,2324.81
16104,6460,490,1,1644.97
16105,6460,1361,1,4344.01
16106,6461,1038,4,3779.92
16107,6461,151,3,4997.17
16108,6461,1414,2,604.17
16109,6461,674,2,3045.84
16110,6462,4,2,1899.43
16111,6463,1545,5,2530.65
16112,6463,476,2,480.09
16113,6464,1959,5,2299.44
16114,6464,1796,4,4111.65
16115,6465,1442,4,2295.41
16116,6465,445,4,4082.97
16117,6465,1987,1,1206.99
16118,6466,933,3,2246.96
16119,6466,1074,3,1090.35
16120,6466,1330,4,4560.63
16121,6467,197,5,124.38
16122,6467,63,1,908.21
16123,6468,905,2,1278.01
16124,6468,1235,5,1041.67
16125,6469,770,1,1755.13
16126,6470,1218,2,1559.38
16127,6470,745,2,2780.97
16128,6470,68,2,365.9
16129,6470,1266,4,501.14
16130,6471,592,1,3577.8
16131,6471,646,1,807.46
16132,6472,1546,2,3706.04
16133,6472,578,5,2587.7
16134,6472,1225,2,945.77
16135,6473,914,2,4235.83
16136,6473,1124,1,4882.27
16137,6473,1624,4,1510.22
16138,6473,1148,5,180.53
16139,6474,832,4,1791.53
16140,6474,232,5,3846.85
16141,6475,355,1,578.16
16142,6475,390,2,734.47
16143,6475,1822,5,4736.7
16144,6475,783,2,41.05
16145,6476,1684,2,3589.34
16146,6476,1268,5,1500.97
16147,6476,732,1,2595.86
16148,6477,1686,4,456.49
16149,6477,956,1,2814.27
16150,6478,1815,5,2933.59
16151,6478,1059,4,4118.26
16152,6478,1134,4,1592.31
16153,6478,1241,5,2878.24
16154,6479,62,1,3329.9
16155,6479,1868,4,2324.54
16156,6479,45,1,3512.85
16157,6479,102,4,4320.41
16158,6480,1850,3,3786.95
16159,6480,706,5,3972.13
16160,6480,329,5,4348.31
16161,6480,1482,5,1374.53
16162,6481,633,3,1499.21
16163,6482,1908,2,2628.01
16164,6483,1576,4,3852.85
16165,6484,1205,4,4795.08
16166,6484,1607,2,2615.57
16167,6485,1978,1,1245.27
16168,6485,1976,3,2781.03
16169,6485,940,1,430.57
16170,6485,442,1,1976.35
16171,6486,1218,4,1559.38
16172,6487,1978,2,1245.27
16173,6488,1189,2,1492.95
16174,6488,758,4,3980.65
16175,6489,908,3,1720.1
16176,6489,1042,1,3030.16
16177,6490,1910,5,4302.81
16178,6490,1756,3,2179.25
16179,6490,1364,3,1963.35
16180,6490,1042,2,2613.82
16181,6491,442,5,1976.35
16182,6491,1973,3,4641.02
16183,6491,1374,4,4245.98
16184,6492,748,4,1142.62
16185,6492,298,5,3203.67
16186,6493,14,3,2641.22
16187,6493,1581,4,2985.72
16188,6493,311,2,3856.46
16189,6494,1612,3,1478.67
16190,6495,1479,3,772.64
16191,6496,1059,5,4118.26
16192,6496,359,3,4464.57
16193,6497,1891,5,3352.26
16194,6497,717,3,1550.32
16195,6497,1302,1,293.22
16196,6497,1821,1,4780.59
16197,6498,1106,4,3195.42
16198,6498,1163,5,1790.9
16199,6499,119,5,3308.25
16200,6500,338,1,99.68
16201,6501,703,1,2916.95
16202,6502,522,1,2716.48
16203,6502,640,3,3707.44
16204,6502,345,4,4476.61
16205,6502,1056,4,151.5
16206,6503,238,5,2584.26
16207,6503,117,4,2464.38
16208,6503,444,3,4232.65
16209,6503,1525,1,3157.81
16210,6504,603,4,1040.81
16211,6504,1038,2,3779.92
16212,6504,388,3,408.57
16213,6504,1100,4,3708.22
16214,6505,1926,5,3156.81
16215,6505,1442,2,2295.41
16216,6505,1586,4,3954.89
16217,6506,1866,1,3049.22
16218,6506,1288,1,3299.26
16219,6507,1739,4,4090.09
16220,6508,95,2,941.46
16221,6508,1271,4,1820.81
16222,6508,1899,1,4748.11
16223,6508,83,2,1742.41
16224,6509,360,2,3919.53
16225,6510,1585,1,3896.57
16226,6511,391,5,499.42
16227,6511,498,1,539.19
16228,6511,1866,2,3049.22
16229,6512,812,2,4622.84
16230,6512,1129,4,4161.06
16231,6512,632,3,2090.66
16232,6513,448,4,1305.83
16233,6513,812,2,4622.84
16234,6513,1034,2,1140.64
16235,6513,1996,3,1437.31
16236,6514,749,5,3005.85
16237,6514,460,2,4443.01
16238,6514,1462,4,3236.96
16239,6515,967,3,3884.42
16240,6516,1960,5,1687.21
16241,6516,1633,3,4642.34
16242,6516,858,3,4288.06
16243,6516,981,5,355.18
16244,6517,208,2,1246.29
16245,6517,1366,2,3554.33
16246,6517,316,1,3734.32
16247,6517,919,1,3680.55
16248,6518,801,5,1147.31
16249,6518,1249,4,3734.01
16250,6519,749,5,3005.85
16251,6520,1775,2,3513.61
16252,6521,1626,1,3411.47
16253,6521,717,3,1550.32
16254,6522,1642,4,1807.3
16255,6522,887,3,4225.09
16256,6522,423,5,1441.03
16257,6522,607,4,4648.41
16258,6523,12,2,1305.93
16259,6523,1402,5,1111.29
16260,6524,936,1,1664.96
16261,6524,1177,5,3174.7
16262,6525,737,2,2199.23
16263,6525,1874,1,2038.67
16264,6525,1698,4,2763.38
16265,6525,822,1,2979.71
16266,6526,693,2,2758.72
16267,6526,938,2,3441.19
16268,6527,1631,5,4490.57
16269,6528,779,3,86.06
16270,6529,1053,4,2376.88
16271,6529,1677,3,828.77
16272,6529,1241,4,2878.24
16273,6529,1676,5,342.22
16274,6530,1191,1,2287.61
16275,6530,1792,2,4632.65
16276,6530,943,4,3890.6
16277,6531,1801,1,4297.61
16278,6531,1830,2,1574.79
16279,6531,355,2,578.16
16280,6531,40,1,4335.16
16281,6532,303,3,3212.97
16282,6533,924,1,407.23
16283,6534,276,3,1172.0
16284,6534,636,1,3562.89
16285,6535,703,4,2916.95
16286,6535,1255,3,3780.37
16287,6535,74,1,3695.82
16288,6535,1613,5,2651.93
16289,6536,135,3,4248.92
16290,6537,160,4,4272.53
16291,6537,704,4,4838.98
16292,6537,705,4,4232.36
16293,6538,1628,5,4748.71
16294,6538,800,4,1809.64
16295,6539,31,4,148.82
16296,6539,1001,1,2482.85
16297,6539,679,3,2172.15
16298,6539,722,5,3066.52
16299,6540,859,3,4439.46
16300,6541,752,2,1505.99
16301,6541,1701,5,3196.88
16302,6541,310,2,2975.95
16303,6542,529,1,2017.88
16304,6542,966,5,329.42
16305,6542,1270,4,3721.37
16306,6542,1715,1,3099.54
16307,6543,142,3,3579.7
16308,6543,686,4,4311.22
16309,6543,341,3,4893.89
16310,6543,204,2,4051.48
16311,6544,230,5,1092.51
16312,6544,1774,2,782.69
16313,6544,212,5,803.2
16314,6545,755,2,3263.47
16315,6545,123,2,2822.61
16316,6545,86,2,1479.15
16317,6545,599,4,4935.59
16318,6546,593,2,1146.54
16319,6546,1015,2,2805.41
16320,6547,336,3,2584.15
16321,6547,1258,1,3972.09
16322,6548,766,3,3588.86
16323,6549,958,5,786.16
16324,6550,1600,2,4071.4
16325,6551,1831,2,1033.35
16326,6551,1340,3,1567.91
16327,6551,1679,4,1438.31
16328,6552,1216,4,3884.97
16329,6553,1500,3,4223.34
16330,6553,651,2,140.09
16331,6554,1276,1,4775.49
16332,6555,1130,3,2324.01
16333,6555,1249,3,4030.19
16334,6555,1305,5,1337.98
16335,6556,654,4,74.1
16336,6556,1824,3,3280.48
16337,6557,1270,3,4109.19
16338,6557,441,4,4307.7
16339,6558,859,5,4439.46
16340,6558,4,3,1934.37
16341,6558,1704,1,4825.0
16342,6559,701,5,2326.65
16343,6559,852,3,51.74
16344,6560,197,2,124.38
16345,6560,391,4,512.52
16346,6561,1987,4,1002.85
16347,6561,245,3,4276.61
16348,6561,273,1,2698.03
16349,6562,675,4,822.26
16350,6563,313,2,474.04
16351,6563,1148,1,180.53
16352,6563,941,2,3595.58
16353,6564,1905,1,2796.62
16354,6564,1058,4,3366.31
16355,6565,1108,5,2593.33
16356,6565,728,2,1432.6
16357,6566,296,4,2266.44
16358,6567,980,4,4166.66
16359,6567,1872,5,3813.24
16360,6567,395,4,2293.09
16361,6568,1025,1,3996.37
16362,6568,184,1,1497.19
16363,6568,1434,4,1186.26
16364,6568,1224,1,2625.11
16365,6569,770,1,1755.13
16366,6569,1898,5,1001.41
16367,6569,1410,1,3888.52
16368,6569,222,1,3832.6
16369,6570,1312,2,3510.23
16370,6571,1737,2,3354.21
16371,6571,846,1,3819.23
16372,6572,495,3,2325.41
16373,6572,1548,5,1570.25
16374,6573,1776,2,867.72
16375,6573,552,4,3735.2
16376,6573,1341,2,2068.83
16377,6574,9,4,916.9
16378,6575,1735,4,4147.46
16379,6576,1565,4,3779.56
16380,6577,856,1,4139.74
16381,6577,490,3,1644.97
16382,6577,189,3,2961.0
16383,6577,307,2,315.91
16384,6578,375,1,1464.53
16385,6578,1960,3,1407.72
16386,6579,887,1,3639.84
16387,6579,1595,2,1776.86
16388,6579,298,4,3203.67
16389,6579,390,2,734.47
16390,6580,9,1,916.9
16391,6580,1460,2,3394.34
16392,6580,527,2,1149.46
16393,6581,142,2,3966.55
16394,6581,262,2,293.7
16395,6581,214,3,3316.61
16396,6581,410,3,4167.25
16397,6582,878,4,4836.66
16398,6582,1043,2,3990.48
16399,6582,1104,2,2160.59
16400,6583,1792,1,4989.28
16401,6583,209,5,3655.89
16402,6583,1317,2,4464.53
16403,6583,1411,5,3246.16
16404,6584,119,2,3308.25
16405,6584,793,3,191.91
16406,6584,1933,4,2420.56
16407,6585,979,5,2037.26
16408,6585,566,2,3671.74
16409,6585,700,1,728.03
16410,6585,1523,5,118.31
16411,6586,1126,1,444.36
16412,6586,725,3,1883.71
16413,6586,984,3,3382.2
16414,6586,1156,2,2717.56
16415,6587,1563,3,3043.83
16416,6587,868,3,991.31
16417,6588,528,5,2730.54
16418,6588,732,1,3185.96
16419,6588,401,5,1294.78
16420,6588,1032,1,1411.84
16421,6589,914,3,3930.23
16422,6590,233,1,314.31
16423,6590,665,2,946.77
16424,6590,452,2,3431.13
16425,6591,591,5,3510.59
16426,6591,1370,1,1021.39
16427,6591,660,4,2010.03
16428,6592,1035,3,1827.28
16429,6592,470,3,2867.01
16430,6592,465,2,3548.43
16431,6592,1015,1,2481.76
16432,6593,1876,5,915.48
16433,6593,1473,2,709.86
16434,6593,269,4,1426.17
16435,6594,341,3,4527.37
16436,6594,653,1,601.62
16437,6594,271,2,4144.82
16438,6594,333,1,4209.31
16439,6595,55,1,477.57
16440,6595,223,1,1715.67
16441,6596,1751,3,351.98
16442,6596,1128,3,912.22
16443,6596,791,4,1320.49
16444,6597,554,1,4495.61
16445,6597,1544,1,2753.26
16446,6597,735,1,1776.43
16447,6597,886,1,1634.05
16448,6598,1753,2,499.62
16449,6598,1271,1,1820.81
16450,6598,367,5,1480.88
16451,6598,291,4,4479.15
16452,6599,1592,1,1277.58
16453,6599,1415,1,3433.14
16454,6599,664,2,1071.6
16455,6600,730,1,1554.23
16456,6600,1810,1,1849.5
16457,6601,621,5,784.63
16458,6601,983,5,431.86
16459,6602,1092,4,140.17
16460,6602,784,2,2566.81
16461,6603,869,1,1049.71
16462,6604,817,5,3798.7
16463,6604,1256,1,3632.6
16464,6604,1497,5,271.31
16465,6604,1838,3,504.85
16466,6605,624,4,563.65
16467,6605,1780,3,1696.82
16468,6606,271,1,4144.82
16469,6606,1993,3,4752.51
16470,6606,1373,4,3734.91
16471,6606,1557,2,2010.11
16472,6607,1688,3,833.36
16473,6607,1461,1,3052.71
16474,6607,1938,5,2662.45
16475,6608,315,5,1223.18
16476,6609,1631,2,3802.18
16477,6610,448,1,1305.83
16478,6610,1490,2,4644.16
16479,6610,626,5,739.49
16480,6610,418,5,4483.51
16481,6611,742,1,984.6
16482,6611,1831,4,1191.03
16483,6611,1826,4,64.33
16484,6612,1792,5,4989.28
16485,6612,1697,5,2034.38
16486,6613,1709,4,1568.58
16487,6613,744,5,2156.28
16488,6613,1959,2,1892.03
16489,6614,1179,2,1931.5
16490,6614,195,1,1260.96
16491,6614,373,5,4256.64
16492,6615,893,2,97.88
16493,6615,704,1,4838.98
16494,6615,142,5,3966.55
16495,6615,1817,3,3240.09
16496,6616,1893,5,3012.28
16497,6616,1761,3,4165.49
16498,6616,21,5,3069.75
16499,6616,191,3,4047.09
16500,6617,1441,1,692.42
16501,6617,1233,5,3785.82
16502,6618,145,1,4174.9
16503,6618,1696,3,979.19
16504,6619,322,4,1128.18
16505,6619,150,2,4729.13
16506,6619,94,1,4398.2
16507,6619,1401,5,3777.73
16508,6620,161,3,49.28
16509,6620,1849,3,218.72
16510,6620,1599,2,845.13
16511,6621,522,1,3199.65
16512,6621,1156,3,2717.56
16513,6621,1285,5,1409.76
16514,6621,753,3,2477.13
16515,6622,1066,1,4382.58
16516,6622,1236,1,3462.99
16517,6622,1658,4,1105.04
16518,6623,326,3,2119.6
16519,6623,1006,5,2255.44
16520,6624,1176,3,1627.96
16521,6624,286,5,4563.87
16522,6624,1715,4,3099.54
16523,6624,1810,3,1849.5
16524,6625,1988,2,785.21
16525,6625,1304,2,2267.28
16526,6625,1894,1,3381.1
16527,6625,251,4,2748.09
16528,6626,1432,5,4163.18
16529,6626,1468,4,2274.06
16530,6627,1637,4,910.75
16531,6628,965,1,1691.03
16532,6628,1221,5,193.27
16533,6628,1308,3,3851.02
16534,6628,162,1,980.62
16535,6629,1079,2,870.46
16536,6629,1912,1,4021.33
16537,6630,1724,3,2941.61
16538,6630,537,3,4518.79
16539,6630,1761,1,3376.1
16540,6631,1832,4,1596.17
16541,6631,1177,2,3460.99
16542,6631,265,3,410.67
16543,6631,196,4,1743.81
16544,6632,1501,4,571.27
16545,6632,534,5,106.81
16546,6632,1644,1,3769.14
16547,6633,1123,2,577.55
16548,6634,384,1,2813.82
16549,6634,630,2,2446.22
16550,6634,627,2,2827.18
16551,6635,1108,5,2593.33
16552,6635,112,3,373.87
16553,6635,486,1,499.57
16554,6635,208,4,1246.29
16555,6636,1678,1,2297.44
16556,6636,1101,1,4136.01
16557,6637,464,1,3648.1
16558,6637,840,3,1257.06
16559,6637,1937,1,2540.27
16560,6637,765,5,1180.9
16561,6638,901,1,4432.43
16562,6639,872,3,1110.63
16563,6639,395,3,2293.09
16564,6639,770,5,1755.13
16565,6640,66,3,461.64
16566,6640,314,1,1878.38
16567,6640,163,5,3241.38
16568,6640,692,3,4629.69
16569,6641,460,1,4443.01
16570,6642,1120,2,3248.65
16571,6642,1799,3,3529.71
16572,6642,1183,5,348.93
16573,6642,1214,3,410.19
16574,6643,1221,1,237.2
16575,6643,1022,4,1040.02
16576,6643,221,4,1054.07
16577,6644,950,4,3575.16
16578,6644,1236,3,4026.43
16579,6644,408,2,4940.48
16580,6644,719,2,4251.26
16581,6645,647,2,1274.12
16582,6645,1328,5,1629.06
16583,6645,1357,1,46.32
16584,6645,556,2,1367.56
16585,6646,1814,1,2755.18
16586,6646,1466,3,2812.37
16587,6646,114,2,3138.55
16588,6647,1824,3,3280.48
16589,6647,1279,4,2423.46
16590,6647,1594,3,2659.84
16591,6648,1830,5,1574.79
16592,6649,1730,5,1280.35
16593,6650,1941,4,4341.05
16594,6651,1517,2,1255.49
16595,6652,796,2,4016.74
16596,6653,1817,3,3240.09
16597,6653,883,2,777.84
16598,6653,699,1,4601.64
16599,6653,1046,5,1159.16
16600,6654,1597,2,4997.07
16601,6654,254,1,3914.95
16602,6654,250,5,385.33
16603,6655,356,3,4465.31
16604,6655,1513,5,4133.12
16605,6655,516,5,3302.52
16606,6655,1644,4,3769.14
16607,6656,1763,3,1928.96
16608,6657,1012,3,1232.66
16609,6657,525,2,585.54
16610,6657,1185,1,4048.07
16611,6657,567,3,4674.9
16612,6658,57,2,4705.04
16613,6658,1770,3,3631.56
16614,6658,1591,2,2817.51
16615,6659,553,2,1791.0
16616,6659,236,5,3685.93
16617,6659,450,1,397.88
16618,6659,1566,5,3082.29
16619,6660,875,5,593.63
16620,6660,296,3,1861.71
16621,6661,438,2,3390.29
16622,6661,1790,2,4394.84
16623,6661,1224,4,2625.11
16624,6661,1836,3,675.74
16625,6662,660,2,2019.76
16626,6662,1710,2,1339.72
16627,6662,553,4,1791.0
16628,6663,801,5,1243.14
16629,6663,267,3,1573.62
16630,6663,1876,1,915.48
16631,6664,1622,5,1314.35
16632,6665,735,3,1776.43
16633,6665,1202,3,3015.22
16634,6665,1221,1,237.2
16635,6665,1269,3,559.11
16636,6666,1189,4,1492.95
16637,6666,1069,3,4316.25
16638,6666,1106,4,3401.16
16639,6666,272,5,3498.52
16640,6667,1470,3,2622.08
16641,6667,736,3,3374.71
16642,6667,708,4,4775.63
16643,6668,1440,4,2938.23
16644,6668,380,1,3941.12
16645,6668,653,4,601.62
16646,6668,1685,2,4800.62
16647,6669,960,1,1508.35
16648,6669,1576,4,3852.85
16649,6670,1603,3,647.88
16650,6671,1661,1,4981.28
16651,6671,1808,4,3905.23
16652,6672,335,3,3320.6
16653,6673,1908,5,2628.01
16654,6673,1448,1,3950.08
16655,6673,1957,3,680.58
16656,6673,912,1,3354.45
16657,6674,1809,4,1631.51
16658,6674,1058,2,3366.31
16659,6675,1584,3,3703.57
16660,6675,291,5,3596.32
16661,6675,1725,3,4530.18
16662,6675,902,5,2296.46
16663,6676,231,5,4228.4
16664,6676,108,2,2841.42
16665,6677,1435,3,3765.92
16666,6677,1396,2,2643.95
16667,6678,506,1,4793.43
16668,6678,200,3,1138.23
16669,6679,717,5,1290.09
16670,6679,102,1,4320.41
16671,6680,903,2,2121.47
16672,6680,1655,1,2999.53
16673,6680,1000,4,1180.66
16674,6680,777,2,2077.46
16675,6681,291,4,4479.15
16676,6681,1259,2,338.22
16677,6682,1309,3,3661.1
16678,6683,1628,5,4748.71
16679,6684,1253,4,4822.44
16680,6685,630,4,2446.22
16681,6685,612,1,2558.18
16682,6686,1586,4,3954.89
16683,6686,1072,5,4913.65
16684,6686,167,4,2441.85
16685,6687,518,1,2494.14
16686,6687,67,4,4218.37
16687,6687,946,1,2790.2
16688,6688,1734,4,2831.8
16689,6689,1245,3,85.12
16690,6690,1909,5,4859.09
16691,6691,791,2,1394.32
16692,6691,1116,5,4568.6
16693,6691,1612,2,1478.67
16694,6691,676,4,1181.47
16695,6692,1457,3,1037.28
16696,6692,1369,3,1107.42
16697,6692,87,1,2762.02
16698,6692,1117,3,4632.15
16699,6693,1637,5,910.75
16700,6694,1585,3,4809.42
16701,6694,765,2,1424.04
16702,6694,283,2,3093.12
16703,6694,1699,4,3889.92
16704,6695,1938,1,2662.45
16705,6695,1200,4,3109.39
16706,6696,1693,3,1705.8
16707,6696,1586,1,3954.89
16708,6696,27,3,2662.64
16709,6697,475,1,2104.97
16710,6698,1581,5,2985.72
16711,6698,1324,5,1491.93
16712,6698,783,3,41.05
16713,6698,1255,5,3780.37
16714,6699,1587,2,2260.83
16715,6699,1492,4,1420.89
16716,6699,252,4,1843.4
16717,6700,1411,3,3246.16
16718,6700,533,2,283.98
16719,6701,884,1,2740.58
16720,6701,1896,1,2418.5
16721,6701,393,2,3676.91
16722,6702,415,3,273.97
16723,6702,1724,1,2765.5
16724,6702,1196,4,571.04
16725,6702,1329,4,1706.26
16726,6703,712,5,1459.97
16727,6703,735,4,1776.43
16728,6703,1410,1,3888.52
16729,6703,975,3,2088.67
16730,6704,971,3,3736.08
16731,6704,600,1,1469.81
16732,6704,678,5,3742.53
16733,6704,1202,4,3015.22
16734,6705,26,3,425.77
16735,6706,262,1,348.71
16736,6706,94,4,4398.2
16737,6706,1274,5,3944.58
16738,6707,1146,2,220.73
16739,6707,578,3,2970.5
16740,6707,517,5,586.1
16741,6708,1968,4,167.07
16742,6708,1991,1,2936.91
16743,6709,1455,3,3979.1
16744,6709,1039,2,1550.6
16745,6710,1899,2,4485.05
16746,6710,823,2,4892.28
16747,6710,1336,3,3168.5
16748,6710,1554,3,4999.52
16749,6711,31,4,138.37
16750,6711,369,3,4023.43
16751,6711,543,4,457.91
16752,6711,368,4,3600.59
16753,6712,122,4,349.5
16754,6712,602,2,4730.97
16755,6712,361,3,88.61
16756,6713,813,4,952.88
16757,6713,1995,2,2067.57
16758,6714,451,1,3672.78
16759,6714,1262,1,2638.9
16760,6714,115,3,4104.14
16761,6715,913,4,15.92
16762,6715,1677,3,828.77
16763,6716,356,4,4465.31
16764,6717,1156,2,2717.56
16765,6717,1680,5,1224.93
16766,6717,1923,4,3315.18
16767,6717,1760,3,4916.81
16768,6718,1610,2,386.02
16769,6718,69,5,814.84
16770,6719,1607,2,2615.57
16771,6719,1892,1,3756.21
16772,6720,1278,2,4786.26
16773,6720,209,3,3655.89
16774,6721,907,5,572.97
16775,6721,125,1,1485.79
16776,6721,1398,4,1275.97
16777,6722,128,3,4912.65
16778,6722,908,5,1720.1
16779,6722,1786,2,1807.07
16780,6723,578,2,2970.5
16781,6723,1684,1,3589.34
16782,6724,95,1,1165.46
16783,6725,231,5,4228.4
16784,6726,1785,5,1213.69
16785,6726,459,1,2672.36
16786,6726,117,5,2741.14
16787,6727,1819,3,118.88
16788,6727,1756,4,2179.25
16789,6727,1039,4,1550.6
16790,6727,484,4,2046.14
16791,6728,938,4,3407.99
16792,6729,1734,4,2639.15
16793,6729,1636,1,3827.98
16794,6729,1842,2,1078.19
16795,6730,1114,3,2404.95
16796,6730,1929,3,3451.12
16797,6731,1638,5,1905.98
16798,6731,620,4,2983.14
16799,6731,1541,5,482.43
16800,6732,233,3,314.31
16801,6732,1474,5,567.6
16802,6732,167,3,2818.25
16803,6732,968,3,967.88
16804,6733,1593,4,4053.1
16805,6733,521,3,2508.97
16806,6734,1361,5,3615.46
16807,6734,314,1,1996.61
16808,6734,695,2,762.18
16809,6735,868,5,991.31
16810,6735,459,4,2672.36
16811,6736,1122,3,246.03
16812,6736,436,3,3787.72
16813,6736,713,3,4029.62
16814,6736,1993,2,3832.16
16815,6737,1700,5,54.4
16816,6737,1212,3,4527.15
16817,6737,1881,5,3178.03
16818,6738,984,1,3382.2
16819,6739,1519,4,4276.0
16820,6740,767,5,2284.41
16821,6740,325,2,778.82
16822,6740,308,5,4227.04
16823,6740,1449,4,1200.25
16824,6741,246,3,1278.44
16825,6741,1856,3,1340.96
16826,6741,245,4,4250.07
16827,6741,347,4,3706.78
16828,6742,1598,3,2779.45
16829,6742,1477,4,2470.35
16830,6743,591,1,3510.59
16831,6743,115,4,4104.14
16832,6743,1143,5,4442.33
16833,6744,1140,4,143.75
16834,6744,819,5,2142.95
16835,6745,1592,1,1277.58
16836,6745,1752,2,3707.7
16837,6745,126,5,1953.27
16838,6746,1819,1,118.88
16839,6746,1478,5,3702.99
16840,6747,1740,2,2269.75
16841,6748,61,2,3122.29
16842,6749,695,5,762.18
16843,6750,1986,5,3350.49
16844,6750,1409,4,943.24
16845,6751,1330,5,4560.63
16846,6751,83,4,1742.41
16847,6751,1074,2,1090.35
16848,6752,1220,3,558.75
16849,6752,8,5,4283.46
16850,6753,752,2,1856.82
16851,6753,830,1,1158.94
16852,6753,1017,1,4136.88
16853,6753,1199,4,2527.07
16854,6754,1235,4,1041.67
16855,6754,1491,3,2694.2
16856,6754,981,1,355.18
16857,6754,737,1,2378.96
16858,6755,817,3,3798.7
16859,6755,378,3,1048.57
16860,6755,161,5,55.99
16861,6756,1377,3,2370.92
16862,6756,917,2,2959.03
16863,6756,634,3,3047.11
16864,6757,807,3,4677.52
16865,6757,89,2,65.93
16866,6757,1735,5,3513.67
16867,6758,897,2,2363.4
16868,6759,1661,1,4981.28
16869,6759,609,1,1519.93
16870,6760,1056,4,151.5
16871,6760,1313,2,4023.94
16872,6761,1753,4,424.06
16873,6761,259,5,3788.75
16874,6761,1347,2,3963.96
16875,6761,222,3,4379.2
16876,6762,1110,2,81.81
16877,6762,385,3,4309.91
16878,6762,257,4,454.34
16879,6762,1784,1,1361.63
16880,6763,331,1,205.88
16881,6763,1700,4,54.4
16882,6763,749,4,2483.15
16883,6764,1878,1,4003.14
16884,6764,94,1,4398.2
16885,6764,1032,2,1677.99
16886,6765,659,5,1295.32
16887,6766,191,2,4047.09
16888,6766,201,5,102.3
16889,6766,1289,1,674.56
16890,6766,1238,5,4162.29
16891,6767,1819,3,118.88
16892,6767,1915,5,3122.45
16893,6768,845,3,4205.93
16894,6768,1071,1,2170.33
16895,6768,531,2,1161.66
16896,6769,890,5,1942.86
16897,6769,753,4,2931.64
16898,6769,1505,1,4216.31
16899,6769,1358,5,4529.67
16900,6770,1533,5,2308.28
16901,6770,1616,1,3567.75
16902,6770,1272,2,758.31
16903,6771,1751,5,371.51
16904,6771,1309,3,4419.04
16905,6771,547,3,2542.66
16906,6771,1520,1,3436.75
16907,6772,1239,5,2949.03
16908,6773,195,2,1260.96
16909,6773,1415,2,3433.14
16910,6773,997,1,3718.89
16911,6773,468,5,2222.15
16912,6774,593,5,1356.01
16913,6775,686,1,4311.22
16914,6776,545,4,2788.18
16915,6776,630,4,2446.22
16916,6776,1349,5,491.69
16917,6777,40,5,4750.28
16918,6778,1113,3,1117.82
16919,6778,1075,3,1297.7
16920,6778,1645,2,1189.64
16921,6778,467,2,3451.65
16922,6779,214,4,3316.61
16923,6779,1628,5,4748.71
16924,6779,661,1,1784.45
16925,6780,1588,5,344.25
16926,6780,529,3,1905.46
16927,6780,520,3,3499.99
16928,6780,223,5,1865.59
16929,6781,352,4,499.9
16930,6781,1811,3,355.4
16931,6781,214,3,3316.61
16932,6782,1003,3,4496.47
16933,6782,869,1,982.2
16934,6782,148,5,3104.71
16935,6782,347,1,3359.71
16936,6783,370,4,4704.13
16937,6784,381,3,3972.54
16938,6784,1012,1,1232.66
16939,6784,1663,5,363.7
16940,6784,1605,3,3618.68
16941,6785,906,5,1703.31
16942,6785,1356,2,3354.26
16943,6786,704,2,4522.08
16944,6787,454,5,2858.56
16945,6788,238,2,3156.13
16946,6788,884,2,2740.58
16947,6788,1916,4,69.6
16948,6788,488,1,1567.45
16949,6789,1879,4,938.89
16950,6789,1476,2,2709.79
16951,6790,1172,3,3991.23
16952,6790,197,5,124.38
16953,6791,1140,3,143.75
16954,6791,608,2,2247.3
16955,6791,1574,1,2422.76
16956,6792,779,1,86.06
16957,6793,540,1,635.0
16958,6793,571,5,1186.24
16959,6794,622,1,1352.61
16960,6794,1433,2,2525.06
16961,6794,1060,2,1164.24
16962,6794,1018,1,4664.27
16963,6795,384,3,2813.82
16964,6795,1782,2,4678.02
16965,6795,75,4,50.34
16966,6796,848,5,2754.39
16967,6796,193,3,4272.14
16968,6797,250,2,449.92
16969,6797,1693,1,1705.8
16970,6797,202,2,3151.14
16971,6797,720,2,2189.31
16972,6798,1463,2,4311.37
16973,6798,1777,4,2110.53
16974,6798,763,4,3144.26
16975,6798,1266,5,501.14
16976,6799,1462,5,3236.96
16977,6800,735,2,1550.98
16978,6800,134,1,1576.97
16979,6801,572,1,2907.01
16980,6801,1562,5,4597.92
16981,6801,58,4,4135.32
16982,6801,223,5,1718.0
16983,6802,346,1,1901.86
16984,6802,752,5,1856.82
16985,6803,1753,1,499.62
16986,6804,1256,5,3632.6
16987,6804,1714,2,801.6
16988,6804,796,3,4016.74
16989,6804,807,5,4677.52
16990,6805,1652,2,342.56
16991,6805,852,1,51.74
16992,6805,147,3,2788.08
16993,6805,267,3,1827.23
16994,6806,842,4,68.18
16995,6806,1777,2,2403.72
16996,6806,1125,1,339.79
16997,6806,1745,4,524.94
16998,6807,643,2,3185.4
16999,6808,170,4,2264.43
17000,6808,23,5,4610.39
17001,6809,855,2,3214.76
17002,6810,1057,5,4297.01
17003,6810,1558,4,2317.69
17004,6810,1755,4,1419.46
17005,6810,487,2,3784.62
17006,6811,1515,1,3802.4
17007,6812,55,5,477.57
17008,6813,1624,4,1348.6
17009,6814,1907,4,431.07
17010,6815,435,2,2114.92
17011,6816,211,5,2753.06
17012,6816,1162,4,260.62
17013,6816,834,3,4513.72
17014,6816,1728,4,2701.66
17015,6817,442,3,1976.35
17016,6817,938,3,3776.2
17017,6818,822,1,2979.71
17018,6818,75,4,50.34
17019,6819,356,5,4465.31
17020,6819,1446,5,3668.66
17021,6820,1280,4,2712.92
17022,6821,923,1,1022.71
17023,6821,1861,1,501.6
17024,6821,1663,5,363.7
17025,6822,1365,1,782.66
17026,6822,1024,2,2013.75
17027,6822,1086,3,4700.28
17028,6823,871,3,4608.67
17029,6824,847,4,2171.89
17030,6824,1266,1,426.41
17031,6824,606,3,4515.64
17032,6824,1202,3,3015.22
17033,6825,264,4,3080.46
17034,6825,1161,5,2876.69
17035,6825,1419,2,2348.86
17036,6826,1907,4,379.69
17037,6826,1141,2,250.08
17038,6826,1761,4,4165.49
17039,6827,1404,3,1949.35
17040,6827,1178,1,2654.16
17041,6828,402,2,4892.72
17042,6829,906,4,1703.31
17043,6829,1930,3,1645.53
17044,6829,1321,5,1145.46
17045,6829,497,2,572.94
17046,6830,1105,3,1308.96
17047,6830,890,4,1942.86
17048,6830,1061,4,4408.37
17049,6831,472,1,848.93
17050,6831,1879,3,938.89
17051,6831,1549,5,3763.06
17052,6831,335,5,3956.9
17053,6832,444,1,4232.65
17054,6832,1185,2,4048.07
17055,6833,1682,5,1650.57
17056,6833,1744,2,1621.05
17057,6833,1888,4,3359.7
17058,6833,564,3,4607.16
17059,6834,104,4,1673.81
17060,6834,454,3,3532.11
17061,6834,819,4,2142.95
17062,6834,1103,1,2807.19
17063,6835,1253,4,4822.44
17064,6835,780,3,4982.09
17065,6835,1448,4,3950.08
17066,6836,435,4,2114.92
17067,6836,1971,4,3384.04
17068,6836,745,3,2780.97
17069,6836,1570,5,4336.23
17070,6837,778,2,1884.21
17071,6838,1029,5,2318.09
17072,6838,1484,5,615.57
17073,6839,1505,1,4216.31
17074,6839,635,4,4443.09
17075,6839,139,2,4993.88
17076,6840,884,3,2740.58
17077,6840,1240,3,4001.24
17078,6840,969,3,1713.88
17079,6840,1627,4,4970.08
17080,6841,142,2,3267.85
17081,6841,156,4,103.78
17082,6841,1154,2,872.87
17083,6842,1597,2,4997.07
17084,6842,509,4,3378.2
17085,6842,1695,2,1976.73
17086,6842,1414,3,604.17
17087,6843,978,3,1208.96
17088,6843,1051,4,1535.78
17089,6843,1807,4,1236.76
17090,6844,1865,3,1486.0
17091,6845,1794,4,4943.5
17092,6845,668,5,371.43
17093,6845,1611,2,3365.34
17094,6845,936,1,1664.96
17095,6846,1833,1,3938.2
17096,6846,708,4,4775.63
17097,6846,1205,2,4795.08
17098,6846,277,1,2853.84
17099,6847,1678,1,2297.44
17100,6848,1463,4,4311.37
17101,6849,1553,2,3046.46
17102,6849,1842,4,1223.39
17103,6849,1547,5,3071.68
17104,6849,103,1,4739.24
17105,6850,481,1,976.31
17106,6850,53,3,4023.82
17107,6851,1510,2,1417.49
17108,6851,157,2,4489.54
17109,6852,734,4,2141.13
17110,6853,708,4,4775.63
17111,6853,1761,2,4165.49
17112,6853,1076,1,4810.42
17113,6853,1319,5,498.27
17114,6854,975,3,2088.67
17115,6855,1296,2,292.88
17116,6856,688,1,868.04
17117,6857,1636,3,4425.37
17118,6858,815,2,2374.91
17119,6858,3,5,2657.76
17120,6858,1356,3,3354.26
17121,6858,643,4,3185.4
17122,6859,1230,2,2585.13
17123,6859,828,2,3440.09
17124,6859,1391,3,2097.4
17125,6859,1124,2,4882.27
17126,6860,9,1,916.9
17127,6860,290,4,2858.24
17128,6860,530,5,1905.89
17129,6860,30,5,2949.45
17130,6861,1934,2,685.85
17131,6862,383,1,1839.51
17132,6863,1023,3,3992.43
17133,6863,391,2,545.65
17134,6864,1082,2,2480.92
17135,6864,1336,4,3168.5
17136,6865,698,4,4188.03
17137,6865,1723,4,4323.91
17138,6865,208,4,1077.13
17139,6865,1260,2,3252.12
17140,6866,1215,3,627.48
17141,6866,845,3,4661.49
17142,6866,584,3,1765.65
17143,6867,1906,1,2454.26
17144,6867,680,3,3366.64
17145,6867,725,2,1883.71
17146,6867,1293,2,1304.75
17147,6868,1273,1,2490.93
17148,6868,1146,1,220.73
17149,6868,1647,1,3789.03
17150,6869,1616,2,3567.75
17151,6869,1356,2,3354.26
17152,6869,1333,1,573.04
17153,6870,1407,3,3516.09
17154,6870,450,3,359.93
17155,6870,518,2,2494.14
17156,6871,1430,5,1745.29
17157,6871,1718,2,4231.9
17158,6871,1318,3,4006.54
17159,6871,1753,3,499.62
17160,6872,891,3,2534.47
17161,6873,301,1,1012.97
17162,6874,375,2,1464.53
17163,6874,1196,5,571.04
17164,6874,1247,5,3146.26
17165,6875,1394,2,1472.74
17166,6876,1287,2,3932.11
17167,6877,1074,5,881.4
17168,6878,875,3,593.63
17169,6878,1752,2,3707.7
17170,6878,1636,2,3880.71
17171,6878,1814,1,2755.18
17172,6879,1403,2,3226.0
17173,6879,543,5,543.77
17174,6879,1251,3,764.5
17175,6879,873,2,4295.73
17176,6880,1291,3,1661.86
17177,6880,1823,2,788.45
17178,6881,1112,1,3334.7
17179,6881,1020,5,3188.65
17180,6882,1684,4,3589.34
17181,6882,420,2,1799.73
17182,6882,319,3,684.29
17183,6882,84,2,182.72
17184,6883,1424,2,3150.8
17185,6883,1901,5,130.76
17186,6883,1135,1,2723.74
17187,6883,461,1,3600.18
17188,6884,1825,1,720.4
17189,6884,740,2,618.13
17190,6884,447,3,1882.07
17191,6885,1512,5,3381.05
17192,6885,1676,4,342.22
17193,6886,947,2,3952.8
17194,6887,955,2,1814.34
17195,6888,1926,1,3156.81
17196,6888,1943,4,1101.53
17197,6888,894,3,421.43
17198,6889,1778,5,3865.81
17199,6890,738,4,4721.08
17200,6890,364,4,4850.74
17201,6890,1800,1,1027.07
17202,6890,545,2,2788.18
17203,6891,1871,5,2643.42
17204,6892,755,5,3263.47
17205,6892,1555,4,3690.58
17206,6892,102,1,4320.41
17207,6893,1048,1,3735.55
17208,6893,875,1,593.63
17209,6894,1539,5,87.6
17210,6894,1391,1,2097.4
17211,6894,247,1,3024.59
17212,6895,248,2,2859.5
17213,6896,108,3,2841.42
17214,6896,1374,2,4245.98
17215,6896,1517,2,1255.49
17216,6896,1946,5,886.2
17217,6897,250,3,449.92
17218,6897,1401,1,3397.57
17219,6897,44,5,3787.46
17220,6897,946,5,2619.38
17221,6898,1273,4,2490.93
17222,6899,854,1,4215.33
17223,6900,1011,5,529.91
17224,6901,1989,3,2713.54
17225,6901,1867,5,2289.03
17226,6901,1334,5,3114.64
17227,6902,1429,2,4518.66
17228,6903,1684,4,3589.34
17229,6903,958,4,786.16
17230,6903,202,2,2684.45
17231,6904,660,4,2431.78
17232,6904,1212,2,4527.15
17233,6904,669,4,2589.36
17234,6905,550,3,2260.59
17235,6905,1325,3,150.07
17236,6906,1557,3,2010.11
17237,6906,1022,5,1040.02
17238,6906,1279,1,2423.46
17239,6906,1889,2,4728.93
17240,6907,1219,3,2455.23
17241,6907,935,5,1506.93
17242,6907,68,4,395.92
17243,6908,692,2,4629.69
17244,6908,113,4,1021.83
17245,6909,980,1,4389.83
17246,6909,1900,5,128.03
17247,6910,1869,4,349.95
17248,6910,925,3,4150.42
17249,6910,461,1,3600.18
17250,6911,258,5,4301.51
17251,6912,1194,4,472.3
17252,6912,1853,4,4612.68
17253,6912,353,4,3178.57
17254,6913,1445,2,1133.09
17255,6913,801,3,1243.14
17256,6914,183,3,2951.85
17257,6915,1842,2,1127.37
17258,6915,1631,2,4490.57
17259,6915,1914,4,1975.44
17260,6915,1663,1,314.78
17261,6916,191,5,4047.09
17262,6916,138,5,2467.22
17263,6916,116,2,1301.79
17264,6916,24,5,4213.26
17265,6917,880,2,4537.46
17266,6917,993,5,29.01
17267,6917,1747,4,3399.43
17268,6917,216,1,1658.13
17269,6918,304,4,4475.38
17270,6919,1375,5,3487.24
17271,6919,1009,1,4331.92
17272,6920,1914,5,1975.44
17273,6920,293,5,3047.2
17274,6920,162,2,980.62
17275,6920,106,3,833.52
17276,6921,170,3,2609.26
17277,6921,579,3,4113.9
17278,6922,1538,4,4609.56
17279,6922,1917,3,3047.65
17280,6922,679,4,2172.15
17281,6922,1070,3,1311.52
17282,6923,578,4,2970.5
17283,6923,1108,3,2330.98
17284,6923,1043,5,3990.48
17285,6924,1144,3,4456.58
17286,6924,100,1,4670.26
17287,6925,119,3,3308.25
17288,6925,1259,2,338.22
17289,6925,1401,1,3777.73
17290,6926,238,3,3156.13
17291,6926,982,4,294.46
17292,6926,639,1,1959.67
17293,6927,1126,5,361.32
17294,6927,1130,4,2324.01
17295,6928,482,5,2685.86
17296,6929,1209,4,1827.1
17297,6929,561,5,1756.9
17298,6930,1335,2,1474.54
17299,6930,1959,2,2299.44
17300,6930,455,1,3822.19
17301,6930,221,1,1054.07
17302,6931,1003,4,4496.47
17303,6932,274,2,88.25
17304,6932,1830,5,1355.61
17305,6932,545,5,2788.18
17306,6933,458,1,2007.63
17307,6933,983,4,431.86
17308,6933,1338,2,2432.88
17309,6934,1753,4,499.62
17310,6934,169,2,1877.04
17311,6934,1937,2,2540.27
17312,6934,1917,4,3047.65
17313,6935,641,1,2560.87
17314,6935,1133,4,2239.95
17315,6936,1211,3,1543.36
17316,6936,1475,2,4831.22
17317,6936,1057,2,4297.01
17318,6937,1424,4,3150.8
17319,6937,1592,2,1277.58
17320,6937,1565,2,3036.18
17321,6938,275,2,3000.32
17322,6938,1014,3,2413.88
17323,6938,748,1,1402.9
17324,6939,395,3,2293.09
17325,6939,899,4,3039.24
17326,6940,478,4,207.98
17327,6940,1239,2,2638.59
17328,6941,1751,2,371.51
17329,6941,148,4,3104.71
17330,6942,1292,4,4546.08
17331,6942,307,3,315.91
17332,6942,1623,2,4345.73
17333,6943,825,5,4366.02
17334,6944,745,5,2780.97
17335,6944,529,5,2017.88
17336,6944,467,2,3004.87
17337,6945,734,1,2141.13
17338,6945,466,5,1912.07
17339,6945,990,5,3669.71
17340,6945,937,5,1937.21
17341,6946,1011,2,602.7
17342,6946,1852,1,568.41
17343,6947,1279,1,2423.46
17344,6948,1505,2,3728.07
17345,6949,520,5,3845.1
17346,6949,263,5,4797.79
17347,6950,69,5,814.84
17348,6951,964,3,2117.91
17349,6951,1172,2,4339.9
17350,6951,1125,4,339.79
17351,6952,68,2,318.22
17352,6952,255,2,488.71
17353,6953,533,4,283.98
17354,6953,47,4,3859.05
17355,6954,639,2,1959.67
17356,6955,1315,5,3592.54
17357,6955,663,2,1192.72
17358,6956,1671,3,2466.95
17359,6956,1637,1,774.68
17360,6956,842,4,68.18
17361,6956,1097,5,542.09
17362,6957,1154,4,872.87
17363,6958,742,2,1149.62
17364,6959,221,1,1054.07
17365,6959,1644,1,3364.7
17366,6959,1045,3,973.47
17367,6960,109,5,4850.53
17368,6960,161,1,55.99
17369,6960,1671,5,2466.95
17370,6960,1700,3,54.4
17371,6961,135,1,4248.92
17372,6961,766,3,3311.55
17373,6961,676,5,1181.47
17374,6961,203,4,3599.53
17375,6962,1227,5,2321.97
17376,6962,1030,2,291.74
17377,6962,519,4,4756.84
17378,6963,1487,1,2148.84
17379,6963,532,5,2992.89
17380,6963,1410,1,3479.6
17381,6964,492,1,875.33
17382,6964,689,5,42.67
17383,6964,735,3,1776.43
17384,6965,832,1,1791.53
17385,6965,1717,4,4935.75
17386,6965,694,2,4360.55
17387,6966,1699,3,4382.52
17388,6967,559,1,2064.35
17389,6967,638,3,2493.09
17390,6968,1455,2,3671.65
17391,6969,436,3,3787.72
17392,6969,730,1,1887.22
17393,6969,795,5,2034.25
17394,6970,1875,5,889.15
17395,6970,1481,1,1236.14
17396,6970,797,4,4573.17
17397,6971,834,1,4122.64
17398,6972,720,2,2189.31
17399,6972,88,4,903.79
17400,6972,1028,4,1758.23
17401,6972,1074,5,899.74
17402,6973,802,5,1237.78
17403,6974,737,5,2378.96
17404,6974,244,3,3907.13
17405,6975,771,2,236.03
17406,6976,319,4,634.1
17407,6976,1531,1,4140.16
17408,6976,52,2,4478.08
17409,6977,1082,3,2810.46
17410,6978,979,5,2037.26
17411,6979,113,2,1021.83
17412,6979,710,1,4079.08
17413,6980,648,2,469.49
17414,6980,202,4,3151.14
17415,6980,622,4,1553.69
17416,6980,324,3,377.72
17417,6981,242,4,1926.11
17418,6981,1397,5,1543.44
17419,6981,536,4,2265.43
17420,6981,1885,2,2411.47
17421,6982,1764,4,2524.19
17422,6982,1843,4,3437.66
17423,6982,1247,2,2540.34
17424,6983,62,2,3329.9
17425,6983,1315,1,3808.34
17426,6983,432,1,4230.98
17427,6984,109,4,4850.53
17428,6985,34,2,2908.0
17429,6985,1223,2,2330.58
17430,6986,733,1,1237.21
17431,6987,206,4,3826.49
17432,6988,1930,3,1645.53
17433,6988,75,2,50.34
17434,6989,667,3,4600.9
17435,6989,178,5,4327.53
17436,6989,71,1,4701.99
17437,6990,991,2,4617.12
17438,6990,148,2,3104.71
17439,6990,1005,2,481.2
17440,6990,1498,2,2947.49
17441,6991,1896,4,2286.38
17442,6991,1730,2,1575.07
17443,6992,333,2,4209.31
17444,6992,1819,1,103.16
17445,6992,1267,4,4139.36
17446,6993,514,5,755.11
17447,6993,1535,4,2002.12
17448,6993,64,3,2594.71
17449,6994,1484,3,749.5
17450,6995,536,1,1886.88
17451,6995,57,1,4705.04
17452,6995,1487,3,2148.84
17453,6996,1200,4,3109.39
17454,6997,1004,3,4068.39
17455,6997,1836,1,638.75
17456,6998,369,5,4023.43
17457,6998,1461,3,3052.71
17458,6998,232,5,3846.85
17459,6998,1382,3,380.75
17460,6999,1603,1,774.75
17461,6999,745,3,2429.19
17462,7000,1946,3,1059.73
17463,7000,1664,4,4192.17
17464,7000,1097,3,542.09
17465,7001,1039,3,1550.6
17466,7001,1817,4,3240.09
17467,7001,257,2,395.1
17468,7002,1109,2,482.64
17469,7002,1866,1,3049.22
17470,7003,1164,5,2226.51
17471,7003,226,5,1054.31
17472,7003,1533,5,2308.28
17473,7003,518,1,2494.14
17474,7004,1467,2,3014.82
17475,7005,1697,3,2034.38
17476,7005,1597,2,4997.07
17477,7005,71,4,4701.99
17478,7005,662,2,1537.86
17479,7006,1490,4,4644.16
17480,7006,1191,5,2506.31
17481,7006,1219,3,2455.23
17482,7007,1543,2,1601.34
17483,7007,1689,4,4055.41
17484,7007,1920,4,2497.61
17485,7007,109,3,4850.53
17486,7008,1982,3,3589.97
17487,7008,1230,1,2848.87
17488,7009,1804,4,2848.61
17489,7009,543,1,472.86
17490,7010,248,1,2859.5
17491,7011,1297,5,1716.9
17492,7011,677,3,45.02
17493,7011,1935,3,4879.73
17494,7012,236,4,3685.93
17495,7012,915,3,4241.85
17496,7012,510,4,2677.13
17497,7013,1046,2,1159.16
17498,7014,1462,2,2606.69
17499,7014,1005,2,481.2
17500,7014,115,4,4104.14
17501,7014,1740,3,2678.81
17502,7015,180,1,920.01
17503,7016,1717,3,4368.92
17504,7016,1129,1,4161.06
17505,7016,658,1,1245.37
17506,7016,1398,5,1360.3
17507,7017,105,2,1594.49
17508,7018,1712,3,3108.47
17509,7018,1802,4,3728.81
17510,7018,1119,1,3549.39
17511,7018,278,5,2545.14
17512,7019,456,2,204.74
17513,7019,743,3,2146.97
17514,7020,428,3,4532.08
17515,7021,1726,5,635.25
17516,7022,898,2,4021.03
17517,7023,173,4,3873.68
17518,7023,155,2,4802.34
17519,7023,626,2,628.2
17520,7023,1305,2,1337.98
17521,7024,232,5,3846.85
17522,7024,1234,5,552.76
17523,7024,810,2,2694.6
17524,7024,1356,2,3354.26
17525,7025,14,4,2641.22
17526,7026,1911,5,1523.55
17527,7027,1794,2,4943.5
17528,7027,721,4,93.68
17529,7027,125,1,1485.79
17530,7028,52,1,4478.08
17531,7028,610,2,2298.27
17532,7029,1445,5,907.03
17533,7029,1648,3,4000.16
17534,7029,1003,1,4496.47
17535,7030,423,1,1441.03
17536,7031,1343,4,2668.19
17537,7032,1338,1,2432.88
17538,7033,1543,2,1601.34
17539,7033,1226,2,3502.2
17540,7033,1627,2,4970.08
17541,7034,1607,1,2615.57
17542,7034,969,2,1814.87
17543,7034,1865,4,1267.08
17544,7035,1147,1,3066.56
17545,7035,1905,2,3031.02
17546,7035,921,5,675.91
17547,7036,1140,4,143.75
17548,7036,60,3,521.12
17549,7036,909,3,1895.6
17550,7036,1341,3,2068.83
17551,7037,869,3,1049.71
17552,7038,169,3,1877.04
17553,7038,149,4,708.87
17554,7038,1529,4,1524.47
17555,7039,936,4,1664.96
17556,7040,1703,2,3435.52
17557,7040,1954,4,3697.56
17558,7041,34,5,2908.0
17559,7041,1160,4,1408.95
17560,7041,943,1,3890.6
17561,7042,384,5,2813.82
17562,7043,1981,1,3974.13
17563,7043,561,3,2023.99
17564,7044,1350,2,3281.89
17565,7045,1700,3,54.4
17566,7045,1633,5,4642.34
17567,7046,1326,1,743.72
17568,7047,1421,3,4859.69
17569,7047,700,1,728.03
17570,7047,681,1,2163.86
17571,7047,344,3,3980.21
17572,7048,1440,5,3589.68
17573,7048,310,1,2949.24
17574,7048,1473,4,850.07
17575,7049,1240,2,4001.24
17576,7050,1444,4,4381.89
17577,7050,690,2,3071.04
17578,7050,1576,5,3852.85
17579,7051,452,5,3867.18
17580,7052,1242,4,1507.11
17581,7052,1049,2,4572.88
17582,7053,1863,1,4385.05
17583,7053,1203,5,4402.27
17584,7053,220,4,1408.94
17585,7053,1469,2,830.75
17586,7054,820,5,1711.65
17587,7054,1419,3,2348.86
17588,7054,1596,5,3772.62
17589,7055,1650,2,2182.84
17590,7056,765,4,1424.04
17591,7056,1061,3,4408.37
17592,7056,918,1,709.61
17593,7056,160,4,4272.53
17594,7057,231,3,3591.75
17595,7057,189,4,2722.59
17596,7058,263,5,4108.25
17597,7058,630,1,2195.53
17598,7059,265,5,410.67
17599,7059,95,1,1068.16
17600,7059,1120,1,3248.65
17601,7059,1379,4,1482.32
17602,7060,1093,4,3685.73
17603,7060,1977,4,3501.61
17604,7060,388,1,475.38
17605,7061,1159,1,3012.68
17606,7061,17,5,4936.1
17607,7061,410,1,4167.25
17608,7062,1969,3,1715.61
17609,7062,1730,5,1575.07
17610,7062,1222,5,43.71
17611,7063,1366,4,3554.33
17612,7064,1159,1,3012.68
17613,7064,1716,3,2035.93
17614,7064,1333,1,520.1
17615,7064,450,4,420.78
17616,7065,1837,1,4360.25
17617,7065,1020,2,3188.65
17618,7065,635,2,4443.09
17619,7066,1396,3,2643.95
17620,7067,1238,1,4582.12
17621,7067,1594,3,2659.84
17622,7068,226,2,901.41
17623,7068,1082,1,2810.46
17624,7068,293,2,3047.2
17625,7068,1638,3,1771.98
17626,7069,787,2,3735.76
17627,7069,55,5,477.57
17628,7069,265,5,410.67
17629,7069,1270,2,4109.19
17630,7070,1237,1,3949.17
17631,7070,990,4,3669.71
17632,7071,583,3,2344.29
17633,7071,114,2,3138.55
17634,7071,19,1,4954.02
17635,7071,618,4,3111.69
17636,7072,50,3,2406.36
17637,7072,820,3,1581.49
17638,7072,1431,1,2705.27
17639,7073,106,5,833.52
17640,7073,233,1,314.31
17641,7074,346,5,1650.38
17642,7074,660,3,2431.78
17643,7074,846,5,3451.9
17644,7075,451,2,3672.78
17645,7075,1210,1,3407.54
17646,7075,907,2,572.97
17647,7076,548,4,790.99
17648,7076,336,1,2584.15
17649,7077,1681,4,1516.38
17650,7077,1847,3,3111.35
17651,7078,1724,3,2657.09
17652,7079,813,3,952.88
17653,7079,424,1,850.16
17654,7079,313,1,474.04
17655,7079,1479,3,772.64
17656,7080,950,3,3040.67
17657,7080,566,5,3405.81
17658,7080,1744,5,1621.05
17659,7081,148,3,3104.71
17660,7081,1402,3,1111.29
17661,7081,1999,5,2205.49
17662,7081,372,4,1767.22
17663,7082,1270,2,4109.19
17664,7083,1871,2,2643.42
17665,7083,388,5,475.38
17666,7084,1995,3,2213.54
17667,7084,734,3,1846.01
17668,7084,356,3,4465.31
17669,7085,1906,3,2799.16
17670,7086,217,1,657.68
17671,7086,1047,3,2250.05
17672,7086,884,3,2740.58
17673,7086,1904,4,23.78
17674,7087,673,4,3206.77
17675,7088,104,5,1446.2
17676,7089,1711,4,2773.37
17677,7090,240,1,431.39
17678,7091,1076,4,4810.42
17679,7091,523,3,3040.6
17680,7091,416,1,2396.26
17681,7091,316,4,4165.3
17682,7092,59,2,2860.64
17683,7092,1802,2,3728.81
17684,7092,784,2,2566.81
17685,7093,1404,2,1949.35
17686,7094,1406,5,449.18
17687,7094,1859,2,369.58
17688,7094,1940,3,3662.76
17689,7095,1451,3,95.51
17690,7095,917,2,2923.17
17691,7095,90,3,4686.08
17692,7095,1774,4,726.97
17693,7096,1840,2,1146.8
17694,7096,478,1,188.68
17695,7097,749,5,3005.85
17696,7097,399,1,935.5
17697,7097,1303,4,55.56
17698,7098,481,4,976.31
17699,7098,529,3,2017.88
17700,7099,283,1,3371.58
17701,7099,1340,3,1354.24
17702,7100,1453,5,1638.01
17703,7101,1978,5,1245.27
17704,7101,641,5,2560.87
17705,7102,871,5,4608.67
17706,7103,1672,1,459.75
17707,7103,551,4,288.47
17708,7103,185,5,1050.24
17709,7103,1708,1,319.73
17710,7104,1575,3,4759.72
17711,7104,226,5,1054.31
17712,7104,1339,5,1539.51
17713,7104,817,3,3798.7
17714,7105,1098,1,4007.71
17715,7106,808,1,2854.34
17716,7107,196,4,1975.92
17717,7108,1447,4,4186.93
17718,7108,910,3,1668.52
17719,7108,157,1,4489.54
17720,7109,1194,4,472.3
17721,7109,697,3,1180.62
17722,7109,1605,2,4074.57
17723,7109,996,1,2795.3
17724,7110,497,2,572.94
17725,7110,1497,2,271.31
17726,7110,807,2,4677.52
17727,7111,1068,2,1499.27
17728,7111,325,4,701.08
17729,7111,809,3,3104.43
17730,7111,893,2,108.23
17731,7112,525,5,585.54
17732,7112,1145,4,3258.45
17733,7113,951,2,1690.56
17734,7113,150,2,3813.67
17735,7114,171,4,2190.87
17736,7114,1763,5,1928.96
17737,7114,1473,2,850.07
17738,7115,1406,4,449.18
17739,7115,1642,4,2231.42
17740,7115,1449,1,1200.25
17741,7115,168,4,3008.4
17742,7116,1569,5,961.57
17743,7116,1488,4,1662.93
17744,7117,491,1,4756.43
17745,7118,1262,5,3201.63
17746,7118,635,1,4443.09
17747,7119,463,3,2370.45
17748,7120,523,4,3040.6
17749,7120,1855,4,3510.07
17750,7121,1448,3,3950.08
17751,7121,1596,5,3772.62
17752,7122,936,4,1522.33
17753,7122,1056,5,151.5
17754,7123,147,3,2788.08
17755,7123,172,2,4966.4
17756,7123,1295,4,4824.7
17757,7124,838,5,1605.7
17758,7124,1558,2,2317.69
17759,7125,998,2,3816.45
17760,7126,231,1,4228.4
17761,7127,830,2,1158.94
17762,7127,939,3,148.48
17763,7128,690,5,3071.04
17764,7128,1986,3,3350.49
17765,7128,665,4,946.77
17766,7129,1964,3,3259.29
17767,7129,549,2,430.86
17768,7130,1548,4,1570.25
17769,7130,454,1,3532.11
17770,7130,801,2,1243.14
17771,7131,419,4,4536.4
17772,7131,171,3,2190.87
17773,7132,1868,5,2512.3
17774,7132,1839,1,3768.65
17775,7132,1407,3,3721.74
17776,7133,1685,4,4800.62
17777,7133,1306,1,2797.85
17778,7133,312,1,1082.85
17779,7133,1792,3,4989.28
17780,7134,532,3,3341.59
17781,7134,632,5,2090.66
17782,7134,1489,2,1431.98
17783,7135,181,5,2553.82
17784,7135,1550,4,3369.31
17785,7136,1164,3,2226.51
17786,7136,848,4,2526.99
17787,7136,786,3,287.29
17788,7137,545,5,2788.18
17789,7137,1937,3,2540.27
17790,7137,794,1,2436.34
17791,7137,237,2,1615.24
17792,7138,824,5,2349.66
17793,7138,1850,3,3786.95
17794,7138,1940,2,4375.64
17795,7139,1046,3,1159.16
17796,7140,488,2,1567.45
17797,7141,1410,3,3888.52
17798,7141,734,5,2141.13
17799,7141,502,3,584.21
17800,7142,1656,3,1699.76
17801,7143,1543,5,1601.34
17802,7144,1904,4,19.64
17803,7144,962,2,894.24
17804,7145,1511,1,3701.57
17805,7145,1541,4,429.97
17806,7145,1465,5,2424.32
17807,7146,1898,2,924.3
17808,7146,288,4,4203.67
17809,7147,1991,4,3214.44
17810,7147,376,4,1550.37
17811,7147,972,5,4344.95
17812,7148,1487,4,1733.99
17813,7149,688,4,999.99
17814,7149,955,5,1814.34
17815,7149,1464,3,3568.86
17816,7150,1831,2,1191.03
17817,7150,104,1,1673.81
17818,7150,302,2,33.81
17819,7151,957,2,4532.8
17820,7151,869,1,1049.71
17821,7151,838,4,1605.7
17822,7151,287,2,3303.19
17823,7152,1964,5,3473.21
17824,7152,560,3,3783.25
17825,7152,668,2,321.3
17826,7153,1331,4,772.13
17827,7154,286,3,4563.87
17828,7154,936,4,1485.97
17829,7154,303,1,3528.76
17830,7155,1585,3,4809.42
17831,7155,874,3,4323.1
17832,7155,1831,1,1191.03
17833,7156,871,5,4608.67
17834,7156,771,3,289.99
17835,7156,259,4,3485.05
17836,7156,679,3,2027.9
17837,7157,1393,4,484.39
17838,7157,1859,5,327.89
17839,7157,1065,4,1577.35
17840,7158,680,4,3189.45
17841,7159,584,3,1765.65
17842,7159,945,3,1759.69
17843,7159,371,1,1990.52
17844,7159,133,2,3953.01
17845,7160,53,4,4782.7
17846,7160,1124,3,4882.27
17847,7160,1488,2,1490.5
17848,7161,157,4,4489.54
17849,7161,1094,4,4209.62
17850,7161,539,4,4274.76
17851,7162,681,3,2163.86
17852,7163,73,1,700.9
17853,7163,1377,4,2370.92
17854,7163,638,4,2225.15
17855,7163,273,5,2698.03
17856,7164,320,4,2079.78
17857,7165,1171,2,3620.47
17858,7165,1658,4,995.44
17859,7165,1285,2,1406.27
17860,7165,647,5,1274.12
17861,7166,1292,4,4546.08
17862,7166,894,1,421.43
17863,7166,816,2,1247.53
17864,7166,203,1,3599.53
17865,7167,1187,5,3486.78
17866,7167,163,4,3241.38
17867,7167,949,4,3259.59
17868,7168,1819,5,118.88
17869,7168,1289,2,823.25
17870,7168,573,3,1933.49
17871,7169,193,5,4643.63
17872,7169,1951,4,1435.17
17873,7170,811,4,95.73
17874,7171,1965,3,4683.28
17875,7171,125,4,1392.56
17876,7171,1769,3,4216.87
17877,7171,370,3,4704.13
17878,7172,426,5,1966.25
17879,7172,1477,5,2470.35
17880,7173,460,5,4443.01
17881,7173,1822,4,4736.7
17882,7173,667,1,4600.9
17883,7173,338,1,79.99
17884,7174,1959,5,2299.44
17885,7174,69,4,814.84
17886,7174,155,3,4802.34
17887,7175,1963,4,742.96
17888,7176,238,4,3156.13
17889,7176,1044,5,2721.04
17890,7176,612,1,3147.96
17891,7177,166,3,2028.89
17892,7177,1986,5,2926.06
17893,7178,1705,5,2543.61
17894,7179,1762,1,950.9
17895,7179,836,1,3184.86
17896,7179,567,3,4674.9
17897,7179,1280,2,2712.92
17898,7180,1873,1,2032.74
17899,7180,717,2,1361.6
17900,7180,1388,5,1427.84
17901,7181,1177,4,3460.99
17902,7181,1646,4,4531.46
17903,7181,1634,5,4323.52
17904,7182,1669,5,3246.59
17905,7183,1570,3,4336.23
17906,7183,267,5,1827.23
17907,7184,1395,5,2500.5
17908,7185,786,1,256.2
17909,7185,1896,3,2418.5
17910,7186,364,2,4850.74
17911,7186,1354,4,2081.24
17912,7187,871,3,3749.62
17913,7187,769,2,3513.74
17914,7187,1790,5,4394.84
17915,7187,550,5,2260.59
17916,7188,1955,5,1704.13
17917,7188,1174,1,1402.77
17918,7188,1666,1,1107.86
17919,7188,1828,5,3265.59
17920,7189,488,5,1567.45
17921,7189,1335,1,1392.41
17922,7189,1247,3,3146.26
17923,7189,472,5,723.44
17924,7190,1412,3,2409.48
17925,7190,1797,1,1642.41
17926,7190,1782,2,4678.02
17927,7190,1222,5,43.71
17928,7191,1119,4,3549.39
17929,7191,542,1,3481.44
17930,7192,1089,1,4868.96
17931,7192,309,3,494.89
17932,7192,164,4,3555.06
17933,7193,1626,1,3411.47
17934,7193,1889,3,4728.93
17935,7194,631,3,3065.52
17936,7195,1887,3,88.25
17937,7196,1714,5,972.34
17938,7197,1154,5,822.05
17939,7197,1560,5,1173.73
17940,7197,1983,4,4107.76
17941,7198,438,2,3390.29
17942,7198,452,5,3867.18
17943,7198,1300,3,2792.13
17944,7198,1170,5,1171.72
17945,7199,776,4,142.47
17946,7199,887,1,4225.09
17947,7199,1206,2,1052.49
17948,7199,1740,3,2678.81
17949,7200,1632,2,1855.05
17950,7200,298,4,3203.67
17951,7201,588,2,1793.76
17952,7201,1156,5,2717.56
17953,7201,1494,5,162.45
17954,7201,608,5,2247.3
17955,7202,1457,1,1223.09
17956,7202,322,4,1128.18
17957,7202,1477,5,2470.35
17958,7202,428,3,3982.78
17959,7203,739,3,1046.03
17960,7203,958,1,713.41
17961,7203,1429,5,4518.66
17962,7204,356,1,4465.31
17963,7204,289,4,2450.56
17964,7204,1511,2,3701.57
17965,7204,1478,3,3702.99
17966,7205,100,1,4670.26
17967,7205,1350,2,2895.58
17968,7206,1680,3,1224.93
17969,7207,1221,5,237.2
17970,7208,1850,1,3531.29
17971,7208,219,1,3445.3
17972,7208,1846,2,666.7
17973,7208,1474,5,567.6
17974,7209,1069,4,4944.78
17975,7209,718,4,437.22
17976,7209,1303,5,55.75
17977,7209,1431,1,2705.27
17978,7210,1244,3,2169.15
17979,7210,1147,2,3066.56
17980,7210,1720,3,1212.91
17981,7211,58,1,4880.59
17982,7212,405,5,2282.13
17983,7212,1814,4,2755.18
17984,7212,1364,2,1845.6
17985,7213,71,4,4284.91
17986,7213,582,4,4943.34
17987,7213,1991,4,2869.26
17988,7213,472,5,848.93
17989,7214,322,4,1047.42
17990,7215,1279,3,2423.46
17991,7215,990,3,3669.71
17992,7215,975,4,1697.33
17993,7215,373,4,4531.36
17994,7216,1766,1,1883.17
17995,7216,1587,3,2450.05
17996,7217,541,5,1696.04
17997,7217,90,5,4430.18
17998,7217,1075,2,1297.7
17999,7217,1286,4,791.64
18000,7218,907,4,572.97
18001,7218,1935,4,4558.05
18002,7219,1624,1,1510.22
18003,7220,1566,3,3082.29
18004,7221,451,4,3672.78
18005,7221,1768,1,3632.43
18006,7221,1432,2,4624.51
18007,7222,46,5,1485.51
18008,7223,1947,2,1787.64
18009,7224,62,5,2828.94
18010,7224,1879,1,938.89
18011,7224,1756,1,1988.05
18012,7224,1425,5,2533.5
18013,7225,1715,4,3099.54
18014,7225,278,2,2545.14
18015,7225,338,3,99.68
18016,7226,1290,3,121.76
18017,7227,886,4,1494.0
18018,7228,83,5,1742.41
18019,7229,1234,1,456.86
18020,7230,1206,1,1052.49
18021,7230,626,2,739.49
18022,7230,1201,2,3626.22
18023,7230,369,2,4023.43
18024,7231,1748,4,681.78
18025,7231,563,5,771.18
18026,7231,367,3,1480.88
18027,7231,1384,5,4380.18
18028,7232,614,3,1652.79
18029,7233,1413,5,4473.5
18030,7233,1211,5,1496.72
18031,7234,86,5,1479.15
18032,7235,17,1,4146.3
18033,7236,1075,3,1297.7
18034,7236,50,1,2406.36
18035,7236,1514,3,2850.95
18036,7236,1686,4,377.14
18037,7237,1521,4,3955.17
18038,7238,521,1,2682.3
18039,7239,1202,3,3015.22
18040,7239,719,5,3520.48
18041,7239,518,2,2144.49
18042,7240,283,4,3371.58
18043,7240,1942,1,119.81
18044,7240,1633,3,3841.38
18045,7241,892,4,3031.09
18046,7241,496,5,2088.65
18047,7241,875,4,507.8
18048,7241,1909,3,4859.09
18049,7242,55,3,477.57
18050,7242,1204,4,4611.16
18051,7243,972,4,4047.26
18052,7244,717,5,1550.32
18053,7244,680,2,3366.64
18054,7244,24,2,4213.26
18055,7245,1074,5,1090.35
18056,7246,1736,3,3098.18
18057,7247,794,5,2704.79
18058,7247,1088,4,1321.01
18059,7248,1810,2,1849.5
18060,7248,1619,3,3983.49
18061,7249,702,5,3418.37
18062,7249,965,3,1691.03
18063,7250,344,1,4211.01
18064,7250,1281,4,4697.79
18065,7250,223,3,1865.59
18066,7250,438,4,3390.29
18067,7251,368,5,3600.59
18068,7251,411,2,4338.62
18069,7251,819,1,2142.95
18070,7252,925,2,3599.4
18071,7253,829,1,1895.62
18072,7254,1539,2,78.78
18073,7254,737,1,2254.81
18074,7254,751,3,4210.09
18075,7254,1392,1,4601.48
18076,7255,1592,4,1277.58
18077,7255,331,1,205.88
18078,7255,1590,1,3393.66
18079,7256,1549,2,3763.06
18080,7256,1769,2,3604.05
18081,7256,1703,3,3435.52
18082,7256,1276,4,4004.1
18083,7257,1636,3,3805.01
18084,7257,302,4,33.35
18085,7257,1566,2,3082.29
18086,7258,146,3,2306.98
18087,7258,576,3,3573.45
18088,7258,1417,3,3166.92
18089,7258,1334,3,2530.0
18090,7259,361,1,84.41
18091,7259,1618,2,4119.68
18092,7259,1208,3,2828.12
18093,7260,761,2,964.41
18094,7260,10,1,3381.16
18095,7260,1418,3,167.28
18096,7261,1086,3,4700.28
18097,7261,1011,4,602.7
18098,7261,1800,2,929.51
18099,7262,528,5,2730.54
18100,7262,1301,2,2911.31
18101,7262,1244,1,2169.15
18102,7262,1842,2,1223.39
18103,7263,930,3,79.28
18104,7264,230,5,1092.51
18105,7264,737,4,2096.16
18106,7264,154,5,696.76
18107,7265,685,3,434.0
18108,7265,788,4,3906.47
18109,7266,854,5,4215.33
18110,7267,1995,3,1818.97
18111,7267,1678,2,2004.34
18112,7267,526,5,1525.4
18113,7267,1640,5,3228.09
18114,7268,794,3,2704.79
18115,7268,1941,3,4341.05
18116,7268,370,1,4704.13
18117,7268,1642,1,1790.64
18118,7269,1559,4,1497.62
18119,7270,1678,5,2297.44
18120,7270,1516,2,4754.42
18121,7270,1711,4,3091.29
18122,7271,846,2,3490.87
18123,7271,612,4,3147.96
18124,7272,919,2,4303.03
18125,7272,419,2,4536.4
18126,7273,134,4,1940.05
18127,7273,1067,2,3205.61
18128,7273,1312,5,3510.23
18129,7273,439,4,3563.79
18130,7274,835,2,824.78
18131,7275,1896,1,2418.5
18132,7275,148,1,3104.71
18133,7275,1892,5,3756.21
18134,7276,1171,1,3620.47
18135,7276,1997,4,4843.33
18136,7276,1989,5,2713.54
18137,7276,1145,4,3804.92
18138,7277,547,1,2542.66
18139,7277,1598,5,2414.88
18140,7277,1061,3,4408.37
18141,7277,911,4,3202.05
18142,7278,180,4,819.37
18143,7278,1046,5,1159.16
18144,7279,1100,2,3708.22
18145,7280,864,4,1153.96
18146,7280,1529,3,1245.38
18147,7281,1806,3,4932.05
18148,7281,593,5,1356.01
18149,7281,707,1,1194.29
18150,7281,226,3,881.37
18151,7282,1550,3,3369.31
18152,7282,1478,5,3702.99
18153,7283,104,5,1673.81
18154,7284,402,3,4892.72
18155,7284,580,3,3532.9
18156,7284,711,4,2912.45
18157,7284,1287,3,3932.11
18158,7285,56,4,3613.22
18159,7285,982,4,252.28
18160,7285,1036,5,4112.89
18161,7286,1441,3,692.42
18162,7287,744,5,1951.75
18163,7288,1645,3,982.2
18164,7289,955,2,1814.34
18165,7289,1011,2,602.7
18166,7289,65,2,2718.42
18167,7289,1853,5,4262.94
18168,7290,1040,3,852.31
18169,7291,383,4,1483.32
18170,7291,428,4,4532.08
18171,7292,256,4,1388.1
18172,7292,531,3,1161.66
18173,7292,1181,3,4121.2
18174,7293,861,5,3583.46
18175,7293,1854,2,3771.8
18176,7293,594,3,2478.69
18177,7293,473,2,4766.17
18178,7294,1080,5,4797.15
18179,7294,318,3,3680.26
18180,7295,1942,5,119.81
18181,7295,530,2,1905.89
18182,7296,546,5,1741.25
18183,7296,1263,1,2295.53
18184,7297,90,5,4370.6
18185,7297,1566,3,2622.77
18186,7297,621,3,784.63
18187,7298,1634,1,3946.37
18188,7298,497,3,572.94
18189,7298,436,5,3787.72
18190,7298,828,5,4204.94
18191,7299,1405,1,894.37
18192,7299,1884,1,347.97
18193,7299,1167,1,2893.83
18194,7300,331,1,205.88
18195,7300,462,4,2829.04
18196,7301,717,1,1550.32
18197,7301,973,3,1490.81
18198,7301,1239,5,3172.16
18199,7301,1934,5,685.85
18200,7302,848,4,2754.39
18201,7302,1374,2,4245.98
18202,7302,1355,3,4828.7
18203,7302,380,2,3941.12
18204,7303,1611,4,3365.34
18205,7303,998,3,4107.24
18206,7303,1361,4,4344.01
18207,7304,595,5,2571.36
18208,7304,1597,1,4997.07
18209,7305,357,3,1811.46
18210,7305,1498,5,2472.13
18211,7305,748,5,1402.9
18212,7305,1258,2,3972.09
18213,7306,954,3,4296.56
18214,7306,1311,3,4424.0
18215,7306,822,3,2529.27
18216,7307,1594,4,2659.84
18217,7307,1612,4,1275.13
18218,7307,1691,5,49.01
18219,7308,792,3,839.44
18220,7308,735,3,1545.67
18221,7308,1074,4,973.92
18222,7309,1887,3,88.25
18223,7309,158,1,2618.46
18224,7309,1915,2,3122.45
18225,7310,1543,3,1601.34
18226,7310,353,3,3480.85
18227,7310,762,2,2037.05
18228,7311,1590,4,3842.98
18229,7312,450,3,353.26
18230,7312,239,1,3126.17
18231,7313,1137,4,1821.42
18232,7313,1076,4,4810.42
18233,7314,1241,3,2878.24
18234,7314,73,2,700.9
18235,7314,703,4,2916.95
18236,7314,1296,2,292.88
18237,7315,611,2,3903.33
18238,7315,557,1,2202.14
18239,7316,1432,5,4624.51
18240,7316,1892,5,3756.21
18241,7316,893,2,108.23
18242,7317,1406,3,449.18
18243,7317,360,1,3919.53
18244,7317,1937,5,2316.55
18245,7317,198,3,1266.5
18246,7318,57,4,3821.37
18247,7318,971,3,3736.08
18248,7319,732,4,3185.96
18249,7319,790,5,3447.9
18250,7319,651,4,140.09
18251,7320,1707,3,341.01
18252,7320,271,5,4144.82
18253,7320,92,5,4458.7
18254,7321,400,3,2502.29
18255,7321,485,3,2848.42
18256,7321,1700,2,45.46
18257,7321,1809,3,1504.55
18258,7322,1870,2,2058.1
18259,7323,1230,3,2848.87
18260,7323,783,4,33.59
18261,7323,1096,3,2154.04
18262,7323,289,3,2450.56
18263,7324,516,1,3302.52
18264,7325,1502,1,1662.88
18265,7325,801,3,1243.14
18266,7325,283,1,3371.58
18267,7325,1575,5,4759.72
18268,7326,1419,1,2348.86
18269,7326,1987,2,1206.99
18270,7326,1557,5,2010.11
18271,7326,1697,3,2034.38
18272,7327,646,3,807.46
18273,7328,1891,3,3352.26
18274,7328,809,1,2534.35
18275,7329,630,5,2446.22
18276,7329,1292,2,4546.08
18277,7330,938,4,3776.2
18278,7330,542,2,3030.42
18279,7330,1104,1,2160.59
18280,7330,991,1,4617.12
18281,7331,1334,5,3114.64
18282,7331,780,5,4982.09
18283,7331,570,5,2071.01
18284,7331,151,1,4997.17
18285,7332,802,1,1237.78
18286,7332,860,2,421.6
18287,7333,1360,3,2843.21
18288,7333,1852,4,568.41
18289,7333,1953,1,3858.36
18290,7334,1141,2,282.75
18291,7334,160,5,4272.53
18292,7334,1515,5,3802.4
18293,7334,1369,3,1107.42
18294,7335,1717,2,4935.75
18295,7336,701,4,2326.65
18296,7336,1561,1,4175.17
18297,7336,1899,5,4748.11
18298,7337,1646,4,4531.46
18299,7338,1159,2,3012.68
18300,7338,1605,2,4362.29
18301,7338,1011,5,602.7
18302,7339,723,3,2670.06
18303,7339,736,4,3374.71
18304,7340,1805,4,2631.43
18305,7341,1906,5,2799.16
18306,7341,1502,2,1662.88
18307,7341,1505,2,4216.31
18308,7341,1406,1,449.18
18309,7342,1605,1,4362.29
18310,7342,534,5,124.86
18311,7343,10,3,3036.43
18312,7343,648,5,469.49
18313,7344,549,3,430.86
18314,7344,803,4,4544.47
18315,7344,1584,5,4258.11
18316,7344,187,4,4624.37
18317,7345,1036,3,4112.89
18318,7345,655,1,120.85
18319,7345,188,1,1686.73
18320,7346,1502,5,1662.88
18321,7346,1831,3,1191.03
18322,7346,637,4,2924.96
18323,7347,1648,5,4000.16
18324,7348,134,2,1781.69
18325,7348,1872,3,3598.63
18326,7348,283,3,3371.58
18327,7348,519,5,4756.84
18328,7349,780,5,4982.09
18329,7350,531,5,978.94
18330,7350,622,5,1553.69
18331,7351,1848,3,727.07
18332,7351,1816,4,1970.73
18333,7351,1360,5,2996.1
18334,7351,506,4,3860.12
18335,7352,229,2,501.87
18336,7352,386,4,4619.91
18337,7352,1205,5,4795.08
18338,7353,162,3,980.62
18339,7353,22,1,3596.81
18340,7354,1132,5,4201.4
18341,7354,42,3,4975.48
18342,7354,533,2,283.98
18343,7354,1013,2,2471.2
18344,7355,1576,5,3852.85
18345,7355,1585,4,4809.42
18346,7355,1126,1,444.36
18347,7356,1722,4,265.02
18348,7356,747,3,638.84
18349,7356,1236,2,4026.43
18350,7357,8,4,4283.46
18351,7358,1851,5,1061.72
18352,7358,542,2,3481.44
18353,7358,713,5,4319.36
18354,7359,1980,4,885.72
18355,7359,723,4,2989.89
18356,7360,151,2,4997.17
18357,7361,1538,2,4609.56
18358,7361,1150,3,4720.67
18359,7362,1856,1,1532.93
18360,7362,573,5,1933.49
18361,7363,910,5,1668.52
18362,7364,1204,1,4661.0
18363,7364,1243,1,3945.21
18364,7364,779,2,86.06
18365,7364,1969,5,1563.01
18366,7365,273,2,2511.55
18367,7365,822,2,2979.71
18368,7365,1223,5,2330.58
18369,7366,1105,5,1308.96
18370,7367,1275,5,1634.7
18371,7367,649,3,127.94
18372,7367,1393,2,484.39
18373,7367,949,1,3259.59
18374,7368,217,4,657.68
18375,7368,1960,2,1687.21
18376,7369,1758,1,1627.94
18377,7370,861,4,3583.46
18378,7370,719,4,4251.26
18379,7370,344,1,4211.01
18380,7371,1278,4,4786.26
18381,7371,1313,3,4023.94
18382,7371,1189,3,1492.95
18383,7372,1987,1,1206.99
18384,7372,1839,1,3768.65
18385,7372,1169,5,469.06
18386,7372,538,1,2135.71
18387,7373,1213,1,2208.1
18388,7374,1383,3,76.06
18389,7374,549,4,430.86
18390,7374,1869,5,289.17
18391,7375,1611,1,3365.34
18392,7375,1312,2,3510.23
18393,7375,1901,4,151.68
18394,7375,1053,5,2376.88
18395,7376,667,1,4600.9
18396,7376,1435,2,3765.92
18397,7376,1751,3,371.51
18398,7377,827,5,4876.94
18399,7377,129,3,4668.8
18400,7378,271,2,4144.82
18401,7378,1604,2,622.93
18402,7379,164,5,3333.86
18403,7380,88,2,903.79
18404,7380,257,3,383.3
18405,7380,671,5,4268.05
18406,7381,1827,4,1992.86
18407,7381,493,1,488.29
18408,7382,199,1,252.39
18409,7382,1168,4,3342.38
18410,7382,1887,5,88.25
18411,7383,740,1,618.13
18412,7384,122,3,349.5
18413,7384,1992,1,435.7
18414,7385,855,2,3214.76
18415,7385,1246,2,456.86
18416,7385,1288,4,2919.6
18417,7386,810,3,2694.6
18418,7386,577,2,1148.53
18419,7387,271,2,3353.24
18420,7387,1791,1,952.04
18421,7387,580,1,4091.23
18422,7387,303,5,3528.76
18423,7388,1616,4,3567.75
18424,7388,1195,3,69.7
18425,7388,1810,2,1849.5
18426,7388,500,2,1122.63
18427,7389,663,5,1192.72
18428,7389,779,2,86.06
18429,7389,313,5,407.44
18430,7390,966,3,371.0
18431,7390,1642,4,2231.42
18432,7390,590,3,2350.34
18433,7390,309,2,494.89
18434,7391,1097,4,542.09
18435,7391,1455,4,3441.41
18436,7391,972,3,4344.95
18437,7391,1837,2,4360.25
18438,7392,1582,5,1237.33
18439,7392,1255,5,3780.37
18440,7393,1215,1,627.48
18441,7393,1426,5,2840.77
18442,7393,1366,2,3554.33
18443,7393,1188,3,4483.02
18444,7394,879,3,449.66
18445,7394,621,1,784.63
18446,7395,863,3,2025.64
18447,7396,171,4,1815.26
18448,7397,199,5,252.39
18449,7397,701,3,2326.65
18450,7398,1585,4,4809.42
18451,7398,625,4,4059.0
18452,7398,736,1,3374.71
18453,7398,571,2,1186.24
18454,7399,1103,4,2373.58
18455,7399,1060,5,1164.24
18456,7399,555,5,4404.23
18457,7400,1957,3,680.58
18458,7400,616,2,4320.21
18459,7401,1896,2,2418.5
18460,7402,1806,3,4932.05
18461,7403,1989,2,2190.85
18462,7403,1652,3,274.24
18463,7404,497,2,505.36
18464,7404,12,2,1305.93
18465,7404,1651,3,1559.53
18466,7404,284,5,434.25
18467,7405,359,4,4464.57
18468,7405,745,5,2780.97
18469,7405,850,3,34.16
18470,7405,1206,2,1052.49
18471,7406,939,2,161.24
18472,7407,501,2,3081.72
18473,7407,101,1,4125.78
18474,7407,911,3,2665.97
18475,7407,1488,3,1662.93
18476,7408,933,5,2246.96
18477,7408,1458,3,1609.23
18478,7408,1188,4,3783.41
18479,7409,883,2,656.0
18480,7409,296,3,2266.44
18481,7409,225,2,1331.62
18482,7409,1065,4,1577.35
18483,7410,1244,3,2169.15
18484,7410,1297,4,1916.18
18485,7411,852,3,51.74
18486,7412,1309,4,4419.04
18487,7413,356,3,4465.31
18488,7414,589,5,60.16
18489,7415,1176,1,1434.01
18490,7415,1287,5,3932.11
18491,7415,1408,3,1123.92
18492,7416,1115,5,3751.63
18493,7417,1239,1,3172.16
18494,7417,1102,2,4297.06
18495,7418,312,1,1267.23
18496,7419,1725,1,4530.18
18497,7419,1917,5,3047.65
18498,7420,594,1,2530.79
18499,7421,214,1,3316.61
18500,7421,1361,1,4344.01
18501,7421,1743,3,982.62
18502,7422,1032,2,1677.99
18503,7422,1784,4,1361.63
18504,7422,406,5,1153.0
18505,7423,5,3,4405.06
18506,7424,630,2,2446.22
18507,7424,1809,4,1310.0
18508,7424,1651,2,1559.53
18509,7425,1884,5,325.95
18510,7425,580,1,4091.23
18511,7425,1659,2,479.37
18512,7426,1321,2,1145.46
18513,7426,1086,5,4700.28
18514,7426,1399,3,2617.78
18515,7427,1947,2,1787.64
18516,7427,786,2,287.29
18517,7427,957,3,4532.8
18518,7428,1306,2,3280.58
18519,7428,14,5,2641.22
18520,7428,269,3,1426.17
18521,7429,325,3,778.82
18522,7429,1351,4,2129.02
18523,7429,670,5,4951.0
18524,7430,1915,4,3122.45
18525,7430,542,1,3481.44
18526,7431,532,5,2748.59
18527,7431,1948,3,406.31
18528,7431,568,3,4098.08
18529,7432,428,3,4144.0
18530,7433,878,4,4836.66
18531,7433,427,4,536.06
18532,7434,182,4,1313.45
18533,7434,1866,2,3049.22
18534,7434,1539,2,87.6
18535,7434,1299,5,4280.63
18536,7435,1162,5,244.64
18537,7436,1716,1,2035.93
18538,7437,1003,5,4496.47
18539,7437,250,2,449.92
18540,7437,722,3,2658.95
18541,7437,667,5,3812.91
18542,7438,1811,3,355.4
18543,7438,227,5,2909.48
18544,7439,254,2,3914.95
18545,7439,1237,5,3949.17
18546,7439,1022,3,1040.02
18547,7440,186,1,4656.26
18548,7440,1600,4,3832.63
18549,7440,744,2,2156.28
18550,7440,689,4,42.67
18551,7441,1765,1,573.5
18552,7441,1941,3,4077.84
18553,7442,833,2,923.62
18554,7443,1827,5,1992.86
18555,7443,929,2,3931.07
18556,7443,552,5,3735.2
18557,7444,2000,4,849.72
18558,7444,1067,4,3205.61
18559,7444,234,4,938.67
18560,7444,941,5,3254.3
18561,7445,1480,3,705.06
18562,7445,382,2,2952.32
18563,7446,1010,5,4035.0
18564,7447,102,5,4320.41
18565,7447,851,1,2822.58
18566,7447,370,2,4704.13
18567,7447,91,3,1342.66
18568,7448,786,4,258.03
18569,7448,104,1,1673.81
18570,7448,303,1,3528.76
18571,7449,1830,5,1574.79
18572,7449,1888,5,3305.95
18573,7449,672,4,2422.67
18574,7450,484,1,2046.14
18575,7450,1542,2,142.87
18576,7450,458,4,2007.63
18577,7450,999,4,2945.34
18578,7451,1642,2,2231.42
18579,7451,1665,2,1621.6
18580,7451,813,5,898.42
18581,7452,217,5,657.68
18582,7453,665,4,946.77
18583,7454,692,1,4629.69
18584,7455,1067,1,3205.61
18585,7456,762,3,1754.49
18586,7456,1251,5,898.05
18587,7457,33,2,618.65
18588,7457,1868,2,2512.3
18589,7457,165,4,3913.37
18590,7458,1043,5,3990.48
18591,7458,133,1,3235.57
18592,7458,1621,1,459.84
18593,7459,640,5,3707.44
18594,7459,229,1,554.15
18595,7460,315,5,1223.18
18596,7460,395,2,2293.09
18597,7460,985,1,216.01
18598,7460,398,4,3406.19
18599,7461,1586,2,3635.23
18600,7462,870,1,2586.71
18601,7463,377,5,2710.63
18602,7463,1260,1,3252.12
18603,7463,1142,4,1770.45
18604,7463,1367,2,308.74
18605,7464,893,4,87.07
18606,7464,1702,1,2855.01
18607,7465,1548,3,1570.25
18608,7466,1407,5,3721.74
18609,7466,1069,2,4944.78
18610,7466,1084,1,2561.27
18611,7467,1453,2,1778.93
18612,7468,1689,5,4055.41
18613,7469,390,3,734.47
18614,7469,1899,5,4748.11
18615,7469,1,2,19.64
18616,7470,997,5,3718.89
18617,7470,1026,3,3832.72
18618,7470,180,1,993.26
18619,7471,475,2,1955.7
18620,7471,1032,2,1565.29
18621,7471,1334,2,3114.64
18622,7472,1228,5,1637.63
18623,7473,472,1,719.22
18624,7473,601,4,4765.61
18625,7474,45,4,3512.85
18626,7474,893,2,108.23
18627,7474,40,2,4750.28
18628,7475,729,3,3272.63
18629,7475,892,5,3031.09
18630,7475,1624,2,1510.22
18631,7475,1025,3,3996.37
18632,7476,231,5,4228.4
18633,7476,1801,1,3867.76
18634,7476,270,3,3023.26
18635,7477,145,3,4174.9
18636,7477,1921,1,78.32
18637,7477,924,3,407.23
18638,7478,1265,5,2890.04
18639,7478,491,1,4756.43
18640,7479,1844,5,545.23
18641,7480,1927,5,3376.17
18642,7480,228,2,3049.62
18643,7480,1865,5,1486.0
18644,7481,326,5,2119.6
18645,7481,1892,4,3756.21
18646,7481,41,3,4483.86
18647,7482,417,3,622.91
18648,7482,198,3,1266.5
18649,7483,1677,3,828.77
18650,7484,285,4,1763.96
18651,7484,723,2,2989.89
18652,7485,1919,5,2728.56
18653,7486,1522,2,1931.12
18654,7487,481,4,976.31
18655,7487,253,2,759.77
18656,7488,387,5,2453.3
18657,7488,103,4,4739.24
18658,7489,806,3,131.42
18659,7490,1998,3,3168.26
18660,7491,163,1,3038.73
18661,7491,1332,5,2934.88
18662,7491,609,5,1519.93
18663,7491,1738,3,1876.76
18664,7492,298,5,3203.67
18665,7493,1296,2,292.88
18666,7493,1169,4,469.06
18667,7493,339,4,2744.38
18668,7494,1187,1,3486.78
18669,7494,1205,2,4795.08
18670,7494,1426,2,2527.95
18671,7495,1255,3,3780.37
18672,7495,359,4,4464.57
18673,7495,1389,5,1784.49
18674,7495,1801,3,4297.61
18675,7496,1062,1,144.22
18676,7496,1584,3,4258.11
18677,7497,777,2,2077.46
18678,7497,192,2,4658.31
18679,7497,485,5,2848.42
18680,7498,104,5,1534.88
18681,7498,329,3,3700.38
18682,7498,767,1,1960.05
18683,7499,1187,3,3179.76
18684,7499,310,4,2597.42
18685,7500,1095,3,2430.64
18686,7500,56,1,3613.22
18687,7500,846,4,3819.23
18688,7501,476,4,424.22
18689,7501,741,5,3043.25
18690,7502,1164,4,2226.51
18691,7502,1770,5,3631.56
18692,7502,750,1,2618.93
18693,7503,597,1,513.89
18694,7503,375,2,1464.53
18695,7503,882,5,2446.15
18696,7504,1078,4,2862.34
18697,7505,1252,3,204.93
18698,7505,210,4,1086.85
18699,7505,1597,1,4997.07
18700,7505,564,1,4607.16
18701,7506,1096,3,2154.04
18702,7506,405,1,1851.0
18703,7506,325,2,778.82
18704,7506,1516,2,3991.13
18705,7507,1199,1,2527.07
18706,7508,444,1,4232.65
18707,7509,117,3,2197.34
18708,7509,1682,5,1650.57
18709,7510,305,1,1143.82
18710,7511,30,3,2569.19
18711,7511,643,4,3185.4
18712,7512,618,3,3436.62
18713,7512,912,4,3354.45
18714,7513,1339,2,1539.51
18715,7513,767,4,2284.41
18716,7513,1586,2,3954.89
18717,7513,1292,4,3922.73
18718,7514,606,1,4515.64
18719,7514,477,5,4760.62
18720,7515,167,1,2650.66
18721,7516,230,3,1092.51
18722,7517,370,4,4704.13
18723,7517,1637,5,910.75
18724,7517,904,4,3963.67
18725,7518,1273,4,2490.93
18726,7518,803,2,4544.47
18727,7519,1270,5,4109.19
18728,7519,1593,5,3694.8
18729,7519,1368,5,2948.1
18730,7519,1992,1,464.25
18731,7520,140,3,4472.12
18732,7520,612,3,3147.96
18733,7520,812,2,4622.84
18734,7521,223,1,1865.59
18735,7522,262,1,309.83
18736,7522,767,1,2284.41
18737,7522,190,1,845.16
18738,7522,130,4,60.58
18739,7523,229,1,554.15
18740,7523,68,1,395.92
18741,7523,1595,2,1776.86
18742,7524,1739,1,4090.09
18743,7525,502,1,584.21
18744,7526,1703,4,3435.52
18745,7526,1170,3,1315.23
18746,7527,1252,5,204.93
18747,7527,229,5,554.15
18748,7528,349,5,2947.87
18749,7528,764,4,2226.69
18750,7528,1680,3,1224.93
18751,7528,1818,2,638.36
18752,7529,1562,2,4274.93
18753,7530,1461,1,2491.05
18754,7531,1119,3,3549.39
18755,7531,1104,3,2160.59
18756,7532,1422,2,1430.68
18757,7532,733,4,1237.21
18758,7533,38,4,3283.97
18759,7533,977,4,638.45
18760,7533,50,5,2406.36
18761,7534,548,3,790.99
18762,7535,373,3,4531.36
18763,7536,955,1,1529.31
18764,7536,644,2,1244.88
18765,7537,1122,1,246.03
18766,7537,1380,3,3721.35
18767,7538,8,5,4283.46
18768,7538,1458,5,1609.23
18769,7538,24,5,4213.26
18770,7538,1086,5,4700.28
18771,7539,389,3,825.04
18772,7539,233,2,314.31
18773,7539,1760,1,4916.81
18774,7539,477,3,4760.62
18775,7540,299,1,2038.22
18776,7541,1068,5,1499.27
18777,7541,850,2,34.16
18778,7542,535,2,2607.22
18779,7542,1964,3,3473.21
18780,7542,75,3,50.34
18781,7542,1960,1,1408.53
18782,7543,1643,4,2610.69
18783,7544,174,3,347.95
18784,7545,333,2,4209.31
18785,7545,1767,4,2213.8
18786,7546,353,5,2968.48
18787,7547,1601,3,1185.21
18788,7547,56,2,3613.22
18789,7548,1462,3,3236.96
18790,7548,993,5,29.01
18791,7548,189,2,2961.0
18792,7549,1494,1,195.63
18793,7549,1404,5,1574.54
18794,7549,862,3,808.75
18795,7549,601,4,4765.61
18796,7550,941,5,3595.58
18797,7550,1380,2,3721.35
18798,7550,1862,4,2800.47
18799,7550,536,4,2265.43
18800,7551,227,1,3165.38
18801,7551,66,2,461.64
18802,7551,929,1,3247.89
18803,7551,1551,4,2299.4
18804,7552,1669,3,3246.59
18805,7553,427,4,439.75
18806,7553,1895,1,3757.03
18807,7553,814,4,2583.2
18808,7554,1370,5,1021.39
18809,7554,714,2,3522.48
18810,7554,630,3,2446.22
18811,7555,1402,2,1111.29
18812,7555,270,1,2854.11
18813,7555,1480,4,705.06
18814,7556,41,3,4483.86
18815,7557,1748,5,681.78
18816,7558,333,4,4209.31
18817,7558,208,4,1246.29
18818,7559,1853,5,4612.68
18819,7559,1610,5,386.02
18820,7559,678,4,3742.53
18821,7559,322,3,1128.18
18822,7560,1180,5,3403.33
18823,7560,1512,4,3381.05
18824,7560,446,1,1003.7
18825,7561,1980,3,885.72
18826,7561,1956,5,794.52
18827,7562,616,5,4320.21
18828,7562,1535,2,2002.12
18829,7563,943,3,3890.6
18830,7564,1881,4,3178.03
18831,7564,1338,4,2432.88
18832,7565,1671,1,2466.95
18833,7565,1750,1,4149.38
18834,7565,727,5,1141.07
18835,7565,1658,3,1105.04
18836,7566,1866,2,3049.22
18837,7566,1080,2,4797.15
18838,7566,1249,2,4030.19
18839,7566,359,5,4464.57
18840,7567,195,3,1260.96
18841,7568,1469,1,830.75
18842,7568,717,4,1550.32
18843,7569,1621,5,408.8
18844,7569,1925,3,4695.17
18845,7569,1851,3,1194.66
18846,7569,108,2,2841.42
18847,7570,1791,4,952.04
18848,7570,262,4,348.71
18849,7570,1040,1,852.31
18850,7570,1770,2,3631.56
18851,7571,610,4,1937.63
18852,7571,247,4,2657.44
18853,7571,1812,3,3787.64
18854,7572,244,3,3907.13
18855,7572,934,1,3262.71
18856,7573,921,2,675.91
18857,7573,1570,5,4336.23
18858,7573,1923,2,3707.45
18859,7573,1938,4,2315.83
18860,7574,1674,4,3311.68
18861,7574,1140,5,143.75
18862,7575,1758,3,1627.94
18863,7575,1663,4,363.7
18864,7575,1914,5,1975.44
18865,7575,1878,1,4003.14
18866,7576,112,4,373.87
18867,7577,529,4,1736.36
18868,7577,1855,5,3510.07
18869,7577,1766,4,2112.18
18870,7577,1756,5,2179.25
18871,7578,942,5,4334.82
18872,7578,1160,3,1408.95
18873,7578,1537,5,3391.26
18874,7579,1733,5,3172.94
18875,7580,1157,4,3021.97
18876,7580,1708,4,319.73
18877,7580,269,2,1250.54
18878,7581,1277,4,2592.39
18879,7581,1459,2,2168.65
18880,7581,714,1,4198.07
18881,7581,328,1,4328.97
18882,7582,1821,2,4780.59
18883,7582,1226,2,3327.06
18884,7583,1961,4,2267.48
18885,7583,391,5,545.65
18886,7583,83,2,1742.41
18887,7583,1012,1,1143.28
18888,7584,937,1,1937.21
18889,7584,966,5,406.68
18890,7584,1984,2,808.92
18891,7584,1130,3,2324.01
18892,7585,549,1,430.86
18893,7585,472,4,848.93
18894,7585,1175,5,2120.63
18895,7586,727,2,1141.07
18896,7586,438,4,3003.5
18897,7587,1623,5,4345.73
18898,7587,634,2,3050.51
18899,7588,772,4,3875.53
18900,7589,766,2,3588.86
18901,7589,467,2,3451.65
18902,7590,1214,3,410.19
18903,7591,1231,4,679.89
18904,7591,1520,5,3096.61
18905,7591,579,1,4113.9
18906,7591,718,1,358.68
18907,7592,768,2,2222.8
18908,7593,1065,5,1577.35
18909,7593,1701,3,2887.0
18910,7594,1198,4,4266.62
18911,7594,548,4,790.99
18912,7595,1649,1,3713.09
18913,7595,354,1,1420.94
18914,7596,537,2,4518.79
18915,7596,1908,2,2628.01
18916,7596,1767,2,2213.8
18917,7597,753,4,2931.64
18918,7597,1858,1,4696.05
18919,7598,282,4,614.76
18920,7598,458,3,2007.63
18921,7598,1494,2,182.15
18922,7598,106,4,833.52
18923,7599,1870,4,2326.9
18924,7599,202,4,3151.14
18925,7599,1889,4,3817.07
18926,7600,60,2,459.73
18927,7600,1454,2,869.09
18928,7601,1240,4,4001.24
18929,7601,1222,1,43.71
18930,7601,1489,5,1402.53
18931,7601,280,1,1957.71
18932,7602,1215,3,627.48
18933,7602,1386,2,3278.38
18934,7603,1902,3,171.38
18935,7603,406,5,1153.0
18936,7604,1433,5,2525.06
18937,7604,139,4,4993.88
18938,7605,235,3,217.55
18939,7606,1472,3,361.73
18940,7606,1919,3,2728.56
18941,7607,1588,1,344.25
18942,7607,1961,4,2000.21
18943,7607,1482,5,1374.53
18944,7607,594,3,2929.29
18945,7608,1057,4,4297.01
18946,7608,1504,1,3995.54
18947,7609,95,1,1165.46
18948,7609,1072,2,4913.65
18949,7609,158,3,3068.08
18950,7609,602,5,4730.97
18951,7610,555,4,3853.22
18952,7610,1920,3,2497.61
18953,7611,1138,1,2150.41
18954,7611,809,2,3104.43
18955,7611,455,5,3822.19
18956,7611,323,2,3121.78
18957,7612,395,3,2293.09
18958,7612,570,4,2071.01
18959,7612,826,4,2668.7
18960,7613,1429,4,4518.66
18961,7614,1888,1,3602.81
18962,7614,9,5,916.9
18963,7614,1324,3,1403.95
18964,7615,505,5,1344.2
18965,7615,1045,4,973.47
18966,7615,100,3,4670.26
18967,7615,78,3,525.53
18968,7616,193,4,4643.63
18969,7617,466,4,2193.4
18970,7618,585,5,4567.13
18971,7618,687,4,343.32
18972,7618,1748,4,623.06
18973,7618,875,4,593.63
18974,7619,1012,2,1108.77
18975,7619,1274,3,3944.58
18976,7620,27,4,3124.89
18977,7621,453,1,3895.42
18978,7621,1240,3,4001.24
18979,7621,1571,3,3828.97
18980,7622,122,3,349.5
18981,7622,154,4,696.76
18982,7623,1683,1,4193.9
18983,7623,828,1,4204.94
18984,7623,1348,4,219.33
18985,7623,835,2,824.78
18986,7624,1957,1,680.58
18987,7624,1053,4,2376.88
18988,7624,776,2,142.47
18989,7625,1567,3,2535.92
18990,7626,517,1,586.1
18991,7626,1917,3,2715.99
18992,7626,1782,1,3778.35
18993,7626,1279,2,2423.46
18994,7627,526,4,1644.34
18995,7627,1740,5,2678.81
18996,7627,173,3,3873.68
18997,7628,1881,2,3178.03
18998,7628,436,5,3787.72
18999,7628,634,3,3390.51
19000,7628,122,1,349.5
19001,7629,1260,2,3252.12
19002,7629,554,3,4495.61
19003,7629,1334,2,3114.64
19004,7630,115,3,4104.14
19005,7631,1704,5,4825.0
19006,7631,1270,3,3409.75
19007,7632,1070,4,1545.21
19008,7632,1268,5,1590.21
19009,7632,1395,5,2500.5
19010,7632,1662,2,3160.26
19011,7633,278,5,2545.14
19012,7634,642,1,3835.02
19013,7635,1236,5,3726.81
19014,7635,484,5,1730.88
19015,7636,1922,3,2750.44
19016,7636,1355,5,4828.7
19017,7636,178,1,4327.53
19018,7637,796,4,3283.75
19019,7637,326,4,2119.6
19020,7637,1272,1,855.09
19021,7638,833,4,923.62
19022,7638,598,2,298.55
19023,7638,99,3,3376.61
19024,7638,780,1,4982.09
19025,7639,92,5,4458.7
19026,7640,1070,4,1545.21
19027,7640,601,1,4765.61
19028,7641,148,5,2732.63
19029,7642,1394,4,1472.74
19030,7643,748,3,1274.43
19031,7643,785,5,3421.13
19032,7643,880,2,4537.46
19033,7644,104,4,1673.81
19034,7645,1571,5,3213.44
19035,7645,1520,1,3436.75
19036,7646,1453,4,1778.93
19037,7646,1674,4,3734.84
19038,7646,1499,4,3815.0
19039,7647,1293,5,1304.75
19040,7647,1769,4,4216.87
19041,7648,350,1,1260.04
19042,7649,1201,2,3873.97
19043,7650,950,5,3575.16
19044,7650,1088,3,1321.01
19045,7651,213,1,133.92
19046,7651,754,4,1620.48
19047,7652,43,5,1212.23
19048,7652,1762,1,768.0
19049,7652,178,4,3883.1
19050,7652,894,3,421.43
19051,7653,973,2,1198.49
19052,7653,30,4,2438.91
19053,7653,647,4,1274.12
19054,7653,1940,1,4375.64
19055,7654,1639,2,280.07
19056,7654,981,3,311.94
19057,7655,301,3,1012.97
19058,7655,309,2,494.89
19059,7655,1201,4,3873.97
19060,7656,1473,5,850.07
19061,7656,1174,3,1402.77
19062,7657,111,1,1627.07
19063,7657,1887,5,88.25
19064,7658,1844,1,461.66
19065,7658,1874,1,2038.67
19066,7659,274,2,76.35
19067,7659,791,4,1159.02
19068,7660,1387,2,3367.36
19069,7661,1211,1,1630.48
19070,7661,922,1,756.87
19071,7661,1760,3,4916.81
19072,7662,408,2,4478.71
19073,7662,1852,2,568.41
19074,7662,1067,1,3205.61
19075,7662,1674,1,4014.42
19076,7663,945,5,1759.69
19077,7663,750,4,2232.05
19078,7664,448,4,1305.83
19079,7665,1483,3,3237.23
19080,7665,531,1,1161.66
19081,7665,1412,3,2409.48
19082,7665,658,1,1245.37
19083,7666,769,1,4199.98
19084,7667,651,4,140.09
19085,7667,774,2,450.99
19086,7667,1763,2,1804.55
19087,7667,1911,4,1344.73
19088,7668,56,2,3613.22
19089,7668,1929,2,3451.12
19090,7669,315,4,1223.18
19091,7669,1464,5,3568.86
19092,7669,804,5,3811.41
19093,7669,1637,4,910.75
19094,7670,1989,2,2713.54
19095,7671,246,3,1278.44
19096,7671,949,2,3259.59
19097,7672,1143,5,3847.12
19098,7672,785,2,3741.23
19099,7673,1171,1,3620.47
19100,7674,971,1,3736.08
19101,7674,648,2,469.49
19102,7674,362,4,2646.06
19103,7675,447,3,1882.07
19104,7676,1577,4,661.29
19105,7677,1761,2,4165.49
19106,7677,598,4,298.55
19107,7677,1889,4,4157.09
19108,7678,37,3,3285.39
19109,7678,1658,5,1105.04
19110,7679,846,5,3819.23
19111,7680,1037,4,1567.44
19112,7680,1316,2,1265.33
19113,7680,870,5,2586.71
19114,7681,504,2,782.8
19115,7682,1104,3,2160.59
19116,7683,1064,4,891.81
19117,7683,1863,1,4385.05
19118,7684,1900,1,141.22
19119,7685,1411,1,3246.16
19120,7685,1020,5,2914.02
19121,7685,1242,2,1507.11
19122,7686,835,1,752.9
19123,7686,1253,1,4822.44
19124,7686,768,5,2222.8
19125,7687,753,3,2931.64
19126,7687,1295,5,4824.7
19127,7687,1045,1,973.47
19128,7688,1302,5,293.22
19129,7688,734,3,2141.13
19130,7688,1129,5,4161.06
19131,7688,533,3,283.98
19132,7689,106,2,833.52
19133,7689,777,3,2077.46
19134,7690,962,1,863.78
19135,7691,1247,3,3146.26
19136,7691,1779,4,4333.82
19137,7692,1109,4,482.64
19138,7692,917,3,3523.38
19139,7692,22,5,3853.54
19140,7693,445,5,4082.97
19141,7693,1120,3,3040.43
19142,7693,699,3,4601.64
19143,7694,1352,2,409.65
19144,7694,668,1,371.43
19145,7694,1287,1,3932.11
19146,7694,69,2,814.84
19147,7695,911,1,2827.43
19148,7695,1705,3,2113.8
19149,7696,233,5,292.0
19150,7696,1324,2,1491.93
19151,7697,1470,1,2304.56
19152,7697,397,2,4722.85
19153,7698,1391,3,2097.4
19154,7698,1628,3,4748.71
19155,7698,1218,5,1372.33
19156,7699,30,1,2949.45
19157,7700,216,2,1372.02
19158,7701,273,1,2698.03
19159,7701,1463,4,4311.37
19160,7701,1033,3,3497.95
19161,7701,850,5,32.1
19162,7702,1911,3,1523.55
19163,7702,1997,5,4843.33
19164,7702,1173,1,3799.31
19165,7703,882,5,2446.15
19166,7704,1336,3,3168.5
19167,7704,434,2,2688.44
19168,7704,307,4,315.91
19169,7705,1858,5,4696.05
19170,7705,1686,4,456.49
19171,7705,904,2,4894.55
19172,7705,645,3,4070.0
19173,7706,989,2,3743.11
19174,7707,296,3,2266.44
19175,7707,996,4,2795.3
19176,7708,725,5,1883.71
19177,7708,1469,3,743.8
19178,7708,1470,1,2622.08
19179,7708,1803,3,2615.85
19180,7709,91,3,1342.66
19181,7709,264,4,3080.46
19182,7709,1180,2,3403.33
19183,7710,1816,2,1970.73
19184,7710,890,2,1597.12
19185,7710,1381,2,1933.35
19186,7710,475,1,2104.97
19187,7711,382,4,2952.32
19188,7711,927,2,3677.85
19189,7711,1222,3,43.71
19190,7711,592,5,3577.8
19191,7712,1456,2,3421.86
19192,7712,333,3,4209.31
19193,7712,1767,4,2213.8
19194,7712,1247,1,3146.26
19195,7713,1968,4,148.77
19196,7713,286,2,4091.05
19197,7713,422,1,3273.22
19198,7714,1893,4,3012.28
19199,7715,1677,3,828.77
19200,7716,1838,5,477.67
19201,7716,137,2,2140.08
19202,7717,848,2,2754.39
19203,7717,798,3,4170.48
19204,7717,1573,5,2737.95
19205,7717,1428,3,1023.73
19206,7718,1844,4,545.23
19207,7718,1161,3,2493.53
19208,7718,1552,2,2043.9
19209,7719,1878,3,3443.65
19210,7719,776,3,142.47
19211,7720,1951,2,1435.17
19212,7721,222,2,4379.2
19213,7722,1123,2,577.55
19214,7722,1746,4,3623.92
19215,7722,262,5,311.35
19216,7723,1219,2,2171.44
19217,7723,1661,1,4981.28
19218,7724,288,3,4203.67
19219,7724,1452,1,764.05
19220,7724,1460,2,3394.34
19221,7724,1954,1,4409.84
19222,7725,1908,2,2628.01
19223,7725,977,2,638.45
19224,7725,1299,5,4280.63
19225,7726,599,4,4118.15
19226,7726,590,4,2350.34
19227,7726,1177,5,3460.99
19228,7727,547,2,2542.66
19229,7727,290,1,2698.82
19230,7727,1434,5,1186.26
19231,7727,653,5,601.62
19232,7728,882,2,2446.15
19233,7728,1400,2,1810.03
19234,7728,738,2,4299.22
19235,7729,335,2,3956.9
19236,7730,771,1,250.29
19237,7730,472,3,848.93
19238,7731,1719,3,4207.69
19239,7731,783,1,41.05
19240,7731,460,3,4443.01
19241,7731,106,4,833.52
19242,7732,510,5,2358.23
19243,7732,1450,5,4048.3
19244,7732,486,2,416.34
19245,7732,964,3,2605.27
19246,7733,22,4,3853.54
19247,7733,286,5,4563.87
19248,7733,635,3,4443.09
19249,7733,1896,2,2418.5
19250,7734,943,3,3890.6
19251,7734,961,1,3702.11
19252,7734,493,4,488.29
19253,7734,369,5,4023.43
19254,7735,1883,1,692.17
19255,7735,654,2,61.45
19256,7735,662,4,1537.86
19257,7736,278,5,2185.64
19258,7736,282,5,614.76
19259,7737,1213,5,1933.12
19260,7737,672,5,2422.67
19261,7737,1764,4,2524.19
19262,7738,838,3,1494.32
19263,7738,1764,4,2524.19
19264,7739,1112,5,3334.7
19265,7739,1116,2,4295.94
19266,7740,1159,5,2663.3
19267,7740,62,2,3329.9
19268,7740,1575,5,4759.72
19269,7740,1927,1,3376.17
19270,7741,115,3,4104.14
19271,7741,396,2,2432.47
19272,7742,859,5,4439.46
19273,7742,1885,5,2638.54
19274,7742,1220,5,558.75
19275,7742,476,1,480.09
19276,7743,1226,1,3217.28
19277,7743,557,3,2749.62
19278,7743,551,5,318.01
19279,7744,950,1,3575.16
19280,7745,1482,5,1374.53
19281,7745,1114,3,2404.95
19282,7746,1549,4,3051.13
19283,7746,515,4,3509.15
19284,7746,189,5,2961.0
19285,7747,1234,3,552.76
19286,7747,535,5,2607.22
19287,7747,1547,4,2634.15
19288,7748,1810,1,1752.64
19289,7749,706,5,3972.13
19290,7750,192,4,4090.75
19291,7750,1488,1,1662.93
19292,7750,96,4,4674.1
19293,7751,819,4,1886.35
19294,7751,1815,4,3436.44
19295,7752,331,4,205.88
19296,7752,563,3,719.34
19297,7752,1483,1,2672.46
19298,7753,447,2,1882.07
19299,7753,1952,2,2454.26
19300,7754,1918,1,4282.99
19301,7754,345,5,4476.61
19302,7754,1676,3,342.22
19303,7755,446,3,1003.7
19304,7755,903,3,2390.95
19305,7756,312,5,1267.23
19306,7756,1336,3,2581.79
19307,7756,584,2,1765.65
19308,7757,42,4,4975.48
19309,7757,1209,3,1827.1
19310,7757,810,2,2694.6
19311,7758,1037,2,1383.63
19312,7758,1417,2,3166.92
19313,7758,75,4,50.34
19314,7758,1130,3,2324.01
19315,7759,1680,3,1224.93
19316,7759,1922,3,2750.44
19317,7759,1196,2,571.04
19318,7760,786,5,287.29
19319,7761,1862,4,3083.03
19320,7762,1837,4,4360.25
19321,7762,1446,3,3668.66
19322,7762,643,2,3185.4
19323,7762,665,1,946.77
19324,7763,319,2,684.29
19325,7763,972,1,4344.95
19326,7764,842,5,68.18
19327,7764,946,4,2790.2
19328,7765,1447,3,4186.93
19329,7765,1927,3,3376.17
19330,7765,76,2,594.9
19331,7766,1336,1,2564.25
19332,7766,1473,2,850.07
19333,7766,96,1,4674.1
19334,7766,1140,2,143.75
19335,7767,1094,3,4482.97
19336,7768,1529,5,1524.47
19337,7768,1516,4,3810.74
19338,7768,1505,2,3735.18
19339,7769,1461,1,3052.71
19340,7769,1366,3,3554.33
19341,7770,1035,3,1498.36
19342,7771,1076,4,4810.42
19343,7771,87,5,2762.02
19344,7771,471,2,1914.7
19345,7771,761,5,924.34
19346,7772,632,4,2090.66
19347,7772,1212,5,4527.15
19348,7772,1419,5,2348.86
19349,7772,721,2,93.68
19350,7773,1669,2,3246.59
19351,7774,135,4,4248.92
19352,7774,31,5,148.82
19353,7774,1869,5,349.95
19354,7774,1097,5,449.21
19355,7775,1607,1,2615.57
19356,7775,894,4,376.71
19357,7776,257,1,404.91
19358,7776,1222,1,35.84
19359,7777,977,5,638.45
19360,7778,1145,2,3311.91
19361,7779,1503,5,3800.69
19362,7779,129,4,4668.8
19363,7779,1915,4,2501.15
19364,7780,1649,4,3713.09
19365,7780,778,4,1884.21
19366,7780,71,3,4701.99
19367,7780,1370,3,1021.39
19368,7781,1111,4,1910.09
19369,7782,610,4,2298.27
19370,7782,1710,3,1341.58
19371,7782,1090,3,3677.27
19372,7783,1931,3,2121.67
19373,7784,143,1,2926.5
19374,7784,900,4,2859.07
19375,7784,239,4,3126.17
19376,7785,412,2,3557.28
19377,7786,819,5,2142.95
19378,7786,1303,5,68.4
19379,7787,1628,4,4748.71
19380,7787,1348,1,219.33
19381,7787,1045,2,808.31
19382,7788,1637,2,910.75
19383,7788,124,3,1788.45
19384,7788,1138,3,2305.56
19385,7789,1286,3,791.64
19386,7789,437,1,4389.45
19387,7790,1936,3,1780.81
19388,7791,1081,1,1664.25
19389,7791,1898,3,1001.41
19390,7791,267,2,1827.23
19391,7791,1860,2,3653.4
19392,7792,1178,5,3058.33
19393,7792,1397,2,1925.16
19394,7792,911,5,3202.05
19395,7792,1474,4,567.6
19396,7793,808,2,2854.34
19397,7793,695,3,762.18
19398,7793,637,2,2416.82
19399,7793,861,2,3002.03
19400,7794,1068,2,1499.27
19401,7794,448,3,1206.06
19402,7794,1903,1,2934.47
19403,7795,1990,1,4241.52
19404,7795,642,3,3835.02
19405,7796,1666,2,1107.86
19406,7797,1251,3,898.05
19407,7797,1607,4,2615.57
19408,7797,324,1,377.72
19409,7797,530,4,1905.89
19410,7798,1049,3,4572.88
19411,7798,697,2,1118.12
19412,7799,292,5,797.5
19413,7799,605,3,324.29
19414,7799,319,5,569.12
19415,7800,1973,1,4641.02
19416,7800,235,2,217.55
19417,7800,314,1,2232.66
19418,7801,975,1,2088.67
19419,7802,1614,3,4628.97
19420,7802,1925,2,4695.17
19421,7802,1829,3,2889.46
19422,7802,1535,4,1749.8
19423,7803,1717,1,4935.75
19424,7803,488,4,1567.45
19425,7803,1448,3,3950.08
19426,7804,1119,2,3549.39
19427,7804,202,4,3151.14
19428,7804,1331,4,772.13
19429,7804,1596,3,3772.62
19430,7805,1143,1,4442.33
19431,7805,980,5,4389.83
19432,7806,465,4,3548.43
19433,7806,1360,2,2996.1
19434,7806,1611,1,3365.34
19435,7806,549,1,430.86
19436,7807,1228,1,1898.35
19437,7808,1836,5,675.74
19438,7808,792,4,707.22
19439,7809,1464,5,2971.63
19440,7809,828,4,4204.94
19441,7809,1772,4,3340.71
19442,7809,787,5,3735.76
19443,7810,758,1,3980.65
19444,7810,1096,5,1733.83
19445,7810,1941,4,4341.05
19446,7811,720,4,2189.31
19447,7811,312,3,1267.23
19448,7811,197,2,124.38
19449,7812,654,5,74.1
19450,7812,136,4,3496.33
19451,7812,1935,5,4879.73
19452,7812,495,1,1905.05
19453,7813,1733,4,3172.94
19454,7813,511,5,2708.16
19455,7813,1362,5,3165.2
19456,7814,1643,3,2610.69
19457,7814,1675,5,4618.9
19458,7814,1062,3,158.0
19459,7815,2,3,1318.23
19460,7816,20,3,3466.81
19461,7816,1726,2,592.08
19462,7816,1256,2,3632.6
19463,7816,1479,4,772.64
19464,7817,1149,5,4334.54
19465,7818,971,3,3736.08
19466,7819,1572,2,1417.95
19467,7819,469,5,3409.35
19468,7819,1469,5,678.19
19469,7819,1442,4,2295.41
19470,7820,1291,3,1661.86
19471,7821,686,1,4311.22
19472,7822,1651,3,1559.53
19473,7822,1720,1,1127.21
19474,7823,59,5,3151.73
19475,7823,1584,2,4258.11
19476,7824,29,2,4104.81
19477,7824,507,2,1671.42
19478,7824,1322,4,1678.7
19479,7825,1326,3,670.04
19480,7825,1338,4,2432.88
19481,7825,1877,3,896.41
19482,7825,1893,2,2492.13
19483,7826,556,1,1367.56
19484,7826,52,5,4478.08
19485,7827,1938,1,2662.45
19486,7827,1703,5,2941.59
19487,7828,498,3,539.19
19488,7828,904,4,4894.55
19489,7829,754,5,1620.48
19490,7829,292,5,941.43
19491,7830,241,2,3425.75
19492,7831,1637,3,910.75
19493,7831,560,2,3783.25
19494,7832,128,3,4912.65
19495,7832,344,1,4211.01
19496,7832,1741,2,1288.8
19497,7833,1618,4,3723.46
19498,7833,1920,1,2497.61
19499,7834,5,3,4405.06
19500,7835,276,3,1435.35
19501,7835,1422,5,1221.57
19502,7835,1786,2,1660.06
19503,7835,1377,5,2370.92
19504,7836,960,5,1695.67
19505,7836,313,4,438.51
19506,7836,1954,1,4409.84
19507,7836,1966,2,4882.44
19508,7837,1369,1,1019.38
19509,7837,1707,5,341.01
19510,7837,1978,1,1163.83
19511,7837,705,4,4232.36
19512,7838,1952,4,2454.26
19513,7838,716,2,1935.49
19514,7838,269,2,1426.17
19515,7839,1806,5,4932.05
19516,7839,1454,4,869.09
19517,7839,540,3,635.0
19518,7839,1068,3,1499.27
19519,7840,1416,3,3592.41
19520,7840,33,2,618.65
19521,7840,1524,5,4529.6
19522,7840,885,2,2122.71
19523,7841,1175,2,2120.63
19524,7841,1351,4,2492.74
19525,7841,670,4,4951.0
19526,7841,117,3,2741.14
19527,7842,573,4,1933.49
19528,7842,1049,2,3828.78
19529,7842,1218,2,1559.38
19530,7843,1229,2,4239.84
19531,7843,341,5,4893.89
19532,7843,531,5,1161.66
19533,7844,695,5,762.18
19534,7844,794,2,2704.79
19535,7844,1770,4,3631.56
19536,7845,1163,1,1790.9
19537,7846,1429,2,4518.66
19538,7847,718,2,437.22
19539,7847,382,5,2480.72
19540,7848,1700,4,54.4
19541,7848,785,4,3741.23
19542,7848,265,2,410.67
19543,7849,473,1,4766.17
19544,7849,722,1,3066.52
19545,7850,1806,5,4932.05
19546,7850,1096,3,2154.04
19547,7850,1303,1,68.4
19548,7851,955,4,1814.34
19549,7851,1379,1,1583.3
19550,7851,1006,4,2255.44
19551,7852,1083,1,2172.04
19552,7853,443,1,4944.73
19553,7853,7,5,4731.63
19554,7854,612,2,2824.84
19555,7854,1084,3,2561.27
19556,7854,1150,1,4720.67
19557,7854,515,2,4246.45
19558,7855,1271,5,1820.81
19559,7855,1942,3,101.53
19560,7855,1104,4,1883.42
19561,7855,1565,2,3779.56
19562,7856,1513,5,4133.12
19563,7856,1635,5,4036.78
19564,7856,697,5,1310.25
19565,7857,1037,1,1281.42
19566,7857,1623,5,4345.73
19567,7857,718,1,437.22
19568,7857,1317,4,4464.53
19569,7858,959,4,1519.27
19570,7858,1788,2,4044.6
19571,7858,1357,5,46.32
19572,7858,1631,3,4490.57
19573,7859,315,2,1223.18
19574,7860,615,1,3440.17
19575,7861,759,1,4030.25
19576,7862,1060,1,1016.14
19577,7862,1302,3,293.22
19578,7863,1877,2,896.41
19579,7863,149,5,708.87
19580,7863,1130,4,2324.01
19581,7863,590,5,2350.34
19582,7864,1825,5,720.4
19583,7864,480,2,2773.31
19584,7864,485,1,2848.42
19585,7864,1743,1,982.62
19586,7865,125,5,1485.79
19587,7865,1380,3,3721.35
19588,7866,1007,2,1868.9
19589,7866,1492,1,1582.22
19590,7866,682,1,3773.04
19591,7867,450,2,381.47
19592,7867,51,4,2610.86
19593,7867,1043,3,3990.48
19594,7868,1602,3,2669.18
19595,7868,761,5,930.4
19596,7869,1727,1,944.49
19597,7870,1269,4,559.11
19598,7871,419,1,4248.98
19599,7872,557,4,2749.62
19600,7872,1758,3,1627.94
19601,7872,516,2,3302.52
19602,7872,592,1,3577.8
19603,7873,1289,5,702.27
19604,7873,576,5,3573.45
19605,7873,1902,3,171.38
19606,7873,1202,2,2794.24
19607,7874,308,3,4227.04
19608,7875,406,1,1153.0
19609,7875,57,3,4705.04
19610,7875,1098,4,4970.86
19611,7876,1203,4,4161.11
19612,7876,617,1,145.49
19613,7877,1112,2,3334.7
19614,7877,455,1,3822.19
19615,7877,366,2,2367.54
19616,7878,1402,1,1111.29
19617,7879,830,4,1158.94
19618,7880,1909,2,4859.09
19619,7880,1579,4,1271.12
19620,7881,291,2,4479.15
19621,7882,1326,5,821.14
19622,7882,638,3,2150.67
19623,7883,1370,3,1021.39
19624,7883,583,3,2144.19
19625,7884,24,3,4213.26
19626,7885,673,5,2749.21
19627,7885,676,4,1181.47
19628,7885,1311,1,4424.0
19629,7885,1121,5,421.04
19630,7886,264,1,3080.46
19631,7886,313,5,447.89
19632,7886,1453,2,1778.93
19633,7886,1222,5,41.01
19634,7887,325,5,778.82
19635,7888,1436,4,4303.05
19636,7888,1076,2,4050.78
19637,7888,1515,2,3193.64
19638,7888,236,4,3685.93
19639,7889,1065,4,1577.35
19640,7889,848,1,2754.39
19641,7889,1972,5,4088.97
19642,7889,768,4,1779.78
19643,7890,660,5,2109.85
19644,7891,925,3,3508.9
19645,7891,1212,1,3760.67
19646,7891,1989,1,2713.54
19647,7891,195,3,1165.4
19648,7892,1582,2,1472.47
19649,7893,1855,2,3510.07
19650,7894,319,1,684.29
19651,7895,1496,1,2078.69
19652,7896,1304,3,2267.28
19653,7896,641,2,2560.87
19654,7896,454,4,3532.11
19655,7897,1631,4,4490.57
19656,7898,721,3,93.68
19657,7898,1779,2,4333.82
19658,7898,1542,1,142.87
19659,7898,1996,5,1437.31
19660,7899,403,3,394.7
19661,7899,506,1,4793.43
19662,7899,456,5,204.74
19663,7900,1393,1,396.4
19664,7900,1760,2,4916.81
19665,7901,1518,2,971.5
19666,7901,1396,3,2643.95
19667,7902,1941,3,4341.05
19668,7902,667,4,4600.9
19669,7902,1484,5,708.41
19670,7902,1413,1,4473.5
19671,7903,453,5,4545.91
19672,7903,1740,4,2678.81
19673,7903,848,2,2754.39
19674,7903,1583,1,3561.74
19675,7904,1214,1,410.19
19676,7904,1102,4,3810.98
19677,7904,1975,2,3658.73
19678,7905,1194,1,472.3
19679,7906,452,2,3299.26
19680,7906,806,2,131.42
19681,7906,216,3,1658.13
19682,7907,1624,4,1510.22
19683,7907,1080,2,4797.15
19684,7907,1819,4,118.88
19685,7907,727,4,1062.42
19686,7908,1728,2,2701.66
19687,7908,48,1,2706.15
19688,7908,838,3,1605.7
19689,7908,1649,4,3713.09
19690,7909,4,5,2013.65
19691,7909,524,2,4240.1
19692,7909,1395,3,2500.5
19693,7909,676,1,1181.47
19694,7910,822,5,2669.85
19695,7910,728,2,1720.04
19696,7910,140,3,4472.12
19697,7910,1447,3,4186.93
19698,7911,1455,2,3197.0
19699,7911,556,4,1367.56
19700,7911,597,1,513.89
19701,7912,1954,4,4098.3
19702,7912,550,4,2260.59
19703,7912,962,4,1077.29
19704,7912,119,5,3308.25
19705,7913,711,4,2912.45
19706,7913,1510,5,1196.17
19707,7913,1888,4,3602.81
19708,7913,463,1,2370.45
19709,7914,693,4,2758.72
19710,7914,1170,5,1145.45
19711,7914,470,3,2867.01
19712,7914,188,2,1686.73
19713,7915,1667,5,2977.83
19714,7916,1392,4,4601.48
19715,7916,326,5,2119.6
19716,7917,1259,4,304.18
19717,7917,1098,4,4970.86
19718,7918,1242,5,1507.11
19719,7918,1701,4,3196.88
19720,7918,1051,3,1535.78
19721,7919,396,3,2432.47
19722,7919,1336,1,2761.48
19723,7919,592,1,3577.8
19724,7920,657,4,1698.74
19725,7920,1641,2,1853.09
19726,7920,164,1,3015.46
19727,7920,201,2,102.3
19728,7921,1848,3,606.4
19729,7921,1588,2,283.74
19730,7922,439,5,4256.54
19731,7923,924,4,407.23
19732,7923,1825,1,616.0
19733,7924,1178,3,3058.33
19734,7924,1581,4,2985.72
19735,7924,1320,1,1133.36
19736,7925,195,5,1260.96
19737,7925,1888,4,3602.81
19738,7926,689,5,42.67
19739,7926,660,2,2431.78
19740,7926,1041,5,2917.36
19741,7926,21,4,3692.52
19742,7927,280,3,1957.71
19743,7928,1308,2,3851.02
19744,7928,832,1,1791.53
19745,7928,143,1,2926.5
19746,7928,32,4,3280.66
19747,7929,1633,1,4642.34
19748,7930,1461,5,3052.71
19749,7930,851,2,3486.75
19750,7930,1739,5,4090.09
19751,7930,773,2,1551.94
19752,7931,1954,3,3717.11
19753,7931,143,1,2926.5
19754,7931,678,1,3742.53
19755,7931,1462,1,3236.96
19756,7932,968,4,822.7
19757,7933,1780,1,1696.82
19758,7934,1539,2,87.6
19759,7935,1395,4,2072.19
19760,7935,1219,2,2455.23
19761,7935,1309,1,4419.04
19762,7935,578,2,2508.96
19763,7936,1100,1,3708.22
19764,7937,1012,5,1232.66
19765,7938,1518,2,1171.72
19766,7938,1332,5,2934.88
19767,7938,493,2,488.29
19768,7938,620,5,2482.81
19769,7939,1306,2,3280.58
19770,7939,903,4,2390.95
19771,7939,167,4,2584.3
19772,7940,838,1,1605.7
19773,7940,1494,5,195.63
19774,7940,1700,2,54.4
19775,7941,161,4,45.03
19776,7942,514,4,652.66
19777,7942,1800,1,1027.07
19778,7942,1547,1,2740.8
19779,7943,601,5,4765.61
19780,7943,342,5,4327.25
19781,7943,883,5,625.86
19782,7944,1307,2,2522.81
19783,7944,189,1,2961.0
19784,7945,1837,2,4360.25
19785,7945,171,2,2190.87
19786,7946,998,1,4107.24
19787,7946,215,5,1484.84
19788,7946,466,3,2193.4
19789,7946,34,3,2721.72
19790,7947,1241,5,2878.24
19791,7948,504,2,782.8
19792,7948,221,5,1054.07
19793,7948,1992,5,425.41
19794,7949,954,4,4296.56
19795,7949,1522,4,1762.78
19796,7949,1966,5,4882.44
19797,7949,844,4,3408.55
19798,7950,1279,1,2423.46
19799,7950,758,1,3980.65
19800,7950,1230,2,2848.87
19801,7951,36,4,1798.08
19802,7951,1608,4,2480.7
19803,7951,1919,3,2728.56
19804,7951,661,5,1614.81
19805,7952,134,1,1940.05
19806,7953,89,5,65.93
19807,7953,1522,5,1834.36
19808,7954,322,1,1128.18
19809,7954,874,1,4765.46
19810,7954,1876,1,915.48
19811,7954,1439,1,3836.78
19812,7955,291,4,4479.15
19813,7956,1098,5,4970.86
19814,7956,220,4,1408.94
19815,7956,787,1,3735.76
19816,7957,510,3,2677.13
19817,7957,1635,1,4087.92
19818,7958,122,2,349.5
19819,7958,1379,1,1823.96
19820,7958,517,2,524.85
19821,7959,271,5,3452.89
19822,7959,968,2,967.88
19823,7960,1615,3,2853.97
19824,7961,1002,5,2376.38
19825,7961,1533,4,2308.28
19826,7962,304,5,4475.38
19827,7962,1301,4,2911.31
19828,7962,789,4,1432.18
19829,7963,450,1,357.33
19830,7963,1433,4,2525.06
19831,7963,1965,5,4683.28
19832,7964,82,4,4492.0
19833,7965,1195,5,69.7
19834,7965,828,1,4204.94
19835,7965,1139,5,2565.96
19836,7965,278,3,2545.14
19837,7966,490,4,1644.97
19838,7966,252,2,1843.4
19839,7967,1091,2,2015.24
19840,7968,362,2,2395.87
19841,7968,1962,5,1588.31
19842,7969,1558,2,2317.69
19843,7969,1727,1,888.11
19844,7969,1904,3,23.78
19845,7970,1652,3,342.56
19846,7970,1576,5,3852.85
19847,7971,1670,4,3775.41
19848,7972,253,4,801.69
19849,7972,1745,2,524.94
19850,7972,1075,2,1297.7
19851,7972,1477,3,2032.59
19852,7973,1798,4,3519.52
19853,7973,358,2,1233.98
19854,7973,1122,3,246.03
19855,7973,880,1,4537.46
19856,7974,56,2,3613.22
19857,7975,1371,5,4005.07
19858,7975,1202,3,3015.22
19859,7976,776,4,142.47
19860,7976,1794,4,4240.61
19861,7976,285,2,1882.5
19862,7976,415,2,273.97
19863,7977,1243,1,3196.84
19864,7978,721,2,93.68
19865,7978,234,5,938.67
19866,7978,1613,4,2651.93
19867,7979,275,1,2537.76
19868,7979,1468,2,2274.06
19869,7980,1073,4,1327.8
19870,7981,1931,3,2121.67
19871,7982,761,5,1097.43
19872,7982,452,5,3867.18
19873,7982,1601,5,1249.57
19874,7982,744,1,1845.14
19875,7983,1591,3,2817.51
19876,7983,1861,3,501.6
19877,7983,763,2,3663.37
19878,7983,157,1,4489.54
19879,7984,1668,2,2385.75
19880,7984,86,1,1479.15
19881,7984,431,1,3294.77
19882,7985,1726,2,635.25
19883,7985,894,2,421.43
19884,7985,764,3,2002.31
19885,7986,1986,4,3350.49
19886,7986,1868,2,2512.3
19887,7986,701,2,2326.65
19888,7986,1509,3,1398.09
19889,7987,1409,1,943.24
19890,7987,966,3,406.68
19891,7987,1358,2,4529.67
19892,7988,1020,3,2690.57
19893,7989,330,1,4858.01
19894,7989,252,1,1843.4
19895,7989,1265,3,2341.59
19896,7989,1512,1,3381.05
19897,7990,1533,4,2308.28
19898,7990,239,1,3126.17
19899,7990,776,3,142.47
19900,7991,564,5,4607.16
19901,7991,643,3,2830.14
19902,7991,1093,3,3916.92
19903,7991,771,5,289.99
19904,7992,1745,2,524.94
19905,7992,471,1,1914.7
19906,7992,1067,4,3205.61
19907,7993,20,4,3466.81
19908,7993,1942,3,119.81
19909,7994,1718,5,4491.54
19910,7995,1059,4,4118.26
19911,7996,1778,2,3865.81
19912,7997,924,3,407.23
19913,7997,673,2,3206.77
19914,7998,633,5,1499.21
19915,7999,818,3,1691.29
19916,7999,1410,3,3298.74
19917,7999,439,4,4256.54
19918,7999,822,2,2979.71
19919,8000,829,3,2028.46
19920,8000,672,5,2422.67
19921,8000,1960,2,1687.21
19922,8000,915,4,4241.85
19923,8001,1950,4,3525.4
19924,8002,835,3,824.78
19925,8002,1412,1,2409.48
19926,8002,1970,2,618.35
19927,8002,924,4,407.23
19928,8003,170,4,2097.92
19929,8004,1806,2,4932.05
19930,8005,190,5,845.16
19931,8005,357,1,1811.46
19932,8006,139,4,4993.88
19933,8006,1916,5,60.17
19934,8006,1167,3,2893.83
19935,8007,1913,2,2084.58
19936,8007,533,1,283.98
19937,8007,125,1,1485.79
19938,8008,1072,3,4913.65
19939,8009,85,2,1381.91
19940,8010,1694,3,2882.13
19941,8011,129,1,4668.8
19942,8011,1947,3,1787.64
19943,8012,406,4,968.93
19944,8013,1750,4,3759.87
19945,8013,1031,1,2261.27
19946,8014,1435,4,3765.92
19947,8014,1907,3,431.07
19948,8015,1819,4,118.88
19949,8015,1108,4,2593.33
19950,8015,288,1,4203.67
19951,8016,864,2,983.71
19952,8016,577,4,1148.53
19953,8016,206,1,4141.44
19954,8016,1423,5,1547.58
19955,8017,1344,3,1792.55
19956,8018,140,5,4472.12
19957,8018,871,5,4608.67
19958,8018,1256,3,3329.94
19959,8018,535,4,2607.22
19960,8019,1661,3,4981.28
19961,8019,825,2,4366.02
19962,8019,416,5,2396.26
19963,8020,1266,1,501.14
19964,8020,495,2,2325.41
19965,8021,1724,2,2941.61
19966,8021,1394,4,1232.08
19967,8021,260,3,52.66
19968,8022,753,5,2577.01
19969,8022,641,2,2560.87
19970,8023,1965,4,4683.28
19971,8024,1746,5,3623.92
19972,8025,1835,1,358.62
19973,8026,1429,1,4518.66
19974,8026,1867,3,2083.71
19975,8026,42,3,4975.48
19976,8027,1591,3,2817.51
19977,8027,178,3,4327.53
19978,8027,1937,2,2540.27
19979,8027,1242,4,1507.11
19980,8028,1773,4,2075.06
19981,8028,1260,4,3252.12
19982,8028,1778,4,3865.81
19983,8029,632,3,2090.66
19984,8029,952,2,2232.98
19985,8029,1446,5,3160.53
19986,8030,1037,5,1375.24
19987,8030,240,2,431.39
19988,8030,1427,1,2180.98
19989,8031,1941,2,3673.64
19990,8031,35,4,1386.08
19991,8031,1208,2,2536.48
19992,8032,223,3,1865.59
19993,8032,1355,5,4828.7
19994,8032,1,2,19.64
19995,8032,263,2,4797.79
19996,8033,1692,3,1836.1
19997,8034,1515,2,3802.4
19998,8034,1687,1,2836.91
19999,8034,9,3,916.9
20000,8034,1192,3,4478.16
20001,8035,1374,2,3757.68
20002,8035,1441,4,692.42
20003,8035,768,1,2018.73
20004,8035,884,5,2740.58
20005,8036,172,2,4966.4
20006,8037,1942,4,119.81
20007,8038,492,1,833.33
20008,8038,1993,2,4752.51
20009,8038,1331,4,772.13
20010,8039,1510,3,1417.49
20011,8040,2000,5,849.72
20012,8041,1311,4,3915.75
20013,8041,244,4,3907.13
20014,8042,1146,5,209.1
20015,8042,286,3,4563.87
20016,8042,734,5,2141.13
20017,8043,1563,4,3043.83
20018,8043,1010,4,4593.25
20019,8044,152,3,2688.72
20020,8044,790,4,3447.9
20021,8044,887,2,4225.09
20022,8044,784,1,2566.81
20023,8045,657,1,1698.74
20024,8045,57,4,4705.04
20025,8046,1757,1,4010.7
20026,8046,1641,2,1853.09
20027,8047,658,4,1245.37
20028,8047,1747,5,4211.6
20029,8048,1815,3,3436.44
20030,8048,706,4,3972.13
20031,8049,1698,4,2763.38
20032,8049,622,4,1553.69
20033,8050,1895,4,4104.65
20034,8050,1177,2,3460.99
20035,8051,1616,3,3567.75
20036,8052,2,4,1443.35
20037,8052,1635,4,4839.97
20038,8052,692,5,4629.69
20039,8053,925,5,3532.22
20040,8053,651,5,140.09
20041,8053,1513,1,3460.01
20042,8054,1926,5,3156.81
20043,8054,1662,5,3160.26
20044,8055,598,2,298.55
20045,8056,705,4,4232.36
20046,8056,1329,4,1706.26
20047,8056,1646,4,4531.46
20048,8056,726,2,1412.38
20049,8057,197,3,124.38
20050,8057,1755,1,1751.4
20051,8057,908,1,1720.1
20052,8058,1515,3,3802.4
20053,8059,186,3,4331.35
20054,8059,1149,1,3703.11
20055,8059,909,2,1895.6
20056,8060,1562,1,4597.92
20057,8061,1444,4,4381.89
20058,8061,625,1,4059.0
20059,8062,14,5,2641.22
20060,8062,1533,5,2308.28
20061,8062,724,3,3238.66
20062,8062,225,5,1331.62
20063,8063,261,5,3561.67
20064,8063,1519,5,4276.0
20065,8064,392,4,4147.29
20066,8064,1728,2,2701.66
20067,8065,615,2,4116.86
20068,8066,1630,3,1099.71
20069,8066,407,1,2291.87
20070,8067,1437,4,3751.2
20071,8068,1559,2,1497.62
20072,8068,1123,5,577.55
20073,8068,205,5,4043.35
20074,8068,144,3,3945.75
20075,8069,1196,1,571.04
20076,8069,1092,5,155.29
20077,8069,1809,1,1631.51
20078,8069,376,1,1550.37
20079,8070,438,1,3034.69
20080,8070,1829,2,2588.7
20081,8071,1398,3,1360.3
20082,8071,210,3,1176.68
20083,8071,738,4,4721.08
20084,8071,775,2,1756.06
20085,8072,87,2,2762.02
20086,8072,1120,2,3248.65
20087,8073,1876,3,915.48
20088,8073,1213,1,2043.1
20089,8073,1985,5,4565.54
20090,8073,489,4,938.89
20091,8074,1833,5,3938.2
20092,8074,543,5,543.77
20093,8075,287,5,3303.19
20094,8075,1822,4,4258.04
20095,8076,75,2,50.34
20096,8076,623,2,4260.78
20097,8076,459,5,2538.0
20098,8076,1716,2,2035.93
20099,8077,236,2,3685.93
20100,8077,1854,1,4400.58
20101,8077,456,4,204.74
20102,8077,104,5,1673.81
20103,8078,269,5,1426.17
20104,8078,515,1,4024.7
20105,8078,1375,2,3905.71
20106,8078,1127,3,903.31
20107,8079,1395,5,2500.5
20108,8079,1129,2,4161.06
20109,8079,241,5,3425.75
20110,8079,1023,3,3992.43
20111,8080,1346,5,970.0
20112,8080,900,5,3184.82
20113,8080,1863,2,4385.05
20114,8081,1794,2,4943.5
20115,8082,1727,5,944.49
20116,8082,979,5,2037.26
20117,8082,1338,1,1958.0
20118,8083,1238,4,4582.12
20119,8083,1641,1,1853.09
20120,8083,771,3,289.99
20121,8083,1499,1,4052.38
20122,8084,1620,4,3373.27
20123,8084,1684,5,3139.4
20124,8084,777,3,2077.46
20125,8085,1245,1,72.45
20126,8085,576,2,3189.89
20127,8086,664,2,1180.71
20128,8086,1115,5,3751.63
20129,8086,616,1,4320.21
20130,8087,1658,4,1002.44
20131,8088,1606,4,2436.74
20132,8088,861,5,3256.84
20133,8089,1137,2,1821.42
20134,8089,1010,3,4593.25
20135,8090,989,2,3743.11
20136,8091,1650,3,2182.84
20137,8091,676,3,1181.47
20138,8092,1683,5,3582.27
20139,8092,202,2,3151.14
20140,8092,980,1,4389.83
20141,8093,1563,3,3043.83
20142,8093,1263,4,2295.53
20143,8093,414,1,85.75
20144,8094,1858,5,4696.05
20145,8094,1044,3,2721.04
20146,8095,1109,1,482.64
20147,8095,248,2,2859.5
20148,8096,1816,2,1970.73
20149,8096,1822,5,4736.7
20150,8096,1288,2,3299.26
20151,8096,682,3,4710.39
20152,8097,479,3,1455.39
20153,8097,1701,1,3196.88
20154,8098,1114,4,2404.95
20155,8098,1535,5,1624.31
20156,8098,1449,4,1200.25
20157,8098,1856,5,1532.93
20158,8099,1261,3,2089.43
20159,8099,300,4,2393.53
20160,8100,1483,2,3237.23
20161,8100,1722,1,214.46
20162,8101,50,2,2406.36
20163,8101,168,1,3008.4
20164,8102,785,4,3741.23
20165,8102,866,4,1065.77
20166,8103,1198,1,4266.62
20167,8103,895,4,3681.02
20168,8104,1727,3,944.49
20169,8105,377,1,2876.14
20170,8105,383,2,1839.51
20171,8106,1221,1,237.2
20172,8106,1110,5,81.81
20173,8106,1389,5,1904.68
20174,8107,997,4,3718.89
20175,8107,195,2,1260.96
20176,8107,1444,3,4381.89
20177,8107,618,3,3436.62
20178,8108,372,4,1767.22
20179,8109,1065,4,1577.35
20180,8109,1102,3,3686.54
20181,8109,715,1,1345.17
20182,8110,596,4,1134.0
20183,8110,567,5,4674.9
20184,8110,1623,5,4345.73
20185,8110,1993,5,4752.51
20186,8111,1583,4,3561.74
20187,8111,1327,1,975.37
20188,8111,1880,2,1959.52
20189,8112,1890,3,1462.22
20190,8112,1762,2,770.21
20191,8112,309,5,494.89
20192,8113,827,1,4876.94
20193,8113,73,4,700.9
20194,8114,1780,3,1696.82
20195,8114,1531,3,4829.37
20196,8114,984,2,3382.2
20197,8115,1132,1,4201.4
20198,8115,924,5,407.23
20199,8115,968,2,967.88
20200,8116,757,2,4478.92
20201,8116,1050,1,105.34
20202,8116,1252,2,204.93
20203,8116,90,3,4686.08
20204,8117,410,4,4167.25
20205,8118,1567,4,2282.6
20206,8118,1213,2,2208.1
20207,8118,262,4,348.71
20208,8118,1602,1,2669.18
20209,8119,1785,1,1442.72
20210,8119,861,2,2870.62
20211,8119,431,1,3294.77
20212,8119,1361,1,3533.6
20213,8120,870,3,2077.48
20214,8120,508,1,4338.89
20215,8120,979,5,2037.26
20216,8121,1666,4,1107.86
20217,8121,63,4,908.21
20218,8121,801,1,1243.14
20219,8121,1281,2,3993.92
20220,8122,30,2,2949.45
20221,8122,1483,3,3237.23
20222,8122,603,4,1040.81
20223,8123,1949,5,507.29
20224,8123,9,1,916.9
20225,8123,1855,1,3510.07
20226,8123,488,5,1567.45
20227,8124,643,1,3185.4
20228,8124,399,3,775.25
20229,8124,1007,5,1868.9
20230,8125,422,3,3551.95
20231,8126,153,1,3801.02
20232,8126,397,4,4722.85
20233,8127,1390,4,2132.37
20234,8128,1178,2,3058.33
20235,8128,976,3,1872.2
20236,8128,999,4,2945.34
20237,8128,635,5,4443.09
20238,8129,1053,1,2050.13
20239,8129,326,5,2119.6
20240,8129,1446,1,3668.66
20241,8129,807,4,4677.52
20242,8130,53,1,4153.41
20243,8130,1877,3,896.41
20244,8131,1127,3,903.31
20245,8131,1562,4,4597.92
20246,8131,1368,3,2948.1
20247,8132,18,3,3935.81
20248,8133,1181,4,4162.59
20249,8133,1285,1,1561.65
20250,8134,1350,1,3281.89
20251,8134,1698,2,2763.38
20252,8134,332,2,4663.2
20253,8135,510,1,2677.13
20254,8135,766,3,3588.86
20255,8135,1586,5,3954.89
20256,8135,172,4,4966.4
20257,8136,1600,2,3627.18
20258,8137,285,3,1882.5
20259,8137,372,4,1767.22
20260,8137,1847,4,3422.2
20261,8138,1408,5,1314.08
20262,8139,383,5,1489.58
20263,8139,1882,5,1284.9
20264,8140,1650,1,2182.84
20265,8140,1194,3,401.91
20266,8140,1505,4,4216.31
20267,8140,227,1,3165.38
20268,8141,36,1,1605.38
20269,8141,1917,4,3047.65
20270,8142,1561,1,4175.17
20271,8143,45,1,3512.85
20272,8143,190,5,732.71
20273,8143,1650,5,1834.69
20274,8143,289,4,2450.56
20275,8144,1136,5,1859.45
20276,8144,1718,1,4039.14
20277,8144,275,4,2452.1
20278,8145,1509,5,1398.09
20279,8145,311,4,3553.97
20280,8145,1969,1,1715.61
20281,8145,503,2,130.02
20282,8146,149,5,637.67
20283,8147,243,3,2564.96
20284,8147,856,3,4713.32
20285,8148,1215,1,627.48
20286,8148,1954,5,4409.84
20287,8148,1808,5,3905.23
20288,8148,670,3,4951.0
20289,8149,70,1,1704.87
20290,8149,1566,3,3082.29
20291,8149,632,3,2090.66
20292,8149,1045,2,789.23
20293,8150,915,2,3811.89
20294,8150,894,1,421.43
20295,8151,1502,1,1381.14
20296,8151,813,4,833.68
20297,8151,1555,1,3690.58
20298,8152,82,5,4492.0
20299,8152,1913,5,2084.58
20300,8152,360,2,3919.53
20301,8153,590,2,1991.03
20302,8154,659,1,1295.32
20303,8154,1932,1,108.69
20304,8154,796,4,4016.74
20305,8154,1479,3,687.49
20306,8155,1758,1,1627.94
20307,8156,1513,1,4133.12
20308,8157,619,5,4795.2
20309,8158,867,3,390.65
20310,8158,597,2,513.89
20311,8159,1663,2,302.05
20312,8159,1436,1,4303.05
20313,8159,713,4,4319.36
20314,8159,1462,2,3236.96
20315,8160,1694,2,2941.29
20316,8160,1125,3,276.11
20317,8160,1044,2,2721.04
20318,8160,1956,2,700.04
20319,8161,763,4,3379.76
20320,8162,1743,2,866.22
20321,8162,1252,4,204.93
20322,8163,1125,2,339.79
20323,8164,742,3,1021.42
20324,8165,133,1,3953.01
20325,8165,1564,4,4395.5
20326,8165,1735,4,4147.46
20327,8165,1440,2,3400.35
20328,8166,390,1,734.47
20329,8166,998,3,4107.24
20330,8166,1981,1,3974.13
20331,8166,176,3,4490.57
20332,8167,1787,5,3475.32
20333,8168,892,1,3031.09
20334,8168,421,2,4612.91
20335,8168,757,5,4478.92
20336,8168,919,5,4303.03
20337,8169,1494,4,195.63
20338,8169,291,3,3736.23
20339,8170,1609,1,3710.26
20340,8171,94,4,3671.64
20341,8172,524,5,4240.1
20342,8172,1782,2,4678.02
20343,8173,1331,2,660.28
20344,8173,1660,5,167.07
20345,8174,153,4,3801.02
20346,8175,1154,1,872.87
20347,8176,355,3,578.16
20348,8176,997,1,3718.89
20349,8177,1961,2,1954.05
20350,8177,476,3,480.09
20351,8177,744,1,2156.28
20352,8177,225,2,1331.62
20353,8178,997,3,3718.89
20354,8178,1374,5,3796.5
20355,8179,1740,1,2678.81
20356,8180,1393,5,484.39
20357,8180,1155,3,2298.98
20358,8180,1587,2,2017.07
20359,8181,1516,4,4754.42
20360,8182,1905,4,3031.02
20361,8182,1102,5,4297.06
20362,8182,844,2,3408.55
20363,8183,1040,4,852.31
20364,8184,1898,5,945.71
20365,8184,1868,2,2230.05
20366,8184,638,3,2493.09
20367,8184,187,2,4624.37
20368,8185,1618,1,4119.68
20369,8185,1851,4,1194.66
20370,8186,1714,1,811.62
20371,8186,814,5,3110.03
20372,8186,222,4,4379.2
20373,8186,1922,2,2750.44
20374,8187,1063,5,3281.26
20375,8187,1752,1,3707.7
20376,8187,1522,3,1740.27
20377,8188,1102,5,4297.06
20378,8188,1677,5,828.77
20379,8188,1165,3,56.96
20380,8188,1885,1,2350.47
20381,8189,985,5,185.3
20382,8190,962,5,1077.29
20383,8191,358,5,1233.98
20384,8191,1207,3,3211.83
20385,8192,399,5,935.5
20386,8193,1171,4,3620.47
20387,8193,1705,1,2543.61
20388,8193,1608,4,2480.7
20389,8194,1740,4,2419.5
20390,8194,1388,5,1427.84
20391,8195,1504,4,4467.93
20392,8195,1223,2,1961.96
20393,8195,540,1,635.0
20394,8195,115,1,4104.14
20395,8196,1909,5,4859.09
20396,8196,1585,3,4001.74
20397,8197,1468,3,2274.06
20398,8197,711,1,2912.45
20399,8197,168,5,3008.4
20400,8197,1681,1,1516.38
20401,8198,1339,5,1431.8
20402,8198,1872,3,3813.24
20403,8198,1011,2,602.7
20404,8198,340,2,3028.53
20405,8199,601,5,4765.61
20406,8199,506,5,4793.43
20407,8199,596,2,1231.48
20408,8200,1570,5,4336.23
20409,8200,1955,5,1704.13
20410,8200,1329,1,1706.26
20411,8200,72,4,946.6
20412,8201,447,2,1882.07
20413,8202,1585,3,4809.42
20414,8202,1618,4,4119.68
20415,8202,547,1,2542.66
20416,8202,1367,1,308.74
20417,8203,1448,2,3950.08
20418,8203,1913,4,2084.58
20419,8204,677,1,45.02
20420,8204,1784,1,1361.63
20421,8204,437,1,4169.24
20422,8204,411,3,4984.22
20423,8205,567,2,4674.9
20424,8205,1119,2,3549.39
20425,8206,526,5,1644.34
20426,8206,868,3,991.31
20427,8206,1252,3,204.93
20428,8206,240,1,431.39
20429,8207,1272,3,855.09
20430,8207,193,3,4643.63
20431,8208,933,5,2246.96
20432,8208,1656,1,1699.76
20433,8209,1164,3,2226.51
20434,8210,569,2,3518.66
20435,8210,1549,2,3763.06
20436,8210,554,5,4495.61
20437,8211,1742,4,1911.55
20438,8211,1107,3,1686.83
20439,8212,1350,3,3281.89
20440,8212,1698,4,2763.38
20441,8213,1092,4,166.85
20442,8214,593,3,1356.01
20443,8214,1291,5,1661.86
20444,8214,575,1,332.75
20445,8215,1960,4,1687.21
20446,8216,1817,1,3240.09
20447,8216,1880,5,1959.52
20448,8216,485,3,2470.59
20449,8217,82,2,3924.45
20450,8218,633,4,1499.21
20451,8218,1451,4,95.51
20452,8218,855,2,3214.76
20453,8218,1852,3,497.17
20454,8219,1810,4,1849.5
20455,8219,626,2,739.49
20456,8219,1199,3,2527.07
20457,8220,1309,5,4419.04
20458,8220,872,3,1120.2
20459,8220,1316,4,1268.61
20460,8220,1551,2,2299.4
20461,8221,1064,5,891.81
20462,8222,569,4,3518.66
20463,8222,225,2,1331.62
20464,8222,166,3,2028.89
20465,8222,17,5,4936.1
20466,8223,1030,5,291.74
20467,8223,1322,1,2046.82
20468,8223,1439,3,3198.85
20469,8224,385,4,4309.91
20470,8224,599,2,4935.59
20471,8224,1273,4,2490.93
20472,8225,1331,2,772.13
20473,8226,46,2,1485.51
20474,8227,1133,2,1845.44
20475,8227,1928,3,664.98
20476,8227,1082,5,2516.36
20477,8228,1707,5,341.01
20478,8228,834,2,4957.63
20479,8229,1105,5,1308.96
20480,8229,1498,1,2947.49
20481,8229,1862,2,3083.03
20482,8229,25,3,3326.53
20483,8230,9,5,916.9
20484,8231,218,2,4703.1
20485,8231,632,2,1921.82
20486,8232,1236,1,4026.43
20487,8232,1501,3,571.27
20488,8232,285,5,1770.34
20489,8233,1481,3,1236.14
20490,8233,533,2,283.98
20491,8233,1347,3,4310.65
20492,8234,676,5,1049.01
20493,8234,1265,1,2890.04
20494,8235,945,4,1759.69
20495,8235,604,3,4183.03
20496,8235,365,4,3968.22
20497,8235,239,4,2791.79
20498,8236,1969,4,1715.61
20499,8236,1899,3,4023.51
20500,8236,584,1,1765.65
20501,8237,61,3,3122.29
20502,8238,1879,2,938.89
20503,8239,1526,2,2734.98
20504,8240,101,3,4125.78
20505,8241,823,5,4892.28
20506,8242,1078,3,2681.01
20507,8242,1648,2,3307.02
20508,8242,1636,4,4425.37
20509,8242,1930,4,1645.53
20510,8243,1981,5,3974.13
20511,8243,1683,1,3817.09
20512,8244,1905,1,3031.02
20513,8244,354,4,1420.94
20514,8245,270,2,2621.05
20515,8246,968,1,967.88
20516,8246,323,3,3121.78
20517,8247,1481,3,1129.1
20518,8247,247,5,3024.59
20519,8248,425,2,3713.27
20520,8248,84,3,182.72
20521,8249,221,4,1054.07
20522,8250,268,2,4622.54
20523,8250,179,3,3052.29
20524,8250,1308,1,3851.02
20525,8250,1666,3,1107.86
20526,8251,913,5,17.43
20527,8252,1206,1,1052.49
20528,8252,1973,2,3779.54
20529,8252,214,2,3316.61
20530,8253,280,5,1574.38
20531,8253,1057,4,4297.01
20532,8254,543,4,495.68
20533,8255,54,2,268.33
20534,8256,1401,3,3777.73
20535,8256,700,3,728.03
20536,8256,1828,5,3265.59
20537,8257,1942,4,119.81
20538,8257,1040,4,852.31
20539,8257,89,4,65.93
20540,8258,1674,4,4014.42
20541,8258,1544,4,2753.26
20542,8258,1206,5,1052.49
20543,8259,503,1,130.02
20544,8259,1300,3,2792.13
20545,8259,1191,4,2506.31
20546,8259,154,3,696.76
20547,8260,185,4,1050.24
20548,8260,401,3,1294.78
20549,8261,377,1,2876.14
20550,8262,1231,4,679.89
20551,8263,1882,1,1217.58
20552,8263,1095,5,2920.08
20553,8263,1776,1,867.72
20554,8263,1427,1,2180.98
20555,8264,1736,1,3550.81
20556,8264,1739,1,4090.09
20557,8264,1859,1,369.58
20558,8265,319,4,684.29
20559,8266,818,5,1691.29
20560,8266,959,1,1267.72
20561,8266,12,5,1305.93
20562,8266,1172,3,4339.9
20563,8267,1000,5,1180.66
20564,8267,956,4,2814.27
20565,8267,732,3,3185.96
20566,8267,1799,1,3529.71
20567,8268,523,3,3040.6
20568,8269,223,4,1865.59
20569,8269,1835,3,358.62
20570,8270,901,3,4432.43
20571,8270,425,5,3713.27
20572,8271,1975,4,3658.73
20573,8271,110,5,2200.33
20574,8271,1225,3,1107.05
20575,8271,757,2,4478.92
20576,8272,415,5,273.97
20577,8273,1575,3,4759.72
20578,8273,1050,5,99.65
20579,8273,384,5,2813.82
20580,8274,152,2,2688.72
20581,8274,900,1,3184.82
20582,8275,86,5,1479.15
20583,8276,1656,4,1497.54
20584,8276,1924,3,2430.7
20585,8277,1187,4,3173.26
20586,8278,982,1,294.46
20587,8278,1628,5,4748.71
20588,8279,1116,5,4568.6
20589,8279,658,1,1245.37
20590,8279,1172,2,4339.9
20591,8279,533,1,255.59
20592,8280,1601,4,1106.41
20593,8281,1315,5,3808.34
20594,8281,971,3,3736.08
20595,8281,877,2,4109.42
20596,8281,1332,2,2934.88
20597,8282,232,3,3846.85
20598,8283,1139,3,2565.96
20599,8283,412,1,3557.28
20600,8283,605,2,273.4
20601,8283,1132,1,4201.4
20602,8284,527,4,1149.46
20603,8284,1768,2,3632.43
20604,8284,3,5,2657.76
20605,8284,1530,1,1438.4
20606,8285,407,1,2291.87
20607,8285,280,2,1957.71
20608,8285,1791,3,815.91
20609,8286,1740,4,2355.55
20610,8286,1870,4,2326.9
20611,8286,839,4,158.88
20612,8287,981,3,355.18
20613,8287,1587,2,2271.21
20614,8287,52,3,4478.08
20615,8288,811,1,95.73
20616,8288,1158,4,3008.58
20617,8289,1488,5,1662.93
20618,8289,1252,5,167.82
20619,8289,697,4,1310.25
20620,8289,1719,2,4207.69
20621,8290,1513,3,4133.12
20622,8290,188,4,1405.15
20623,8291,1258,5,3972.09
20624,8291,650,2,1730.57
20625,8291,563,5,771.18
20626,8291,995,5,3117.51
20627,8292,494,2,2644.3
20628,8292,489,2,938.89
20629,8292,625,3,4059.0
20630,8292,41,3,4483.86
20631,8293,1161,2,2433.33
20632,8293,1495,1,2309.3
20633,8293,1932,1,108.69
20634,8293,947,1,3952.8
20635,8294,1045,5,973.47
20636,8295,382,4,2456.35
20637,8296,786,2,287.29
20638,8296,1377,5,2370.92
20639,8296,464,1,4246.39
20640,8296,1712,2,3108.47
20641,8297,1461,5,3052.71
20642,8297,1533,2,2308.28
20643,8298,609,3,1519.93
20644,8299,595,4,2571.36
20645,8300,799,4,4047.46
20646,8300,563,4,771.18
20647,8300,707,4,1194.29
20648,8301,328,1,4328.97
20649,8301,795,2,2034.25
20650,8301,528,3,2730.54
20651,8302,232,1,3846.85
20652,8303,792,2,839.44
20653,8303,718,4,437.22
20654,8303,1302,4,293.22
20655,8303,793,4,191.91
20656,8304,1503,4,4559.11
20657,8304,827,5,4876.94
20658,8304,720,4,2189.31
20659,8304,1163,3,1790.9
20660,8305,1095,3,2920.08
20661,8305,432,1,4230.98
20662,8305,456,4,204.74
20663,8305,645,3,4070.0
20664,8306,91,2,1342.66
20665,8306,1143,3,4442.33
20666,8307,1945,4,4845.83
20667,8307,207,4,4395.79
20668,8308,1643,2,2610.69
20669,8309,529,5,2017.88
20670,8309,527,1,1149.46
20671,8310,1848,1,658.19
20672,8310,508,4,4071.27
20673,8310,1764,3,2524.19
20674,8310,1204,2,4942.73
20675,8311,301,2,1012.97
20676,8312,682,2,4710.39
20677,8312,1518,4,1171.72
20678,8312,1008,4,3281.27
20679,8313,485,1,2848.42
20680,8313,802,5,1237.78
20681,8314,850,3,34.16
20682,8314,1588,1,344.25
20683,8314,518,2,2494.14
20684,8315,1193,5,2049.44
20685,8315,579,3,4113.9
20686,8315,858,1,3659.61
20687,8316,1348,4,219.33
20688,8317,655,3,120.85
20689,8317,1111,3,2376.45
20690,8317,1167,1,2368.92
20691,8318,1460,5,3394.34
20692,8318,1206,3,1052.49
20693,8319,676,1,1181.47
20694,8320,1435,5,3542.79
20695,8320,1078,5,3125.24
20696,8321,1265,5,2438.84
20697,8321,1234,2,552.76
20698,8322,10,3,3381.16
20699,8322,769,3,4199.98
20700,8323,280,4,1957.71
20701,8323,1105,3,1308.96
20702,8323,959,1,1519.27
20703,8324,1972,4,3585.57
20704,8324,481,2,853.86
20705,8324,1315,3,3808.34
20706,8324,979,1,1816.92
20707,8325,1090,4,3677.27
20708,8326,1443,2,1395.23
20709,8327,372,2,1767.22
20710,8327,554,1,4495.61
20711,8328,1807,2,1277.38
20712,8328,955,1,1814.34
20713,8328,279,4,2332.77
20714,8329,1433,3,2525.06
20715,8329,1205,2,4795.08
20716,8330,87,3,2762.02
20717,8330,1485,2,632.95
20718,8331,1440,1,3589.68
20719,8331,1056,5,151.5
20720,8331,1106,2,3007.45
20721,8332,1832,2,1391.03
20722,8332,738,3,4721.08
20723,8332,1729,1,1365.82
20724,8333,519,2,4756.84
20725,8333,203,2,3599.53
20726,8333,1614,3,3979.0
20727,8334,738,1,4721.08
20728,8334,229,3,554.15
20729,8334,1586,4,3954.89
20730,8334,274,5,88.25
20731,8335,561,3,2023.99
20732,8335,1228,3,1898.35
20733,8335,639,2,1959.67
20734,8335,1700,5,54.4
20735,8336,300,1,2393.53
20736,8336,82,5,4492.0
20737,8336,1941,4,3523.63
20738,8337,608,3,2247.3
20739,8337,1536,5,376.58
20740,8337,683,1,381.49
20741,8337,1338,4,1980.89
20742,8338,344,1,4211.01
20743,8338,1643,5,2610.69
20744,8338,856,3,4713.32
20745,8338,1216,1,3356.24
20746,8339,801,3,1073.34
20747,8339,523,4,2714.84
20748,8340,1833,3,3938.2
20749,8341,257,5,454.34
20750,8341,1209,1,1827.1
20751,8342,1069,4,4944.78
20752,8342,1580,1,4757.61
20753,8343,243,5,2564.96
20754,8343,845,2,3847.57
20755,8344,1264,4,2891.63
20756,8344,1372,5,1110.49
20757,8344,1798,5,3519.52
20758,8344,553,5,1548.73
20759,8345,259,2,3788.75
20760,8346,104,2,1673.81
20761,8346,687,3,343.32
20762,8346,313,4,474.04
20763,8346,1435,5,3765.92
20764,8347,739,1,911.42
20765,8348,983,1,431.86
20766,8348,1681,2,1516.38
20767,8349,1976,1,2781.03
20768,8349,527,1,1149.46
20769,8350,1533,3,1921.98
20770,8351,905,1,1278.01
20771,8352,801,1,1243.14
20772,8353,1936,5,1780.81
20773,8353,1765,1,573.5
20774,8354,411,4,4984.22
20775,8355,497,1,474.48
20776,8356,1602,2,2669.18
20777,8357,1205,4,4485.19
20778,8358,1924,4,2361.45
20779,8358,725,5,1883.71
20780,8358,830,3,1053.77
20781,8358,330,3,4858.01
20782,8359,1723,3,4323.91
20783,8359,1092,4,151.41
20784,8359,287,4,3303.19
20785,8359,1005,4,481.2
20786,8360,1065,3,1577.35
20787,8360,1283,3,1258.75
20788,8360,33,5,618.65
20789,8360,13,1,2227.03
20790,8361,453,4,4545.91
20791,8361,661,3,1784.45
20792,8361,750,5,2618.93
20793,8361,1969,1,1715.61
20794,8362,1215,5,627.48
20795,8362,993,5,29.01
20796,8362,1944,3,4317.22
20797,8363,1399,5,2617.78
20798,8364,73,1,597.79
20799,8365,221,2,1054.07
20800,8365,678,2,3742.53
20801,8366,1134,2,1592.31
20802,8366,1727,1,944.49
20803,8367,143,1,2926.5
20804,8367,312,3,1026.77
20805,8367,1400,3,1999.62
20806,8368,1777,1,2403.72
20807,8368,709,5,1968.3
20808,8368,1392,2,4601.48
20809,8368,1124,4,4882.27
20810,8369,575,4,332.75
20811,8370,1013,3,3056.19
20812,8370,1713,4,3233.67
20813,8371,658,4,1245.37
20814,8371,1861,5,501.6
20815,8371,317,3,2700.01
20816,8372,276,1,1269.14
20817,8372,1843,5,4261.48
20818,8372,425,2,3470.59
20819,8373,193,5,4347.5
20820,8373,455,5,3822.19
20821,8374,490,1,1644.97
20822,8375,1301,3,2911.31
20823,8375,917,4,3523.38
20824,8376,463,3,2370.45
20825,8376,106,1,833.52
20826,8376,1204,2,4605.83
20827,8376,880,2,4537.46
20828,8377,619,2,4795.2
20829,8377,459,1,2672.36
20830,8377,669,5,3129.58
20831,8378,1548,4,1570.25
20832,8378,690,2,3071.04
20833,8378,127,1,4711.87
20834,8379,628,3,4349.75
20835,8379,815,2,2374.91
20836,8379,1417,4,3166.92
20837,8380,417,5,622.91
20838,8380,384,5,2813.82
20839,8380,871,5,4169.39
20840,8380,1130,5,2206.73
20841,8381,1248,1,4345.12
20842,8381,1604,5,622.93
20843,8381,1902,2,171.38
20844,8382,262,3,306.25
20845,8382,1966,5,4882.44
20846,8382,1422,3,1430.68
20847,8382,676,2,1181.47
20848,8383,1765,1,573.5
20849,8383,1890,1,1283.18
20850,8383,806,5,108.79
20851,8383,1846,4,666.7
20852,8384,1377,4,2370.92
20853,8384,27,5,3124.89
20854,8385,583,3,2344.29
20855,8386,484,1,1915.32
20856,8386,372,3,1767.22
20857,8386,1970,5,618.35
20858,8386,1439,2,3836.78
20859,8387,397,4,4722.85
20860,8387,1647,5,3723.98
20861,8387,1695,4,2387.95
20862,8388,756,3,3900.28
20863,8388,450,1,420.78
20864,8388,1806,2,4932.05
20865,8388,71,5,4701.99
20866,8389,1472,5,396.71
20867,8389,1039,2,1550.6
20868,8390,1472,3,396.71
20869,8391,871,1,4608.67
20870,8391,1681,2,1516.38
20871,8391,1726,4,635.25
20872,8391,1193,5,2049.44
20873,8392,1225,4,1107.05
20874,8392,1046,4,1159.16
20875,8393,795,2,2034.25
20876,8393,101,5,4125.78
20877,8394,786,1,287.29
20878,8394,1932,5,108.69
20879,8394,1887,1,88.25
20880,8395,1180,5,3137.18
20881,8395,1289,5,823.25
20882,8396,1768,4,3632.43
20883,8396,10,2,3381.16
20884,8396,1779,1,4333.82
20885,8397,297,5,1853.29
20886,8398,1049,1,4572.88
20887,8399,1691,3,49.01
20888,8399,1041,4,2917.36
20889,8400,499,2,3719.03
20890,8401,540,5,635.0
20891,8402,1604,4,520.4
20892,8402,237,2,1479.18
20893,8402,1729,5,1365.82
20894,8402,1415,1,3433.14
20895,8403,1897,2,2534.34
20896,8403,1702,2,2855.01
20897,8403,111,3,1765.05
20898,8403,1449,3,1200.25
20899,8404,904,3,4560.41
20900,8404,1740,5,2242.95
20901,8404,1961,1,2267.48
20902,8405,304,1,4475.38
20903,8406,630,1,2446.22
20904,8406,1908,1,2628.01
20905,8406,1318,1,4006.54
20906,8407,1908,1,2184.77
20907,8407,1418,1,203.29
20908,8408,11,5,3907.36
20909,8408,1116,3,4568.6
20910,8408,1305,5,1337.98
20911,8409,110,3,2349.49
20912,8409,92,2,3686.78
20913,8409,181,1,2553.82
20914,8410,1521,2,3715.6
20915,8411,64,3,2258.37
20916,8411,998,4,4107.24
20917,8411,1530,2,1438.4
20918,8411,177,5,2469.38
20919,8412,1120,1,3248.65
20920,8413,1657,3,3149.48
20921,8413,1666,3,1107.86
20922,8414,418,4,4164.63
20923,8415,236,2,3685.93
20924,8416,545,3,2788.18
20925,8417,1791,3,952.04
20926,8417,1712,1,3108.47
20927,8417,1021,1,3684.3
20928,8418,1656,2,1583.66
20929,8418,921,4,675.91
20930,8419,1037,2,1567.44
20931,8419,968,2,967.88
20932,8419,281,5,4676.55
20933,8420,1822,5,4736.7
20934,8420,1017,5,4136.88
20935,8420,1627,1,4970.08
20936,8420,436,5,3461.32
20937,8421,1519,1,4276.0
20938,8421,819,1,1815.45
20939,8421,1956,1,794.52
20940,8422,1000,5,1180.66
20941,8422,524,5,4240.1
20942,8422,1739,3,4090.09
20943,8423,1793,1,2856.61
20944,8423,1479,3,772.64
20945,8423,1987,5,1206.99
20946,8423,1232,2,4553.57
20947,8424,1525,4,3157.81
20948,8424,145,5,3811.04
20949,8424,325,5,778.82
20950,8424,1427,4,2180.98
20951,8425,1710,3,1551.52
20952,8426,1100,4,3708.22
20953,8426,1815,4,3436.44
20954,8426,111,1,1765.05
20955,8427,1114,4,2404.95
20956,8427,354,3,1325.02
20957,8427,1904,3,19.21
20958,8428,1010,4,4593.25
20959,8428,1822,5,4736.7
20960,8428,1322,4,2046.82
20961,8428,1343,5,2668.19
20962,8429,357,2,1811.46
20963,8429,1384,1,4380.18
20964,8429,1698,5,2763.38
20965,8429,1000,5,1180.66
20966,8430,1442,2,2295.41
20967,8430,1164,1,2226.51
20968,8430,532,4,3341.59
20969,8430,725,5,1723.12
20970,8431,1887,1,88.25
20971,8431,1837,5,4360.25
20972,8431,316,4,4165.3
20973,8431,933,2,2246.96
20974,8432,300,4,2393.53
20975,8433,846,4,3199.05
20976,8433,404,5,2352.13
20977,8434,1797,5,1642.41
20978,8434,474,1,2019.11
20979,8434,1343,2,2485.19
20980,8435,729,5,3272.63
20981,8435,758,2,3980.65
20982,8435,5,1,4001.47
20983,8435,1107,5,1686.83
20984,8436,246,4,1278.44
20985,8436,1676,4,342.22
20986,8436,1238,3,4582.12
20987,8437,115,3,4104.14
20988,8437,1163,4,1467.0
20989,8437,694,2,4360.55
20990,8438,1168,5,3342.38
20991,8438,641,1,2048.88
20992,8439,1743,4,982.62
20993,8439,1584,2,4258.11
20994,8440,262,3,285.75
20995,8441,1769,4,4216.87
20996,8441,1512,4,3381.05
20997,8442,687,2,319.55
20998,8442,1097,5,542.09
20999,8442,1764,4,2116.29
21000,8442,1716,3,2035.93
21001,8443,814,1,3110.03
21002,8444,132,2,1696.41
21003,8445,1458,3,1609.23
21004,8446,16,2,938.32
21005,8446,1929,1,3451.12
21006,8447,1289,5,823.25
21007,8447,1793,4,2856.61
21008,8447,587,3,3620.3
21009,8448,1821,4,4780.59
21010,8448,603,1,1040.81
21011,8448,516,4,3302.52
21012,8449,1294,3,3397.16
21013,8449,1151,5,3712.56
21014,8449,233,1,314.31
21015,8449,895,4,4280.38
21016,8450,157,1,4489.54
21017,8451,373,1,4531.36
21018,8452,51,3,2912.21
21019,8453,819,2,1933.25
21020,8453,1362,2,3165.2
21021,8453,1095,1,2920.08
21022,8454,1024,5,2013.75
21023,8454,1043,4,3990.48
21024,8454,261,5,3561.67
21025,8454,505,3,1675.87
21026,8455,771,5,233.87
21027,8455,1712,1,3108.47
21028,8455,764,3,2226.69
21029,8456,663,3,1192.72
21030,8457,627,2,3263.19
21031,8457,1495,3,2805.26
21032,8457,1945,4,4429.86
21033,8457,1634,4,4323.52
21034,8458,1946,4,934.41
21035,8459,1913,4,2084.58
21036,8460,1187,1,3486.78
21037,8460,563,1,701.77
21038,8460,884,3,2740.58
21039,8460,1866,3,2638.43
21040,8461,609,3,1519.93
21041,8462,653,3,601.62
21042,8462,1360,3,2996.1
21043,8462,1166,3,4439.8
21044,8463,1782,5,4678.02
21045,8464,1201,5,3338.0
21046,8464,300,3,2393.53
21047,8465,1989,5,2713.54
21048,8466,1453,3,1778.93
21049,8466,1039,5,1464.27
21050,8466,1617,4,897.12
21051,8466,1702,5,2855.01
21052,8467,1730,4,1351.47
21053,8467,1130,3,2324.01
21054,8468,1435,1,3765.92
21055,8469,495,1,1935.56
21056,8469,1593,1,4053.1
21057,8469,726,5,1412.38
21058,8470,936,3,1664.96
21059,8471,1668,2,2385.75
21060,8471,2000,5,849.72
21061,8472,926,3,3865.4
21062,8473,606,4,4515.64
21063,8473,1163,1,1790.9
21064,8473,1203,5,4402.27
21065,8473,1828,2,3265.59
21066,8474,236,2,3685.93
21067,8474,620,4,2534.79
21068,8474,1175,4,1845.78
21069,8475,1087,4,3726.24
21070,8475,1626,1,3411.47
21071,8476,1785,5,1442.72
21072,8476,154,4,696.76
21073,8476,990,4,3669.71
21074,8477,829,2,2028.46
21075,8477,1384,3,4380.18
21076,8477,1334,5,3114.64
21077,8477,117,4,2741.14
21078,8478,303,2,3528.76
21079,8478,561,3,2023.99
21080,8478,920,5,1699.61
21081,8478,1461,4,3052.71
21082,8479,388,3,475.38
21083,8479,1161,4,2876.69
21084,8480,486,2,499.57
21085,8480,855,4,2598.07
21086,8480,1430,1,1925.3
21087,8481,891,4,2534.47
21088,8481,694,1,4360.55
21089,8482,1315,2,3808.34
21090,8482,1156,2,2717.56
21091,8482,1248,3,4345.12
21092,8482,217,1,657.68
21093,8483,1894,5,3730.4
21094,8483,294,2,4193.11
21095,8483,427,4,536.06
21096,8484,1516,3,4754.42
21097,8484,698,4,4188.03
21098,8484,22,3,3853.54
21099,8485,481,4,976.31
21100,8486,1929,5,2994.88
21101,8487,1208,5,2828.12
21102,8487,1818,3,791.28
21103,8488,676,4,1181.47
21104,8488,644,1,1244.88
21105,8488,215,4,1855.51
21106,8489,1990,1,4241.52
21107,8489,697,2,1310.25
21108,8490,1441,3,692.42
21109,8490,1542,3,142.87
21110,8490,1202,4,3015.22
21111,8490,181,5,2553.82
21112,8491,584,5,1765.65
21113,8492,764,5,2226.69
21114,8492,340,2,3028.53
21115,8493,739,5,1046.03
21116,8493,1642,5,2231.42
21117,8493,1311,5,4424.0
21118,8494,691,3,1582.01
21119,8495,207,2,4395.79
21120,8496,75,5,50.34
21121,8496,506,1,4793.43
21122,8497,1754,4,1040.98
21123,8497,131,3,3366.57
21124,8497,1721,1,3360.92
21125,8498,862,3,808.75
21126,8499,1812,2,3787.64
21127,8499,1722,4,265.02
21128,8499,1847,4,3422.2
21129,8500,275,3,3000.32
21130,8501,1308,1,3470.55
21131,8501,400,4,2808.68
21132,8502,1220,1,504.43
21133,8502,1739,5,4090.09
21134,8502,1427,4,1888.32
21135,8503,1464,3,3568.86
21136,8503,968,5,967.88
21137,8504,824,5,2349.66
21138,8504,1419,4,2348.86
21139,8504,1403,5,3226.0
21140,8504,873,3,4733.69
21141,8505,1690,4,4166.22
21142,8505,911,2,3202.05
21143,8506,167,1,2818.25
21144,8507,1751,2,371.51
21145,8507,313,4,474.04
21146,8507,333,1,3629.67
21147,8508,988,1,4286.16
21148,8508,1236,4,3260.93
21149,8508,1806,1,4932.05
21150,8508,1816,1,1970.73
21151,8509,1634,3,4323.52
21152,8509,31,1,148.82
21153,8510,525,1,585.54
21154,8511,1126,4,444.36
21155,8512,1264,3,2891.63
21156,8513,1218,2,1559.38
21157,8514,169,3,1627.56
21158,8515,1084,3,2561.27
21159,8515,944,5,314.92
21160,8515,1881,5,3178.03
21161,8516,1748,5,681.78
21162,8517,403,1,480.08
21163,8518,1276,1,4775.49
21164,8518,1664,3,4192.17
21165,8519,1934,5,641.69
21166,8519,1211,1,1341.47
21167,8519,1187,5,3486.78
21168,8520,539,5,4274.76
21169,8520,1885,1,2638.54
21170,8520,631,5,3065.52
21171,8521,214,2,3316.61
21172,8522,1716,2,2035.93
21173,8523,1155,3,2298.98
21174,8523,214,1,3316.61
21175,8523,926,4,3865.4
21176,8523,1900,3,141.22
21177,8524,1262,1,3201.63
21178,8525,1779,4,4333.82
21179,8525,535,2,2607.22
21180,8525,1073,3,1327.8
21181,8525,42,1,4533.77
21182,8526,1097,2,542.09
21183,8527,706,1,3972.13
21184,8527,161,4,55.99
21185,8527,584,2,1765.65
21186,8527,1847,1,2998.78
21187,8528,1621,4,459.84
21188,8528,617,4,145.49
21189,8529,1429,5,4518.66
21190,8530,1342,5,2958.39
21191,8530,250,2,449.92
21192,8530,1527,1,1719.79
21193,8530,1685,2,4800.62
21194,8531,1554,4,4724.71
21195,8532,1933,1,2420.56
21196,8532,1262,1,3201.63
21197,8532,1490,4,4644.16
21198,8532,464,2,3959.77
21199,8533,823,3,4892.28
21200,8533,930,3,79.28
21201,8534,243,3,2564.96
21202,8534,796,3,4016.74
21203,8534,1831,4,1066.38
21204,8535,1757,3,4010.7
21205,8535,961,4,4383.36
21206,8535,1837,5,4360.25
21207,8536,1763,1,1928.96
21208,8537,1060,5,1164.24
21209,8537,1832,3,1474.96
21210,8538,798,5,3811.06
21211,8538,1371,3,4005.07
21212,8538,204,2,4051.48
21213,8539,1183,2,348.93
21214,8539,1592,3,1277.58
21215,8539,958,2,786.16
21216,8539,856,5,4353.7
21217,8540,1415,2,3433.14
21218,8540,1028,3,1758.23
21219,8540,1340,5,1567.91
21220,8541,1288,1,3299.26
21221,8541,223,3,1865.59
21222,8541,1473,4,727.72
21223,8541,602,1,3978.43
21224,8542,1496,2,2564.23
21225,8542,162,2,980.62
21226,8543,1739,1,4090.09
21227,8543,435,5,2114.92
21228,8544,1640,3,3228.09
21229,8544,247,1,3024.59
21230,8544,309,5,494.89
21231,8545,1282,3,4678.25
21232,8545,750,5,2618.93
21233,8545,1865,5,1206.64
21234,8546,202,1,2798.03
21235,8546,294,3,4193.11
21236,8546,1687,1,2601.92
21237,8547,1834,4,3953.74
21238,8547,1256,1,3276.61
21239,8548,1007,3,1769.76
21240,8548,469,1,3409.35
21241,8549,1210,3,3696.95
21242,8550,1627,2,4970.08
21243,8550,1297,1,1916.18
21244,8550,626,1,627.94
21245,8550,1433,5,2525.06
21246,8551,835,3,824.78
21247,8552,173,4,3873.68
21248,8553,818,3,1691.29
21249,8554,791,3,1394.32
21250,8554,291,2,4479.15
21251,8555,773,2,1551.94
21252,8555,1560,3,1396.92
21253,8555,483,1,4941.39
21254,8556,1342,4,2701.22
21255,8556,967,3,3884.42
21256,8556,827,4,4143.26
21257,8556,1391,4,2097.4
21258,8557,1111,5,2081.48
21259,8558,1226,5,2807.3
21260,8558,1975,5,3453.46
21261,8559,485,5,2848.42
21262,8559,1457,4,1049.08
21263,8559,86,1,1479.15
21264,8559,1340,2,1567.91
21265,8560,98,3,2611.92
21266,8560,1215,3,582.7
21267,8560,1007,3,1569.33
21268,8561,1000,3,1180.66
21269,8561,1157,1,2533.65
21270,8561,1637,5,910.75
21271,8561,362,4,2646.06
21272,8562,235,5,184.49
21273,8562,1162,4,260.62
21274,8562,1010,5,4593.25
21275,8563,426,1,1966.25
21276,8563,1211,4,1630.48
21277,8564,543,4,543.77
21278,8564,1288,1,3299.26
21279,8564,1368,2,2948.1
21280,8564,1769,4,4216.87
21281,8565,1758,5,1627.94
21282,8565,1684,2,3589.34
21283,8565,33,5,618.65
21284,8566,417,4,622.91
21285,8566,1640,2,3228.09
21286,8567,600,1,1557.53
21287,8568,30,1,2949.45
21288,8568,363,4,2133.13
21289,8568,920,2,1594.37
21290,8569,1687,4,2836.91
21291,8570,869,5,1049.71
21292,8570,1423,4,1547.58
21293,8570,867,5,390.65
21294,8570,397,2,4722.85
21295,8571,1164,2,2226.51
21296,8572,1670,2,3775.41
21297,8572,454,2,3532.11
21298,8572,1515,2,3802.4
21299,8572,345,3,4476.61
21300,8573,1302,3,275.58
21301,8573,756,3,4290.25
21302,8574,36,2,1604.63
21303,8574,200,1,1216.73
21304,8574,1135,2,2723.74
21305,8574,1405,5,894.37
21306,8575,1996,5,1257.4
21307,8575,873,3,4733.69
21308,8575,1332,1,2934.88
21309,8576,1940,2,4375.64
21310,8576,1092,3,137.09
21311,8576,1326,5,821.14
21312,8577,1056,3,143.21
21313,8578,1557,5,1836.77
21314,8579,341,4,4893.89
21315,8579,1927,3,3376.17
21316,8579,631,3,3065.52
21317,8580,928,5,3423.28
21318,8580,782,3,147.88
21319,8580,1062,3,146.64
21320,8581,613,3,1703.51
21321,8581,997,2,3718.89
21322,8581,1993,4,4752.51
21323,8581,1570,1,4336.23
21324,8582,1349,3,421.78
21325,8583,1144,1,4456.58
21326,8584,1337,1,1760.67
21327,8584,1389,2,1904.68
21328,8584,110,1,2349.49
21329,8585,502,2,584.21
21330,8586,771,1,289.99
21331,8587,92,1,4458.7
21332,8587,1169,2,469.06
21333,8588,481,1,976.31
21334,8588,994,2,3999.58
21335,8588,1694,4,3306.81
21336,8588,1589,2,457.62
21337,8589,507,5,1671.42
21338,8589,1809,3,1631.51
21339,8590,1695,5,1997.12
21340,8590,1711,1,3091.29
21341,8591,589,4,67.26
21342,8592,301,5,1012.97
21343,8592,469,1,3409.35
21344,8592,1029,5,2318.09
21345,8592,1100,2,3708.22
21346,8593,565,1,159.76
21347,8593,1116,4,4568.6
21348,8593,350,5,1260.04
21349,8594,1848,5,727.07
21350,8594,1864,3,4244.91
21351,8594,764,2,1877.67
21352,8594,1508,2,3515.38
21353,8595,833,1,923.62
21354,8595,1986,2,2901.25
21355,8595,430,5,4669.64
21356,8595,678,4,3742.53
21357,8596,545,2,2788.18
21358,8596,901,4,4432.43
21359,8596,571,5,1186.24
21360,8596,792,5,788.23
21361,8597,610,3,2298.27
21362,8597,1038,1,3779.92
21363,8597,373,4,3843.73
21364,8598,436,2,3787.72
21365,8598,389,1,825.04
21366,8599,1547,5,2852.54
21367,8599,1529,1,1524.47
21368,8599,959,3,1519.27
21369,8600,744,1,2156.28
21370,8600,504,5,782.8
21371,8601,1318,2,4006.54
21372,8601,615,2,4116.86
21373,8602,640,5,3707.44
21374,8602,965,1,1498.27
21375,8602,343,1,1428.48
21376,8602,275,4,3000.32
21377,8603,331,1,205.88
21378,8603,886,4,1634.05
21379,8604,972,3,3530.24
21380,8605,1944,2,4317.22
21381,8605,1820,1,1295.41
21382,8605,1546,4,3706.04
21383,8606,1782,5,4678.02
21384,8606,687,2,343.32
21385,8606,403,2,480.08
21386,8606,1881,2,2685.15
21387,8607,1165,3,47.88
21388,8607,1274,4,3944.58
21389,8607,549,3,391.53
21390,8607,1213,4,1940.81
21391,8608,425,1,3713.27
21392,8608,429,2,4839.22
21393,8608,566,2,3671.74
21394,8608,1458,3,1609.23
21395,8609,1090,1,3677.27
21396,8610,1134,1,1377.25
21397,8610,1717,4,4935.75
21398,8610,456,2,204.74
21399,8611,1446,2,3289.31
21400,8612,1978,3,1245.27
21401,8612,913,5,17.43
21402,8613,723,5,2989.89
21403,8614,367,5,1480.88
21404,8614,1632,5,1855.05
21405,8614,1079,5,870.46
21406,8614,669,1,3129.58
21407,8615,867,2,390.65
21408,8615,1998,2,3353.53
21409,8615,212,1,733.07
21410,8616,421,4,4224.26
21411,8616,744,4,1992.42
21412,8616,1021,1,3684.3
21413,8616,676,2,1181.47
21414,8617,1928,3,664.98
21415,8617,976,3,1872.2
21416,8618,590,4,2350.34
21417,8618,135,3,4248.92
21418,8618,1248,1,4345.12
21419,8618,1837,2,4360.25
21420,8619,1119,4,3035.22
21421,8620,252,3,1843.4
21422,8620,1854,2,3865.36
21423,8620,331,2,205.88
21424,8620,103,1,4739.24
21425,8621,1105,3,1308.96
21426,8621,1784,5,1361.63
21427,8622,841,4,2484.52
21428,8623,1721,3,3360.92
21429,8624,2,5,1443.35
21430,8624,1045,3,973.47
21431,8625,1758,5,1334.76
21432,8626,24,3,4213.26
21433,8627,349,4,3568.37
21434,8627,576,5,3315.68
21435,8627,1,5,19.64
21436,8628,1196,4,571.04
21437,8628,1209,5,1827.1
21438,8628,35,2,1386.08
21439,8629,1772,3,4036.96
21440,8629,1597,5,4997.07
21441,8629,1103,1,2807.19
21442,8630,847,4,2171.89
21443,8630,484,4,2046.14
21444,8631,1881,1,3178.03
21445,8631,1513,2,4133.12
21446,8631,1544,2,2753.26
21447,8632,1554,4,4037.76
21448,8632,3,4,2657.76
21449,8632,608,4,2066.29
21450,8633,1893,4,3012.28
21451,8634,406,4,971.57
21452,8634,1207,1,3211.83
21453,8634,540,1,635.0
21454,8635,1416,3,3592.41
21455,8636,606,2,4515.64
21456,8637,713,5,3637.49
21457,8637,1836,1,675.74
21458,8638,1130,4,1948.26
21459,8638,1567,3,2535.92
21460,8638,1449,5,969.36
21461,8639,1042,4,3030.16
21462,8639,343,4,1428.48
21463,8639,1545,5,2629.35
21464,8640,1418,4,192.11
21465,8640,854,5,4215.33
21466,8640,1133,2,2239.95
21467,8640,997,4,3718.89
21468,8641,1709,5,1568.58
21469,8641,1828,1,3265.59
21470,8642,188,5,1488.9
21471,8642,795,2,2034.25
21472,8643,1304,4,2267.28
21473,8643,82,1,4492.0
21474,8643,68,1,348.88
21475,8643,1595,3,1776.86
21476,8644,1607,5,2615.57
21477,8644,244,4,3907.13
21478,8644,1501,2,571.27
21479,8645,253,3,801.69
21480,8646,1079,2,870.46
21481,8647,1249,4,3476.89
21482,8647,867,5,339.22
21483,8648,1412,5,2409.48
21484,8648,1413,3,4473.5
21485,8648,1318,1,4006.54
21486,8648,146,5,2180.92
21487,8649,1943,3,1101.53
21488,8649,1705,1,2543.61
21489,8649,1198,5,4266.62
21490,8650,335,4,3956.9
21491,8650,403,2,480.08
21492,8650,224,2,869.06
21493,8651,1082,5,2810.46
21494,8651,1047,1,2250.05
21495,8651,34,1,2908.0
21496,8651,953,1,3227.55
21497,8652,738,5,4721.08
21498,8652,659,5,1036.93
21499,8652,1772,1,4036.96
21500,8653,1819,4,118.88
21501,8654,1360,5,2996.1
21502,8655,1651,3,1559.53
21503,8655,767,2,2070.35
21504,8655,128,5,4912.65
21505,8656,148,2,3104.71
21506,8656,1429,3,4282.77
21507,8656,649,3,127.94
21508,8657,418,4,4483.51
21509,8657,370,2,4704.13
21510,8658,1033,1,3497.95
21511,8658,1863,5,4385.05
21512,8658,443,4,4944.73
21513,8659,1514,1,2353.81
21514,8660,977,5,638.45
21515,8660,1298,4,1317.79
21516,8660,273,4,2698.03
21517,8661,496,5,2342.32
21518,8661,423,1,1441.03
21519,8661,41,3,4483.86
21520,8662,200,5,1216.73
21521,8663,106,4,833.52
21522,8664,1032,2,1677.99
21523,8664,1232,5,4553.57
21524,8664,1286,3,791.64
21525,8664,1183,1,348.93
21526,8665,1326,2,821.14
21527,8666,1844,3,469.19
21528,8666,664,5,1180.71
21529,8666,822,4,2979.71
21530,8666,465,2,3548.43
21531,8667,423,5,1441.03
21532,8667,1857,5,4251.09
21533,8667,1859,4,369.58
21534,8668,1109,4,482.64
21535,8668,1358,3,4042.1
21536,8668,654,3,74.1
21537,8669,1526,5,2472.28
21538,8670,1628,3,4748.71
21539,8670,494,3,2435.17
21540,8670,838,5,1605.7
21541,8671,960,4,1394.1
21542,8672,1729,5,1365.82
21543,8672,499,4,3719.03
21544,8672,320,2,2079.78
21545,8672,1610,2,386.02
21546,8673,1162,5,260.62
21547,8674,1309,4,4419.04
21548,8674,744,5,2156.28
21549,8675,856,4,4713.32
21550,8675,1567,3,2238.3
21551,8675,797,2,3893.95
21552,8676,1049,4,4572.88
21553,8676,758,1,3980.65
21554,8676,529,4,2017.88
21555,8677,489,2,938.89
21556,8677,484,1,2046.14
21557,8677,1531,3,4829.37
21558,8678,1029,2,2318.09
21559,8678,277,5,2853.84
21560,8678,733,2,1237.21
21561,8678,1559,5,1268.92
21562,8679,1723,2,4323.91
21563,8679,478,3,207.98
21564,8679,196,1,1620.97
21565,8680,1448,5,3950.08
21566,8680,407,2,2088.97
21567,8680,1482,5,1238.73
21568,8681,1895,2,3521.4
21569,8682,1948,1,406.31
21570,8682,305,1,1143.82
21571,8682,402,4,4892.72
21572,8683,807,1,4677.52
21573,8683,78,4,525.53
21574,8684,747,4,638.84
21575,8684,1819,4,104.95
21576,8685,1161,1,2313.98
21577,8685,1214,1,376.08
21578,8685,878,3,4836.66
21579,8685,1571,2,3527.2
21580,8686,1641,2,1853.09
21581,8686,72,1,946.6
21582,8686,858,4,4288.06
21583,8687,150,4,4729.13
21584,8687,411,2,4984.22
21585,8687,933,2,2107.97
21586,8688,1566,5,2640.59
21587,8688,213,2,161.25
21588,8688,422,1,2876.41
21589,8689,1764,2,2188.65
21590,8689,1857,4,4958.76
21591,8689,482,2,2685.86
21592,8690,1458,3,1609.23
21593,8690,1950,3,3233.19
21594,8691,981,2,312.18
21595,8691,934,1,3262.71
21596,8691,548,1,720.39
21597,8691,623,5,4260.78
21598,8692,777,4,2077.46
21599,8692,1407,1,3721.74
21600,8693,872,1,1346.22
21601,8693,1145,5,3804.92
21602,8693,740,4,618.13
21603,8694,1569,2,961.57
21604,8694,1733,2,3172.94
21605,8695,789,5,1334.64
21606,8695,1338,5,2432.88
21607,8696,1598,4,2779.45
21608,8696,1398,4,1236.37
21609,8696,202,4,3151.14
21610,8697,1157,2,3021.97
21611,8697,1577,2,661.29
21612,8697,1338,1,2432.88
21613,8697,1299,4,4280.63
21614,8698,1925,5,4695.17
21615,8698,1345,3,3394.63
21616,8699,46,2,1485.51
21617,8699,1545,5,2804.73
21618,8699,1343,5,2344.5
21619,8699,756,1,4010.43
21620,8700,1177,5,3128.56
21621,8700,726,1,1412.38
21622,8700,137,4,2258.91
21623,8701,1062,1,158.0
21624,8701,270,2,3023.26
21625,8701,1902,4,152.72
21626,8702,1060,4,967.58
21627,8702,976,3,1872.2
21628,8702,1463,5,4311.37
21629,8703,114,1,3138.55
21630,8703,1670,3,3775.41
21631,8703,941,2,3595.58
21632,8704,650,4,2104.28
21633,8704,655,3,107.67
21634,8704,1103,2,2646.34
21635,8704,1651,2,1559.53
21636,8705,1614,1,4628.97
21637,8705,1351,2,2492.74
21638,8705,668,1,332.89
21639,8705,1558,3,2317.69
21640,8706,881,1,406.91
21641,8706,1631,5,4490.57
21642,8707,80,4,3663.41
21643,8707,561,5,2023.99
21644,8708,1679,1,1438.31
21645,8708,2000,4,849.72
21646,8709,406,2,1153.0
21647,8709,1268,4,1332.35
21648,8710,1867,4,2289.03
21649,8710,762,2,2037.05
21650,8710,1936,1,1435.29
21651,8711,48,5,2706.15
21652,8711,272,2,3498.52
21653,8711,252,3,1843.4
21654,8712,1369,2,1107.42
21655,8712,1716,1,2035.93
21656,8712,810,1,2694.6
21657,8712,1116,5,4568.6
21658,8713,1925,5,4695.17
21659,8713,105,3,1594.49
21660,8713,1178,3,3058.33
21661,8713,1957,2,680.58
21662,8714,1467,5,3014.82
21663,8714,162,3,980.62
21664,8715,1038,3,3779.92
21665,8716,47,2,3859.05
21666,8716,1014,2,2413.88
21667,8717,1697,4,2034.38
21668,8717,1920,4,2497.61
21669,8717,1027,4,1879.49
21670,8717,1946,5,1059.73
21671,8718,839,4,158.88
21672,8718,309,1,494.89
21673,8718,69,1,735.04
21674,8719,1866,2,3049.22
21675,8719,1225,4,1107.05
21676,8720,1239,5,2873.29
21677,8720,1962,2,1274.11
21678,8720,790,5,3447.9
21679,8721,1319,4,498.27
21680,8722,73,1,700.9
21681,8723,644,4,1244.88
21682,8723,1681,4,1516.38
21683,8724,915,5,3506.21
21684,8725,1581,5,2579.92
21685,8725,1052,3,2566.48
21686,8726,1775,3,3513.61
21687,8727,1250,1,630.67
21688,8727,155,3,4802.34
21689,8727,1873,4,1782.92
21690,8728,1044,5,2721.04
21691,8728,1970,1,618.35
21692,8728,1137,2,1821.42
21693,8729,50,3,2406.36
21694,8729,840,5,1257.06
21695,8729,462,5,2829.04
21696,8729,1419,1,2348.86
21697,8730,1836,2,675.74
21698,8730,1087,2,4472.76
21699,8731,396,3,2061.92
21700,8731,1296,5,292.88
21701,8732,1158,5,3218.83
21702,8732,254,5,3914.95
21703,8732,1875,3,889.15
21704,8732,1395,3,2500.5
21705,8733,409,5,284.25
21706,8734,599,2,4935.59
21707,8735,1280,4,2712.92
21708,8735,17,1,4936.1
21709,8735,1261,2,2089.43
21710,8736,1336,3,2975.89
21711,8737,1326,4,821.14
21712,8737,1045,1,973.47
21713,8737,1046,2,1159.16
21714,8737,1598,1,2779.45
21715,8738,1596,2,3291.52
21716,8738,1750,2,4149.38
21717,8738,1735,4,4147.46
21718,8739,976,3,1872.2
21719,8740,1099,5,3583.64
21720,8740,730,1,1887.22
21721,8741,657,3,1698.74
21722,8742,1807,3,1458.05
21723,8743,527,5,1149.46
21724,8743,18,5,4759.91
21725,8743,283,5,2792.74
21726,8743,81,5,4873.64
21727,8744,696,5,3200.45
21728,8744,878,2,4242.52
21729,8745,1112,2,3334.7
21730,8745,1383,5,76.06
21731,8746,1734,4,2831.8
21732,8746,757,5,3943.39
21733,8746,1102,5,4297.06
21734,8747,734,1,2141.13
21735,8748,310,3,3134.88
21736,8748,1319,1,498.27
21737,8748,1187,4,3486.78
21738,8749,55,5,477.57
21739,8750,736,1,3374.71
21740,8750,1551,3,2053.36
21741,8751,1189,2,1492.95
21742,8751,1885,2,2638.54
21743,8752,660,2,2431.78
21744,8752,106,3,833.52
21745,8752,1598,3,2779.45
21746,8753,353,2,3268.79
21747,8753,1159,3,3012.68
21748,8753,592,1,3577.8
21749,8754,658,2,1245.37
21750,8754,422,3,2945.23
21751,8754,809,5,2794.69
21752,8755,1542,3,142.87
21753,8755,495,3,2325.41
21754,8756,1257,3,3065.38
21755,8757,1900,3,141.22
21756,8757,1984,1,808.92
21757,8757,83,1,1512.66
21758,8757,1265,2,2890.04
21759,8758,196,5,1975.92
21760,8758,1465,2,2424.32
21761,8758,886,5,1634.05
21762,8758,343,3,1428.48
21763,8759,1808,2,3905.23
21764,8759,931,2,4468.44
21765,8759,775,2,1756.06
21766,8759,1066,2,3788.87
21767,8760,206,2,4141.44
21768,8760,662,3,1537.86
21769,8760,1808,4,3905.23
21770,8760,1810,3,1849.5
21771,8761,1975,3,3658.73
21772,8761,1707,4,341.01
21773,8761,1703,3,2755.66
21774,8762,1681,4,1516.38
21775,8762,1613,4,2651.93
21776,8762,566,1,3671.74
21777,8763,1267,5,4516.38
21778,8764,1945,4,4845.83
21779,8765,1193,5,1649.74
21780,8765,1321,1,1145.46
21781,8765,1996,2,1437.31
21782,8765,1847,5,3422.2
21783,8766,599,2,4161.29
21784,8766,947,5,3952.8
21785,8767,1416,5,3592.41
21786,8767,44,3,3787.46
21787,8767,1808,3,3905.23
21788,8768,25,4,3831.09
21789,8768,1139,4,2141.83
21790,8768,306,3,2515.87
21791,8769,478,2,207.98
21792,8769,800,2,1809.64
21793,8770,933,5,2246.96
21794,8770,1183,2,348.93
21795,8770,287,2,3303.19
21796,8770,1019,1,256.59
21797,8771,1573,4,2737.95
21798,8772,1323,1,961.89
21799,8772,416,3,2396.26
21800,8772,1463,3,4311.37
21801,8772,1306,5,3280.58
21802,8773,383,4,1839.51
21803,8773,251,1,2542.45
21804,8773,52,3,4006.18
21805,8773,1030,4,291.74
21806,8774,826,4,2668.7
21807,8774,1066,4,4382.58
21808,8775,1057,2,4297.01
21809,8775,900,2,2883.05
21810,8776,1827,5,1688.47
21811,8776,657,4,1698.74
21812,8776,415,4,273.97
21813,8776,715,4,1249.03
21814,8777,822,4,2979.71
21815,8777,454,4,3532.11
21816,8778,178,4,4327.53
21817,8778,617,3,145.49
21818,8778,1109,4,482.64
21819,8778,992,4,2763.58
21820,8779,1277,2,3223.63
21821,8779,1005,5,481.2
21822,8780,844,5,3408.55
21823,8781,1632,3,1855.05
21824,8781,1377,4,2370.92
21825,8781,1094,5,4482.97
21826,8782,210,4,1176.68
21827,8782,1359,5,3802.52
21828,8783,262,5,348.71
21829,8783,874,4,4765.46
21830,8783,374,3,981.38
21831,8784,1438,2,2554.04
21832,8784,1542,2,142.87
21833,8784,688,4,999.99
21834,8784,510,2,2677.13
21835,8785,1463,3,3830.89
21836,8786,1279,2,2423.46
21837,8786,624,2,467.87
21838,8786,953,2,3227.55
21839,8786,43,3,1212.23
21840,8787,1090,1,2992.85
21841,8787,758,1,3980.65
21842,8787,1050,4,98.35
21843,8787,1095,5,2920.08
21844,8788,1615,1,2853.97
21845,8788,1604,5,622.93
21846,8789,1092,3,166.85
21847,8789,1086,1,4700.28
21848,8789,1310,2,4958.65
21849,8790,689,1,42.67
21850,8790,39,4,4717.66
21851,8790,888,3,129.22
21852,8791,211,5,2320.98
21853,8791,1122,1,223.7
21854,8791,226,5,1054.31
21855,8792,51,2,2912.21
21856,8792,626,2,628.18
21857,8793,1197,3,3064.29
21858,8793,587,2,3323.15
21859,8793,1805,4,2631.43
21860,8794,1815,2,3072.64
21861,8794,1065,5,1577.35
21862,8794,460,3,4443.01
21863,8795,1672,3,411.18
21864,8796,1645,2,1189.64
21865,8796,1706,4,3582.05
21866,8797,44,4,3787.46
21867,8797,1348,2,219.33
21868,8797,27,1,3124.89
21869,8798,1693,1,1705.8
21870,8798,1218,2,1559.38
21871,8799,913,4,17.43
21872,8800,981,2,355.18
21873,8800,1854,2,3742.54
21874,8800,666,4,1158.59
21875,8801,411,3,4984.22
21876,8801,1942,3,119.81
21877,8801,572,5,2800.81
21878,8801,122,5,349.5
21879,8802,501,5,3768.53
21880,8802,663,5,1192.72
21881,8802,494,4,2644.3
21882,8803,1100,2,3708.22
21883,8803,1782,4,4678.02
21884,8803,57,1,4313.87
21885,8803,1728,2,2298.6
21886,8804,1861,5,501.6
21887,8804,1306,1,3280.58
21888,8805,1402,4,1111.29
21889,8805,1775,2,3513.61
21890,8805,1551,5,2299.4
21891,8805,1713,4,3233.67
21892,8806,1417,3,3166.92
21893,8806,1415,2,3433.14
21894,8806,996,4,2795.3
21895,8807,746,1,4209.38
21896,8807,755,1,3263.47
21897,8807,340,5,3028.53
21898,8808,306,4,2589.33
21899,8808,337,4,889.63
21900,8808,343,2,1428.48
21901,8809,1875,1,889.15
21902,8809,697,3,1310.25
21903,8809,1756,4,2179.25
21904,8809,1273,5,2490.93
21905,8810,1293,2,1304.75
21906,8810,485,4,2570.57
21907,8810,1962,1,1588.31
21908,8810,1012,4,1232.66
21909,8811,729,2,3272.63
21910,8811,765,2,1424.04
21911,8811,977,4,638.45
21912,8812,1244,4,2169.15
21913,8812,748,3,1402.9
21914,8813,1765,4,573.5
21915,8813,864,5,1153.96
21916,8814,534,5,124.86
21917,8814,1797,4,1642.41
21918,8814,704,5,4838.98
21919,8814,838,1,1605.7
21920,8815,471,2,1914.7
21921,8815,1236,5,4026.43
21922,8815,779,3,74.6
21923,8816,1199,3,2527.07
21924,8816,796,4,3760.88
21925,8816,1691,3,49.01
21926,8816,464,4,4246.39
21927,8817,87,5,2762.02
21928,8817,1244,1,2169.15
21929,8817,1127,4,836.39
21930,8817,767,1,2284.41
21931,8818,110,5,2349.49
21932,8819,1868,3,2512.3
21933,8819,1621,4,459.84
21934,8819,858,1,4288.06
21935,8820,1,3,19.64
21936,8820,8,2,4283.46
21937,8820,1296,5,292.88
21938,8820,1402,1,1111.29
21939,8821,1162,3,260.62
21940,8822,204,5,4051.48
21941,8822,1524,1,4529.6
21942,8823,1509,4,1398.09
21943,8823,613,3,1703.51
21944,8823,295,5,2319.63
21945,8823,1278,5,4786.26
21946,8824,379,3,276.56
21947,8825,1409,5,943.24
21948,8825,1052,2,2566.48
21949,8825,698,5,4188.03
21950,8826,1775,2,3513.61
21951,8827,28,4,4654.11
21952,8827,1819,4,118.88
21953,8827,542,5,3481.44
21954,8828,686,2,4311.22
21955,8828,1289,5,823.25
21956,8829,1538,1,4609.56
21957,8829,675,5,822.26
21958,8829,735,1,1776.43
21959,8829,847,1,2171.89
21960,8830,841,3,2484.52
21961,8830,788,3,3906.47
21962,8831,1354,1,1911.32
21963,8831,1580,3,4757.61
21964,8832,68,1,395.92
21965,8833,1451,3,95.51
21966,8833,1705,4,2170.8
21967,8833,1952,2,2454.26
21968,8833,873,3,4733.69
21969,8834,1434,5,1186.26
21970,8835,1613,5,2651.93
21971,8835,1575,4,4759.72
21972,8836,601,1,4765.61
21973,8836,416,2,2396.26
21974,8836,1790,2,4150.15
21975,8836,370,1,4704.13
21976,8837,1379,5,1823.96
21977,8837,1454,5,869.09
21978,8838,1670,2,3047.4
21979,8838,711,3,2912.45
21980,8838,1390,4,2132.37
21981,8839,1792,3,4989.28
21982,8839,435,1,1855.41
21983,8839,912,5,3354.45
21984,8839,1564,3,4395.5
21985,8840,88,1,903.79
21986,8840,1393,4,484.39
21987,8840,1313,2,4023.94
21988,8840,956,1,2621.91
21989,8841,1116,3,4000.73
21990,8841,897,4,2363.4
21991,8842,1565,5,3779.56
21992,8842,1348,4,200.76
21993,8843,719,1,4251.26
21994,8844,1664,4,4192.17
21995,8844,1063,1,3675.7
21996,8845,326,1,2119.6
21997,8846,542,2,2859.86
21998,8847,1256,3,3318.75
21999,8848,72,3,946.6
22000,8848,425,2,3713.27
22001,8848,1689,5,4055.41
22002,8848,1786,2,1482.01
22003,8849,10,2,3381.16
22004,8849,81,3,4873.64
22005,8850,1209,1,1616.59
22006,8850,397,4,4722.85
22007,8850,1405,5,894.37
22008,8851,319,1,684.29
22009,8851,1300,3,2792.13
22010,8852,370,5,4704.13
22011,8852,1374,4,4245.98
22012,8853,1604,5,622.93
22013,8854,1734,4,2831.8
22014,8854,249,4,3887.05
22015,8855,308,3,4227.04
22016,8856,449,4,530.54
22017,8856,1816,1,1970.73
22018,8856,1064,1,891.81
22019,8857,514,3,611.64
22020,8857,408,3,4940.48
22021,8857,645,5,3671.46
22022,8857,1245,3,85.12
22023,8858,288,3,4203.67
22024,8858,1346,4,1135.36
22025,8859,75,1,50.34
22026,8859,1418,3,203.29
22027,8860,70,4,1704.87
22028,8861,1747,4,3433.5
22029,8861,380,5,3941.12
22030,8862,1431,2,2565.77
22031,8862,1400,3,1824.63
22032,8862,277,1,2853.84
22033,8863,1720,4,1338.58
22034,8863,1461,5,3052.71
22035,8864,263,2,4797.79
22036,8864,612,1,2950.09
22037,8864,1694,1,3306.81
22038,8864,819,3,2142.95
22039,8865,1086,5,4197.29
22040,8865,1108,4,2593.33
22041,8866,275,3,3000.32
22042,8866,319,4,557.33
22043,8867,1159,2,3012.68
22044,8867,1212,5,4527.15
22045,8868,1978,3,1245.27
22046,8868,404,2,2513.11
22047,8868,1715,1,3099.54
22048,8869,1535,4,2002.12
22049,8870,884,1,2740.58
22050,8870,779,4,86.06
22051,8871,1410,4,3888.52
22052,8872,1140,4,143.75
22053,8873,781,1,2720.54
22054,8874,297,4,1853.29
22055,8874,1578,1,2695.81
22056,8874,1240,4,4001.24
22057,8875,1447,5,4186.93
22058,8875,606,5,4515.64
22059,8875,428,1,4028.23
22060,8875,1683,4,4193.9
22061,8876,1418,1,203.29
22062,8876,1507,2,526.19
22063,8877,1982,3,3589.97
22064,8877,1380,3,3228.52
22065,8878,974,4,1017.69
22066,8878,1394,5,1472.74
22067,8878,1233,3,3785.82
22068,8879,267,5,1827.23
22069,8879,633,5,1499.21
22070,8879,265,3,410.67
22071,8879,927,2,3677.85
22072,8880,865,5,2455.86
22073,8880,1909,3,4859.09
22074,8881,1589,2,457.62
22075,8881,1982,4,3589.97
22076,8882,1425,1,2840.04
22077,8882,1786,4,1807.07
22078,8883,1915,4,3122.45
22079,8883,1549,5,3763.06
22080,8884,546,5,1602.07
22081,8884,1312,5,3510.23
22082,8884,1233,2,3785.82
22083,8884,1699,1,3915.88
22084,8885,200,4,1216.73
22085,8885,1355,2,4828.7
22086,8885,1072,2,4913.65
22087,8886,1794,1,4943.5
22088,8886,1191,5,2506.31
22089,8886,1454,2,767.56
22090,8886,458,3,1621.71
22091,8887,889,1,2129.98
22092,8887,183,1,2591.3
22093,8887,94,3,4398.2
22094,8887,1119,2,3549.39
22095,8888,743,2,2405.57
22096,8888,1220,4,558.75
22097,8889,1897,3,2534.34
22098,8889,119,5,3308.25
22099,8889,913,2,17.43
22100,8889,1306,4,2853.33
22101,8890,1897,5,2272.4
22102,8891,1206,4,1052.49
22103,8891,1038,5,3471.02
22104,8892,99,3,3128.33
22105,8892,803,3,4544.47
22106,8892,1201,3,3873.97
22107,8892,607,3,4648.41
22108,8893,1631,4,4490.57
22109,8894,48,4,2706.15
22110,8894,487,2,4330.41
22111,8895,586,2,2864.26
22112,8896,377,1,2876.14
22113,8896,1709,1,1568.58
22114,8896,1436,1,3669.87
22115,8896,359,3,4464.57
22116,8897,1609,4,3710.26
22117,8898,982,3,294.46
22118,8898,991,1,4301.88
22119,8899,861,2,3583.46
22120,8900,1775,4,3513.61
22121,8901,1077,5,1354.08
22122,8902,851,4,3486.75
22123,8903,1605,3,4362.29
22124,8903,1422,4,1430.68
22125,8903,416,2,2396.26
22126,8904,205,1,4043.35
22127,8904,1064,1,891.81
22128,8904,1483,4,3237.23
22129,8904,287,1,3303.19
22130,8905,1717,2,4479.76
22131,8905,299,2,2422.18
22132,8906,162,4,980.62
22133,8906,1473,1,850.07
22134,8907,626,2,739.49
22135,8907,7,4,4731.63
22136,8908,442,1,1976.35
22137,8909,203,1,3599.53
22138,8910,989,3,3120.75
22139,8910,569,3,3039.8
22140,8911,1593,1,4053.1
22141,8911,1654,3,1509.22
22142,8912,1749,4,398.34
22143,8912,1000,5,1180.66
22144,8912,1158,5,3218.83
22145,8912,479,5,1787.96
22146,8913,69,1,672.34
22147,8913,1691,1,49.01
22148,8913,122,2,299.48
22149,8913,409,3,264.41
22150,8914,1323,4,907.41
22151,8914,1547,2,3071.68
22152,8915,1222,2,43.71
22153,8915,839,5,158.88
22154,8915,1821,3,4780.59
22155,8916,1904,5,23.78
22156,8917,1167,2,2893.83
22157,8917,1105,5,1308.96
22158,8917,1138,1,2305.56
22159,8917,432,5,4230.98
22160,8918,313,4,440.58
22161,8918,858,3,4288.06
22162,8918,569,4,3518.66
22163,8919,217,4,572.69
22164,8919,2000,5,849.72
22165,8919,1884,4,299.92
22166,8919,538,1,2135.71
22167,8920,1805,4,2631.43
22168,8920,1364,1,1963.35
22169,8920,1181,3,4895.42
22170,8920,92,3,4458.7
22171,8921,1248,4,4345.12
22172,8921,679,1,1752.05
22173,8921,1288,4,3299.26
22174,8921,7,4,4731.63
22175,8922,1787,3,3811.84
22176,8923,1223,5,2330.58
22177,8923,1539,1,77.05
22178,8923,1841,5,3295.24
22179,8924,1425,3,2840.04
22180,8925,125,4,1485.79
22181,8925,902,2,2296.46
22182,8926,828,5,4204.94
22183,8926,238,3,3156.13
22184,8926,990,5,3669.71
22185,8927,952,2,2232.98
22186,8927,1284,5,1729.22
22187,8927,1191,4,2506.31
22188,8928,1492,5,1582.22
22189,8928,265,1,410.67
22190,8928,1373,3,3734.91
22191,8928,870,5,2586.71
22192,8929,1544,3,2753.26
22193,8929,1356,3,3354.26
22194,8929,748,4,1402.9
22195,8929,361,4,91.02
22196,8930,963,3,577.79
22197,8930,423,5,1441.03
22198,8931,1929,2,3451.12
22199,8931,744,2,2156.28
22200,8931,1023,1,3464.13
22201,8931,50,5,2406.36
22202,8932,1808,2,3905.23
22203,8932,1371,3,4005.07
22204,8932,1387,4,3367.36
22205,8932,352,3,499.9
22206,8933,1623,2,4345.73
22207,8933,428,3,4532.08
22208,8933,1288,5,3299.26
22209,8934,686,3,4311.22
22210,8934,1547,2,2881.79
22211,8934,1583,1,3561.74
22212,8934,99,3,2870.48
22213,8935,789,3,1432.18
22214,8935,570,4,2071.01
22215,8935,986,1,4768.2
22216,8935,1229,5,4239.84
22217,8936,140,4,4472.12
22218,8936,1170,5,1315.23
22219,8937,72,2,946.6
22220,8937,1382,5,380.75
22221,8938,1731,5,1237.5
22222,8938,1462,4,3236.96
22223,8938,1385,2,3672.34
22224,8939,415,2,273.97
22225,8940,629,3,3437.25
22226,8940,607,3,4648.41
22227,8940,1017,4,4136.88
22228,8941,1031,2,2261.27
22229,8942,245,5,4956.68
22230,8943,422,1,3551.95
22231,8944,1170,4,1232.47
22232,8944,1773,2,2075.06
22233,8944,846,5,3333.88
22234,8945,1623,4,4345.73
22235,8945,1330,2,4560.63
22236,8946,1761,2,3843.43
22237,8946,1789,3,2363.44
22238,8946,500,1,1122.63
22239,8946,266,5,965.9
22240,8947,1038,3,3779.92
22241,8947,1659,4,479.37
22242,8948,1483,5,3237.23
22243,8949,1126,5,444.36
22244,8950,1060,3,1164.24
22245,8950,1690,2,4633.95
22246,8950,962,4,887.19
22247,8951,1795,1,1258.44
22248,8951,1793,3,2856.61
22249,8951,999,4,2945.34
22250,8951,141,2,1474.45
22251,8952,989,1,3743.11
22252,8952,102,3,4320.41
22253,8952,690,4,3071.04
22254,8953,473,3,4525.38
22255,8954,360,3,3919.53
22256,8954,742,4,1070.49
22257,8954,1090,3,3454.99
22258,8954,581,2,4815.32
22259,8955,346,4,1554.63
22260,8955,584,3,1765.65
22261,8956,1890,4,1462.22
22262,8956,1627,4,4970.08
22263,8957,241,2,3425.75
22264,8957,341,2,4893.89
22265,8957,685,4,434.0
22266,8957,500,2,977.46
22267,8958,1992,2,447.81
22268,8958,1903,4,2934.47
22269,8958,1995,5,2213.54
22270,8959,194,3,85.23
22271,8959,825,2,4366.02
22272,8960,450,1,420.78
22273,8960,1560,4,1188.91
22274,8960,428,5,4532.08
22275,8961,343,1,1428.48
22276,8961,1090,1,3677.27
22277,8961,1220,1,486.27
22278,8961,1734,2,2831.8
22279,8962,229,2,554.15
22280,8963,1524,1,4529.6
22281,8963,1763,3,1928.96
22282,8964,1779,5,4333.82
22283,8964,1404,3,1846.94
22284,8964,857,3,1674.64
22285,8964,404,4,2513.11
22286,8965,1331,3,772.13
22287,8965,886,2,1634.05
22288,8965,245,4,4452.17
22289,8965,1796,5,4111.65
22290,8966,1073,1,1327.8
22291,8966,1970,4,618.35
22292,8966,122,5,349.5
22293,8967,1862,2,3083.03
22294,8967,598,5,298.55
22295,8968,1581,3,2985.72
22296,8969,533,3,283.98
22297,8969,1070,3,1545.21
22298,8969,118,2,4784.56
22299,8969,1121,1,421.04
22300,8970,1570,2,3758.2
22301,8970,542,3,3481.44
22302,8970,318,2,4231.08
22303,8970,1589,4,457.62
22304,8971,516,3,3302.52
22305,8971,51,1,2353.83
22306,8971,1094,1,4482.97
22307,8971,974,2,1017.69
22308,8972,1480,4,667.95
22309,8972,867,5,390.65
22310,8972,181,1,2553.82
22311,8973,1390,2,1732.59
22312,8973,131,4,3366.57
22313,8973,888,1,129.22
22314,8974,871,3,4608.67
22315,8975,9,4,916.9
22316,8976,512,5,2081.26
22317,8976,1042,2,3030.16
22318,8976,28,3,4654.11
22319,8976,1818,2,791.28
22320,8977,982,4,294.46
22321,8977,1149,3,4334.54
22322,8977,1627,1,4970.08
22323,8978,1470,4,2622.08
22324,8978,1248,2,4345.12
22325,8978,999,5,2945.34
22326,8978,1157,2,2600.63
22327,8979,1242,5,1507.11
22328,8979,1485,2,734.85
22329,8980,1881,2,3178.03
22330,8980,638,1,2493.09
22331,8981,1794,4,4943.5
22332,8981,1823,5,788.45
22333,8982,1423,1,1384.2
22334,8983,450,2,420.78
22335,8983,798,5,4170.48
22336,8984,1892,1,3166.49
22337,8984,69,2,814.84
22338,8984,1986,5,2891.41
22339,8984,371,2,1990.52
22340,8985,1071,3,2170.33
22341,8985,1521,1,4472.71
22342,8985,1107,4,1497.02
22343,8986,1674,5,4014.42
22344,8987,320,3,2079.78
22345,8987,124,4,1903.14
22346,8987,220,5,1408.94
22347,8987,1619,4,3983.49
22348,8988,93,1,683.08
22349,8988,885,2,2122.71
22350,8988,1331,4,772.13
22351,8988,165,2,3913.37
22352,8989,1488,4,1662.93
22353,8990,336,4,2584.15
22354,8990,483,1,4941.39
22355,8990,208,2,1246.29
22356,8990,1264,3,2891.63
22357,8991,974,2,934.05
22358,8991,1785,3,1442.72
22359,8991,1051,2,1359.39
22360,8992,1805,1,2631.43
22361,8992,1937,4,2404.04
22362,8992,1764,1,2102.07
22363,8992,1720,1,1338.58
22364,8993,1413,4,4473.5
22365,8993,343,2,1428.48
22366,8993,1753,5,499.62
22367,8993,167,4,2818.25
22368,8994,1674,5,4014.42
22369,8995,1130,1,2191.62
22370,8995,1068,1,1499.27
22371,8996,1443,2,1395.23
22372,8996,1858,3,4696.05
22373,8996,1783,4,2181.97
22374,8997,646,4,807.46
22375,8997,1893,3,3012.28
22376,8997,1480,5,705.06
22377,8998,523,5,3040.6
22378,8998,178,2,4327.53
22379,8999,1979,1,1181.46
22380,9000,1465,2,2424.32
22381,9000,1571,2,3828.97
22382,9000,374,2,981.38
22383,9000,1366,5,3554.33
22384,9001,804,1,3487.69
22385,9001,1985,2,4200.74
22386,9001,661,4,1784.45
22387,9002,1907,1,431.07
22388,9002,1570,4,4336.23
22389,9002,645,3,3430.81
22390,9003,1682,3,1650.57
22391,9003,1752,4,3707.7
22392,9004,865,5,2455.86
22393,9004,420,3,1799.73
22394,9004,972,2,4344.95
22395,9004,627,1,2814.05
22396,9005,1991,2,3214.44
22397,9005,509,2,3670.29
22398,9005,646,1,807.46
22399,9006,1749,3,433.44
22400,9007,488,1,1406.71
22401,9007,1769,3,3827.62
22402,9007,973,3,1490.81
22403,9007,192,2,4658.31
22404,9008,1956,4,794.52
22405,9009,1039,1,1550.6
22406,9009,25,1,3831.09
22407,9010,1522,1,1931.12
22408,9011,106,2,833.52
22409,9011,38,2,3283.97
22410,9011,852,5,51.74
22411,9012,205,2,4043.35
22412,9012,1552,5,2043.9
22413,9012,1873,1,2032.74
22414,9012,1659,2,479.37
22415,9013,1471,2,1253.11
22416,9013,1007,3,1639.84
22417,9013,289,3,2450.56
22418,9014,985,4,228.63
22419,9014,1595,4,1776.86
22420,9014,93,2,562.47
22421,9015,533,5,283.98
22422,9015,1119,5,2913.7
22423,9016,121,2,759.96
22424,9016,1403,5,3226.0
22425,9016,1361,4,4051.18
22426,9017,126,2,2072.3
22427,9017,1667,5,2977.83
22428,9017,714,1,3742.67
22429,9018,1471,4,1148.71
22430,9018,1742,4,1911.55
22431,9019,533,2,244.25
22432,9019,1626,4,2917.69
22433,9020,1262,4,3201.63
22434,9020,1899,3,4748.11
22435,9020,69,2,814.84
22436,9021,1408,4,1314.08
22437,9022,584,2,1765.65
22438,9022,185,2,990.35
22439,9023,1153,3,1838.8
22440,9023,1377,2,2093.13
22441,9023,1838,3,504.85
22442,9024,969,1,1814.87
22443,9024,1676,4,342.22
22444,9024,83,3,1742.41
22445,9025,47,2,3859.05
22446,9025,1667,3,2977.83
22447,9026,517,4,476.03
22448,9026,891,5,2534.47
22449,9026,1310,1,4958.65
22450,9026,1779,5,4333.82
22451,9027,1616,2,3567.75
22452,9027,540,4,635.0
22453,9028,1633,5,4642.34
22454,9028,1508,5,3515.38
22455,9028,1301,4,2911.31
22456,9028,313,5,474.04
22457,9029,1036,5,3761.3
22458,9029,1318,1,4006.54
22459,9029,1633,2,4642.34
22460,9030,407,1,2291.87
22461,9030,1759,2,256.35
22462,9031,1865,3,1486.0
22463,9031,1767,5,2213.8
22464,9031,370,5,4704.13
22465,9032,1172,1,4339.9
22466,9033,843,5,1112.41
22467,9033,174,5,342.11
22468,9033,1735,4,3910.17
22469,9034,43,5,1212.23
22470,9034,1180,2,3403.33
22471,9035,59,3,3151.73
22472,9035,591,4,3510.59
22473,9035,1977,1,3501.61
22474,9036,1301,2,2469.57
22475,9036,1564,3,4395.5
22476,9036,667,4,4600.9
22477,9037,439,1,3797.26
22478,9037,165,1,3913.37
22479,9038,1079,2,780.84
22480,9038,1765,1,573.5
22481,9039,968,5,967.88
22482,9039,1986,1,3350.49
22483,9040,184,1,1497.19
22484,9040,1714,1,972.34
22485,9040,1584,3,4258.11
22486,9041,1079,3,720.94
22487,9041,1532,4,4771.9
22488,9042,5,2,4168.29
22489,9042,63,5,908.21
22490,9043,535,4,2607.22
22491,9043,1307,4,2522.81
22492,9043,494,3,2644.3
22493,9043,1044,5,2721.04
22494,9044,920,1,1699.61
22495,9044,341,4,4289.57
22496,9045,227,5,3165.38
22497,9045,1763,2,1928.96
22498,9046,1523,2,118.31
22499,9046,252,2,1843.4
22500,9046,1639,5,280.07
22501,9046,31,3,148.82
22502,9047,1799,2,3529.71
22503,9047,1517,4,1255.49
22504,9047,1441,2,692.42
22505,9047,1531,2,4829.37
22506,9048,1500,3,3690.1
22507,9049,506,1,4793.43
22508,9050,792,2,839.44
22509,9050,568,4,3551.11
22510,9050,91,2,1342.66
22511,9051,1810,1,1849.5
22512,9051,467,3,3451.65
22513,9051,170,1,2609.26
22514,9051,453,3,4545.91
22515,9052,1265,1,2638.06
22516,9052,1587,3,2450.05
22517,9053,1587,5,2450.05
22518,9053,216,5,1445.96
22519,9054,468,2,2222.15
22520,9054,86,3,1479.15
22521,9055,801,3,1039.85
22522,9055,958,4,786.16
22523,9055,144,2,3945.75
22524,9056,214,3,3316.61
22525,9056,1090,4,2961.65
22526,9056,1780,4,1696.82
22527,9057,876,5,3983.71
22528,9058,692,2,4629.69
22529,9058,1966,4,4882.44
22530,9058,1208,2,2828.12
22531,9058,271,1,4144.82
22532,9059,351,4,781.08
22533,9059,1798,1,3519.52
22534,9059,637,4,2924.96
22535,9059,920,1,1392.48
22536,9060,216,3,1658.13
22537,9061,356,5,4465.31
22538,9061,1278,5,4786.26
22539,9061,366,5,2367.54
22540,9061,230,3,1092.51
22541,9062,1459,5,2168.65
22542,9062,138,2,2467.22
22543,9062,367,5,1480.88
22544,9062,602,5,4730.97
22545,9063,325,3,778.82
22546,9063,486,5,499.57
22547,9064,1658,4,894.42
22548,9065,321,4,2780.82
22549,9065,469,5,3063.81
22550,9065,1068,2,1499.27
22551,9065,135,4,4248.92
22552,9066,1942,4,119.81
22553,9066,1015,3,2805.41
22554,9066,203,2,3599.53
22555,9066,782,2,147.88
22556,9067,1615,1,2853.97
22557,9067,1852,1,568.41
22558,9067,1221,3,237.2
22559,9067,285,4,1516.07
22560,9068,267,2,1827.23
22561,9068,422,5,3551.95
22562,9068,1713,2,3233.67
22563,9069,1582,5,1472.47
22564,9070,1150,3,4720.67
22565,9070,1569,1,961.57
22566,9070,1149,2,4334.54
22567,9070,1133,5,2239.95
22568,9071,450,3,383.93
22569,9071,1135,5,2437.67
22570,9071,1353,3,2284.8
22571,9072,1196,2,571.04
22572,9072,1037,2,1567.44
22573,9073,1378,5,2105.93
22574,9073,65,3,2718.42
22575,9073,618,5,3436.62
22576,9074,393,3,3676.91
22577,9074,1866,3,3049.22
22578,9075,912,1,3354.45
22579,9075,1494,2,195.63
22580,9076,1234,5,552.76
22581,9076,1311,4,4424.0
22582,9076,1745,2,524.94
22583,9077,816,1,1173.02
22584,9077,1697,1,2034.38
22585,9077,276,5,1435.35
22586,9077,1047,1,2250.05
22587,9078,668,2,327.53
22588,9078,230,2,1092.51
22589,9079,1676,1,313.0
22590,9079,7,3,4731.63
22591,9079,1368,5,2414.0
22592,9080,495,5,2325.41
22593,9080,1157,4,3021.97
22594,9080,296,3,1875.27
22595,9080,1420,1,3913.88
22596,9081,233,3,266.4
22597,9081,423,3,1441.03
22598,9082,1840,2,1146.8
22599,9082,630,3,2446.22
22600,9082,1286,3,791.64
22601,9082,504,4,782.8
22602,9083,959,3,1519.27
22603,9084,493,5,420.77
22604,9084,459,3,2672.36
22605,9084,535,2,2136.32
22606,9084,1060,1,965.53
22607,9085,154,3,696.76
22608,9085,1334,1,3114.64
22609,9086,1887,3,88.25
22610,9086,1139,2,2565.96
22611,9087,308,1,4227.04
22612,9088,1535,3,1652.33
22613,9088,794,4,2704.79
22614,9088,1268,4,1590.21
22615,9088,503,4,130.02
22616,9089,1270,2,3768.85
22617,9089,156,4,114.68
22618,9090,1103,1,2807.19
22619,9091,269,5,1170.04
22620,9091,235,1,217.55
22621,9091,1352,5,409.65
22622,9092,580,5,4091.23
22623,9092,1888,4,3602.81
22624,9093,1690,3,4633.95
22625,9093,1684,4,3589.34
22626,9093,1620,5,3927.91
22627,9093,1742,5,1911.55
22628,9094,1785,2,1442.72
22629,9095,75,5,50.34
22630,9095,256,3,1529.79
22631,9095,1628,5,4748.71
22632,9095,1317,5,4464.53
22633,9096,1090,3,3677.27
22634,9096,781,1,2720.54
22635,9096,942,2,4334.82
22636,9096,1608,2,2480.7
22637,9097,562,3,2748.42
22638,9097,532,1,3341.59
22639,9098,1007,3,1868.9
22640,9098,868,1,991.31
22641,9099,1605,3,4362.29
22642,9099,1747,2,4211.6
22643,9099,1459,2,2168.65
22644,9099,115,5,3348.64
22645,9100,1943,4,1101.53
22646,9100,755,4,3097.78
22647,9101,1397,2,1925.16
22648,9101,1082,3,2617.49
22649,9101,1379,4,1823.96
22650,9101,1081,2,1664.25
22651,9102,642,4,3835.02
22652,9102,220,5,1408.94
22653,9103,1906,2,2799.16
22654,9103,1042,2,3030.16
22655,9103,682,4,4710.39
22656,9103,662,4,1537.86
22657,9104,1200,1,3109.39
22658,9104,976,3,1872.2
22659,9105,30,4,2949.45
22660,9105,396,2,2432.47
22661,9105,1889,5,4728.93
22662,9106,623,1,3412.09
22663,9106,1459,5,2168.65
22664,9106,1660,4,141.63
22665,9106,1601,3,1249.57
22666,9107,664,3,1180.71
22667,9107,1826,1,59.02
22668,9108,1223,2,2101.98
22669,9108,1701,5,3196.88
22670,9109,252,1,1843.4
22671,9110,953,1,3227.55
22672,9110,697,5,1310.25
22673,9110,923,3,1277.43
22674,9111,1440,4,3589.68
22675,9111,287,5,3303.19
22676,9111,1326,2,821.14
22677,9111,1675,4,4618.9
22678,9112,1129,3,3887.45
22679,9112,1899,5,4748.11
22680,9112,1518,1,988.09
22681,9113,1207,3,2980.91
22682,9113,1359,1,3802.52
22683,9114,1671,3,2466.95
22684,9114,465,2,3548.43
22685,9114,1694,5,3306.81
22686,9114,1977,5,3501.61
22687,9115,1914,3,1599.48
22688,9115,305,4,1143.82
22689,9115,865,2,2455.86
22690,9115,113,4,871.34
22691,9116,1934,2,685.85
22692,9116,1189,4,1492.95
22693,9117,1746,5,3200.47
22694,9117,1063,4,3675.7
22695,9118,1219,3,2455.23
22696,9118,605,2,290.03
22697,9118,1190,5,2212.05
22698,9118,51,1,2912.21
22699,9119,470,1,2356.2
22700,9119,1666,5,1107.86
22701,9120,1076,5,4207.58
22702,9120,1785,3,1442.72
22703,9120,167,2,2554.57
22704,9121,1933,3,2420.56
22705,9122,127,5,4711.87
22706,9122,1638,5,1905.98
22707,9122,1312,4,3510.23
22708,9123,1771,2,3405.76
22709,9123,699,5,4601.64
22710,9124,1118,1,3713.21
22711,9125,1055,1,4800.5
22712,9125,998,4,4107.24
22713,9125,1921,4,67.51
22714,9125,323,2,3121.78
22715,9126,1175,2,2120.63
22716,9126,1132,2,4201.4
22717,9126,443,3,4944.73
22718,9126,1696,5,979.19
22719,9127,77,5,2924.08
22720,9127,650,5,2104.28
22721,9127,251,3,2425.7
22722,9128,221,2,1054.07
22723,9128,967,2,3884.42
22724,9129,682,4,3995.06
22725,9129,1548,5,1570.25
22726,9129,1098,1,4970.86
22727,9130,656,2,3040.87
22728,9130,952,4,2232.98
22729,9130,13,1,2227.03
22730,9131,1171,2,3620.47
22731,9131,1957,4,680.58
22732,9131,127,5,4711.87
22733,9132,714,3,4198.07
22734,9132,1524,5,3755.82
22735,9133,1908,5,2628.01
22736,9134,1020,4,2813.37
22737,9134,857,5,1674.64
22738,9135,530,1,1905.89
22739,9135,1544,4,2289.27
22740,9136,657,5,1698.74
22741,9136,1036,4,4112.89
22742,9137,1106,3,3401.16
22743,9137,882,3,2446.15
22744,9138,1515,3,3802.4
22745,9138,201,5,102.3
22746,9139,1846,5,666.7
22747,9140,1311,3,4424.0
22748,9140,1833,3,3298.72
22749,9140,138,5,2467.22
22750,9140,1106,5,3401.16
22751,9141,1057,1,3604.61
22752,9141,1607,2,2615.57
22753,9141,87,4,2762.02
22754,9142,731,2,1685.44
22755,9142,1838,5,504.85
22756,9143,1882,2,1460.59
22757,9143,661,1,1784.45
22758,9143,1596,5,3249.3
22759,9143,1246,5,456.86
22760,9144,1834,3,3953.74
22761,9145,576,2,3573.45
22762,9146,53,2,3899.64
22763,9147,1735,3,4147.46
22764,9148,1616,2,3378.79
22765,9148,1149,4,4334.54
22766,9148,393,5,3676.91
22767,9148,122,4,349.5
22768,9149,1177,2,3460.99
22769,9149,1677,1,828.77
22770,9149,1241,5,2878.24
22771,9150,1915,2,3122.45
22772,9150,1191,3,2148.89
22773,9150,1176,1,1444.58
22774,9150,1692,3,1836.1
22775,9151,1653,3,2729.95
22776,9151,1916,3,57.41
22777,9151,1976,2,2781.03
22778,9151,871,2,4608.67
22779,9152,1382,4,380.75
22780,9152,1196,5,571.04
22781,9152,1462,2,3236.96
22782,9153,1492,2,1582.22
22783,9153,1283,3,1258.75
22784,9153,1633,2,4642.34
22785,9153,1327,5,975.37
22786,9154,996,4,2795.3
22787,9154,1011,1,602.7
22788,9154,809,2,2729.44
22789,9154,1982,2,3589.97
22790,9155,223,1,1865.59
22791,9155,1715,2,2570.54
22792,9156,294,2,4193.11
22793,9156,874,1,4765.46
22794,9156,928,1,3423.28
22795,9157,1658,1,1105.04
22796,9157,1727,2,944.49
22797,9158,679,5,2172.15
22798,9158,206,4,3651.92
22799,9159,581,1,4815.32
22800,9160,1548,1,1570.25
22801,9160,1191,5,2506.31
22802,9160,1136,2,1859.45
22803,9160,1224,1,2337.81
22804,9161,904,2,4894.55
22805,9161,675,4,822.26
22806,9161,514,2,755.11
22807,9161,1398,3,1229.14
22808,9162,388,5,445.41
22809,9162,1820,1,1295.41
22810,9163,873,5,4187.6
22811,9163,137,3,2017.92
22812,9163,1756,4,1997.47
22813,9163,324,5,377.72
22814,9164,1540,2,3898.12
22815,9164,1497,3,271.31
22816,9164,1719,3,4207.69
22817,9164,433,5,4118.38
22818,9165,1272,4,855.09
22819,9165,1837,3,4360.25
22820,9165,1199,5,2527.07
22821,9165,1542,1,142.87
22822,9166,103,3,4739.24
22823,9166,865,1,2455.86
22824,9167,455,3,3822.19
22825,9167,1486,4,2031.02
22826,9168,605,4,324.29
22827,9169,1366,2,3123.51
22828,9170,1149,4,4334.54
22829,9170,1000,1,1059.83
22830,9170,1159,3,2440.51
22831,9170,1487,5,1778.67
22832,9171,1679,3,1358.37
22833,9171,358,2,1233.98
22834,9171,1885,1,2638.54
22835,9172,1234,3,552.76
22836,9173,634,2,3390.51
22837,9173,843,1,1112.41
22838,9173,925,5,4150.42
22839,9173,1107,5,1686.83
22840,9174,1020,3,2578.01
22841,9174,644,5,1244.88
22842,9175,8,4,4283.46
22843,9175,1742,5,1911.55
22844,9175,1965,3,4683.28
22845,9176,1108,2,2593.33
22846,9176,1358,4,4529.67
22847,9176,998,5,4107.24
22848,9177,649,4,127.94
22849,9178,836,4,3184.86
22850,9178,131,3,3366.57
22851,9178,1684,4,3589.34
22852,9178,1482,2,1283.11
22853,9179,1581,1,2805.77
22854,9179,1472,2,396.71
22855,9179,1184,4,2427.56
22856,9180,1157,4,3021.97
22857,9180,291,2,4479.15
22858,9180,778,4,1884.21
22859,9180,1569,5,961.57
22860,9181,1771,4,3405.76
22861,9181,597,2,513.89
22862,9181,834,1,4957.63
22863,9181,393,4,3676.91
22864,9182,866,1,1065.77
22865,9182,536,2,1833.58
22866,9182,118,2,4784.56
22867,9182,181,5,2553.82
22868,9183,1223,2,2077.17
22869,9184,1808,2,3905.23
22870,9184,431,2,3294.77
22871,9185,886,3,1634.05
22872,9185,1956,1,752.13
22873,9185,733,3,1237.21
22874,9186,1802,4,3728.81
22875,9187,1372,3,1110.49
22876,9188,1659,3,479.37
22877,9188,704,3,4838.98
22878,9188,741,5,3043.25
22879,9188,665,1,946.77
22880,9189,1602,3,2669.18
22881,9189,455,2,3822.19
22882,9190,1458,2,1609.23
22883,9190,624,5,563.65
22884,9190,671,2,3530.03
22885,9191,774,5,450.99
22886,9191,1381,2,1933.35
22887,9192,1177,3,3460.99
22888,9192,1903,4,2934.47
22889,9193,105,4,1476.42
22890,9194,1771,5,3405.76
22891,9194,782,4,147.88
22892,9195,1230,4,2848.87
22893,9196,699,5,4601.64
22894,9196,806,5,113.52
22895,9196,1660,3,167.07
22896,9196,1177,5,3460.99
22897,9197,865,1,2455.86
22898,9197,1389,4,1904.68
22899,9198,784,3,2566.81
22900,9199,1284,5,1729.22
22901,9199,1083,2,2480.07
22902,9199,1521,1,4472.71
22903,9199,1733,4,3172.94
22904,9200,651,2,140.09
22905,9200,61,2,3122.29
22906,9201,26,3,511.61
22907,9202,1303,3,58.0
22908,9202,1122,2,246.03
22909,9203,1618,5,4119.68
22910,9203,1242,4,1507.11
22911,9203,1650,3,1749.93
22912,9203,1810,1,1727.32
22913,9204,1302,4,293.22
22914,9204,1696,3,979.19
22915,9204,1326,1,667.26
22916,9204,10,5,3032.84
22917,9205,784,1,2566.81
22918,9205,1276,2,4775.49
22919,9206,1474,1,567.6
22920,9207,950,2,3575.16
22921,9207,951,5,1690.56
22922,9207,533,5,283.98
22923,9208,1508,4,3515.38
22924,9208,450,5,420.78
22925,9208,964,2,2605.27
22926,9209,1872,3,3056.84
22927,9209,525,4,585.54
22928,9210,1495,2,2481.84
22929,9210,1453,2,1778.93
22930,9210,1073,2,1327.8
22931,9210,126,3,2072.3
22932,9211,906,5,1703.31
22933,9211,137,1,2118.34
22934,9211,1198,4,4266.62
22935,9211,635,5,4443.09
22936,9212,930,3,79.28
22937,9213,1953,1,4319.47
22938,9213,1720,2,1338.58
22939,9213,1429,5,4518.66
22940,9214,252,1,1843.4
22941,9214,14,4,2641.22
22942,9215,1662,4,3160.26
22943,9216,1090,5,2987.29
22944,9216,494,3,2644.3
22945,9217,318,3,3972.94
22946,9217,1246,3,456.86
22947,9218,1945,3,4845.83
22948,9219,1320,3,994.33
22949,9220,1318,3,4006.54
22950,9221,243,5,2564.96
22951,9221,1198,5,3795.55
22952,9221,1125,5,339.79
22953,9222,1460,1,2831.32
22954,9222,1349,2,491.69
22955,9222,627,4,2900.93
22956,9223,546,2,1741.25
22957,9223,1215,3,627.48
22958,9223,498,3,463.18
22959,9223,1542,3,142.87
22960,9224,670,5,4951.0
22961,9224,207,2,4104.64
22962,9224,108,5,2841.42
22963,9224,1758,3,1627.94
22964,9225,1859,5,369.58
22965,9225,771,4,271.65
22966,9225,1387,4,3367.36
22967,9226,522,3,3199.65
22968,9226,760,2,1368.56
22969,9226,55,4,477.57
22970,9226,704,1,4838.98
22971,9227,1806,5,4932.05
22972,9227,19,5,4954.02
22973,9228,133,2,3953.01
22974,9228,1328,3,1629.06
22975,9229,1368,4,2948.1
22976,9229,605,5,271.03
22977,9229,184,3,1497.19
22978,9229,70,1,1704.87
22979,9230,1597,2,4997.07
22980,9231,332,5,4663.2
22981,9231,1476,4,2709.79
22982,9231,1950,2,3525.4
22983,9231,488,1,1567.45
22984,9232,1513,1,4133.12
22985,9232,904,4,4894.55
22986,9233,1385,4,3672.34
22987,9233,845,2,4661.49
22988,9233,623,1,4260.78
22989,9233,863,1,2025.64
22990,9234,273,5,2698.03
22991,9234,475,3,2104.97
22992,9234,796,3,4016.74
22993,9235,1790,1,4394.84
22994,9235,97,4,704.13
22995,9235,1798,4,3519.52
22996,9235,35,2,1386.08
22997,9236,1906,2,2799.16
22998,9236,1157,1,3021.97
22999,9236,1317,3,4464.53
23000,9236,629,1,3437.25
23001,9237,1322,3,2046.82
23002,9237,550,4,2260.59
23003,9237,1060,2,1029.43
23004,9238,1981,4,3527.91
23005,9238,991,4,4617.12
23006,9239,1312,1,3510.23
23007,9239,1381,5,1933.35
23008,9239,1471,1,1253.11
23009,9240,1605,3,4362.29
23010,9241,1752,4,3370.18
23011,9241,699,4,4601.64
23012,9241,1329,2,1706.26
23013,9242,120,5,474.18
23014,9242,1073,2,1234.45
23015,9243,1504,3,4467.93
23016,9243,1966,4,4882.44
23017,9244,1531,5,4829.37
23018,9244,1806,3,4932.05
23019,9245,860,4,421.6
23020,9246,8,5,4283.46
23021,9246,1837,3,4360.25
23022,9246,274,3,88.25
23023,9247,1206,1,910.32
23024,9247,750,2,2618.93
23025,9247,1603,3,774.75
23026,9248,1893,4,3012.28
23027,9248,1709,2,1568.58
23028,9248,915,3,4241.85
23029,9249,552,3,3735.2
23030,9249,1619,5,3983.49
23031,9250,526,4,1421.93
23032,9250,1466,5,2409.63
23033,9250,254,5,3457.96
23034,9250,1100,3,3708.22
23035,9251,445,4,3585.16
23036,9252,1387,5,3367.36
23037,9252,1452,1,707.02
23038,9252,175,5,4049.26
23039,9253,1148,2,180.53
23040,9254,520,5,3845.1
23041,9254,397,2,4722.85
23042,9254,317,4,2363.42
23043,9254,1393,5,484.39
23044,9255,366,3,2367.54
23045,9255,201,4,102.3
23046,9255,1965,5,4683.28
23047,9256,133,3,3953.01
23048,9257,540,3,635.0
23049,9257,1921,4,72.61
23050,9257,587,1,3620.3
23051,9258,1626,2,3411.47
23052,9259,1237,2,3949.17
23053,9260,181,2,2553.82
23054,9260,243,1,2081.24
23055,9260,38,4,3283.97
23056,9261,82,1,4492.0
23057,9262,1663,5,363.7
23058,9262,391,4,545.65
23059,9262,447,1,1882.07
23060,9262,240,1,431.39
23061,9263,1065,1,1577.35
23062,9264,964,2,2605.27
23063,9265,484,3,2046.14
23064,9265,1659,5,479.37
23065,9265,942,4,3731.09
23066,9266,1068,5,1499.27
23067,9266,433,3,4118.38
23068,9266,1542,4,142.87
23069,9267,685,2,434.0
23070,9267,30,5,2949.45
23071,9267,1788,5,4044.6
23072,9268,1096,3,2018.38
23073,9268,1855,2,2986.36
23074,9269,1167,3,2893.83
23075,9270,164,4,3555.06
23076,9270,1959,4,2299.44
23077,9270,676,2,1181.47
23078,9270,569,5,3518.66
23079,9271,1050,1,105.34
23080,9271,1007,5,1868.9
23081,9271,237,3,1363.67
23082,9272,139,5,4119.98
23083,9272,1227,2,2575.99
23084,9272,5,4,4405.06
23085,9273,1742,1,1911.55
23086,9273,417,1,622.91
23087,9273,733,2,1237.21
23088,9274,66,3,461.64
23089,9274,489,3,938.89
23090,9274,1451,5,95.51
23091,9275,1699,2,4382.52
23092,9275,1584,1,3732.34
23093,9276,1030,5,291.74
23094,9276,137,3,2258.91
23095,9277,1223,4,2330.58
23096,9277,308,3,4227.04
23097,9278,744,5,2156.28
23098,9279,1422,3,1430.68
23099,9280,780,1,4982.09
23100,9281,371,1,1801.37
23101,9281,1089,2,4868.96
23102,9281,622,1,1553.69
23103,9281,1858,1,4322.35
23104,9282,1395,5,2500.5
23105,9282,1848,1,659.76
23106,9282,1666,1,1107.86
23107,9282,1902,1,171.38
23108,9283,170,4,2609.26
23109,9283,867,2,349.03
23110,9283,1386,2,3278.38
23111,9284,64,4,2594.71
23112,9284,626,4,739.49
23113,9285,1229,4,4239.84
23114,9285,1412,2,2409.48
23115,9285,1897,5,2534.34
23116,9286,1638,1,1905.98
23117,9286,769,2,3375.71
23118,9286,1176,4,1494.86
23119,9286,1371,5,4005.07
23120,9287,110,2,2349.49
23121,9288,1844,4,545.23
23122,9288,1383,1,76.06
23123,9289,570,5,2071.01
23124,9289,1052,3,2566.48
23125,9289,585,4,4567.13
23126,9290,1469,5,830.75
23127,9290,149,5,708.87
23128,9291,1926,1,3156.81
23129,9291,1896,1,2418.5
23130,9291,1298,5,1142.87
23131,9292,683,1,329.18
23132,9292,39,3,4972.54
23133,9293,67,5,4645.47
23134,9293,1683,4,4193.9
23135,9294,1696,2,785.86
23136,9294,1223,5,2330.58
23137,9294,702,4,3418.37
23138,9294,273,2,2698.03
23139,9295,1694,3,2818.3
23140,9295,1421,3,4859.69
23141,9295,34,5,2908.0
23142,9296,1394,1,1472.74
23143,9296,764,2,2226.69
23144,9297,1065,1,1577.35
23145,9297,1556,3,1976.36
23146,9298,1375,3,3905.71
23147,9298,200,1,1216.73
23148,9298,1712,5,3108.47
23149,9299,594,5,2436.27
23150,9300,1072,5,4913.65
23151,9301,1159,3,3012.68
23152,9302,1461,1,3052.71
23153,9302,948,3,3588.3
23154,9303,682,4,4710.39
23155,9303,1550,2,3369.31
23156,9303,1501,5,571.27
23157,9303,710,2,4079.08
23158,9304,1102,1,4297.06
23159,9304,203,2,3599.53
23160,9305,226,1,1054.31
23161,9305,280,1,1957.71
23162,9305,1461,3,3052.71
23163,9305,1404,3,1949.35
23164,9306,673,3,2930.94
23165,9306,38,5,3283.97
23166,9306,500,3,1122.63
23167,9307,822,3,2979.71
23168,9307,350,3,1260.04
23169,9308,1436,2,3754.33
23170,9309,837,5,1820.1
23171,9310,887,4,4225.09
23172,9310,554,4,4495.61
23173,9310,844,5,3408.55
23174,9310,37,4,3285.39
23175,9311,500,5,1122.63
23176,9311,690,3,3071.04
23177,9312,1389,3,1904.68
23178,9312,1995,4,2066.02
23179,9312,853,2,3467.49
23180,9312,844,2,2764.17
23181,9313,1192,5,3908.33
23182,9313,820,2,1886.24
23183,9313,1210,5,3696.95
23184,9314,34,1,2908.0
23185,9314,1303,2,68.4
23186,9315,1262,5,3201.63
23187,9315,95,2,1165.46
23188,9315,399,4,935.5
23189,9315,336,3,2124.95
23190,9316,1030,1,291.74
23191,9317,1130,5,2324.01
23192,9317,1880,3,1959.52
23193,9317,1568,3,1768.97
23194,9318,1311,4,4424.0
23195,9318,1046,3,1159.16
23196,9318,1071,4,1985.41
23197,9319,138,2,2467.22
23198,9319,412,4,3557.28
23199,9319,1765,1,513.58
23200,9319,1030,4,291.74
23201,9320,1158,3,3218.83
23202,9320,406,5,1153.0
23203,9320,1461,5,3052.71
23204,9321,149,1,598.66
23205,9321,647,5,1090.8
23206,9322,560,4,3538.0
23207,9322,1575,3,4759.72
23208,9322,1398,3,1360.3
23209,9323,1351,2,2492.74
23210,9323,443,2,4944.73
23211,9324,526,4,1644.34
23212,9325,1899,5,4748.11
23213,9325,656,4,3743.6
23214,9325,789,2,1432.18
23215,9326,1690,4,4633.95
23216,9327,1263,5,2295.53
23217,9327,749,2,3005.85
23218,9328,101,3,3747.47
23219,9328,672,3,2422.67
23220,9329,1807,1,1458.05
23221,9329,1487,2,2148.84
23222,9329,628,5,4349.75
23223,9329,1170,3,1315.23
23224,9330,117,1,2741.14
23225,9330,1954,1,4409.84
23226,9331,785,2,3741.23
23227,9331,610,1,2298.27
23228,9331,300,4,2393.53
23229,9332,202,2,2961.77
23230,9333,1537,4,3391.26
23231,9334,1625,3,2389.16
23232,9334,1663,5,363.7
23233,9334,426,2,1966.25
23234,9334,368,3,3600.59
23235,9335,832,1,1791.53
23236,9335,1870,3,2326.9
23237,9336,1506,4,681.79
23238,9336,501,5,3768.53
23239,9336,1645,5,1189.64
23240,9336,1842,1,1223.39
23241,9337,1218,4,1284.82
23242,9338,488,1,1567.45
23243,9338,104,2,1673.81
23244,9339,3,5,2657.76
23245,9339,668,2,371.43
23246,9339,1207,2,2642.55
23247,9340,1067,5,3205.61
23248,9340,484,5,2046.14
23249,9340,1213,1,2208.1
23250,9340,652,3,1904.28
23251,9341,1286,1,791.64
23252,9341,293,1,3047.2
23253,9341,152,5,2688.72
23254,9341,1063,4,3675.7
23255,9342,1438,5,2938.82
23256,9342,1267,4,4516.38
23257,9342,547,2,2542.66
23258,9342,577,4,1148.53
23259,9343,1797,1,1642.41
23260,9343,1997,2,4843.33
23261,9343,1066,3,4382.58
23262,9343,80,4,3663.41
23263,9344,378,1,1121.15
23264,9344,43,2,1212.23
23265,9344,565,3,159.76
23266,9345,719,4,4251.26
23267,9345,776,5,142.47
23268,9345,567,2,4674.9
23269,9346,1438,3,3162.42
23270,9346,1857,2,4958.76
23271,9346,1850,3,3786.95
23272,9347,1057,2,3713.66
23273,9347,232,4,3846.85
23274,9348,1906,5,2799.16
23275,9348,118,1,4784.56
23276,9348,1397,4,1925.16
23277,9349,1842,1,1223.39
23278,9349,1653,1,2729.95
23279,9349,1645,5,1189.64
23280,9349,661,2,1784.45
23281,9350,629,4,2916.67
23282,9350,488,4,1567.45
23283,9350,1171,3,3620.47
23284,9350,1346,1,1135.36
23285,9351,1266,2,501.14
23286,9351,654,4,74.1
23287,9352,175,4,4971.35
23288,9352,1422,4,1269.6
23289,9352,1819,5,118.88
23290,9353,1835,2,358.62
23291,9354,1673,3,3935.36
23292,9354,1852,1,568.41
23293,9354,665,1,893.51
23294,9354,1303,3,68.4
23295,9355,1061,5,4408.37
23296,9355,1131,2,3182.41
23297,9355,1781,4,2105.91
23298,9355,252,1,1746.28
23299,9356,1254,4,4048.91
23300,9357,1776,4,867.72
23301,9357,1473,3,850.07
23302,9357,1817,1,3240.09
23303,9358,739,1,980.4
23304,9358,1826,1,64.33
23305,9359,1921,2,78.32
23306,9359,18,4,4759.91
23307,9360,1284,1,1729.22
23308,9360,372,3,1767.22
23309,9361,1861,5,501.6
23310,9361,639,5,1959.67
23311,9361,679,1,1864.7
23312,9362,1144,3,4171.5
23313,9363,1756,1,1748.81
23314,9363,324,4,334.35
23315,9363,1782,1,4257.58
23316,9363,1322,2,1849.47
23317,9364,260,3,51.39
23318,9365,212,4,803.2
23319,9365,1349,5,491.69
23320,9365,1415,2,3433.14
23321,9365,1513,1,4133.12
23322,9366,1409,5,943.24
23323,9366,1183,5,348.93
23324,9366,1467,3,3014.82
23325,9367,915,2,4241.85
23326,9367,1930,5,1645.53
23327,9367,24,5,4213.26
23328,9368,1895,1,4104.65
23329,9368,1967,3,2886.21
23330,9368,1958,5,4221.55
23331,9369,41,1,4031.18
23332,9369,1616,1,3567.75
23333,9369,1388,3,1300.14
23334,9369,1483,4,3237.23
23335,9370,1189,1,1264.24
23336,9370,1742,2,1551.42
23337,9370,253,3,801.69
23338,9371,1555,2,3690.58
23339,9371,736,1,3374.71
23340,9371,547,4,2542.66
23341,9372,529,3,2017.88
23342,9372,1104,5,2160.59
23343,9372,889,2,2129.98
23344,9373,1560,5,1396.92
23345,9374,1722,1,265.02
23346,9375,872,2,1346.22
23347,9376,1908,3,2628.01
23348,9377,223,3,1704.83
23349,9378,217,4,657.68
23350,9378,1517,5,1255.49
23351,9378,412,4,3557.28
23352,9379,1844,4,545.23
23353,9379,1132,2,4201.4
23354,9380,146,2,2306.98
23355,9380,188,1,1686.73
23356,9380,1409,3,806.38
23357,9381,1997,3,4843.33
23358,9382,224,2,869.06
23359,9382,738,3,4721.08
23360,9382,961,3,4383.36
23361,9383,1982,3,3589.97
23362,9383,1300,5,2792.13
23363,9383,703,1,2916.95
23364,9383,1028,1,1758.23
23365,9384,1212,1,4221.59
23366,9384,1764,3,2040.29
23367,9384,1502,2,1662.88
23368,9384,306,3,2895.92
23369,9385,1401,1,3777.73
23370,9385,712,5,1459.97
23371,9386,431,1,3294.77
23372,9386,1508,1,3515.38
23373,9387,1415,5,3433.14
23374,9388,1564,4,4119.59
23375,9388,960,5,1695.67
23376,9388,293,1,3047.2
23377,9389,874,3,4765.46
23378,9390,1996,1,1330.84
23379,9390,1735,3,4147.46
23380,9390,810,5,2694.6
23381,9390,848,3,2534.01
23382,9391,70,3,1704.87
23383,9392,1983,5,4107.76
23384,9392,365,2,3705.73
23385,9392,539,3,4274.76
23386,9392,977,1,594.63
23387,9393,1869,4,349.95
23388,9393,58,1,4880.59
23389,9393,980,2,4389.83
23390,9393,593,1,1234.79
23391,9394,492,3,977.04
23392,9394,990,4,3669.71
23393,9395,1832,2,1596.17
23394,9395,895,4,3512.68
23395,9395,14,2,2641.22
23396,9396,1730,2,1575.07
23397,9396,492,1,889.51
23398,9396,1905,4,3031.02
23399,9397,1515,4,3802.4
23400,9397,1019,4,230.72
23401,9398,184,5,1290.76
23402,9399,1855,3,3510.07
23403,9400,1764,2,2524.19
23404,9400,364,2,4850.74
23405,9401,1031,4,2261.27
23406,9401,1384,4,3570.13
23407,9401,570,4,1833.12
23408,9402,647,4,1274.12
23409,9403,850,2,34.16
23410,9404,768,2,2222.8
23411,9404,1163,5,1790.9
23412,9405,524,3,3803.62
23413,9406,828,2,4204.94
23414,9407,1548,3,1570.25
23415,9408,1778,1,3606.26
23416,9408,1669,3,3246.59
23417,9408,777,2,2077.46
23418,9408,655,1,120.85
23419,9409,1580,2,4757.61
23420,9409,824,1,1932.16
23421,9409,690,3,3071.04
23422,9410,425,4,3713.27
23423,9410,28,2,4654.11
23424,9410,1423,1,1547.58
23425,9410,361,3,102.54
23426,9411,1215,3,627.48
23427,9411,1823,3,634.87
23428,9412,1873,5,2032.74
23429,9412,1960,1,1687.21
23430,9412,1471,3,1253.11
23431,9412,554,2,4495.61
23432,9413,1819,3,118.88
23433,9414,537,3,4518.79
23434,9414,1781,1,2340.2
23435,9414,1649,5,3713.09
23436,9415,1662,4,3160.26
23437,9416,500,1,913.81
23438,9416,596,1,1231.48
23439,9417,584,1,1765.65
23440,9417,244,3,3907.13
23441,9418,19,3,4954.02
23442,9419,1775,3,3513.61
23443,9419,972,5,4344.95
23444,9420,39,1,4972.54
23445,9421,802,5,1237.78
23446,9421,1035,1,1715.38
23447,9421,780,2,4101.0
23448,9422,1530,5,1266.23
23449,9422,228,4,3049.62
23450,9423,28,5,4186.9
23451,9423,1185,3,4048.07
23452,9424,288,3,4203.67
23453,9425,1704,4,4825.0
23454,9425,220,4,1408.94
23455,9425,901,2,4432.43
23456,9425,630,4,2446.22
23457,9426,1758,4,1627.94
23458,9426,1128,5,912.22
23459,9426,1389,5,1904.68
23460,9427,1442,1,1867.53
23461,9427,829,5,1878.36
23462,9427,1842,3,1223.39
23463,9428,1170,1,1315.23
23464,9428,1486,4,2349.15
23465,9428,484,5,2046.14
23466,9428,1609,5,3710.26
23467,9429,1868,1,2512.3
23468,9429,1147,1,2524.26
23469,9430,129,3,4668.8
23470,9431,804,2,3434.79
23471,9432,1367,3,308.74
23472,9432,944,5,314.92
23473,9433,737,4,2378.96
23474,9434,1983,2,4107.76
23475,9434,331,1,205.88
23476,9434,1924,3,2698.77
23477,9435,582,5,4943.34
23478,9436,1994,2,3216.2
23479,9436,959,5,1519.27
23480,9436,125,1,1196.07
23481,9437,1805,2,2631.43
23482,9437,944,4,314.92
23483,9437,122,1,349.5
23484,9437,1707,2,341.01
23485,9438,407,3,2291.87
23486,9438,1262,3,3201.63
23487,9438,1211,4,1630.48
23488,9438,625,5,4059.0
23489,9439,300,2,2393.53
23490,9439,217,3,657.68
23491,9439,918,3,709.61
23492,9439,483,5,4358.38
23493,9440,1293,5,1304.75
23494,9440,919,5,3735.14
23495,9440,408,3,4940.48
23496,9440,165,3,3913.37
23497,9441,1412,3,2409.48
23498,9441,1743,2,982.62
23499,9441,814,2,3110.03
23500,9441,1661,4,4981.28
23501,9442,1064,3,891.81
23502,9442,1500,2,4007.45
23503,9442,140,1,4472.12
23504,9443,143,5,2926.5
23505,9443,930,4,79.28
23506,9444,1452,1,764.05
23507,9445,1691,5,46.41
23508,9445,881,3,406.91
23509,9445,1026,5,3832.72
23510,9445,1300,1,2792.13
23511,9446,1341,5,2068.83
23512,9446,860,3,421.6
23513,9446,1728,4,2701.66
23514,9447,373,4,4531.36
23515,9448,1063,3,3675.7
23516,9448,1130,5,1895.27
23517,9449,1446,5,3183.85
23518,9449,357,1,1811.46
23519,9450,707,2,1194.29
23520,9450,750,4,2618.93
23521,9450,1528,5,69.45
23522,9450,1623,1,4345.73
23523,9451,1089,1,4868.96
23524,9451,1331,5,772.13
23525,9451,455,3,3822.19
23526,9452,1490,2,4644.16
23527,9452,253,4,801.69
23528,9452,908,1,1720.1
23529,9452,7,2,4731.63
23530,9453,138,3,2467.22
23531,9453,340,1,2546.02
23532,9454,1839,1,3768.65
23533,9454,1891,4,3352.26
23534,9454,1108,1,2593.33
23535,9455,1471,4,1182.72
23536,9455,1896,2,2103.36
23537,9455,800,1,1809.64
23538,9456,696,4,2747.91
23539,9456,1025,1,3996.37
23540,9456,1552,4,2043.9
23541,9457,1190,5,2212.05
23542,9457,1954,5,4409.84
23543,9457,1866,4,3049.22
23544,9457,1742,4,1911.55
23545,9458,1886,2,1998.33
23546,9459,1893,4,3012.28
23547,9459,145,5,4174.9
23548,9459,1231,1,679.89
23549,9460,1513,1,4133.12
23550,9460,1679,2,1438.31
23551,9460,1719,4,3708.63
23552,9461,1318,2,3358.08
23553,9461,1474,1,567.6
23554,9462,1403,5,3226.0
23555,9463,925,5,3630.36
23556,9463,1864,5,4244.91
23557,9463,305,4,1143.82
23558,9463,1198,3,4266.62
23559,9464,1874,1,2038.67
23560,9464,340,5,3028.53
23561,9464,601,3,4765.61
23562,9464,1478,3,3207.79
23563,9465,1570,3,4336.23
23564,9465,484,3,2046.14
23565,9465,790,2,3447.9
23566,9466,923,4,1277.43
23567,9466,717,5,1550.32
23568,9466,1231,5,679.89
23569,9466,1495,5,2805.26
23570,9467,821,4,1562.15
23571,9467,967,2,3884.42
23572,9467,477,3,4760.62
23573,9467,1086,3,4700.28
23574,9468,1553,4,2621.87
23575,9468,1886,3,2120.04
23576,9468,1031,5,1946.92
23577,9468,834,2,4957.63
23578,9469,1713,5,3233.67
23579,9469,184,4,1497.19
23580,9469,953,4,3227.55
23581,9470,131,3,3366.57
23582,9470,326,3,2119.6
23583,9470,1638,5,1905.98
23584,9471,1841,4,3295.24
23585,9471,1702,5,2690.7
23586,9471,692,2,4629.69
23587,9471,1428,2,1023.73
23588,9472,1229,5,4239.84
23589,9473,550,1,2260.59
23590,9473,875,4,593.63
23591,9474,651,3,140.09
23592,9474,1325,4,150.07
23593,9474,1553,3,3046.46
23594,9475,1075,1,1190.77
23595,9475,1885,3,2638.54
23596,9476,1701,4,3196.88
23597,9476,310,5,3134.88
23598,9477,876,5,4735.67
23599,9478,1734,1,2831.8
23600,9478,1057,2,4297.01
23601,9479,759,1,4030.25
23602,9479,1363,1,1157.42
23603,9479,1584,4,3890.09
23604,9479,1880,5,1959.52
23605,9480,898,4,4021.03
23606,9481,86,3,1479.15
23607,9482,1898,4,1001.41
23608,9483,862,4,808.75
23609,9484,357,3,1811.46
23610,9485,1673,3,3593.96
23611,9486,378,1,1121.15
23612,9486,704,3,4838.98
23613,9486,400,5,2277.78
23614,9486,1209,5,1663.21
23615,9487,1439,2,3836.78
23616,9488,1121,2,421.04
23617,9489,901,3,4432.43
23618,9490,53,2,4258.3
23619,9490,979,4,1893.66
23620,9490,1796,2,4111.65
23621,9491,915,1,3685.8
23622,9492,1531,5,4829.37
23623,9492,154,2,696.76
23624,9492,1349,1,491.69
23625,9492,1642,2,2231.42
23626,9493,303,1,2888.6
23627,9493,1970,1,618.35
23628,9494,607,1,4648.41
23629,9494,311,5,4257.7
23630,9495,517,5,480.48
23631,9495,784,2,2566.81
23632,9495,1353,5,2284.8
23633,9496,947,3,3952.8
23634,9496,553,2,1791.0
23635,9496,137,4,2258.91
23636,9497,493,4,488.29
23637,9497,823,5,4123.4
23638,9497,293,1,3047.2
23639,9498,1212,3,3978.47
23640,9499,1633,4,4642.34
23641,9500,794,4,2704.79
23642,9500,1056,4,151.5
23643,9500,1152,3,2407.53
23644,9501,334,1,2946.17
23645,9501,33,4,618.65
23646,9501,933,4,2246.96
23647,9501,1749,1,433.44
23648,9502,324,3,377.72
23649,9502,247,3,3024.59
23650,9502,1855,5,3510.07
23651,9502,611,3,3509.37
23652,9503,1865,2,1486.0
23653,9504,1525,1,3157.81
23654,9504,383,3,1839.51
23655,9504,1448,1,3950.08
23656,9504,1092,4,166.85
23657,9505,1160,5,1408.95
23658,9505,1105,3,1213.17
23659,9505,1804,4,2848.61
23660,9505,552,5,3091.01
23661,9506,138,4,2467.22
23662,9506,1284,3,1729.22
23663,9506,1190,3,2033.0
23664,9507,1771,4,3074.87
23665,9507,999,1,2945.34
23666,9508,853,1,4151.58
23667,9508,541,2,1549.97
23668,9508,705,5,4232.36
23669,9509,75,3,50.34
23670,9509,1436,4,4303.05
23671,9510,692,1,3923.67
23672,9510,1188,4,3588.8
23673,9511,1646,3,4531.46
23674,9511,1826,4,64.33
23675,9511,919,1,4303.03
23676,9512,326,3,2119.6
23677,9513,743,2,2045.71
23678,9513,801,4,1243.14
23679,9513,1466,1,2812.37
23680,9513,1727,5,944.49
23681,9514,1267,1,4516.38
23682,9514,1975,5,3658.73
23683,9514,1545,5,2804.73
23684,9514,405,4,2282.13
23685,9515,1038,1,3779.92
23686,9516,93,4,683.08
23687,9516,1757,5,4010.7
23688,9516,1822,4,4356.4
23689,9516,507,3,1582.99
23690,9517,1859,3,369.58
23691,9517,1168,2,3342.38
23692,9518,271,5,4144.82
23693,9518,1841,1,3295.24
23694,9519,850,3,34.16
23695,9519,1598,3,2779.45
23696,9519,1502,3,1662.88
23697,9520,18,2,4759.91
23698,9520,684,1,3130.93
23699,9521,975,1,2088.67
23700,9522,1685,5,4800.62
23701,9522,1843,5,4261.48
23702,9522,560,5,3783.25
23703,9523,1717,5,4935.75
23704,9524,978,3,1208.96
23705,9524,624,1,563.65
23706,9524,1724,5,2941.61
23707,9525,1253,3,4822.44
23708,9525,1183,3,289.75
23709,9526,704,1,4838.98
23710,9526,1412,1,2021.3
23711,9526,1496,5,2564.23
23712,9526,507,3,1671.42
23713,9527,1174,5,1154.28
23714,9528,1320,5,1133.36
23715,9528,532,3,3341.59
23716,9528,1746,5,2918.75
23717,9528,1502,3,1662.88
23718,9529,1364,3,1963.35
23719,9530,493,2,488.29
23720,9530,1876,1,762.29
23721,9531,579,5,4113.9
23722,9531,1325,3,139.22
23723,9531,684,4,3130.93
23724,9532,754,5,1620.48
23725,9532,612,4,3147.96
23726,9532,1389,1,1904.68
23727,9532,1748,5,586.06
23728,9533,1370,4,821.67
23729,9533,424,1,800.51
23730,9533,1524,4,4529.6
23731,9534,851,5,3486.75
23732,9534,1649,4,3255.41
23733,9535,1032,2,1677.99
23734,9536,1294,5,3397.16
23735,9536,766,4,3588.86
23736,9536,120,5,438.71
23737,9536,705,4,4232.36
23738,9537,317,1,2277.12
23739,9538,1143,4,4442.33
23740,9538,1724,1,2941.61
23741,9538,1516,1,4754.42
23742,9538,1284,3,1729.22
23743,9539,33,2,618.65
23744,9539,996,3,2795.3
23745,9540,856,5,4713.32
23746,9540,805,4,232.89
23747,9540,1481,3,1236.14
23748,9541,854,3,4215.33
23749,9541,1783,5,2181.97
23750,9541,894,4,421.43
23751,9542,1864,1,4244.91
23752,9542,996,3,2795.3
23753,9542,1504,1,4467.93
23754,9543,1251,4,898.05
23755,9544,403,5,427.83
23756,9545,995,1,2607.16
23757,9545,837,5,2265.42
23758,9545,1534,3,1497.27
23759,9546,1037,1,1567.44
23760,9546,196,3,1975.92
23761,9546,1251,2,898.05
23762,9547,1987,4,1206.99
23763,9547,172,3,4966.4
23764,9547,1758,5,1627.94
23765,9548,1280,5,2521.93
23766,9548,135,1,4248.92
23767,9549,1189,3,1271.34
23768,9550,1115,3,3751.63
23769,9551,545,5,2788.18
23770,9551,13,5,2227.03
23771,9552,435,3,1752.98
23772,9552,745,1,2780.97
23773,9553,626,5,739.49
23774,9554,71,3,4701.99
23775,9555,290,2,2858.24
23776,9555,1211,5,1630.48
23777,9555,730,4,1887.22
23778,9555,746,5,4549.79
23779,9556,1218,5,1440.13
23780,9556,1057,3,4297.01
23781,9556,703,2,2570.67
23782,9556,638,1,2493.09
23783,9557,1880,5,1959.52
23784,9557,1851,5,1194.66
23785,9557,50,2,2406.36
23786,9557,184,2,1266.0
23787,9558,1013,4,3056.19
23788,9558,1090,4,3355.83
23789,9558,1111,2,2376.45
23790,9559,1087,4,4472.76
23791,9559,1386,1,3278.38
23792,9559,1097,2,542.09
23793,9560,959,4,1519.27
23794,9560,326,2,2119.6
23795,9561,898,2,4021.03
23796,9562,282,5,614.76
23797,9563,1052,3,2566.48
23798,9563,1109,3,482.64
23799,9563,1027,2,1879.49
23800,9563,1352,5,409.65
23801,9564,1632,3,1855.05
23802,9565,770,5,1755.13
23803,9565,224,3,869.06
23804,9566,1737,3,3025.71
23805,9567,1083,4,2480.07
23806,9567,164,1,3334.24
23807,9567,913,4,16.06
23808,9567,645,3,4070.0
23809,9568,308,2,3744.73
23810,9568,1132,5,3676.09
23811,9568,1673,2,3935.36
23812,9568,1429,2,4518.66
23813,9569,779,4,86.06
23814,9569,767,1,2284.41
23815,9570,2000,4,849.72
23816,9570,1266,3,432.76
23817,9570,1209,3,1827.1
23818,9571,1746,2,3163.83
23819,9571,1518,4,1171.72
23820,9572,1589,5,457.62
23821,9572,1003,2,4193.7
23822,9573,1991,2,3214.44
23823,9574,434,1,2688.44
23824,9574,1208,5,2828.12
23825,9574,1768,3,3167.82
23826,9575,1115,4,3751.63
23827,9575,117,1,2741.14
23828,9575,1464,3,3068.3
23829,9576,1655,1,2828.05
23830,9576,1871,3,2643.42
23831,9576,1202,2,2544.04
23832,9576,509,5,3670.29
23833,9577,962,1,987.13
23834,9577,1410,2,3366.03
23835,9578,973,3,1490.81
23836,9578,1459,1,1911.54
23837,9578,329,4,4348.31
23838,9578,1480,4,705.06
23839,9579,1075,5,1297.7
23840,9580,322,4,1128.18
23841,9581,1357,5,46.32
23842,9581,1370,2,1021.39
23843,9581,1830,5,1574.79
23844,9581,1570,4,4336.23
23845,9582,738,2,4721.08
23846,9582,1414,3,604.17
23847,9582,419,1,4536.4
23848,9583,1810,3,1637.62
23849,9583,1070,4,1545.21
23850,9583,1179,5,1931.5
23851,9584,898,1,4021.03
23852,9585,920,1,1699.61
23853,9586,408,1,4940.48
23854,9587,877,5,4109.42
23855,9588,1858,2,4696.05
23856,9589,509,1,3670.29
23857,9589,1599,3,845.13
23858,9589,1991,1,3214.44
23859,9589,197,3,124.38
23860,9590,679,3,1762.71
23861,9590,1015,5,2805.41
23862,9590,315,5,1223.18
23863,9590,1470,1,2622.08
23864,9591,578,2,2970.5
23865,9591,1524,5,4529.6
23866,9591,256,5,1529.79
23867,9591,70,4,1704.87
23868,9592,402,3,4892.72
23869,9592,1609,1,3710.26
23870,9593,1922,3,2750.44
23871,9593,1131,1,3182.41
23872,9593,1452,3,764.05
23873,9593,949,2,3259.59
23874,9594,20,2,3466.81
23875,9594,225,1,1181.02
23876,9595,1308,4,3851.02
23877,9595,970,2,1564.11
23878,9596,471,3,1667.37
23879,9596,260,4,60.74
23880,9596,1171,5,3620.47
23881,9596,1276,3,4775.49
23882,9597,179,3,3052.29
23883,9598,323,2,3121.78
23884,9598,1662,4,3160.26
23885,9598,523,2,3040.6
23886,9599,1150,4,4720.67
23887,9599,458,4,1759.6
23888,9599,303,4,3528.76
23889,9599,1868,2,2512.3
23890,9600,763,4,3663.37
23891,9600,1513,4,4133.12
23892,9601,1792,3,4989.28
23893,9601,610,5,2298.27
23894,9602,1101,1,4136.01
23895,9603,148,3,3104.71
23896,9603,556,5,1367.56
23897,9603,1092,5,166.85
23898,9603,276,5,1435.35
23899,9604,1152,3,2407.53
23900,9604,54,5,268.33
23901,9604,14,5,2263.91
23902,9605,1460,4,3394.34
23903,9605,508,2,4905.99
23904,9606,433,5,4118.38
23905,9606,1143,2,4442.33
23906,9606,70,3,1704.87
23907,9606,1236,3,3539.72
23908,9607,1477,3,2470.35
23909,9607,951,1,1690.56
23910,9608,1223,5,2330.58
23911,9608,1479,2,772.64
23912,9608,1928,5,664.98
23913,9608,104,4,1673.81
23914,9609,1389,5,1904.68
23915,9610,1524,2,4529.6
23916,9610,1820,4,1295.41
23917,9611,633,2,1499.21
23918,9612,376,3,1550.37
23919,9612,1576,1,3852.85
23920,9612,1589,4,457.62
23921,9613,1537,3,3391.26
23922,9613,502,2,584.21
23923,9614,1130,3,2324.01
23924,9614,1055,2,4800.5
23925,9614,342,3,4327.25
23926,9614,623,4,4260.78
23927,9615,1229,3,4239.84
23928,9615,892,2,3031.09
23929,9616,1454,4,816.13
23930,9617,1227,4,2840.98
23931,9617,1776,1,867.72
23932,9617,1762,4,950.9
23933,9618,1182,4,3077.04
23934,9618,1965,1,3832.93
23935,9618,138,4,2467.22
23936,9618,834,4,4957.63
23937,9619,1425,2,2840.04
23938,9620,1358,3,4529.67
23939,9620,101,5,4125.78
23940,9621,199,1,252.39
23941,9622,1783,5,2181.97
23942,9622,1067,1,2843.44
23943,9622,1583,3,3561.74
23944,9622,1494,1,163.68
23945,9623,288,2,4203.67
23946,9624,1650,2,2182.84
23947,9625,767,5,2284.41
23948,9625,1264,4,2891.63
23949,9625,897,1,1891.0
23950,9626,1448,2,3950.08
23951,9626,1109,3,482.64
23952,9626,1225,2,1107.05
23953,9627,1226,5,3502.2
23954,9627,1322,3,2046.82
23955,9628,307,3,315.91
23956,9628,32,2,3938.64
23957,9629,376,5,1550.37
23958,9629,455,4,3159.56
23959,9629,626,2,739.49
23960,9630,1342,2,2547.9
23961,9630,84,3,146.2
23962,9631,237,1,1615.24
23963,9632,346,1,1901.86
23964,9633,340,4,3028.53
23965,9634,1717,4,4935.75
23966,9634,1672,1,459.75
23967,9635,289,2,2450.56
23968,9636,1784,4,1361.63
23969,9636,855,1,3214.76
23970,9636,1086,1,4700.28
23971,9637,1952,5,2454.26
23972,9637,174,1,402.4
23973,9637,1050,4,105.34
23974,9638,285,3,1547.69
23975,9638,1617,1,996.46
23976,9638,1639,3,280.07
23977,9639,25,3,3831.09
23978,9639,1860,4,3653.4
23979,9639,1319,3,498.27
23980,9640,743,2,2405.57
23981,9640,1129,3,3676.13
23982,9641,1990,3,4241.52
23983,9641,233,5,314.31
23984,9641,1585,3,4809.42
23985,9642,1970,3,618.35
23986,9642,662,5,1537.86
23987,9642,59,2,2640.37
23988,9643,1961,3,2267.48
23989,9643,596,4,1231.48
23990,9644,142,4,3966.55
23991,9645,1580,3,4757.61
23992,9645,863,2,2025.64
23993,9645,1028,2,1758.23
23994,9645,1175,3,2120.63
23995,9646,1987,5,1206.99
23996,9646,420,4,1799.73
23997,9646,269,3,1167.05
23998,9646,141,4,1348.82
23999,9647,334,5,3189.75
24000,9647,137,2,2258.91
24001,9648,1949,4,628.06
24002,9649,1076,3,4481.39
24003,9649,1942,5,119.81
24004,9649,210,1,1176.68
24005,9649,1874,2,2038.67
24006,9650,93,5,683.08
24007,9650,1897,2,2534.34
24008,9650,1293,2,1304.75
24009,9651,752,3,1856.82
24010,9651,913,1,14.84
24011,9651,1506,5,681.79
24012,9651,991,1,4617.12
24013,9652,328,4,4328.97
24014,9652,1875,4,889.15
24015,9652,572,2,3464.96
24016,9653,1197,2,3064.29
24017,9654,1012,3,1232.66
24018,9654,1363,3,1157.42
24019,9654,1779,3,4333.82
24020,9655,1940,5,3720.73
24021,9655,351,2,781.08
24022,9655,1197,2,3064.29
24023,9655,1208,5,2614.77
24024,9656,398,3,3681.87
24025,9656,46,2,1485.51
24026,9656,288,1,4203.67
24027,9657,1016,2,4654.08
24028,9658,1338,5,2432.88
24029,9658,552,2,3062.42
24030,9658,1553,4,3046.46
24031,9659,491,4,4756.43
24032,9659,1217,2,778.06
24033,9659,329,2,4348.31
24034,9659,1807,2,1458.05
24035,9660,1447,5,4186.93
24036,9660,1199,2,2527.07
24037,9661,695,2,645.08
24038,9661,289,2,2450.56
24039,9661,309,5,494.89
24040,9661,1356,2,3354.26
24041,9662,1017,3,4136.88
24042,9662,103,2,4282.76
24043,9662,87,2,2762.02
24044,9662,1085,2,3456.43
24045,9663,484,1,2046.14
24046,9664,1331,2,772.13
24047,9665,1082,4,2479.62
24048,9665,1465,2,2424.32
24049,9665,1203,4,4402.27
24050,9666,825,4,3696.17
24051,9667,521,5,2682.3
24052,9667,1919,5,2728.56
24053,9667,1995,5,2213.54
24054,9668,1528,5,69.45
24055,9669,245,1,4956.68
24056,9670,2000,5,849.72
24057,9670,1379,4,1823.96
24058,9670,466,2,2193.4
24059,9671,145,3,4174.9
24060,9672,1454,5,869.09
24061,9672,127,4,4711.87
24062,9672,60,4,521.12
24063,9673,1643,2,2610.69
24064,9673,230,4,1092.51
24065,9673,555,5,4404.23
24066,9673,1261,2,1776.97
24067,9674,856,5,4713.32
24068,9675,1489,4,1547.24
24069,9675,1926,5,3156.81
24070,9675,847,2,2171.89
24071,9676,1243,3,3945.21
24072,9676,1699,3,4382.52
24073,9676,100,2,3973.25
24074,9676,450,3,420.78
24075,9677,1329,3,1706.26
24076,9677,1618,5,4119.68
24077,9677,38,3,3283.97
24078,9677,682,3,4710.39
24079,9678,1962,2,1588.31
24080,9679,221,5,1054.07
24081,9679,1919,1,2728.56
24082,9680,725,3,1883.71
24083,9680,1364,4,1963.35
24084,9680,1142,1,1535.26
24085,9680,1825,2,720.4
24086,9681,1263,4,2295.53
24087,9681,58,3,4880.59
24088,9681,25,1,3831.09
24089,9681,635,2,4443.09
24090,9682,1913,4,2084.58
24091,9682,1981,1,3188.82
24092,9683,1642,1,2231.42
24093,9683,213,4,161.25
24094,9683,792,4,839.44
24095,9684,7,2,4731.63
24096,9685,483,4,4941.39
24097,9685,1971,3,3384.04
24098,9685,1594,2,2659.84
24099,9685,1273,4,2490.93
24100,9686,2000,4,849.72
24101,9686,197,5,124.38
24102,9686,1916,2,69.6
24103,9686,1514,4,2850.95
24104,9687,1770,1,3631.56
24105,9687,1252,4,204.93
24106,9688,62,4,3329.9
24107,9688,1078,5,3125.24
24108,9688,55,2,477.57
24109,9689,652,1,1904.28
24110,9689,1073,3,1327.8
24111,9689,988,4,4286.16
24112,9690,462,5,2829.04
24113,9691,1085,4,3942.42
24114,9691,1792,3,4989.28
24115,9691,1396,1,2643.95
24116,9691,124,4,1903.14
24117,9692,1342,5,2958.39
24118,9693,418,1,4483.51
24119,9693,1159,4,3012.68
24120,9694,1415,4,3433.14
24121,9695,1621,5,459.84
24122,9695,231,3,4228.4
24123,9695,156,2,97.02
24124,9695,959,4,1519.27
24125,9696,1849,3,218.72
24126,9696,116,3,1301.79
24127,9696,1626,2,3411.47
24128,9697,1862,1,3083.03
24129,9697,1579,3,1271.12
24130,9697,559,4,2291.41
24131,9697,676,5,1181.47
24132,9698,1177,1,3168.74
24133,9698,972,4,4344.95
24134,9699,1475,4,4831.22
24135,9699,1921,1,78.32
24136,9699,63,2,908.21
24137,9699,1969,4,1715.61
24138,9700,144,2,3945.75
24139,9700,1946,5,1059.73
24140,9701,1432,1,4255.14
24141,9701,1997,2,4260.8
24142,9702,138,1,2467.22
24143,9702,1703,2,3435.52
24144,9702,1988,2,785.21
24145,9703,853,5,4151.58
24146,9703,313,2,474.04
24147,9703,660,2,2431.78
24148,9704,233,2,314.31
24149,9704,207,5,4395.79
24150,9705,1469,2,830.75
24151,9706,875,3,593.63
24152,9707,1628,2,4748.71
24153,9707,1026,5,3832.72
24154,9707,1013,4,3056.19
24155,9708,87,4,2237.17
24156,9708,14,3,2376.03
24157,9708,821,4,1562.15
24158,9709,146,4,2306.98
24159,9709,1147,1,2512.65
24160,9710,317,5,2700.01
24161,9710,1729,5,1365.82
24162,9711,1354,5,2081.24
24163,9711,1020,4,3188.65
24164,9711,579,1,4113.9
24165,9711,288,5,4203.67
24166,9712,1530,2,1438.4
24167,9712,1836,1,675.74
24168,9713,217,4,657.68
24169,9714,1483,3,3237.23
24170,9714,1048,4,3334.5
24171,9714,80,3,3663.41
24172,9714,1697,5,2034.38
24173,9715,1803,4,2615.85
24174,9715,1125,3,339.79
24175,9715,1128,5,912.22
24176,9716,352,5,499.9
24177,9717,1210,1,3696.95
24178,9717,531,1,1003.19
24179,9717,1564,2,4395.5
24180,9718,373,4,4531.36
24181,9718,778,5,1884.21
24182,9718,397,3,4722.85
24183,9718,1038,1,3495.12
24184,9719,1699,5,3923.35
24185,9720,604,3,3703.51
24186,9720,1955,3,1704.13
24187,9720,1333,3,573.04
24188,9720,20,4,3466.81
24189,9721,976,2,1535.45
24190,9721,929,1,3931.07
24191,9722,167,1,2818.25
24192,9722,825,5,3528.78
24193,9722,142,4,3966.55
24194,9723,641,2,2560.87
24195,9723,1798,5,3519.52
24196,9724,989,2,3743.11
24197,9724,1174,5,1402.77
24198,9724,96,5,4674.1
24199,9725,972,4,4344.95
24200,9726,540,1,570.57
24201,9726,20,3,3466.81
24202,9726,1018,4,4664.27
24203,9726,253,1,801.69
24204,9727,265,5,410.67
24205,9727,270,4,3023.26
24206,9728,1067,1,3205.61
24207,9728,249,5,3887.05
24208,9728,439,2,4256.54
24209,9728,359,3,4464.57
24210,9729,1861,4,501.6
24211,9729,1424,2,2785.82
24212,9729,432,5,4230.98
24213,9730,1891,3,3352.26
24214,9730,1756,4,2179.25
24215,9730,636,2,3562.89
24216,9730,50,4,2406.36
24217,9731,1320,5,1133.36
24218,9731,871,1,4608.67
24219,9731,1397,2,1925.16
24220,9731,698,4,4188.03
24221,9732,1472,5,320.13
24222,9732,653,4,601.62
24223,9732,707,2,1194.29
24224,9732,341,1,4893.89
24225,9733,131,3,3366.57
24226,9733,1828,4,3265.59
24227,9733,384,4,2267.61
24228,9733,596,5,1231.48
24229,9734,1678,3,1874.62
24230,9735,1714,5,972.34
24231,9736,1465,5,2424.32
24232,9737,851,5,3486.75
24233,9738,157,1,4489.54
24234,9738,1035,5,1827.28
24235,9739,617,2,145.49
24236,9739,876,5,4735.67
24237,9739,1102,5,4297.06
24238,9740,1588,1,344.25
24239,9740,1001,2,2249.94
24240,9740,1901,1,151.68
24241,9740,1290,4,121.76
24242,9741,1164,5,2094.96
24243,9741,1863,4,4385.05
24244,9741,269,1,1315.04
24245,9741,508,5,4905.99
24246,9742,821,2,1562.15
24247,9742,896,2,107.25
24248,9742,1330,2,4560.63
24249,9742,680,4,3366.64
24250,9743,561,3,2023.99
24251,9743,1196,5,571.04
24252,9743,304,2,4475.38
24253,9744,1309,5,4419.04
24254,9744,144,5,3945.75
24255,9744,243,4,2564.96
24256,9744,338,1,99.68
24257,9745,1155,1,2105.54
24258,9746,516,3,3302.52
24259,9746,1662,1,2821.56
24260,9746,906,3,1450.87
24261,9746,1241,1,2878.24
24262,9747,738,2,4721.08
24263,9748,1038,4,3779.92
24264,9748,674,2,3045.84
24265,9748,284,3,434.25
24266,9748,1376,4,1939.31
24267,9749,1136,1,1859.45
24268,9749,344,1,4211.01
24269,9749,1191,3,2506.31
24270,9749,496,5,2342.32
24271,9750,1040,5,852.31
24272,9750,1628,3,4748.71
24273,9751,869,4,1049.71
24274,9751,784,3,2566.81
24275,9751,539,5,4274.76
24276,9751,1505,2,4216.31
24277,9752,531,5,1161.66
24278,9753,1970,2,618.35
24279,9753,562,1,3206.23
24280,9753,455,4,3822.19
24281,9753,1377,2,1964.92
24282,9754,1669,1,3246.59
24283,9754,1046,4,1159.16
24284,9754,672,2,2422.67
24285,9755,946,5,2790.2
24286,9755,433,4,4118.38
24287,9755,1318,4,4006.54
24288,9756,1082,2,2810.46
24289,9756,891,4,2534.47
24290,9756,121,5,926.94
24291,9756,660,5,2431.78
24292,9757,1598,4,2779.45
24293,9757,1436,5,4303.05
24294,9757,1815,5,3436.44
24295,9758,600,2,1557.53
24296,9758,1129,1,4161.06
24297,9758,1986,1,3350.49
24298,9758,38,2,3283.97
24299,9759,1996,3,1437.31
24300,9759,1452,4,764.05
24301,9759,1102,1,4297.06
24302,9759,1956,1,794.52
24303,9760,1636,5,4425.37
24304,9760,441,2,4307.7
24305,9760,571,5,1186.24
24306,9761,189,3,2961.0
24307,9761,723,4,2989.89
24308,9761,891,2,2158.37
24309,9761,990,5,3669.71
24310,9762,1191,5,2506.31
24311,9762,1095,1,2920.08
24312,9762,1739,5,3799.29
24313,9762,229,1,554.15
24314,9763,635,4,4443.09
24315,9763,169,2,1877.04
24316,9764,1631,1,4490.57
24317,9765,1354,5,2081.24
24318,9766,49,1,3024.27
24319,9766,1028,4,1758.23
24320,9766,1944,2,4317.22
24321,9767,723,1,2989.89
24322,9768,1947,2,1787.64
24323,9768,1874,1,2038.67
24324,9768,259,3,3788.75
24325,9768,140,4,3683.79
24326,9769,1572,5,1768.61
24327,9769,1389,1,1904.68
24328,9769,1063,3,3675.7
24329,9770,1843,4,4261.48
24330,9771,1657,3,3149.48
24331,9771,54,5,268.33
24332,9771,1762,4,950.9
24333,9772,1940,2,4375.64
24334,9772,1416,2,3592.41
24335,9772,1027,3,1641.9
24336,9772,1870,4,2326.9
24337,9773,501,1,3768.53
24338,9773,187,1,4624.37
24339,9773,238,5,3156.13
24340,9773,1084,3,2561.27
24341,9774,189,2,2961.0
24342,9774,649,2,127.94
24343,9774,1634,5,4323.52
24344,9775,725,2,1883.71
24345,9775,1352,1,409.65
24346,9775,1229,1,3717.5
24347,9776,1504,1,4467.93
24348,9776,202,3,3151.14
24349,9777,72,2,946.6
24350,9777,1551,2,2299.4
24351,9778,1220,3,558.75
24352,9778,1909,3,4859.09
24353,9778,1678,5,2061.14
24354,9779,671,1,4268.05
24355,9779,262,1,348.71
24356,9779,1135,3,2723.74
24357,9779,1257,1,3065.38
24358,9780,546,3,1741.25
24359,9781,1695,5,2387.95
24360,9782,427,5,536.06
24361,9782,813,1,952.88
24362,9783,876,4,4735.67
24363,9783,1572,2,1768.61
24364,9783,1975,2,3658.73
24365,9784,1012,5,1232.66
24366,9784,1603,1,774.75
24367,9784,1685,2,4800.62
24368,9784,1529,5,1524.47
24369,9785,1929,1,2870.46
24370,9786,856,1,4713.32
24371,9786,650,4,2104.28
24372,9787,43,3,1212.23
24373,9788,1908,2,2628.01
24374,9788,780,4,4982.09
24375,9788,1942,4,119.81
24376,9789,1820,2,1295.41
24377,9790,1741,1,1288.8
24378,9790,391,2,484.26
24379,9790,1964,3,3473.21
24380,9790,171,5,2190.87
24381,9791,331,3,189.04
24382,9791,31,3,130.9
24383,9791,423,2,1441.03
24384,9792,20,4,3466.81
24385,9793,946,5,2790.2
24386,9794,876,5,4735.67
24387,9794,735,3,1776.43
24388,9794,860,4,421.6
24389,9794,408,3,4940.48
24390,9795,1610,4,386.02
24391,9795,1908,3,2628.01
24392,9795,1545,2,2804.73
24393,9796,563,5,771.18
24394,9797,1342,3,2958.39
24395,9797,1995,1,2213.54
24396,9797,643,5,3185.4
24397,9797,1697,3,1789.02
24398,9798,923,2,1277.43
24399,9798,204,1,4051.48
24400,9799,6,1,518.13
24401,9799,1723,5,4323.91
24402,9800,379,1,323.37
24403,9800,1748,5,681.78
24404,9800,1580,1,4757.61
24405,9801,1895,1,4104.65
24406,9802,1659,5,479.37
24407,9802,460,1,4443.01
24408,9802,135,2,4248.92
24409,9803,705,2,4232.36
24410,9803,1378,3,2628.29
24411,9804,1008,3,3281.27
24412,9804,1259,1,338.22
24413,9804,1218,5,1559.38
24414,9805,188,2,1686.73
24415,9805,1967,4,3118.21
24416,9805,1407,5,3721.74
24417,9805,1262,4,3201.63
24418,9806,946,2,2790.2
24419,9806,502,1,584.21
24420,9807,850,5,34.16
24421,9807,900,2,3184.82
24422,9807,1971,4,3384.04
24423,9808,21,4,3692.52
24424,9808,571,3,1186.24
24425,9809,623,3,4260.78
24426,9809,1070,4,1545.21
24427,9810,1030,1,291.74
24428,9810,908,3,1720.1
24429,9811,551,1,318.01
24430,9811,524,5,3786.55
24431,9812,1777,3,2403.72
24432,9812,12,5,1305.93
24433,9812,1215,2,627.48
24434,9812,245,2,4956.68
24435,9813,988,4,3962.86
24436,9813,1477,2,2470.35
24437,9813,694,5,4360.55
24438,9814,801,1,1243.14
24439,9814,288,3,4203.67
24440,9815,1099,3,3583.64
24441,9815,429,5,4256.69
24442,9816,1100,3,3214.49
24443,9816,787,4,3735.76
24444,9817,199,5,252.39
24445,9817,588,5,1793.76
24446,9817,451,3,3672.78
24447,9818,287,1,3303.19
24448,9819,1012,3,1096.28
24449,9819,1714,1,972.34
24450,9820,1925,2,4695.17
24451,9820,1535,2,2002.12
24452,9821,1511,2,3241.88
24453,9821,25,3,3328.65
24454,9821,931,1,4468.44
24455,9821,1968,3,167.07
24456,9822,1750,2,3516.62
24457,9822,1884,5,347.97
24458,9823,1880,5,1841.35
24459,9823,1760,4,4916.81
24460,9824,1835,5,358.62
24461,9824,407,5,2291.87
24462,9824,66,2,377.52
24463,9825,633,3,1499.21
24464,9825,1746,2,3623.92
24465,9825,392,3,4147.29
24466,9826,1747,5,3868.84
24467,9826,116,5,1301.79
24468,9826,1190,3,2212.05
24469,9826,1132,5,3673.62
24470,9827,1172,1,4339.9
24471,9827,1184,4,2884.13
24472,9827,1651,4,1559.53
24473,9828,31,2,148.82
24474,9829,374,3,981.38
24475,9829,107,3,3963.87
24476,9830,1585,3,4429.26
24477,9830,616,3,4320.21
24478,9830,325,4,778.82
24479,9830,1106,1,3401.16
24480,9831,474,2,2019.11
24481,9832,981,1,355.18
24482,9832,793,1,162.46
24483,9833,1819,4,118.88
24484,9833,109,5,4850.53
24485,9833,473,5,4441.21
24486,9834,1911,3,1523.55
24487,9834,1795,1,1258.44
24488,9834,1346,3,1135.36
24489,9834,494,4,2644.3
24490,9835,45,5,3512.85
24491,9836,1770,1,3631.56
24492,9836,1802,2,3311.06
24493,9836,104,2,1673.81
24494,9836,721,5,93.68
24495,9837,76,3,688.1
24496,9837,832,4,1791.53
24497,9837,900,4,3184.82
24498,9838,1568,5,1945.21
24499,9838,1663,1,363.7
24500,9838,1664,2,4192.17
24501,9839,1025,2,3642.49
24502,9839,1376,3,1939.31
24503,9840,1400,5,1999.62
24504,9841,660,2,2431.78
24505,9841,1937,2,2540.27
24506,9841,857,3,1674.64
24507,9842,897,5,2363.4
24508,9843,706,2,3972.13
24509,9843,1767,5,2213.8
24510,9844,1332,4,2585.97
24511,9844,1276,2,4775.49
24512,9845,693,2,2758.72
24513,9845,96,2,3957.09
24514,9845,1649,5,3713.09
24515,9845,1929,5,3451.12
24516,9846,1428,4,1023.73
24517,9846,623,2,4260.78
24518,9846,69,2,662.82
24519,9847,1798,5,3519.52
24520,9847,1447,2,4186.93
24521,9847,471,5,1914.7
24522,9847,1660,1,167.07
24523,9848,193,5,4643.63
24524,9848,71,3,4701.99
24525,9848,576,2,3573.45
24526,9848,225,3,1187.82
24527,9849,1931,2,2121.67
24528,9849,921,2,675.91
24529,9849,1622,5,1249.99
24530,9849,816,3,1128.7
24531,9850,747,4,638.84
24532,9851,783,3,41.05
24533,9851,755,2,3263.47
24534,9851,67,2,4645.47
24535,9852,1548,2,1570.25
24536,9852,1064,1,766.33
24537,9852,1586,1,3954.89
24538,9852,1698,5,2763.38
24539,9853,893,4,108.23
24540,9854,558,4,123.48
24541,9854,886,1,1634.05
24542,9854,1562,2,4597.92
24543,9855,1303,1,68.4
24544,9855,223,1,1865.59
24545,9855,15,4,1610.19
24546,9856,570,5,1764.42
24547,9856,417,2,622.91
24548,9857,161,3,55.99
24549,9857,1654,5,1610.37
24550,9857,1506,1,681.79
24551,9857,1766,4,2112.18
24552,9858,513,5,3874.97
24553,9858,1361,3,3768.33
24554,9859,1303,3,64.24
24555,9859,1717,1,4935.75
24556,9859,1102,4,4297.06
24557,9860,1366,2,3554.33
24558,9861,1259,3,338.22
24559,9861,1812,3,3787.64
24560,9861,1810,3,1849.5
24561,9861,649,3,127.94
24562,9862,1859,1,369.58
24563,9862,591,4,3510.59
24564,9862,1500,2,4223.34
24565,9863,1009,5,4331.92
24566,9863,1740,1,2678.81
24567,9863,1395,5,2500.5
24568,9863,927,5,3677.85
24569,9864,1215,5,627.48
24570,9864,1082,2,2810.46
24571,9864,1726,1,635.25
24572,9864,331,5,205.88
24573,9865,1036,4,4112.89
24574,9865,1438,3,2758.81
24575,9865,1928,5,664.98
24576,9866,1533,3,2308.28
24577,9866,1349,3,491.69
24578,9866,1357,3,46.32
24579,9866,596,1,1042.21
24580,9867,447,3,1882.07
24581,9867,729,4,2734.98
24582,9868,265,5,410.67
24583,9868,1344,4,1517.13
24584,9868,1677,2,672.23
24585,9869,807,3,4677.52
24586,9869,1166,4,4725.81
24587,9869,1840,5,1146.8
24588,9869,244,5,3907.13
24589,9870,363,1,2133.13
24590,9870,136,4,3056.88
24591,9871,1736,1,3184.23
24592,9872,1452,5,764.05
24593,9872,1759,1,290.64
24594,9872,751,2,4210.09
24595,9872,1970,3,618.35
24596,9873,867,5,390.65
24597,9874,1132,2,4201.4
24598,9874,79,4,2248.46
24599,9874,1094,3,4076.32
24600,9875,408,5,4940.48
24601,9875,1014,1,2413.88
24602,9875,309,4,494.89
24603,9875,1047,3,2250.05
24604,9876,772,3,3373.57
24605,9876,295,4,2319.63
24606,9877,1559,3,1267.56
24607,9877,1683,5,4193.9
24608,9878,247,2,3024.59
24609,9878,1311,5,4424.0
24610,9879,1589,3,370.2
24611,9879,1561,1,4175.17
24612,9879,1469,1,830.75
24613,9879,744,3,2156.28
24614,9880,1840,1,1146.8
24615,9881,1187,3,2915.01
24616,9881,1917,2,3047.65
24617,9881,1100,4,3708.22
24618,9881,751,1,3528.4
24619,9882,503,5,130.02
24620,9882,1714,5,822.38
24621,9882,142,1,3966.55
24622,9883,418,5,4041.3
24623,9883,1844,5,545.23
24624,9883,1062,3,158.0
24625,9883,347,1,4172.85
24626,9884,810,4,2694.6
24627,9884,1410,1,3161.05
24628,9884,1800,4,1027.07
24629,9885,39,1,4972.54
24630,9885,949,3,3259.59
24631,9886,618,2,2798.78
24632,9886,1417,5,3166.92
24633,9887,1323,1,961.89
24634,9887,1050,1,105.34
24635,9888,1035,4,1827.28
24636,9889,1542,5,142.87
24637,9889,980,2,4389.83
24638,9889,884,2,2246.41
24639,9890,1184,1,2884.13
24640,9891,285,4,1882.5
24641,9891,499,5,3719.03
24642,9891,1669,2,3246.59
24643,9891,219,4,3445.3
24644,9892,51,4,2912.21
24645,9892,97,4,704.13
24646,9892,1094,3,4482.97
24647,9893,782,4,147.88
24648,9894,1540,5,3898.12
24649,9895,627,5,3263.19
24650,9895,617,3,145.49
24651,9895,367,3,1480.88
24652,9896,1008,3,3281.27
24653,9897,1653,3,2729.95
24654,9897,959,2,1519.27
24655,9898,494,1,2332.45
24656,9898,259,5,3257.22
24657,9898,36,5,1798.08
24658,9899,1775,3,3513.61
24659,9899,39,3,4321.41
24660,9899,1927,2,3376.17
24661,9899,719,4,4251.26
24662,9900,1264,3,2681.83
24663,9900,681,5,2163.86
24664,9900,1755,5,1751.4
24665,9900,1946,1,1059.73
24666,9901,610,1,2298.27
24667,9901,150,2,4729.13
24668,9901,713,3,4319.36
24669,9902,1722,5,241.74
24670,9902,845,2,4661.49
24671,9902,1665,4,1975.67
24672,9903,18,1,4759.91
24673,9903,1699,4,4382.52
24674,9903,860,1,421.6
24675,9903,647,1,1274.12
24676,9904,991,3,3982.59
24677,9904,290,2,2858.24
24678,9904,265,4,410.67
24679,9904,1668,3,2385.75
24680,9905,1398,4,1112.02
24681,9905,1574,3,2422.76
24682,9905,854,1,4215.33
24683,9905,610,5,2298.27
24684,9906,1331,4,772.13
24685,9907,1984,2,808.92
24686,9908,1820,2,1295.41
24687,9909,1419,4,2348.86
24688,9909,625,5,4059.0
24689,9909,171,1,2190.87
24690,9910,1501,3,571.27
24691,9910,1464,1,3568.86
24692,9910,1482,1,1374.53
24693,9910,340,1,3028.53
24694,9911,775,3,1756.06
24695,9912,1183,1,348.93
24696,9913,122,5,349.5
24697,9913,1580,2,4757.61
24698,9914,1908,3,2628.01
24699,9914,593,4,1356.01
24700,9914,460,5,4443.01
24701,9915,456,1,204.74
24702,9915,1864,1,4244.91
24703,9916,1264,4,2891.63
24704,9916,665,1,946.77
24705,9917,1319,3,498.27
24706,9917,1369,1,1107.42
24707,9918,448,3,1305.83
24708,9918,628,2,4349.75
24709,9918,1900,2,141.22
24710,9918,235,5,217.55
24711,9919,1500,2,3444.76
24712,9919,227,3,3165.38
24713,9920,669,2,3129.58
24714,9920,220,1,1408.94
24715,9920,274,3,88.25
24716,9921,300,5,2166.49
24717,9921,1325,3,150.07
24718,9921,1977,1,3501.61
24719,9922,1440,2,3589.68
24720,9923,306,1,2895.92
24721,9924,1216,2,3884.97
24722,9925,906,3,1703.31
24723,9925,1445,3,1133.09
24724,9926,151,2,4997.17
24725,9927,625,1,4059.0
24726,9927,1491,3,2694.2
24727,9928,252,1,1496.86
24728,9928,1663,1,363.7
24729,9929,135,1,4248.92
24730,9930,543,4,543.77
24731,9930,970,4,1564.11
24732,9931,388,2,475.38
24733,9931,1183,4,305.21
24734,9931,585,4,4567.13
24735,9932,1902,5,171.38
24736,9932,1959,3,2299.44
24737,9932,684,1,3130.93
24738,9932,290,4,2858.24
24739,9933,1266,3,501.14
24740,9933,1949,1,628.06
24741,9933,1270,1,3613.32
24742,9933,1925,4,4695.17
24743,9934,1226,5,3502.2
24744,9935,886,4,1634.05
24745,9935,673,1,2582.19
24746,9936,10,4,3381.16
24747,9936,1705,3,2543.61
24748,9936,201,1,102.3
24749,9936,48,1,2706.15
24750,9937,700,3,728.03
24751,9937,117,1,2741.14
24752,9938,677,5,39.16
24753,9939,663,5,1192.72
24754,9939,1005,5,481.2
24755,9939,611,1,3903.33
24756,9940,1349,5,447.24
24757,9940,1645,4,1189.64
24758,9940,737,3,2136.25
24759,9940,1881,3,3178.03
24760,9941,431,4,3294.77
24761,9941,260,1,49.85
24762,9941,864,5,1085.47
24763,9941,1958,3,4221.55
24764,9942,292,4,941.43
24765,9942,981,1,355.18
24766,9942,767,2,2284.41
24767,9943,386,5,4619.91
24768,9943,1633,5,4163.54
24769,9944,834,1,4957.63
24770,9944,300,5,2393.53
24771,9944,1648,5,4000.16
24772,9945,121,1,926.94
24773,9946,1498,4,2947.49
24774,9946,1402,3,1111.29
24775,9946,1220,3,506.82
24776,9947,1016,4,4654.08
24777,9948,1597,1,4525.83
24778,9948,520,1,3845.1
24779,9948,2000,2,791.47
24780,9948,1776,5,867.72
24781,9949,717,5,1550.32
24782,9949,843,4,998.16
24783,9949,1910,4,4302.81
24784,9949,1173,4,3799.31
24785,9950,1302,4,293.22
24786,9950,1347,2,4310.65
24787,9950,173,2,3873.68
24788,9950,431,1,3050.97
24789,9951,805,4,287.96
24790,9951,1496,1,2564.23
24791,9951,1378,1,2628.29
24792,9952,908,5,1720.1
24793,9952,861,1,3266.82
24794,9952,1904,3,23.78
24795,9953,306,2,2895.92
24796,9953,704,1,4838.98
24797,9953,612,4,3147.96
24798,9953,514,5,755.11
24799,9954,918,5,709.61
24800,9954,1255,3,3780.37
24801,9955,181,3,2553.82
24802,9955,1883,3,642.26
24803,9955,366,1,2367.54
24804,9956,1165,2,45.72
24805,9956,1961,4,2267.48
24806,9957,1822,1,3923.25
24807,9958,699,3,4601.64
24808,9958,1407,5,3161.4
24809,9959,1676,2,311.79
24810,9959,1150,2,4172.58
24811,9959,1566,1,3082.29
24812,9959,336,2,2584.15
24813,9960,278,4,2545.14
24814,9960,445,3,4082.97
24815,9960,3,2,2657.76
24816,9961,353,4,3480.85
24817,9962,725,2,1883.71
24818,9962,440,5,4235.09
24819,9963,10,4,3381.16
24820,9963,1350,3,3281.89
24821,9963,555,3,3935.65
24822,9963,1846,4,666.7
24823,9964,1250,5,643.8
24824,9965,525,5,585.54
24825,9966,496,3,2342.32
24826,9966,527,3,1149.46
24827,9966,906,5,1703.31
24828,9967,130,1,73.51
24829,9967,244,3,3907.13
24830,9967,1831,2,1057.05
24831,9968,1995,5,2213.54
24832,9968,499,2,3416.73
24833,9969,955,1,1814.34
24834,9969,53,3,4459.17
24835,9969,717,4,1355.34
24836,9969,610,2,2298.27
24837,9970,1685,4,4800.62
24838,9970,679,1,2172.15
24839,9971,1353,4,2284.8
24840,9971,1024,1,2013.75
24841,9971,1342,3,2958.39
24842,9971,1843,4,4261.48
24843,9972,2000,5,849.72
24844,9972,1795,4,1189.85
24845,9972,1515,2,3802.4
24846,9973,150,4,4729.13
24847,9974,1770,5,3357.72
24848,9974,24,1,4213.26
24849,9974,348,2,4740.53
24850,9975,1788,5,4044.6
24851,9975,621,3,784.63
24852,9975,1821,3,4780.59
24853,9976,1611,2,3365.34
24854,9976,386,5,4619.91
24855,9976,1287,1,3371.66
24856,9976,1976,1,2635.85
24857,9977,1055,1,4800.5
24858,9977,547,2,2150.31
24859,9977,1526,5,2734.98
24860,9977,942,3,3575.37
24861,9978,622,5,1315.32
24862,9979,805,2,287.96
24863,9979,1581,4,2985.72
24864,9979,1620,1,3927.91
24865,9979,522,3,2989.96
24866,9980,1535,1,2002.12
24867,9980,1211,3,1630.48
24868,9981,966,5,406.68
24869,9981,1765,3,573.5
24870,9981,1175,3,2120.63
24871,9981,1350,3,2764.62
24872,9982,704,3,4838.98
24873,9982,22,4,3225.55
24874,9982,1325,4,150.07
24875,9983,1309,5,4419.04
24876,9983,207,5,4395.79
24877,9983,1578,5,2695.81
24878,9984,1948,3,406.31
24879,9985,145,5,4174.9
24880,9986,1067,2,3205.61
24881,9986,552,5,3471.5
24882,9986,79,1,2248.46
24883,9987,1801,1,4297.61
24884,9988,31,5,148.82
24885,9988,209,4,3655.89
24886,9988,1419,1,2348.86
24887,9988,94,2,4398.2
24888,9989,1255,4,3780.37
24889,9990,912,4,3028.02
24890,9990,518,2,2494.14
24891,9990,1352,2,409.65
24892,9991,426,5,1966.25
24893,9991,727,1,1141.07
24894,9991,1305,3,1337.98
24895,9991,933,4,2246.96
24896,9992,1037,3,1567.44
24897,9993,895,5,4280.38
24898,9993,574,1,1076.88
24899,9993,955,2,1814.34
24900,9994,945,1,1759.69
24901,9994,1582,1,1472.47
24902,9995,702,4,3418.37
24903,9995,1262,4,3201.63
24904,9996,1101,4,4136.01
24905,9997,201,1,102.3
24906,9997,475,4,2104.97
24907,9997,1478,5,3702.99
24908,9997,504,2,782.8
24909,9998,1975,2,3658.73
24910,9998,190,1,845.16
24911,9998,243,3,2564.96
24912,9999,1253,2,4822.44
24913,9999,1614,5,4628.97
24914,9999,682,3,4256.77
24915,9999,1433,5,2525.06
24916,10000,763,4,3234.34
24917,10000,673,1,2606.84
24918,10001,1454,1,869.09
24919,10001,532,2,3341.59
24920,10002,1643,4,2181.56
24921,10003,1996,2,1339.17
24922,10003,117,3,2554.52
24923,10003,532,4,2810.79
24924,10003,588,3,1793.76
24925,10004,861,2,3583.46
24926,10004,318,5,4231.08
24927,10005,1865,1,1486.0
24928,10006,1251,1,898.05
24929,10006,2000,3,747.97
24930,10006,161,4,55.99
24931,10006,1533,5,2308.28
24932,10007,1228,5,1898.35
24933,10007,697,3,1310.25
24934,10007,1478,5,3702.99
24935,10008,1584,3,3773.25
24936,10009,427,3,536.06
24937,10009,1606,2,2436.74
24938,10009,1386,2,3062.36
24939,10009,58,2,4880.59
24940,10010,1481,2,1236.14
24941,10010,1729,1,1365.82
24942,10010,1362,2,3165.2
24943,10011,881,2,406.91
24944,10012,1351,1,2492.74
24945,10012,960,2,1695.67
24946,10013,1161,3,2876.69
24947,10013,1224,3,2625.11
24948,10013,67,2,4645.47
24949,10014,1218,5,1559.38
24950,10015,1824,2,3280.48
24951,10015,668,2,371.43
24952,10015,1360,3,2553.97
24953,10015,1249,2,4030.19
24954,10016,1387,3,3171.21
24955,10016,549,5,365.47
24956,10017,79,3,2248.46
24957,10017,801,2,1243.14
24958,10017,1739,4,4090.09
24959,10017,1884,1,323.56
24960,10018,1468,4,2274.06
24961,10018,912,3,3354.45
24962,10019,1644,1,3215.91
24963,10020,1194,4,472.3
24964,10021,779,3,76.47
24965,10021,326,3,2119.6
24966,10021,1880,3,1959.52
24967,10021,363,4,2133.13
24968,10022,1110,1,81.81
24969,10022,1307,4,2522.81
24970,10022,192,2,4169.87
24971,10023,44,4,3787.46
24972,10024,834,4,4469.82
24973,10024,1441,5,692.42
24974,10025,1875,5,889.15
24975,10025,1501,1,525.35
24976,10026,1609,4,3710.26
24977,10026,1606,5,2436.74
24978,10026,595,1,2571.36
24979,10027,72,4,946.6
24980,10027,1967,3,3118.21
24981,10028,1057,4,4297.01
24982,10028,1334,3,3114.64
24983,10029,1005,3,481.2
24984,10030,1849,5,177.17
24985,10030,1297,1,1916.18
24986,10031,84,4,182.72
24987,10031,1223,5,2140.16
24988,10031,536,3,2265.43
24989,10032,1483,3,3237.23
24990,10032,215,5,1683.25
24991,10032,656,4,3357.66
24992,10033,1123,4,577.55
24993,10033,266,2,965.9
24994,10034,688,1,999.99
24995,10034,1838,4,436.78
24996,10035,1625,5,2389.16
24997,10035,1485,5,734.85
24998,10035,1640,4,3228.09
24999,10035,1068,1,1499.27
25000,10036,805,1,287.96
25001,10037,1988,3,676.22
25002,10037,1648,4,3700.22
25003,10038,884,4,2740.58
25004,10038,1566,1,3082.29
25005,10039,767,3,2169.95
25006,10039,1428,5,852.81
25007,10039,1995,4,2094.5
25008,10039,582,2,4943.34
25009,10040,349,3,3568.37
25010,10040,1112,1,3334.7
25011,10041,1242,5,1507.11
25012,10041,1950,1,3525.4
25013,10041,247,2,3024.59
25014,10042,1325,5,150.07
25015,10042,1945,3,4845.83
25016,10043,917,4,3523.38
25017,10043,441,5,4307.7
25018,10043,1041,3,2917.36
25019,10043,173,2,3873.68
25020,10044,1160,1,1408.95
25021,10044,1446,5,3328.49
25022,10044,454,5,3532.11
25023,10044,499,4,3719.03
25024,10045,265,1,410.67
25025,10045,974,1,1017.69
25026,10045,1200,2,3109.39
25027,10045,1875,2,827.75
25028,10046,1737,4,3065.56
25029,10046,886,3,1398.39
25030,10047,1694,4,3306.81
25031,10048,1293,2,1304.75
25032,10049,806,3,124.35
25033,10049,1823,4,788.45
25034,10049,765,4,1424.04
25035,10050,1875,1,889.15
25036,10051,1620,4,3927.91
25037,10051,325,2,778.82
25038,10052,1592,1,1277.58
25039,10052,556,3,1367.56
25040,10053,1830,5,1574.79
25041,10053,1223,4,2330.58
25042,10054,151,3,4997.17
25043,10054,832,1,1451.37
25044,10055,1694,3,3104.58
25045,10055,1705,1,2543.61
25046,10056,1774,5,827.58
25047,10056,258,2,4301.51
25048,10056,1132,2,4201.4
25049,10056,1054,2,966.18
25050,10057,988,5,4286.16
25051,10057,1214,2,410.19
25052,10058,1290,3,121.76
25053,10058,1714,1,972.34
25054,10058,835,4,824.78
25055,10059,68,1,395.92
25056,10059,1720,3,1338.58
25057,10059,1886,2,2439.86
25058,10059,1771,4,3405.76
25059,10060,121,2,926.94
25060,10060,1755,5,1751.4
25061,10060,1526,2,2734.98
25062,10061,1551,5,2299.4
25063,10061,1519,2,4276.0
25064,10061,1559,5,1497.62
25065,10061,1831,4,1191.03
25066,10062,665,1,946.77
25067,10062,1559,5,1497.62
25068,10062,1709,1,1568.58
25069,10062,1287,2,3205.26
25070,10063,1426,2,2840.77
25071,10063,281,3,4959.48
25072,10063,1905,5,3031.02
25073,10064,1241,3,2878.24
25074,10064,1815,2,3436.44
25075,10065,843,3,1112.41
25076,10065,364,5,4488.88
25077,10066,606,5,4515.64
25078,10066,1784,2,1361.63
25079,10066,1440,2,3589.68
25080,10067,726,1,1412.38
25081,10067,1261,2,2089.43
25082,10067,907,4,572.97
25083,10068,297,1,1602.52
25084,10068,1394,3,1472.74
25085,10068,285,4,1882.5
25086,10069,670,4,4613.11
25087,10069,1258,4,3972.09
25088,10069,1131,2,3182.41
25089,10069,536,5,2265.43
25090,10070,937,2,1937.21
25091,10070,194,3,85.23
25092,10071,1548,4,1273.82
25093,10071,1957,5,680.58
25094,10072,744,5,2156.28
25095,10073,438,3,3390.29
25096,10073,690,5,3071.04
25097,10073,100,4,4670.26
25098,10073,513,2,4755.26
25099,10074,457,4,522.91
25100,10074,1496,4,2564.23
25101,10074,1330,3,4560.63
25102,10074,1039,3,1550.6
25103,10075,1557,1,1671.9
25104,10076,605,2,324.29
25105,10076,1539,3,87.6
25106,10076,963,1,577.79
25107,10077,404,2,2513.11
25108,10077,6,1,452.11
25109,10077,1583,4,3561.74
25110,10078,352,5,499.9
25111,10078,1453,3,1539.83
25112,10078,406,3,1153.0
25113,10078,109,5,4850.53
25114,10079,1366,3,3142.26
25115,10079,171,2,2190.87
25116,10079,375,1,1464.53
25117,10080,697,1,1310.25
25118,10080,225,2,1331.62
25119,10081,929,3,3931.07
25120,10081,1852,2,568.41
25121,10081,754,5,1620.48
25122,10082,178,3,4327.53
25123,10083,698,1,4188.03
25124,10083,1083,1,2480.07
25125,10083,703,1,2916.95
25126,10083,1850,4,3786.95
25127,10084,719,2,4251.26
25128,10084,1835,1,358.62
25129,10084,204,3,4051.48
25130,10084,1901,1,125.32
25131,10085,1826,4,64.33
25132,10085,1180,5,3403.33
25133,10085,1470,1,2186.78
25134,10085,455,2,3822.19
25135,10086,91,1,1342.66
25136,10087,1395,3,2500.5
25137,10087,65,2,2718.42
25138,10087,404,2,2135.7
25139,10087,1434,5,1186.26
25140,10088,1481,4,1092.08
25141,10088,282,2,530.65
25142,10089,938,2,3509.54
25143,10090,1551,3,2299.4
25144,10090,149,3,584.02
25145,10091,88,3,903.79
25146,10092,1939,3,3353.5
25147,10092,781,3,2524.13
25148,10093,100,1,4670.26
25149,10093,803,5,4544.47
25150,10094,711,5,2912.45
25151,10094,1997,2,4843.33
25152,10094,960,4,1695.67
25153,10095,250,2,449.92
25154,10095,1860,2,3653.4
25155,10096,1866,3,2559.56
25156,10097,709,3,1968.3
25157,10097,1569,5,961.57
25158,10097,1190,5,2212.05
25159,10098,1344,5,1792.55
25160,10098,1636,2,4425.37
25161,10098,1081,4,1664.25
25162,10099,8,2,4283.46
25163,10099,1001,4,2482.85
25164,10100,952,4,2232.98
25165,10100,976,1,1872.2
25166,10100,454,1,3034.87
25167,10100,1614,3,4628.97
25168,10101,416,3,2396.26
25169,10101,1713,5,3233.67
25170,10101,1515,3,3802.4
25171,10102,791,3,1394.32
25172,10102,1670,1,3775.41
25173,10102,251,4,2469.98
25174,10103,21,5,3692.52
25175,10103,494,4,2644.3
25176,10103,1749,4,433.44
25177,10103,259,4,3788.75
25178,10104,384,5,2813.82
25179,10104,29,2,4104.81
25180,10104,209,2,3195.36
25181,10104,1695,4,2387.95
25182,10105,1843,2,4261.48
25183,10106,268,1,4192.7
25184,10107,383,3,1839.51
25185,10107,510,1,2250.5
25186,10107,1462,3,3236.96
25187,10108,699,2,4601.64
25188,10108,415,5,273.97
25189,10108,1833,4,3607.38
25190,10108,562,2,3206.23
25191,10109,89,1,65.93
25192,10110,495,3,2325.41
25193,10110,1398,4,1360.3
25194,10110,1183,3,348.93
25195,10110,1736,5,3550.81
25196,10111,1002,5,2376.38
25197,10111,58,4,4880.59
25198,10111,1030,4,291.74
25199,10111,1805,5,2631.43
25200,10112,12,2,1305.93
25201,10113,68,1,336.9
25202,10114,1798,4,3519.52
25203,10115,1076,3,4810.42
25204,10115,1246,4,456.86
25205,10116,692,5,4629.69
25206,10116,1969,3,1715.61
25207,10117,33,2,543.92
25208,10117,1454,1,869.09
25209,10117,1319,4,498.27
25210,10118,419,1,4536.4
25211,10118,298,1,2939.05
25212,10119,200,3,1216.73
25213,10120,1247,5,3146.26
25214,10120,478,4,207.98
25215,10120,332,4,3800.65
25216,10121,1949,1,628.06
25217,10121,1165,1,50.16
25218,10121,442,4,1976.35
25219,10122,1780,3,1526.87
25220,10122,1178,2,3058.33
25221,10122,1383,2,76.06
25222,10123,69,1,703.35
25223,10123,127,2,4711.87
25224,10124,1619,1,3983.49
25225,10124,436,4,3176.96
25226,10125,975,2,2088.67
25227,10125,1043,1,3990.48
25228,10126,677,1,45.02
25229,10127,1668,5,2385.75
25230,10127,1704,5,3909.53
25231,10127,675,3,822.26
25232,10128,1873,2,2032.74
25233,10129,1905,4,2519.93
25234,10129,547,1,2542.66
25235,10130,813,4,952.88
25236,10131,1069,4,4944.78
25237,10131,1781,3,2340.2
25238,10131,1938,1,2662.45
25239,10131,1990,2,4241.52
25240,10132,1529,4,1524.47
25241,10132,1266,2,501.14
25242,10132,567,2,4674.9
25243,10133,1367,1,308.74
25244,10134,1592,5,1277.58
25245,10134,1238,1,4582.12
25246,10134,1336,4,2791.8
25247,10134,102,3,4033.16
25248,10135,114,5,3138.55
25249,10136,1598,4,2779.45
25250,10136,1421,5,4859.69
25251,10136,1443,1,1395.23
25252,10136,678,1,3742.53
25253,10137,1417,1,2556.02
25254,10137,58,5,4880.59
25255,10138,1499,3,4052.38
25256,10138,1767,1,2213.8
25257,10138,1521,3,4472.71
25258,10138,906,1,1437.42
25259,10139,459,2,2672.36
25260,10139,726,1,1201.86
25261,10140,111,1,1765.05
25262,10141,1742,3,1911.55
25263,10141,1084,3,2561.27
25264,10141,110,3,2349.49
25265,10141,1680,4,1073.08
25266,10142,634,5,3390.51
25267,10142,1706,3,3582.05
25268,10143,1384,2,4380.18
25269,10143,1211,1,1630.48
25270,10143,1632,3,1855.05
25271,10144,782,1,134.55
25272,10144,1406,5,449.18
25273,10144,631,3,3065.52
25274,10144,1566,3,3082.29
25275,10145,908,3,1720.1
25276,10145,1596,4,3772.62
25277,10146,242,2,2164.87
25278,10146,106,3,833.52
25279,10146,1949,4,594.08
25280,10147,1951,2,1435.17
25281,10147,1961,2,2267.48
25282,10147,422,3,3328.25
25283,10148,1321,4,1145.46
25284,10148,78,2,525.53
25285,10149,971,1,3736.08
25286,10149,1067,2,3205.61
25287,10149,1114,4,2074.17
25288,10149,1140,4,116.58
25289,10150,1697,2,2034.38
25290,10150,1064,2,829.39
25291,10150,962,3,1077.29
25292,10150,48,4,2706.15
25293,10151,154,4,696.76
25294,10151,1421,5,4859.69
25295,10151,1715,1,3099.54
25296,10152,301,5,1012.97
25297,10153,4,3,2348.56
25298,10153,1931,5,2121.67
25299,10154,408,3,4940.48
25300,10154,1768,3,3632.43
25301,10154,1182,1,2808.66
25302,10154,960,1,1545.65
25303,10155,1182,3,3287.43
25304,10156,1036,4,3839.53
25305,10156,1379,4,1823.96
25306,10156,1623,2,4345.73
25307,10157,997,4,3718.89
25308,10158,1825,3,720.4
25309,10158,1706,2,3582.05
25310,10158,1941,1,3519.72
25311,10158,981,1,355.18
25312,10159,1133,2,2239.95
25313,10160,295,4,2319.63
25314,10160,1571,2,3828.97
25315,10160,158,4,3068.08
25316,10161,1084,3,2561.27
25317,10162,1551,1,2299.4
25318,10162,738,3,4721.08
25319,10162,545,5,2788.18
25320,10162,675,5,822.26
25321,10163,1729,3,1155.81
25322,10163,1015,3,2563.76
25323,10163,114,2,3138.55
25324,10163,238,1,3156.13
25325,10164,952,2,1861.05
25326,10164,44,1,3787.46
25327,10165,614,3,1652.79
25328,10166,1777,3,2403.72
25329,10167,1674,3,4014.42
25330,10167,257,1,454.34
25331,10167,1181,4,4895.42
25332,10167,366,5,2367.54
25333,10168,896,2,107.77
25334,10168,134,3,1940.05
25335,10169,1089,3,4868.96
25336,10169,872,2,1108.07
25337,10169,332,1,4663.2
25338,10169,722,5,3066.52
25339,10170,1449,3,1200.25
25340,10170,1175,1,2120.63
25341,10170,1536,2,376.58
25342,10171,1226,1,3502.2
25343,10171,27,4,3124.89
25344,10171,485,2,2848.42
25345,10171,466,3,2193.4
25346,10172,1924,5,2420.03
25347,10172,715,2,1345.17
25348,10172,1383,5,76.06
25349,10173,393,4,3357.23
25350,10173,1055,5,3972.48
25351,10173,382,4,2952.32
25352,10174,1799,1,3529.71
25353,10174,1096,5,2154.04
25354,10175,1177,4,3460.99
25355,10175,833,2,923.62
25356,10176,850,3,34.16
25357,10177,1455,2,3234.07
25358,10177,1394,1,1472.74
25359,10178,76,2,688.1
25360,10179,92,4,4458.7
25361,10179,1920,5,2497.61
25362,10180,866,4,1065.77
25363,10180,1573,2,2737.95
25364,10181,757,2,4478.92
25365,10181,677,2,40.85
25366,10181,1185,5,4048.07
25367,10181,723,1,2593.6
25368,10182,1373,4,3734.91
25369,10182,655,2,120.85
25370,10182,1782,5,3819.27
25371,10183,1702,4,2855.01
25372,10183,1795,3,1258.44
25373,10183,1789,2,2544.6
25374,10184,1296,1,292.88
25375,10184,581,3,4815.32
25376,10185,288,1,4203.67
25377,10186,796,5,4016.74
25378,10186,1436,3,4303.05
25379,10186,119,5,3308.25
25380,10186,516,4,2686.97
25381,10187,1421,2,4859.69
25382,10187,965,1,1691.03
25383,10187,222,3,4379.2
25384,10187,1050,3,105.34
25385,10188,595,3,2233.24
25386,10188,311,3,4257.7
25387,10189,1254,1,4319.49
25388,10189,1221,2,237.2
25389,10189,867,3,390.65
25390,10189,1305,1,1209.66
25391,10190,656,2,3743.6
25392,10190,722,1,3066.52
25393,10190,1728,1,2701.66
25394,10190,636,3,3562.89
25395,10191,1845,3,1385.2
25396,10191,516,2,3302.52
25397,10192,1739,2,4090.09
25398,10193,541,3,1696.04
25399,10193,1797,3,1642.41
25400,10193,434,3,2688.44
25401,10193,1536,4,376.58
25402,10194,668,4,371.43
25403,10195,1175,2,1872.08
25404,10195,1627,2,4970.08
25405,10195,725,5,1883.71
25406,10195,1900,5,141.22
25407,10196,1293,2,1304.75
25408,10197,1654,1,1610.37
25409,10197,422,3,3551.95
25410,10197,709,2,1968.3
25411,10197,1808,1,3905.23
25412,10198,963,1,577.79
25413,10199,701,4,2326.65
25414,10199,879,3,361.86
25415,10200,1797,3,1642.41
25416,10200,1734,5,2633.92
25417,10201,1471,1,1253.11
25418,10201,308,5,4227.04
25419,10201,1265,3,2890.04
25420,10201,1649,1,3713.09
25421,10202,88,4,903.79
25422,10202,1255,4,3780.37
25423,10203,777,4,2077.46
25424,10203,1596,5,3772.62
25425,10203,52,3,4478.08
25426,10204,1032,1,1677.99
25427,10204,1014,3,2128.14
25428,10204,1261,2,2089.43
25429,10204,1394,5,1472.74
25430,10205,354,4,1420.94
25431,10205,798,4,3653.25
25432,10205,1827,5,1992.86
25433,10206,1647,1,3723.64
25434,10206,207,1,4395.79
25435,10206,1355,5,4828.7
25436,10206,330,4,4445.36
25437,10207,280,5,1852.75
25438,10207,568,2,4098.08
25439,10208,211,5,2753.06
25440,10208,1069,2,4944.78
25441,10209,1939,1,3353.5
25442,10210,22,3,3853.54
25443,10210,1188,5,4483.02
25444,10210,1125,3,339.79
25445,10211,253,5,801.69
25446,10211,8,2,3516.37
25447,10211,1004,3,3256.33
25448,10211,206,3,4141.44
25449,10212,1014,3,2413.88
25450,10212,1963,4,742.96
25451,10212,893,1,108.23
25452,10213,1932,2,108.69
25453,10213,63,1,908.21
25454,10214,660,2,2221.91
25455,10214,1185,1,4048.07
25456,10215,800,4,1809.64
25457,10215,1859,2,369.58
25458,10216,1786,3,1807.07
25459,10216,475,4,2104.97
25460,10216,847,1,1773.4
25461,10216,1723,3,4323.91
25462,10217,430,4,4669.64
25463,10217,418,4,4483.51
25464,10217,1491,1,2694.2
25465,10217,1564,2,4395.5
25466,10218,1289,2,761.07
25467,10218,1321,1,1055.62
25468,10218,726,1,1412.38
25469,10218,334,4,3189.75
25470,10219,1545,2,2804.73
25471,10219,348,5,4740.53
25472,10219,1531,4,4829.37
25473,10219,1301,3,2911.31
25474,10220,1350,4,3281.89
25475,10220,266,5,840.69
25476,10220,1767,2,2213.8
25477,10221,1515,2,3802.4
25478,10221,1320,5,1133.36
25479,10221,1760,2,4916.81
25480,10222,1878,3,3711.01
25481,10223,1128,3,912.22
25482,10223,1666,1,1107.86
25483,10223,495,2,2325.41
25484,10224,41,2,4483.86
25485,10224,1747,4,4211.6
25486,10224,1245,5,85.12
25487,10225,752,2,1856.82
25488,10226,1798,3,3519.52
25489,10227,958,2,786.16
25490,10227,138,1,2467.22
25491,10227,1040,3,852.31
25492,10228,1830,2,1412.37
25493,10229,1824,2,3280.48
25494,10229,1626,5,3411.47
25495,10229,1545,1,2804.73
25496,10230,400,4,2808.68
25497,10230,757,4,3833.92
25498,10231,1384,3,4380.18
25499,10231,872,2,1253.79
25500,10232,1993,3,3978.09
25501,10233,1531,4,4829.37
25502,10234,1810,1,1849.5
25503,10234,883,2,777.84
25504,10235,1985,2,4565.54
25505,10235,1095,2,2920.08
25506,10235,1540,5,3898.12
25507,10236,1082,4,2810.46
25508,10237,858,4,4288.06
25509,10238,1810,4,1618.56
25510,10239,793,3,191.91
25511,10239,182,3,1313.45
25512,10239,1895,1,4104.65
25513,10239,44,3,3787.46
25514,10240,1464,1,3008.46
25515,10241,1716,5,2035.93
25516,10241,503,2,130.02
25517,10241,262,1,348.71
25518,10242,1858,3,4696.05
25519,10242,1144,5,4456.58
25520,10243,1853,2,4612.68
25521,10244,564,3,4264.59
25522,10244,917,5,3523.38
25523,10244,1520,1,3436.75
25524,10245,117,4,2741.14
25525,10246,1331,2,772.13
25526,10246,764,2,2032.45
25527,10246,1206,3,931.4
25528,10246,296,1,2266.44
25529,10247,534,1,124.86
25530,10247,539,1,4274.76
25531,10248,1555,4,3690.58
25532,10248,1703,4,3435.52
25533,10248,1637,1,910.75
25534,10249,231,2,3483.24
25535,10249,604,4,4183.03
25536,10249,727,1,1141.07
25537,10249,1687,1,2686.27
25538,10250,693,2,2758.72
25539,10251,212,5,803.2
25540,10251,762,5,2037.05
25541,10251,1020,2,3188.65
25542,10251,1013,2,3056.19
25543,10252,1045,1,922.08
25544,10252,100,2,4401.32
25545,10252,233,4,314.31
25546,10252,939,2,161.24
25547,10253,1093,2,3684.97
25548,10253,156,2,114.68
25549,10253,207,3,4395.79
25550,10253,743,3,2405.57
25551,10254,352,5,499.9
25552,10255,957,5,4532.8
25553,10255,609,3,1519.93
25554,10255,970,5,1564.11
25555,10255,1670,3,3775.41
25556,10256,302,4,40.83
25557,10256,1384,5,4380.18
25558,10256,1776,3,722.39
25559,10257,1060,5,1053.11
25560,10257,911,1,3202.05
25561,10257,1024,3,2013.75
25562,10258,271,5,4144.82
25563,10258,1078,2,3125.24
25564,10258,1168,3,3342.38
25565,10258,132,2,1956.5
25566,10259,1785,1,1442.72
25567,10260,21,2,3199.0
25568,10260,1555,5,3690.58
25569,10261,322,3,950.01
25570,10261,1662,2,2650.22
25571,10262,1064,2,891.81
25572,10262,1301,5,2518.46
25573,10263,949,3,3259.59
25574,10263,357,2,1811.46
25575,10263,1915,1,2600.89
25576,10263,1400,4,1999.62
25577,10264,300,1,2393.53
25578,10265,1664,4,4192.17
25579,10265,105,4,1296.97
25580,10265,1855,2,3510.07
25581,10266,224,3,824.6
25582,10267,1046,2,1159.16
25583,10267,1658,2,1105.04
25584,10268,896,4,104.18
25585,10268,985,1,228.63
25586,10268,547,2,2542.66
25587,10269,365,4,3968.22
25588,10270,30,3,2949.45
25589,10270,617,1,145.49
25590,10270,111,3,1765.05
25591,10270,130,2,73.51
25592,10271,394,3,2677.79
25593,10271,856,2,4713.32
25594,10271,1984,4,675.64
25595,10272,55,2,477.57
25596,10272,755,5,3263.47
25597,10272,1109,5,482.64
25598,10273,1952,1,2454.26
25599,10273,1314,2,2233.34
25600,10273,937,3,1641.93
25601,10273,1929,3,3451.12
25602,10274,222,4,4379.2
25603,10274,1813,4,1347.23
25604,10274,1345,2,2809.17
25605,10275,1158,5,3218.83
25606,10275,465,5,3548.43
25607,10275,1698,3,2763.38
25608,10276,399,4,935.5
25609,10276,174,5,402.4
25610,10277,1123,1,577.55
25611,10277,68,5,395.92
25612,10277,753,3,2386.45
25613,10278,755,1,3009.37
25614,10278,1736,5,3550.81
25615,10278,1688,2,953.67
25616,10279,644,4,1244.88
25617,10279,1885,4,2638.54
25618,10280,1605,2,4362.29
25619,10280,418,1,4483.51
25620,10280,1277,3,3223.63
25621,10280,1955,1,1704.13
25622,10281,871,3,4608.67
25623,10281,1919,4,2728.56
25624,10282,1818,1,791.28
25625,10282,312,3,1180.44
25626,10283,987,3,4441.98
25627,10283,176,2,4490.57
25628,10283,1651,3,1559.53
25629,10284,195,3,1260.96
25630,10285,1226,2,3502.2
25631,10285,561,3,2023.99
25632,10285,858,2,4288.06
25633,10285,659,1,1295.32
25634,10286,1050,2,105.34
25635,10286,1293,5,1304.75
25636,10287,113,5,1021.83
25637,10287,502,1,584.21
25638,10287,1060,1,1164.24
25639,10287,1935,4,4879.73
25640,10288,570,2,2071.01
25641,10288,113,5,1021.83
25642,10289,1185,3,4048.07
25643,10290,1647,5,4578.02
25644,10290,1134,4,1592.31
25645,10290,886,2,1634.05
25646,10291,292,3,941.43
25647,10292,594,1,2683.6
25648,10292,505,4,1675.87
25649,10292,1217,1,778.06
25650,10292,622,4,1336.16
25651,10293,916,1,4904.69
25652,10293,1501,4,571.27
25653,10293,297,4,1853.29
25654,10293,1210,2,3696.95
25655,10294,1944,4,4317.22
25656,10294,1857,4,4589.72
25657,10295,1749,1,433.44
25658,10295,1097,1,542.09
25659,10296,84,2,182.72
25660,10297,1758,1,1627.94
25661,10297,1263,1,2295.53
25662,10297,482,3,2685.86
25663,10297,1372,1,1110.49
25664,10298,945,2,1759.69
25665,10299,1961,2,2267.48
25666,10299,310,2,3134.88
25667,10299,1632,4,1512.67
25668,10299,1423,2,1547.58
25669,10300,586,2,3086.72
25670,10300,870,3,2586.71
25671,10300,725,4,1883.71
25672,10300,1401,3,3777.73
25673,10301,1659,1,479.37
25674,10301,612,2,3147.96
25675,10301,1719,2,4207.69
25676,10302,1551,4,2299.4
25677,10302,1029,5,2318.09
25678,10302,515,5,4246.45
25679,10302,1208,2,2828.12
25680,10303,436,2,3787.72
25681,10303,1243,1,3945.21
25682,10304,1698,5,2763.38
25683,10304,335,1,3956.9
25684,10304,1573,1,2737.95
25685,10304,7,4,4731.63
25686,10305,1407,2,3075.03
25687,10306,845,3,4661.49
25688,10307,377,5,2876.14
25689,10307,1445,1,1133.09
25690,10307,1203,5,4402.27
25691,10307,1557,2,2010.11
25692,10308,1226,1,3502.2
25693,10308,1679,2,1438.31
25694,10308,519,3,4756.84
25695,10308,1874,4,2038.67
25696,10309,594,1,2929.29
25697,10309,943,5,3890.6
25698,10309,1082,3,2810.46
25699,10310,314,1,2232.66
25700,10310,1345,5,3394.63
25701,10310,1759,1,290.64
25702,10311,72,3,946.6
25703,10311,1605,3,4362.29
25704,10312,600,4,1557.53
25705,10312,1723,5,4007.11
25706,10312,446,5,1003.7
25707,10312,1897,4,2292.06
25708,10313,1286,3,791.64
25709,10313,427,4,536.06
25710,10313,662,4,1537.86
25711,10314,1131,5,3182.41
25712,10315,729,1,3272.63
25713,10315,1605,4,4010.84
25714,10316,1209,2,1827.1
25715,10316,1049,4,4572.88
25716,10316,1572,3,1768.61
25717,10317,459,4,2460.84
25718,10318,656,3,3743.6
25719,10319,395,4,2293.09
25720,10319,1008,4,3281.27
25721,10319,1799,2,3529.71
25722,10319,791,2,1394.32
25723,10320,227,4,3165.38
25724,10321,374,2,981.38
25725,10322,1243,4,3945.21
25726,10322,814,3,3110.03
25727,10322,103,1,4739.24
25728,10322,1505,5,4216.31
25729,10323,83,1,1742.41
25730,10323,859,1,4439.46
25731,10323,635,2,4443.09
25732,10324,543,1,543.77
25733,10324,172,4,4088.13
25734,10325,208,3,1246.29
25735,10325,1532,5,4771.9
25736,10325,976,5,1872.2
25737,10325,81,5,4873.64
25738,10326,341,1,4893.89
25739,10326,932,4,2826.61
25740,10327,375,3,1464.53
25741,10327,624,3,563.65
25742,10327,967,5,3884.42
25743,10327,1161,1,2876.69
25744,10328,1036,5,4112.89
25745,10329,772,5,3567.52
25746,10329,82,1,4492.0
25747,10329,1953,5,4319.47
25748,10329,758,1,3980.65
25749,10330,1526,3,2734.98
25750,10330,671,2,4268.05
25751,10330,915,4,4241.85
25752,10330,1438,3,3162.42
25753,10331,281,3,4270.56
25754,10332,134,2,1940.05
25755,10332,632,1,2090.66
25756,10333,440,3,4235.09
25757,10333,1308,3,3851.02
25758,10333,449,5,530.54
25759,10334,32,5,3938.64
25760,10334,535,3,2607.22
25761,10334,931,2,4468.44
25762,10334,19,3,4954.02
25763,10335,1352,3,409.65
25764,10335,635,2,4026.74
25765,10336,882,5,2446.15
25766,10336,186,2,4656.26
25767,10337,956,1,2814.27
25768,10337,680,5,3138.73
25769,10337,378,1,1121.15
25770,10337,590,4,2350.34
25771,10338,1574,2,2177.85
25772,10338,109,4,4850.53
25773,10339,195,1,1068.2
25774,10339,838,3,1605.7
25775,10340,484,5,2046.14
25776,10340,1890,3,1375.89
25777,10340,1983,5,4107.76
25778,10340,1051,1,1535.78
25779,10341,779,3,86.06
25780,10341,395,1,2020.01
25781,10341,285,3,1882.5
25782,10341,314,2,2232.66
25783,10342,781,3,2720.54
25784,10343,791,3,1394.32
25785,10343,257,2,454.34
25786,10343,932,2,2826.61
25787,10344,1394,2,1472.74
25788,10344,1996,3,1437.31
25789,10345,40,3,4750.28
25790,10345,370,1,4704.13
25791,10345,1789,1,2544.6
25792,10345,785,3,3741.23
25793,10346,1102,1,4297.06
25794,10347,301,1,1012.97
25795,10347,235,4,217.55
25796,10347,1642,2,2231.42
25797,10348,1100,4,3708.22
25798,10349,1016,2,4654.08
25799,10349,1442,1,2295.41
25800,10350,812,1,3952.61
25801,10350,692,4,4629.69
25802,10351,1938,5,2662.45
25803,10351,759,5,4030.25
25804,10351,1739,1,3650.88
25805,10351,1829,1,2889.46
25806,10352,1479,3,772.64
25807,10352,592,2,3577.8
25808,10352,1238,3,4582.12
25809,10352,508,5,4905.99
25810,10353,1506,2,681.79
25811,10354,1017,2,4136.88
25812,10354,1007,1,1541.16
25813,10355,1308,2,3851.02
25814,10355,273,1,2698.03
25815,10355,717,3,1550.32
25816,10355,1463,2,4311.37
25817,10356,1072,4,4913.65
25818,10357,729,1,2851.13
25819,10357,1161,4,2876.69
25820,10357,219,3,3445.3
25821,10357,1118,5,3713.21
25822,10358,951,2,1690.56
25823,10359,507,2,1671.42
25824,10359,1785,1,1201.52
25825,10360,1495,5,2805.26
25826,10360,891,2,2534.47
25827,10360,303,4,3528.76
25828,10361,456,2,178.28
25829,10362,1123,5,577.55
25830,10362,1910,2,4302.81
25831,10363,324,5,320.73
25832,10364,1096,3,2154.04
25833,10364,1334,2,3114.64
25834,10364,943,1,3890.6
25835,10364,70,5,1704.87
25836,10365,1880,1,1959.52
25837,10365,1484,4,683.21
25838,10366,371,5,1990.52
25839,10366,1889,5,4349.72
25840,10367,1235,1,944.77
25841,10367,40,2,4750.28
25842,10367,1942,1,119.81
25843,10367,964,2,2605.27
25844,10368,1399,3,2617.78
25845,10368,692,1,4393.03
25846,10369,205,3,4043.35
25847,10369,1357,1,46.32
25848,10369,1440,4,3589.68
25849,10369,1346,2,1135.36
25850,10370,1593,1,3480.76
25851,10370,1050,5,105.34
25852,10371,1725,4,4530.18
25853,10372,385,4,3777.36
25854,10373,537,1,4144.97
25855,10374,1354,2,2081.24
25856,10375,1897,5,2534.34
25857,10375,184,5,1497.19
25858,10375,1402,3,1111.29
25859,10376,1999,2,1838.99
25860,10376,1338,5,2432.88
25861,10376,577,2,1148.53
25862,10376,1655,2,2999.53
25863,10377,1157,1,3021.97
25864,10377,416,2,2396.26
25865,10377,1346,1,1135.36
25866,10377,1511,4,3500.85
25867,10378,1100,1,3708.22
25868,10378,1143,2,4442.33
25869,10378,521,4,2403.94
25870,10378,1276,1,4775.49
25871,10379,1043,4,3990.48
25872,10379,1311,5,4424.0
25873,10380,1237,4,3949.17
25874,10380,929,1,3931.07
25875,10380,560,1,3783.25
25876,10381,990,1,3669.71
25877,10381,121,4,926.94
25878,10382,1048,4,3735.55
25879,10382,1739,5,4090.09
25880,10382,249,5,3887.05
25881,10383,1779,5,4333.82
25882,10383,559,1,1851.9
25883,10383,1695,4,2387.95
25884,10384,452,1,3319.28
25885,10384,1062,2,149.0
25886,10384,1443,5,1395.23
25887,10385,245,1,4956.68
25888,10385,1303,4,68.4
25889,10385,570,5,2071.01
25890,10386,588,3,1793.76
25891,10387,434,1,2688.44
25892,10387,1560,3,1396.92
25893,10388,206,1,4141.44
25894,10388,1077,1,1374.0
25895,10388,1584,5,3623.39
25896,10389,1459,4,1857.6
25897,10389,1703,1,3435.52
25898,10389,1253,1,4822.44
25899,10389,979,4,1650.44
25900,10390,663,1,1192.72
25901,10390,1082,4,2810.46
25902,10390,925,3,3385.66
25903,10391,1361,1,4344.01
25904,10391,1587,2,2450.05
25905,10391,1582,4,1472.47
25906,10392,50,2,2406.36
25907,10392,1122,4,200.62
25908,10392,1401,5,3777.73
25909,10392,906,5,1703.31
25910,10393,356,4,4465.31
25911,10393,1956,2,794.52
25912,10394,100,2,4670.26
25913,10395,681,2,1853.73
25914,10395,1825,3,657.3
25915,10395,1813,3,1347.23
25916,10396,1440,4,3589.68
25917,10396,752,1,1856.82
25918,10396,638,5,2493.09
25919,10397,1408,4,1314.08
25920,10397,55,5,477.57
25921,10398,212,2,803.2
25922,10398,1205,2,4795.08
25923,10399,1696,4,828.28
25924,10400,1327,5,975.37
25925,10400,944,3,314.92
25926,10400,227,5,3165.38
25927,10400,697,3,1310.25
25928,10401,1843,5,4261.48
25929,10401,449,2,530.54
25930,10401,44,1,3787.46
25931,10401,563,5,637.33
25932,10402,154,3,696.76
25933,10403,1661,2,4981.28
25934,10403,1236,4,4026.43
25935,10403,89,2,65.93
25936,10403,43,4,1212.23
25937,10404,1830,2,1574.79
25938,10404,1832,3,1467.4
25939,10404,161,1,55.99
25940,10405,616,1,4320.21
25941,10405,1502,4,1662.88
25942,10406,1844,4,481.01
25943,10406,1287,3,3932.11
25944,10407,1844,4,545.23
25945,10408,1150,1,4720.67
25946,10408,1772,2,3359.64
25947,10409,1245,4,85.12
25948,10409,1251,1,793.97
25949,10410,425,2,3713.27
25950,10410,129,5,4668.8
25951,10410,1845,3,1385.2
25952,10410,1598,2,2779.45
25953,10411,196,2,1777.71
25954,10411,744,1,1813.83
25955,10412,520,3,3210.19
25956,10412,960,5,1695.67
25957,10412,711,5,2570.78
25958,10413,424,2,850.16
25959,10413,885,5,2122.71
25960,10414,321,1,3268.68
25961,10414,1737,5,3354.21
25962,10414,259,1,3788.75
25963,10414,1969,4,1715.61
25964,10415,1147,5,2634.46
25965,10416,225,2,1079.54
25966,10416,812,1,4622.84
25967,10416,1777,2,2403.72
25968,10416,200,5,1216.73
25969,10417,1017,2,3891.25
25970,10417,1132,4,4201.4
25971,10418,264,1,3080.46
25972,10418,1874,5,1639.21
25973,10419,863,2,2025.64
25974,10419,1379,2,1823.96
25975,10419,1312,3,3510.23
25976,10419,1863,5,4385.05
25977,10420,415,4,273.97
25978,10420,349,3,3014.28
25979,10420,439,4,4256.54
25980,10420,1182,5,2923.74
25981,10421,404,5,2329.39
25982,10421,322,1,966.39
25983,10421,1831,1,1047.07
25984,10421,368,2,3600.59
25985,10422,182,2,1220.84
25986,10422,400,4,2808.68
25987,10422,1643,2,2610.69
25988,10422,1062,3,146.16
25989,10423,718,1,437.22
25990,10423,1349,3,491.69
25991,10423,209,1,3655.89
25992,10424,334,2,3010.59
25993,10424,1545,1,2595.97
25994,10424,285,4,1882.5
25995,10424,344,2,4211.01
25996,10425,1790,1,4394.84
25997,10425,1328,5,1629.06
25998,10426,878,4,4836.66
25999,10427,1735,5,4147.46
26000,10428,1600,5,4071.4
26001,10429,1174,2,1402.77
26002,10429,554,4,4495.61
26003,10429,1420,2,3913.88
26004,10429,711,1,2912.45
26005,10430,1567,1,2535.92
26006,10431,1975,3,3658.73
26007,10432,943,3,3890.6
26008,10433,558,4,132.2
26009,10433,967,2,3237.62
26010,10434,1174,3,1402.77
26011,10434,1686,1,456.49
26012,10435,1250,3,740.64
26013,10436,691,1,1582.01
26014,10437,1443,5,1395.23
26015,10437,245,2,4956.68
26016,10437,1510,1,1222.06
26017,10438,412,5,3557.28
26018,10439,1312,1,3510.23
26019,10439,1124,4,4882.27
26020,10440,578,4,2558.63
26021,10440,1321,2,1145.46
26022,10441,44,3,3787.46
26023,10441,234,4,938.67
26024,10442,1628,3,4434.43
26025,10442,1876,4,915.48
26026,10442,600,4,1557.53
26027,10443,162,4,878.97
26028,10443,491,2,4756.43
26029,10444,723,5,2989.89
26030,10444,172,3,4335.39
26031,10445,121,3,926.94
26032,10445,1569,2,961.57
26033,10445,401,5,1087.64
26034,10445,1497,1,271.31
26035,10446,1919,3,2728.56
26036,10446,1216,2,3884.97
26037,10446,509,1,3670.29
26038,10446,1661,2,4981.28
26039,10447,1818,3,657.41
26040,10447,1658,3,1047.12
26041,10447,1437,5,3751.2
26042,10447,1047,3,1806.96
26043,10448,1388,1,1427.84
26044,10448,492,1,977.04
26045,10449,782,3,125.88
26046,10449,933,4,2246.96
26047,10450,1573,4,2219.71
26048,10450,1216,3,3884.97
26049,10450,611,4,3903.33
26050,10451,822,1,2808.66
26051,10452,1318,3,3788.8
26052,10453,1925,4,4695.17
26053,10453,992,5,3206.36
26054,10453,1503,5,4559.11
26055,10453,99,2,3376.61
26056,10454,893,1,108.23
26057,10454,1901,4,151.68
26058,10455,697,3,1082.02
26059,10455,1106,2,3401.16
26060,10455,579,5,4113.9
26061,10456,814,2,3110.03
26062,10456,1050,2,105.34
26063,10456,118,2,4286.56
26064,10456,166,5,1729.03
26065,10457,460,1,4443.01
26066,10457,1361,1,4344.01
26067,10457,1055,1,4800.5
26068,10457,1834,2,3953.74
26069,10458,1622,3,1435.95
26070,10459,551,1,318.01
26071,10460,1346,1,962.22
26072,10460,338,4,99.68
26073,10460,1983,5,3559.21
26074,10460,1546,3,3706.04
26075,10461,1180,2,3403.33
26076,10461,1179,3,1931.5
26077,10461,1222,2,43.71
26078,10462,1735,2,4147.46
26079,10462,1646,5,4531.46
26080,10462,661,2,1784.45
26081,10462,1499,1,4052.38
26082,10463,85,4,1381.91
26083,10464,1510,1,1417.49
26084,10464,1170,1,1315.23
26085,10465,1081,2,1664.25
26086,10465,435,2,2114.92
26087,10465,168,1,3008.4
26088,10466,272,2,3498.52
26089,10466,941,4,3595.58
26090,10466,237,3,1615.24
26091,10467,806,4,111.11
26092,10468,679,3,1822.56
26093,10468,1205,3,4795.08
26094,10469,1677,2,828.77
26095,10469,317,5,2700.01
26096,10470,547,3,2542.66
26097,10471,1097,2,542.09
26098,10471,949,2,3259.59
26099,10471,1646,1,4531.46
26100,10472,1204,1,4942.73
26101,10472,766,1,3588.86
26102,10473,1655,4,2999.53
26103,10473,1467,4,2769.18
26104,10473,18,3,4759.91
26105,10473,182,5,1098.47
26106,10474,577,1,1148.53
26107,10474,1452,3,764.05
26108,10474,1404,2,1669.68
26109,10474,1496,2,2564.23
26110,10475,1192,5,4478.16
26111,10476,368,5,3600.59
26112,10477,721,5,93.68
26113,10477,78,3,468.49
26114,10478,1274,2,3265.43
26115,10478,658,1,1245.37
26116,10478,315,1,1223.18
26117,10478,146,5,2306.98
26118,10479,1799,3,3529.71
26119,10480,10,2,3381.16
26120,10480,1082,3,2810.46
26121,10480,1662,3,3160.26
26122,10480,1981,2,3974.13
26123,10481,545,4,2788.18
26124,10481,1569,1,861.28
26125,10481,13,1,2227.03
26126,10481,1889,2,4728.93
26127,10482,1676,5,342.22
26128,10482,66,4,461.64
26129,10482,123,3,2822.61
26130,10483,766,1,3127.58
26131,10484,75,1,46.75
26132,10485,1210,4,3696.95
26133,10485,296,1,2266.44
26134,10486,1293,2,1304.75
26135,10486,1044,2,2721.04
26136,10486,304,2,4475.38
26137,10487,206,5,4141.44
26138,10487,264,3,3080.46
26139,10488,57,1,4705.04
26140,10488,1863,3,3639.03
26141,10488,611,3,3903.33
26142,10489,84,1,182.72
26143,10489,1556,5,1976.36
26144,10490,1602,5,2669.18
26145,10491,881,5,406.91
26146,10491,1458,2,1609.23
26147,10491,646,2,807.46
26148,10491,325,4,778.82
26149,10492,542,2,3481.44
26150,10492,2000,5,849.72
26151,10492,1671,3,1975.56
26152,10492,1834,3,3953.74
26153,10493,1890,1,1462.22
26154,10494,230,4,1092.51
26155,10494,738,5,4721.08
26156,10494,205,5,4043.35
26157,10494,1959,2,2158.58
26158,10495,846,5,3819.23
26159,10496,1829,4,2889.46
26160,10496,1282,2,4678.25
26161,10496,1460,4,3394.34
26162,10496,767,5,2284.41
26163,10497,42,1,4975.48
26164,10497,1934,4,639.2
26165,10497,558,3,132.2
26166,10497,985,2,228.63
26167,10498,78,4,525.53
26168,10498,1221,1,237.2
26169,10498,1981,2,3974.13
26170,10498,761,3,1097.43
26171,10499,234,1,938.67
26172,10500,1875,4,889.15
26173,10500,642,4,3366.21
26174,10500,156,4,114.68
26175,10501,280,4,1570.67
26176,10501,1332,4,2934.88
26177,10501,540,3,635.0
26178,10502,213,5,161.25
26179,10502,1962,4,1588.31
26180,10503,1042,1,3030.16
26181,10503,1256,5,3632.6
26182,10504,703,5,2916.95
26183,10504,1995,5,2213.54
26184,10505,1323,4,961.89
26185,10505,1454,2,869.09
26186,10506,1173,5,3799.31
26187,10506,1406,1,449.18
26188,10506,661,4,1784.45
26189,10507,1283,2,1258.75
26190,10507,669,4,3129.58
26191,10507,20,4,3466.81
26192,10508,887,2,4225.09
26193,10509,1169,1,469.06
26194,10509,757,5,3683.97
26195,10509,46,5,1356.66
26196,10509,1573,5,2466.55
26197,10510,1378,1,2628.29
26198,10510,614,2,1537.72
26199,10510,1171,3,3620.47
26200,10511,475,3,2104.97
26201,10512,1435,4,3765.92
26202,10512,1645,4,1054.88
26203,10513,1016,4,4060.32
26204,10513,1518,1,1171.72
26205,10513,1769,4,4216.87
26206,10513,1124,4,4487.54
26207,10514,294,5,4193.11
26208,10514,1810,1,1849.5
26209,10514,226,4,1054.31
26210,10515,1008,5,3281.27
26211,10516,784,3,2566.81
26212,10516,1846,3,666.7
26213,10516,1225,2,1107.05
26214,10516,897,5,2048.32
26215,10517,1384,3,4380.18
26216,10517,984,4,3382.2
26217,10517,1841,3,3295.24
26218,10518,1374,1,4245.98
26219,10518,170,3,2609.26
26220,10518,561,3,2023.99
26221,10518,1342,3,2958.39
26222,10519,4,1,2019.69
26223,10519,1340,5,1366.78
26224,10519,1099,4,3583.64
26225,10519,18,1,4759.91
26226,10520,125,1,1485.79
26227,10520,1696,1,979.19
26228,10521,1480,4,569.54
26229,10521,225,1,1331.62
26230,10522,1955,2,1704.13
26231,10522,1800,1,1027.07
26232,10523,1889,5,4728.93
26233,10524,477,5,4760.62
26234,10524,1821,5,4780.59
26235,10524,1352,2,409.65
26236,10524,1688,3,953.67
26237,10525,1195,2,69.7
26238,10525,1525,5,3157.81
26239,10525,1364,3,1963.35
26240,10525,254,2,3914.95
26241,10526,1041,3,2501.58
26242,10527,943,5,3890.6
26243,10527,1660,2,167.07
26244,10527,1259,5,338.22
26245,10527,417,1,622.91
26246,10528,937,2,1937.21
26247,10528,992,4,2817.53
26248,10528,215,3,1855.51
26249,10528,518,3,2200.98
26250,10529,1544,2,2753.26
26251,10529,382,5,2952.32
26252,10529,1339,1,1539.51
26253,10529,425,5,3713.27
26254,10530,876,3,4016.11
26255,10531,1362,3,3165.2
26256,10531,1333,4,573.04
26257,10531,661,2,1784.45
26258,10532,361,2,102.54
26259,10532,489,5,938.89
26260,10533,1861,3,501.6
26261,10534,792,3,839.44
26262,10534,933,5,2246.96
26263,10534,269,4,1426.17
26264,10534,208,2,1246.29
26265,10535,1620,3,3927.91
26266,10536,1633,1,4642.34
26267,10536,1277,4,3223.63
26268,10536,1069,1,4944.78
26269,10537,863,2,2025.64
26270,10537,1818,5,747.43
26271,10538,1205,1,4795.08
26272,10538,1045,5,973.47
26273,10539,171,1,2190.87
26274,10539,835,2,824.78
26275,10539,4,1,2348.56
26276,10539,1143,1,4442.33
26277,10540,966,1,331.65
26278,10540,1720,1,1338.58
26279,10540,166,1,2028.89
26280,10541,121,5,926.94
26281,10541,1403,1,3226.0
26282,10541,1956,3,794.52
26283,10541,1854,3,3708.59
26284,10542,807,4,4677.52
26285,10542,214,3,3316.61
26286,10543,688,3,946.13
26287,10544,1761,4,4165.49
26288,10545,1835,4,316.77
26289,10546,939,5,140.68
26290,10546,7,5,4731.63
26291,10546,51,2,2912.21
26292,10546,82,1,3896.55
26293,10547,1229,4,3780.11
26294,10547,291,4,4116.65
26295,10547,59,3,3151.73
26296,10548,1395,4,2500.5
26297,10548,405,1,2112.3
26298,10548,1854,1,4400.58
26299,10549,1632,5,1855.05
26300,10549,397,1,4722.85
26301,10550,831,4,1447.85
26302,10551,149,4,708.87
26303,10552,600,1,1377.7
26304,10553,1652,3,342.56
26305,10553,1816,5,1970.73
26306,10553,1407,3,3139.74
26307,10553,180,4,861.01
26308,10554,98,1,2836.46
26309,10554,1488,3,1662.93
26310,10554,315,3,1223.18
26311,10555,889,2,1972.22
26312,10555,643,3,3185.4
26313,10556,720,2,2189.31
26314,10556,1841,1,3295.24
26315,10556,1318,5,4006.54
26316,10556,1661,4,4981.28
26317,10557,919,3,4303.03
26318,10557,1794,1,4943.5
26319,10557,804,1,3058.47
26320,10558,1785,3,1442.72
26321,10558,1540,1,3898.12
26322,10558,1468,2,1907.54
26323,10559,643,1,3185.4
26324,10560,1734,2,2831.8
26325,10560,1013,4,3056.19
26326,10561,42,3,4975.48
26327,10561,1499,2,3355.84
26328,10561,1910,3,4302.81
26329,10562,501,4,3050.15
26330,10562,1591,1,2817.51
26331,10562,1231,1,618.2
26332,10562,770,5,1755.13
26333,10563,981,1,323.52
26334,10563,991,4,4617.12
26335,10563,924,4,407.23
26336,10563,822,1,2758.72
26337,10564,1047,1,2250.05
26338,10564,923,5,1277.43
26339,10564,479,5,1787.96
26340,10565,572,3,3464.96
26341,10565,82,1,4492.0
26342,10566,735,4,1568.34
26343,10566,1410,3,3888.52
26344,10566,926,4,3298.47
26345,10567,1090,1,3677.27
26346,10567,934,1,3262.71
26347,10568,1811,3,355.4
26348,10569,98,3,2836.46
26349,10570,1877,4,896.41
26350,10571,349,5,3568.37
26351,10571,1960,5,1394.03
26352,10571,1949,1,628.06
26353,10572,755,5,2829.94
26354,10572,193,1,4643.63
26355,10572,715,4,1198.0
26356,10573,28,2,4654.11
26357,10573,994,2,3999.58
26358,10573,563,1,771.18
26359,10574,394,1,2317.12
26360,10574,30,2,2949.45
26361,10574,1322,4,2046.82
26362,10575,558,5,132.2
26363,10576,307,1,315.91
26364,10576,1218,5,1559.38
26365,10576,25,5,3831.09
26366,10576,1010,2,3753.37
26367,10577,88,5,903.79
26368,10577,321,3,3268.68
26369,10577,641,2,2560.87
26370,10577,1369,4,1107.42
26371,10578,1617,5,1107.75
26372,10578,1613,2,2651.93
26373,10578,829,1,2028.46
26374,10578,115,2,4104.14
26375,10579,498,2,539.19
26376,10579,1506,4,681.79
26377,10579,244,3,3610.07
26378,10580,885,1,1883.67
26379,10580,265,1,343.92
26380,10581,1025,2,3744.09
26381,10581,1782,5,4678.02
26382,10581,855,2,3214.76
26383,10581,316,3,4165.3
26384,10582,1960,4,1687.21
26385,10582,1526,5,2734.98
26386,10582,607,5,4648.41
26387,10583,1052,1,2566.48
26388,10583,1889,3,3828.94
26389,10583,1462,4,3236.96
26390,10584,1494,3,195.63
26391,10584,200,4,1216.73
26392,10584,268,4,4622.54
26393,10585,1573,4,2737.95
26394,10586,498,1,539.19
26395,10586,1437,1,3751.2
26396,10587,398,4,3681.87
26397,10587,419,5,4536.4
26398,10587,1748,3,633.6
26399,10588,1808,4,3905.23
26400,10589,716,2,1935.49
26401,10589,593,5,1356.01
26402,10589,1722,1,265.02
26403,10589,257,3,383.76
26404,10590,1621,3,459.84
26405,10590,1715,3,3099.54
26406,10591,1967,1,3118.21
26407,10592,1012,1,1114.24
26408,10592,1478,4,3702.99
26409,10593,1819,4,118.88
26410,10593,1164,3,2226.51
26411,10594,942,4,4334.82
26412,10595,653,5,601.62
26413,10595,557,2,2749.62
26414,10595,925,2,4150.42
26415,10596,656,5,3743.6
26416,10596,230,3,1092.51
26417,10596,1335,3,1224.18
26418,10597,1178,3,3058.33
26419,10598,1375,1,3905.71
26420,10598,727,4,1141.07
26421,10599,880,1,4537.46
26422,10600,123,2,2822.61
26423,10601,1278,4,4786.26
26424,10602,1522,1,1828.66
26425,10602,1546,2,3706.04
26426,10603,1667,5,2514.23
26427,10603,497,1,572.94
26428,10603,1551,5,2299.4
26429,10603,1980,3,885.72
26430,10604,1340,5,1567.91
26431,10604,736,1,3374.71
26432,10604,1706,3,3582.05
26433,10604,438,4,3390.29
26434,10605,1283,5,1258.75
26435,10605,1115,3,3529.64
26436,10605,803,4,4165.04
26437,10605,1673,5,3703.76
26438,10606,1065,2,1577.35
26439,10606,1418,4,203.29
26440,10607,1783,5,2000.64
26441,10607,930,4,79.28
26442,10607,844,4,2805.81
26443,10608,534,1,124.86
26444,10608,433,4,4118.38
26445,10608,619,2,4795.2
26446,10608,425,4,3713.27
26447,10609,1916,2,69.6
26448,10609,721,2,93.68
26449,10610,1136,5,1859.45
26450,10610,741,2,3043.25
26451,10611,1519,5,4276.0
26452,10611,1534,1,1497.27
26453,10611,549,5,430.86
26454,10611,582,2,4048.91
26455,10612,1181,1,4508.68
26456,10612,964,3,2605.27
26457,10613,567,2,4131.61
26458,10614,1725,1,4530.18
26459,10614,1675,4,4618.9
26460,10614,257,2,454.34
26461,10615,313,2,474.04
26462,10615,1122,3,206.77
26463,10616,13,1,1922.01
26464,10616,686,3,3670.89
26465,10616,1916,3,69.6
26466,10617,72,4,946.6
26467,10617,632,5,2090.66
26468,10617,401,4,1294.78
26469,10617,53,2,4782.7
26470,10618,1580,1,4757.61
26471,10618,1490,5,4644.16
26472,10619,1515,4,3802.4
26473,10619,572,4,3464.96
26474,10619,1342,4,2958.39
26475,10620,1396,3,2643.95
26476,10620,1837,1,3710.55
26477,10620,1681,4,1388.97
26478,10620,946,3,2790.2
26479,10621,730,2,1887.22
26480,10621,480,1,2773.31
26481,10622,1723,4,4323.91
26482,10623,1137,1,1821.42
26483,10624,271,2,4144.82
26484,10625,338,4,99.68
26485,10625,529,5,2017.88
26486,10625,1512,5,3381.05
26487,10625,629,3,3437.25
26488,10626,77,5,2924.08
26489,10627,1124,1,4882.27
26490,10628,586,5,3086.72
26491,10629,96,5,4674.1
26492,10629,1017,2,3883.28
26493,10630,1545,1,2804.73
26494,10630,1518,4,1171.72
26495,10630,1113,1,1117.82
26496,10630,1320,1,1133.36
26497,10631,1341,1,2068.83
26498,10631,299,4,2026.58
26499,10631,911,3,3202.05
26500,10631,1897,3,2293.52
26501,10632,524,2,4240.1
26502,10632,933,3,2246.96
26503,10632,1374,4,4245.98
26504,10632,1606,3,2436.74
26505,10633,1539,5,87.6
26506,10633,1737,2,3354.21
26507,10633,1927,5,2819.58
26508,10633,1641,2,1853.09
26509,10634,19,4,4954.02
26510,10634,150,2,4287.5
26511,10635,1072,2,4913.65
26512,10635,676,3,1181.47
26513,10635,1370,5,1021.39
26514,10636,427,4,438.17
26515,10636,1876,2,915.48
26516,10637,87,2,2762.02
26517,10637,405,3,2282.13
26518,10638,1657,5,3149.48
26519,10639,439,5,4256.54
26520,10639,201,5,102.3
26521,10639,53,2,4782.7
26522,10639,1844,1,545.23
26523,10640,876,5,4735.67
26524,10640,1881,1,3178.03
26525,10640,1232,1,4553.57
26526,10640,477,3,4233.05
26527,10641,566,4,3173.4
26528,10641,807,5,4677.52
26529,10642,1321,4,1145.46
26530,10642,647,3,1274.12
26531,10642,1425,2,2840.04
26532,10643,1381,4,1933.35
26533,10643,883,3,777.84
26534,10643,54,2,268.33
26535,10643,1581,2,2800.85
26536,10644,671,2,4268.05
26537,10644,402,4,4892.72
26538,10645,1586,2,3954.89
26539,10645,1868,1,2512.3
26540,10645,434,1,2688.44
26541,10646,1498,1,2947.49
26542,10646,1875,4,889.15
26543,10646,1995,5,2213.54
26544,10647,776,1,130.51
26545,10647,1291,4,1560.9
26546,10647,28,5,4419.47
26547,10648,822,1,2979.71
26548,10649,1205,5,4795.08
26549,10650,1935,5,4879.73
26550,10651,668,4,371.43
26551,10651,1923,5,3707.45
26552,10652,1350,1,3281.89
26553,10652,618,1,3436.62
26554,10652,1908,5,2628.01
26555,10652,1117,4,4632.15
26556,10653,1538,4,4609.56
26557,10653,1651,1,1559.53
26558,10653,1652,4,342.56
26559,10653,742,1,1149.62
26560,10654,1169,4,469.06
26561,10654,1609,4,3710.26
26562,10654,1125,4,339.79
26563,10655,434,2,2176.61
26564,10655,766,3,3588.86
26565,10655,222,3,4379.2
26566,10655,690,5,3071.04
26567,10656,1796,5,4111.65
26568,10656,678,2,3742.53
26569,10656,45,1,3512.85
26570,10656,672,5,2422.67
26571,10657,1780,3,1696.82
26572,10658,1798,1,3519.52
26573,10658,720,3,2189.31
26574,10658,1776,3,758.33
26575,10658,1828,3,3265.59
26576,10659,620,5,2983.14
26577,10659,86,4,1479.15
26578,10659,858,2,4288.06
26579,10659,1119,3,3549.39
26580,10660,1392,4,4335.21
26581,10660,844,5,3408.55
26582,10660,1082,2,2364.88
26583,10661,467,2,3451.65
26584,10661,1230,3,2509.13
26585,10661,1099,4,3583.64
26586,10661,1066,1,4382.58
26587,10662,711,5,2912.45
26588,10663,621,3,784.63
26589,10664,1521,5,4472.71
26590,10664,1544,2,2430.05
26591,10664,200,2,1005.59
26592,10665,1392,3,4601.48
26593,10666,1873,2,2032.74
26594,10667,452,2,3867.18
26595,10667,1221,1,237.2
26596,10667,1848,5,727.07
26597,10667,1490,4,4644.16
26598,10668,869,4,1049.71
26599,10668,1591,4,2817.51
26600,10668,20,1,3466.81
26601,10669,1737,2,3354.21
26602,10669,685,5,347.22
26603,10669,1452,5,764.05
26604,10670,1059,5,4118.26
26605,10670,1733,3,3172.94
26606,10670,1426,4,2840.77
26607,10671,1585,2,4809.42
26608,10671,497,3,572.94
26609,10671,626,2,739.49
26610,10671,1046,1,1159.16
26611,10672,1785,1,1442.72
26612,10672,785,2,3741.23
26613,10672,1300,3,2792.13
26614,10673,1534,3,1497.27
26615,10673,848,4,2754.39
26616,10674,1037,4,1567.44
26617,10674,223,4,1605.11
26618,10674,1589,1,457.62
26619,10675,1009,5,4331.92
26620,10676,1629,1,844.45
26621,10676,775,4,1756.06
26622,10677,919,3,4303.03
26623,10677,523,1,3040.6
26624,10678,1958,5,4221.55
26625,10678,1656,3,1699.76
26626,10678,1901,3,151.68
26627,10679,126,3,2072.3
26628,10679,291,1,4479.15
26629,10679,1567,2,2535.92
26630,10679,94,5,4398.2
26631,10680,1500,5,4223.34
26632,10680,1499,5,4052.38
26633,10680,1225,3,1107.05
26634,10680,769,5,4199.98
26635,10681,1912,1,4495.58
26636,10681,348,3,4740.53
26637,10682,1154,1,872.87
26638,10682,30,5,2949.45
26639,10683,45,2,3512.85
26640,10683,1954,5,4409.84
26641,10683,1301,2,2437.93
26642,10684,311,3,3927.46
26643,10684,298,4,3203.67
26644,10684,493,2,437.16
26645,10685,1846,5,599.47
26646,10685,1079,4,870.46
26647,10686,1874,5,2038.67
26648,10686,201,4,102.3
26649,10687,1869,4,349.95
26650,10688,1624,1,1510.22
26651,10689,1524,1,3721.66
26652,10689,1607,1,2615.57
26653,10689,743,2,2405.57
26654,10689,524,2,4240.1
26655,10690,613,1,1703.51
26656,10691,1476,4,2709.79
26657,10691,1971,5,3384.04
26658,10691,1219,2,2455.23
26659,10692,430,2,3795.82
26660,10692,261,4,3561.67
26661,10692,1939,4,3353.5
26662,10692,722,1,3066.52
26663,10693,1301,2,2911.31
26664,10694,139,4,4993.88
26665,10694,1296,4,292.88
26666,10694,263,1,4797.79
26667,10695,340,2,3028.53
26668,10695,484,5,2046.14
26669,10696,972,2,4344.95
26670,10696,1955,5,1704.13
26671,10697,481,4,829.75
26672,10697,99,1,3376.61
26673,10698,334,1,3189.75
26674,10698,1526,4,2734.98
26675,10699,1858,5,4696.05
26676,10699,1313,1,4023.94
26677,10700,871,5,4152.81
26678,10700,818,4,1691.29
26679,10700,457,5,580.66
26680,10701,1399,3,2617.78
26681,10701,1964,2,3292.03
26682,10701,124,4,1903.14
26683,10702,282,1,614.76
26684,10703,163,3,3241.38
26685,10703,385,2,3701.96
26686,10703,1374,2,3735.35
26687,10703,987,1,4441.98
26688,10704,431,5,2944.33
26689,10704,170,5,2268.16
26690,10704,513,5,4755.26
26691,10705,1976,3,2298.0
26692,10705,1698,3,2763.38
26693,10705,731,5,1533.89
26694,10706,195,4,1260.96
26695,10707,1889,5,4728.93
26696,10708,1719,1,4207.69
26697,10708,659,2,1295.32
26698,10708,1198,2,4266.62
26699,10708,299,2,2422.18
26700,10709,976,4,1872.2
26701,10709,294,4,3533.31
26702,10710,710,2,4079.08
26703,10711,1466,1,2812.37
26704,10711,899,4,3039.24
26705,10711,993,1,27.35
26706,10711,1785,5,1442.72
26707,10712,1761,5,4165.49
26708,10713,1667,3,2977.83
26709,10714,955,2,1699.5
26710,10715,1081,2,1664.25
26711,10715,1149,5,4334.54
26712,10716,1874,3,2038.67
26713,10717,1010,4,4169.49
26714,10717,81,5,4873.64
26715,10717,1159,4,3012.68
26716,10718,1895,1,4104.65
26717,10718,202,3,2620.89
26718,10718,1963,1,742.96
26719,10719,18,4,4759.91
26720,10719,1502,5,1662.88
26721,10719,1895,4,4104.65
26722,10720,211,5,2471.44
26723,10721,727,2,1031.13
26724,10721,130,1,69.21
26725,10722,604,5,4183.03
26726,10723,1821,4,4780.59
26727,10723,1958,1,3388.98
26728,10723,1010,4,4593.25
26729,10723,731,1,1421.35
26730,10724,1945,1,4845.83
26731,10724,1981,4,3974.13
26732,10725,1706,1,3582.05
26733,10726,1032,1,1677.99
26734,10726,1057,5,3502.82
26735,10726,1649,5,3713.09
26736,10726,206,4,4141.44
26737,10727,614,5,1652.79
26738,10727,1684,1,3589.34
26739,10727,78,1,525.53
26740,10728,21,4,3692.52
26741,10728,1342,4,2958.39
26742,10729,1675,3,4618.9
26743,10730,1640,2,3228.09
26744,10730,748,3,1304.99
26745,10730,529,5,2017.88
26746,10730,1714,4,972.34
26747,10731,1669,3,2790.92
26748,10731,1339,2,1539.51
26749,10731,1829,1,2889.46
26750,10731,25,5,3831.09
26751,10732,92,3,3657.85
26752,10732,1597,5,4997.07
26753,10732,1340,2,1567.91
26754,10732,1908,3,2628.01
26755,10733,326,3,1825.48
26756,10733,1945,1,4845.83
26757,10733,1056,1,151.5
26758,10734,956,2,2814.27
26759,10734,244,4,3907.13
26760,10735,1277,2,3223.63
26761,10735,593,3,1356.01
26762,10735,956,5,2814.27
26763,10735,574,2,1076.88
26764,10736,686,4,3836.65
26765,10736,1199,4,2527.07
26766,10736,1952,4,2454.26
26767,10737,482,2,2685.86
26768,10737,97,5,704.13
26769,10738,1195,4,63.66
26770,10738,1706,5,3582.05
26771,10738,1469,2,673.42
26772,10738,1232,3,4242.8
26773,10739,739,5,1046.03
26774,10739,1937,3,2540.27
26775,10740,581,4,4815.32
26776,10740,172,5,4574.01
26777,10740,582,5,4943.34
26778,10741,502,1,584.21
26779,10741,479,2,1787.96
26780,10742,1447,3,3755.65
26781,10742,1565,3,3779.56
26782,10742,1946,4,1059.73
26783,10742,220,1,1408.94
26784,10743,1784,4,1361.63
26785,10743,1985,3,4002.58
26786,10743,711,3,2912.45
26787,10744,619,5,4795.2
26788,10745,1959,4,2299.44
26789,10745,606,1,4515.64
26790,10745,1687,2,2836.91
26791,10746,168,4,2436.62
26792,10747,200,4,1216.73
26793,10747,1966,5,4444.06
26794,10747,1121,2,421.04
26795,10748,1027,2,1879.49
26796,10748,859,3,3779.21
26797,10748,1010,1,4593.25
26798,10749,981,4,355.18
26799,10749,1010,3,4593.25
26800,10750,1403,5,3226.0
26801,10750,233,3,314.31
26802,10750,404,1,2513.11
26803,10751,1532,1,4178.48
26804,10751,331,1,187.93
26805,10751,1676,4,342.22
26806,10751,1818,1,791.28
26807,10752,948,4,3588.3
26808,10753,1775,4,3513.61
26809,10753,378,3,1121.15
26810,10754,1115,2,3751.63
26811,10754,1237,2,3949.17
26812,10754,633,3,1499.21
26813,10755,130,3,73.51
26814,10755,890,3,1942.86
26815,10756,1709,3,1568.58
26816,10756,1249,4,4030.19
26817,10756,1049,2,4572.88
26818,10757,1941,1,4094.53
26819,10757,1119,5,3549.39
26820,10757,764,1,1864.0
26821,10758,1652,2,342.56
26822,10758,1873,5,2032.74
26823,10759,1493,5,3781.76
26824,10759,674,1,3045.84
26825,10759,1039,5,1312.75
26826,10759,1072,5,4913.65
26827,10760,1541,4,482.43
26828,10761,810,3,2694.6
26829,10761,130,2,73.51
26830,10761,1349,1,491.69
26831,10762,1805,3,2426.04
26832,10763,1571,2,3245.24
26833,10763,1646,4,4531.46
26834,10764,1984,1,738.72
26835,10764,1456,2,3421.86
26836,10764,1411,3,3246.16
26837,10764,689,4,42.67
26838,10765,754,5,1332.53
26839,10765,420,1,1799.73
26840,10765,82,3,4264.79
26841,10766,519,2,4756.84
26842,10766,961,4,3862.51
26843,10766,1543,4,1317.02
26844,10767,1898,1,1001.41
26845,10767,503,2,109.87
26846,10767,461,1,3600.18
26847,10768,604,5,4183.03
26848,10768,1899,4,4748.11
26849,10768,1679,3,1272.43
26850,10768,1869,4,349.95
26851,10769,668,4,310.07
26852,10770,631,1,3065.52
26853,10770,780,5,4982.09
26854,10770,653,5,601.62
26855,10771,600,2,1557.53
26856,10771,1991,4,2705.86
26857,10772,773,5,1551.94
26858,10772,1480,2,705.06
26859,10772,744,1,2156.28
26860,10773,819,1,2142.95
26861,10773,1508,4,3515.38
26862,10774,1639,1,280.07
26863,10774,1854,3,4400.58
26864,10775,488,5,1567.45
26865,10775,697,1,1134.13
26866,10775,1506,4,565.03
26867,10776,880,5,4132.44
26868,10777,648,4,469.49
26869,10777,683,5,381.49
26870,10778,1388,1,1427.84
26871,10778,1930,5,1645.53
26872,10778,1662,3,2936.69
26873,10779,1436,1,3530.64
26874,10779,631,2,3065.52
26875,10780,1250,5,740.64
26876,10780,936,1,1664.96
26877,10780,1342,4,2958.39
26878,10781,1474,4,567.6
26879,10781,189,3,2731.86
26880,10782,753,3,2931.64
26881,10782,161,1,55.99
26882,10783,1168,3,2939.38
26883,10783,1013,2,3056.19
26884,10783,611,3,3571.52
26885,10783,865,3,2455.86
26886,10784,773,2,1551.94
26887,10784,884,1,2740.58
26888,10785,1466,2,2812.37
26889,10785,1052,1,2566.48
26890,10785,219,1,3445.3
26891,10785,982,1,294.46
26892,10786,1492,3,1582.22
26893,10787,1517,2,1255.49
26894,10787,1061,4,4408.37
26895,10787,123,1,2822.61
26896,10788,1931,2,2121.67
26897,10788,785,2,3741.23
26898,10789,814,5,3110.03
26899,10789,843,3,1028.63
26900,10789,1850,3,3454.56
26901,10789,1215,5,627.48
26902,10790,378,1,1121.15
26903,10790,80,5,3663.41
26904,10791,735,1,1776.43
26905,10791,964,1,2605.27
26906,10791,723,5,2612.22
26907,10791,563,3,771.18
26908,10792,74,1,3695.82
26909,10793,547,3,2542.66
26910,10793,417,1,561.94
26911,10794,251,4,2748.09
26912,10795,923,1,1060.42
26913,10796,639,3,1959.67
26914,10797,1262,5,3201.63
26915,10797,1227,2,2840.98
26916,10798,476,1,446.22
26917,10798,1648,2,3593.06
26918,10798,1808,4,3905.23
26919,10799,933,5,2246.96
26920,10799,1199,4,2527.07
26921,10799,1258,4,3972.09
26922,10799,1242,5,1507.11
26923,10800,1380,2,3721.35
26924,10800,624,5,563.65
26925,10800,567,5,4674.9
26926,10800,1507,4,526.19
26927,10801,1347,3,4310.65
26928,10801,1558,3,2317.69
26929,10801,103,2,4739.24
26930,10802,561,3,1843.12
26931,10802,310,5,2746.09
26932,10803,153,1,3801.02
26933,10803,1063,3,3675.7
26934,10803,710,1,3677.3
26935,10803,1874,2,1647.88
26936,10804,786,5,287.29
26937,10805,1538,5,4609.56
26938,10805,1798,5,2858.4
26939,10805,1906,3,2799.16
26940,10806,995,5,3117.51
26941,10806,1959,3,2299.44
26942,10807,1282,4,4678.25
26943,10807,57,1,4705.04
26944,10808,721,5,93.68
26945,10808,266,3,870.57
26946,10808,804,1,3811.41
26947,10808,1961,3,2267.48
26948,10809,29,5,4104.81
26949,10809,928,2,3423.28
26950,10810,1581,2,2985.72
26951,10811,1134,1,1592.31
26952,10811,1409,4,943.24
26953,10812,276,1,1435.35
26954,10813,457,1,580.66
26955,10813,810,2,2694.6
26956,10813,1222,5,35.42
26957,10813,657,2,1698.74
26958,10814,1707,1,341.01
26959,10814,1020,5,3188.65
26960,10814,1394,1,1472.74
26961,10814,196,1,1975.92
26962,10815,1425,1,2840.04
26963,10815,1248,1,4345.12
26964,10815,1784,1,1242.47
26965,10815,1839,5,3768.65
26966,10816,302,2,40.83
26967,10816,784,3,2566.81
26968,10817,1349,4,491.69
26969,10817,1047,2,2250.05
26970,10817,782,3,138.59
26971,10817,616,2,4320.21
26972,10818,1746,2,3438.62
26973,10819,1304,3,1819.27
26974,10819,124,1,1798.12
26975,10819,1921,5,78.32
26976,10820,695,1,762.18
26977,10821,568,2,3347.78
26978,10821,1003,5,4496.47
26979,10821,1073,1,1327.8
26980,10822,2000,1,849.72
26981,10822,554,1,4495.61
26982,10822,1499,1,4052.38
26983,10823,1771,1,3405.76
26984,10824,1483,4,3237.23
26985,10825,1976,1,2464.89
26986,10826,410,1,4167.25
26987,10826,47,5,3859.05
26988,10826,1698,2,2763.38
26989,10827,1713,1,3233.67
26990,10827,700,4,728.03
26991,10827,1853,4,4612.68
26992,10828,1782,5,4678.02
26993,10828,790,1,3447.9
26994,10828,544,5,4741.07
26995,10829,261,5,3561.67
26996,10829,396,3,2432.47
26997,10830,1410,2,3888.52
26998,10831,1879,3,938.89
26999,10831,1517,4,1255.49
27000,10831,1038,5,3779.92
27001,10832,1404,3,1949.35
27002,10832,283,1,3371.58
27003,10832,1199,5,2527.07
27004,10833,1307,5,2196.4
27005,10833,780,5,4568.48
27006,10834,1337,1,1540.52
27007,10834,1601,4,1249.57
27008,10835,923,3,1277.43
27009,10835,1489,1,1547.24
27010,10835,466,1,2193.4
27011,10835,1744,2,1621.05
27012,10836,1092,1,166.85
27013,10836,842,5,68.18
27014,10836,98,2,2836.46
27015,10837,1144,1,4456.58
27016,10838,1345,3,3394.63
27017,10838,957,2,3639.29
27018,10839,266,4,910.01
27019,10839,1225,3,1107.05
27020,10839,418,4,4483.51
27021,10840,250,3,410.41
27022,10840,1205,4,4795.08
27023,10840,1472,2,396.71
27024,10841,1430,4,1925.3
27025,10842,479,5,1502.59
27026,10842,762,5,1807.8
27027,10842,137,5,2258.91
27028,10843,1653,1,2729.95
27029,10843,1545,3,2804.73
27030,10844,1606,5,2436.74
27031,10845,1560,2,1396.92
27032,10845,631,3,3065.52
27033,10846,1298,2,1317.79
27034,10846,26,2,511.61
27035,10847,1707,1,341.01
27036,10847,581,5,4815.32
27037,10848,1216,4,3884.97
27038,10848,268,4,4622.54
27039,10849,1968,5,167.07
27040,10849,1203,2,4402.27
27041,10850,1983,5,3446.85
27042,10850,742,5,1149.62
27043,10851,1215,5,627.48
27044,10851,1147,3,3066.56
27045,10852,971,4,3736.08
27046,10853,1833,5,3938.2
27047,10853,790,1,3447.9
27048,10854,1742,5,1681.55
27049,10855,1145,5,3804.92
27050,10855,149,1,638.09
27051,10855,1889,1,4469.83
27052,10856,1467,3,2737.05
27053,10856,1304,4,2267.28
27054,10857,1877,3,896.41
27055,10857,1547,5,2584.01
27056,10858,481,5,976.31
27057,10859,168,2,2666.69
27058,10859,390,1,607.14
27059,10859,752,1,1856.82
27060,10859,159,3,1222.68
27061,10860,2,5,1443.35
27062,10860,505,2,1675.87
27063,10860,566,2,3671.74
27064,10860,1542,5,142.87
27065,10861,1600,5,4071.4
27066,10861,131,5,3366.57
27067,10861,724,5,3238.66
27068,10862,361,3,102.54
27069,10862,1380,2,3074.1
27070,10862,1484,1,749.5
27071,10862,1011,1,602.7
27072,10863,1432,3,4624.51
27073,10863,421,1,4612.91
27074,10863,536,3,1814.54
27075,10864,1870,1,2326.9
27076,10864,439,2,3909.2
27077,10864,1963,4,742.96
27078,10864,698,2,3711.15
27079,10865,269,2,1224.8
27080,10866,983,5,372.86
27081,10867,1752,1,3707.7
27082,10867,270,3,3023.26
27083,10867,1890,4,1462.22
27084,10868,1541,3,482.43
27085,10868,449,5,530.54
27086,10869,993,3,29.01
27087,10869,871,1,4049.27
27088,10870,1600,3,4071.4
27089,10871,1275,4,1634.7
27090,10871,521,4,2682.3
27091,10872,520,5,3845.1
27092,10872,1356,4,3354.26
27093,10873,1360,4,2996.1
27094,10873,1758,2,1474.72
27095,10873,254,5,3914.95
27096,10873,311,1,4257.7
27097,10874,186,5,3877.07
27098,10875,1029,5,2318.09
27099,10876,1510,5,1417.49
27100,10876,74,3,3346.82
27101,10877,808,3,2854.34
27102,10878,61,3,3122.29
27103,10878,1229,2,4239.84
27104,10878,1481,2,1236.14
27105,10878,1694,3,3306.81
27106,10879,1206,1,1052.49
27107,10879,341,4,4893.89
27108,10879,1910,2,3728.46
27109,10880,22,3,3853.54
27110,10880,178,5,4327.53
27111,10880,1603,4,709.78
27112,10881,1687,4,2395.99
27113,10881,283,5,2701.9
27114,10881,101,1,3454.64
27115,10882,1918,1,4282.99
27116,10882,1136,2,1859.45
27117,10883,553,1,1791.0
27118,10883,615,1,4116.86
27119,10884,1454,5,869.09
27120,10884,1509,5,1398.09
27121,10884,1234,2,552.76
27122,10885,1903,2,2934.47
27123,10885,1293,1,1064.81
27124,10886,590,2,2350.34
27125,10886,1817,1,3240.09
27126,10887,1411,1,3246.16
27127,10887,1208,5,2828.12
27128,10887,879,3,449.66
27129,10888,1753,1,499.62
27130,10888,1081,1,1664.25
27131,10889,518,4,2494.14
27132,10889,560,2,3391.06
27133,10889,96,3,4674.1
27134,10889,1381,4,1809.58
27135,10890,1777,5,2403.72
27136,10890,587,3,3620.3
27137,10891,30,5,2949.45
27138,10891,1009,3,4331.92
27139,10891,1040,5,852.31
27140,10892,286,5,4563.87
27141,10892,1694,3,3306.81
27142,10892,1046,4,1159.16
27143,10893,301,2,1012.97
27144,10894,1684,3,2932.35
27145,10894,1852,2,568.41
27146,10894,1766,4,2112.18
27147,10895,1566,5,3082.29
27148,10896,817,2,3798.7
27149,10896,612,2,2724.2
27150,10896,1607,5,2615.57
27151,10896,1062,5,158.0
27152,10897,37,1,2709.89
27153,10897,508,4,4905.99
27154,10898,36,1,1798.08
27155,10899,852,2,51.74
27156,10899,995,5,2665.05
27157,10900,1923,1,3707.45
27158,10900,1006,3,2255.44
27159,10900,1747,4,3555.16
27160,10901,680,2,3366.64
27161,10902,1846,1,666.7
27162,10902,1198,5,3559.49
27163,10902,1245,2,85.12
27164,10902,294,4,3500.04
27165,10903,1231,5,679.89
27166,10903,693,4,2318.61
27167,10904,1670,3,3775.41
27168,10905,1180,4,3403.33
27169,10906,114,1,3138.55
27170,10906,807,3,4677.52
27171,10906,116,1,1137.99
27172,10906,280,2,1957.71
27173,10907,1213,1,1974.36
27174,10907,1271,3,1820.81
27175,10907,174,2,402.4
27176,10907,945,3,1651.4
27177,10908,1768,3,3632.43
27178,10908,133,5,3953.01
27179,10908,356,1,4465.31
27180,10909,1406,3,416.1
27181,10910,562,1,3206.23
27182,10910,1317,4,3638.16
27183,10910,1844,5,545.23
27184,10910,1384,2,4380.18
27185,10911,1610,4,386.02
27186,10911,917,4,3523.38
27187,10911,311,1,4257.7
27188,10911,1513,3,4133.12
27189,10912,1669,2,2817.99
27190,10912,1060,3,1164.24
27191,10912,1343,4,2668.19
27192,10912,231,4,4228.4
27193,10913,1916,5,69.6
27194,10914,738,3,4721.08
27195,10914,1634,4,4323.52
27196,10914,1734,3,2831.8
27197,10915,626,3,739.49
27198,10915,323,5,3121.78
27199,10915,1162,3,260.62
27200,10916,62,2,3329.9
27201,10916,11,4,3907.36
27202,10917,1804,1,2848.61
27203,10918,996,3,2795.3
27204,10918,195,4,1260.96
27205,10919,324,1,326.2
27206,10919,1339,2,1539.51
27207,10920,853,3,4151.58
27208,10920,850,3,30.87
27209,10921,1619,1,3598.76
27210,10921,1586,1,3954.89
27211,10922,618,5,3436.62
27212,10922,301,3,932.01
27213,10922,1810,5,1849.5
27214,10923,1051,3,1535.78
27215,10924,1236,5,4026.43
27216,10925,1223,3,2330.58
27217,10925,216,4,1658.13
27218,10926,770,4,1628.09
27219,10927,253,3,801.69
27220,10928,1733,4,3172.94
27221,10928,600,2,1557.53
27222,10928,1218,4,1559.38
27223,10929,788,2,3906.47
27224,10929,951,4,1690.56
27225,10929,268,5,4622.54
27226,10930,1220,4,558.75
27227,10930,282,5,503.7
27228,10930,1383,5,76.06
27229,10930,1789,5,2544.6
27230,10931,13,3,2227.03
27231,10931,741,2,2492.3
27232,10931,1874,1,2038.67
27233,10932,1039,4,1550.6
27234,10933,616,5,4320.21
27235,10933,1005,1,481.2
27236,10933,687,1,343.32
27237,10933,1129,5,4161.06
27238,10934,181,4,2127.49
27239,10934,1613,5,2651.93
27240,10934,1858,1,4696.05
27241,10934,135,4,4248.92
27242,10935,751,3,4210.09
27243,10935,1241,5,2878.24
27244,10936,1711,4,3091.29
27245,10936,16,3,938.32
27246,10936,1135,5,2723.74
27247,10937,1142,5,1770.45
27248,10937,1393,5,484.39
27249,10937,1658,4,1105.04
27250,10937,1346,2,1135.36
27251,10938,1154,5,872.87
27252,10938,212,2,803.2
27253,10939,1403,5,3226.0
27254,10939,724,4,3238.66
27255,10939,639,5,1959.67
27256,10939,1083,2,2480.07
27257,10940,705,4,4232.36
27258,10940,134,1,1940.05
27259,10940,1704,3,4825.0
27260,10941,1690,4,4293.4
27261,10941,974,2,1017.69
27262,10942,1577,2,661.29
27263,10942,1138,5,2305.56
27264,10942,158,2,3068.08
27265,10943,348,4,4740.53
27266,10943,869,4,1049.71
27267,10943,818,3,1691.29
27268,10944,1568,1,1945.21
27269,10944,752,4,1486.46
27270,10944,906,3,1703.31
27271,10945,1717,2,4935.75
27272,10946,1785,3,1442.72
27273,10946,1088,4,1321.01
27274,10947,1046,5,1046.91
27275,10947,207,3,4395.79
27276,10947,1393,4,484.39
27277,10948,1886,4,2439.86
27278,10949,1008,1,3281.27
27279,10949,1193,1,1945.68
27280,10950,817,5,3798.7
27281,10950,1863,5,4385.05
27282,10950,1077,4,1521.49
27283,10950,802,1,1237.78
27284,10951,105,4,1594.49
27285,10951,277,4,2853.84
27286,10952,1880,3,1959.52
27287,10953,433,4,4118.38
27288,10953,1558,4,2317.69
27289,10953,1641,3,1853.09
27290,10954,1729,1,1365.82
27291,10954,134,1,1724.1
27292,10955,1371,4,3406.74
27293,10955,465,4,3548.43
27294,10955,1342,4,2958.39
27295,10956,1399,4,2617.78
27296,10956,288,4,3697.01
27297,10956,845,5,4661.49
27298,10957,1831,1,1191.03
27299,10957,1260,4,3252.12
27300,10958,577,5,1148.53
27301,10959,1254,2,4319.49
27302,10959,1202,3,2499.3
27303,10960,1572,2,1768.61
27304,10960,996,1,2795.3
27305,10960,1839,3,3768.65
27306,10960,1890,4,1462.22
27307,10961,986,2,4768.2
27308,10961,557,2,2275.77
27309,10961,244,3,3632.34
27310,10962,1411,3,3246.16
27311,10962,129,2,4171.32
27312,10962,1015,5,2805.41
27313,10963,467,3,3451.65
27314,10963,1266,1,501.14
27315,10963,1046,4,1159.16
27316,10964,1758,4,1627.94
27317,10964,518,4,2494.14
27318,10964,802,5,1167.2
27319,10965,1489,4,1547.24
27320,10965,1660,2,167.07
27321,10966,546,2,1741.25
27322,10966,1308,3,3851.02
27323,10966,186,5,4656.26
27324,10966,88,1,903.79
27325,10967,1315,1,3132.03
27326,10968,176,3,4490.57
27327,10969,124,1,1903.14
27328,10969,925,4,3807.13
27329,10969,155,2,4802.34
27330,10970,602,2,4082.33
27331,10970,485,2,2848.42
27332,10971,7,3,4731.63
27333,10972,1924,4,2698.77
27334,10973,517,4,586.1
27335,10973,715,3,1345.17
27336,10973,496,5,2342.32
27337,10973,1357,3,46.32
27338,10974,801,5,1243.14
27339,10974,828,5,3623.4
27340,10974,1030,2,291.74
27341,10975,1242,4,1349.32
27342,10975,593,1,1356.01
27343,10976,343,1,1428.48
27344,10976,429,5,4839.22
27345,10976,544,4,4741.07
27346,10977,1912,2,3720.55
27347,10977,1506,5,681.79
27348,10978,1577,2,569.6
27349,10978,64,4,2594.71
27350,10978,405,1,2282.13
27351,10979,667,5,3708.69
27352,10979,682,5,4317.91
27353,10979,593,2,1356.01
27354,10979,1935,1,4879.73
27355,10980,554,4,4495.61
27356,10980,1586,5,3954.89
27357,10981,555,1,4404.23
27358,10981,1897,5,2534.34
27359,10981,1398,4,1360.3
27360,10981,1425,2,2500.22
27361,10982,1946,4,1059.73
27362,10982,1303,1,68.4
27363,10982,626,5,666.46
27364,10982,198,1,1266.5
27365,10983,1274,1,3944.58
27366,10984,1052,3,2566.48
27367,10984,882,5,2446.15
27368,10985,1085,3,3942.42
27369,10986,1198,4,4266.62
27370,10986,995,2,3117.51
27371,10986,1765,5,573.5
27372,10987,177,5,2469.38
27373,10987,1797,1,1642.41
27374,10987,311,1,4257.7
27375,10988,779,5,86.06
27376,10988,404,2,2015.72
27377,10988,463,4,2370.45
27378,10989,1124,1,4882.27
27379,10989,1562,3,4597.92
27380,10990,970,5,1564.11
27381,10990,999,5,2945.34
27382,10990,1774,5,706.96
27383,10991,67,3,4095.74
27384,10991,227,5,3165.38
27385,10991,853,3,4151.58
27386,10992,1241,3,2878.24
27387,10992,591,4,3510.59
27388,10992,1459,5,2168.65
27389,10992,966,5,332.91
27390,10993,1041,5,2917.36
27391,10993,115,5,4104.14
27392,10993,484,1,1762.51
27393,10993,1516,4,4754.42
27394,10994,527,4,1149.46
27395,10994,851,5,3486.75
27396,10994,172,3,4966.4
27397,10995,795,4,1635.55
27398,10995,290,5,2858.24
27399,10995,1869,4,349.95
27400,10996,1004,1,3529.52
27401,10996,658,2,1245.37
27402,10997,1956,5,658.67
27403,10997,1099,4,3583.64
27404,10997,1221,5,196.26
27405,10997,699,3,4132.46
27406,10998,166,3,2028.89
27407,10998,1062,5,158.0
27408,10998,233,4,314.31
27409,10999,1231,1,679.89
27410,10999,614,3,1652.79
27411,11000,1029,5,2006.09
27412,11001,1179,1,1931.5
27413,11001,413,4,4118.78
27414,11002,1337,2,1760.67
27415,11003,1291,5,1661.86
27416,11004,641,2,2560.87
27417,11005,146,5,2306.98
27418,11005,1547,4,2570.47
27419,11005,234,4,938.67
27420,11005,774,1,450.99
27421,11006,726,1,1412.38
27422,11007,1051,5,1535.78
27423,11007,664,2,1180.71
27424,11008,133,5,3953.01
27425,11008,332,1,4663.2
27426,11008,1006,4,1856.82
27427,11008,1931,3,2121.67
27428,11009,1680,4,1224.93
27429,11010,1190,5,2212.05
27430,11010,901,2,4000.16
27431,11011,158,1,2670.55
27432,11011,1418,1,203.29
27433,11011,1286,1,683.88
27434,11011,925,2,4150.42
27435,11012,1094,3,4482.97
27436,11012,121,4,926.94
27437,11012,1785,1,1369.53
27438,11013,1146,5,205.25
27439,11013,1354,1,1836.54
27440,11013,1073,4,1327.8
27441,11013,1923,4,3037.02
27442,11014,997,2,3718.89
27443,11015,1029,3,2201.13
27444,11016,568,5,4098.08
27445,11016,665,5,946.77
27446,11017,681,5,2163.86
27447,11017,822,1,2979.71
27448,11018,1578,2,2695.81
27449,11018,1077,2,1521.49
27450,11018,1444,3,4381.89
27451,11018,282,5,614.76
27452,11019,336,5,2584.15
27453,11019,1009,3,4331.92
27454,11019,1656,4,1699.76
27455,11020,855,3,2886.83
27456,11020,596,5,1231.48
27457,11020,1927,1,3376.17
27458,11021,613,3,1703.51
27459,11021,1004,4,4068.39
27460,11021,879,1,449.66
27461,11021,712,2,1459.97
27462,11022,1401,1,3777.73
27463,11023,944,2,314.92
27464,11023,868,5,991.31
27465,11023,551,2,318.01
27466,11024,957,3,4532.8
27467,11025,427,1,536.06
27468,11025,727,2,1141.07
27469,11025,1801,5,4297.61
27470,11026,461,3,3600.18
27471,11026,1949,2,628.06
27472,11026,1145,3,3129.6
27473,11027,946,2,2790.2
27474,11028,1186,3,4015.15
27475,11028,228,2,2830.69
27476,11028,609,3,1519.93
27477,11028,606,2,4515.64
27478,11029,752,4,1720.39
27479,11029,382,3,2952.32
27480,11030,1174,2,1402.77
27481,11030,76,1,688.1
27482,11031,990,5,3669.71
27483,11031,296,4,2266.44
27484,11031,958,5,786.16
27485,11032,1437,1,3751.2
27486,11032,1514,5,2850.95
27487,11032,1078,1,3125.24
27488,11032,46,5,1485.51
27489,11033,710,4,4079.08
27490,11034,1887,4,88.25
27491,11035,314,2,2083.42
27492,11036,567,4,4674.9
27493,11036,904,2,4894.55
27494,11037,766,1,3588.86
27495,11037,352,4,405.14
27496,11038,1834,3,3953.74
27497,11038,819,1,2142.95
27498,11039,1899,3,4748.11
27499,11039,1287,2,3701.75
27500,11039,1706,4,3241.47
27501,11040,1198,4,4266.62
27502,11040,163,2,3241.38
27503,11040,527,2,1149.46
27504,11040,1478,1,3702.99
27505,11041,1387,5,3367.36
27506,11041,452,2,3230.33
27507,11041,1309,2,4419.04
27508,11041,1925,1,4695.17
27509,11042,796,4,4016.74
27510,11042,866,3,1065.77
27511,11042,873,3,4733.69
27512,11042,597,2,513.89
27513,11043,746,4,4857.48
27514,11043,1678,1,2297.44
27515,11043,182,2,1313.45
27516,11043,1467,3,3014.82
27517,11044,1411,5,3246.16
27518,11044,487,5,3582.63
27519,11044,1664,4,4192.17
27520,11045,703,2,2588.21
27521,11045,1156,3,2717.56
27522,11045,1134,4,1389.1
27523,11045,108,4,2674.61
27524,11046,396,2,2432.47
27525,11046,436,5,3317.75
27526,11046,1491,1,2694.2
27527,11047,935,2,1296.66
27528,11047,1371,5,3563.73
27529,11047,1951,3,1435.17
27530,11048,687,4,343.32
27531,11049,1736,2,2884.4
27532,11049,1276,3,4252.81
27533,11050,1839,1,3768.65
27534,11050,1133,5,1840.95
27535,11050,83,4,1742.41
27536,11050,232,5,3846.85
27537,11051,883,5,777.84
27538,11051,1598,5,2779.45
27539,11052,1688,4,953.67
27540,11052,868,1,991.31
27541,11053,173,1,3873.68
27542,11053,109,3,4506.83
27543,11053,1744,3,1621.05
27544,11054,1783,1,2181.97
27545,11055,1462,3,3236.96
27546,11055,977,2,638.45
27547,11055,751,1,4210.09
27548,11056,1521,1,3623.28
27549,11057,104,1,1417.38
27550,11057,1793,4,2856.61
27551,11058,1871,4,2643.42
27552,11059,1351,1,2200.23
27553,11059,1911,2,1523.55
27554,11059,650,2,2104.28
27555,11059,970,5,1564.11
27556,11060,1999,2,2205.49
27557,11061,459,2,2672.36
27558,11062,773,3,1551.94
27559,11062,1592,2,1277.58
27560,11063,1605,5,4362.29
27561,11063,662,5,1537.86
27562,11063,737,1,2378.96
27563,11063,1142,3,1770.45
27564,11064,601,4,4765.61
27565,11064,450,2,420.78
27566,11064,1707,5,341.01
27567,11064,570,3,2071.01
27568,11065,262,1,281.12
27569,11065,546,2,1741.25
27570,11065,1483,4,3237.23
27571,11066,225,1,1331.62
27572,11067,1641,2,1853.09
27573,11067,465,2,3018.41
27574,11067,941,1,3595.58
27575,11067,243,5,2564.96
27576,11068,1285,5,1726.78
27577,11068,362,2,2646.06
27578,11069,1050,2,105.34
27579,11069,44,4,3493.38
27580,11069,1,3,19.64
27581,11069,297,5,1853.29
27582,11070,305,2,1143.82
27583,11070,1563,2,3043.83
27584,11071,1371,3,4005.07
27585,11071,125,5,1485.79
27586,11071,1229,5,3504.29
27587,11071,361,5,102.54
27588,11072,1140,5,143.75
27589,11072,495,5,1891.65
27590,11073,1065,4,1495.6
27591,11073,243,3,2266.78
27592,11073,698,3,4188.03
27593,11073,1192,3,4478.16
27594,11074,1555,2,3690.58
27595,11074,213,3,161.25
27596,11074,583,3,2344.29
27597,11074,530,5,1905.89
27598,11075,1078,5,3125.24
27599,11075,1657,5,3149.48
27600,11075,100,4,4670.26
27601,11075,1288,1,3299.26
27602,11076,708,4,4775.63
27603,11076,1836,2,675.74
27604,11076,50,3,2406.36
27605,11076,624,2,563.65
27606,11077,1279,1,2423.46
27607,11077,475,5,2104.97
27608,11077,203,4,3599.53
27609,11078,1924,3,2698.77
27610,11078,763,5,3191.38
27611,11079,1812,4,3787.64
27612,11079,1958,1,4221.55
27613,11079,984,1,3382.2
27614,11079,188,5,1686.73
27615,11080,390,3,697.23
27616,11080,457,2,580.66
27617,11081,1807,3,1458.05
27618,11081,69,2,814.84
27619,11081,103,3,4739.24
27620,11081,646,4,807.46
27621,11082,1244,4,2169.15
27622,11082,630,1,2446.22
27623,11082,1629,5,844.45
27624,11083,1039,2,1550.6
27625,11083,1735,1,4147.46
27626,11083,924,1,407.23
27627,11084,1327,1,975.37
27628,11085,919,3,4303.03
27629,11085,676,2,1181.47
27630,11085,1414,4,604.17
27631,11086,789,4,1432.18
27632,11086,364,4,3903.84
27633,11087,1435,3,3765.92
27634,11088,940,1,430.57
27635,11088,1044,2,2721.04
27636,11089,1062,5,136.06
27637,11089,1977,4,3501.61
27638,11090,131,5,3366.57
27639,11090,1625,5,2389.16
27640,11090,860,5,343.93
27641,11091,395,2,2293.09
27642,11091,313,4,474.04
27643,11092,1485,5,661.57
27644,11092,1865,3,1486.0
27645,11092,616,2,3502.23
27646,11092,66,1,372.69
27647,11093,1319,2,498.27
27648,11093,47,4,3859.05
27649,11094,1243,5,3945.21
27650,11094,208,3,1246.29
27651,11094,675,4,822.26
27652,11095,1940,5,4375.64
27653,11095,402,5,4592.32
27654,11095,1121,4,421.04
27655,11096,1314,5,2783.43
27656,11096,1235,4,1041.67
27657,11097,43,4,1092.04
27658,11098,852,4,51.74
27659,11099,674,3,3045.84
27660,11099,698,5,4188.03
27661,11099,224,5,869.06
27662,11100,904,3,4894.55
27663,11100,457,3,580.66
27664,11101,1151,4,3712.56
27665,11101,677,4,45.02
27666,11101,904,2,4894.55
27667,11101,249,5,3405.19
27668,11102,1403,4,3226.0
27669,11102,1792,2,4989.28
27670,11103,841,5,2484.52
27671,11104,1653,3,2729.95
27672,11104,1672,4,459.75
27673,11104,164,3,3555.06
27674,11104,6,1,491.69
27675,11105,1854,3,4400.58
27676,11105,981,3,316.85
27677,11105,1038,3,3779.92
27678,11106,870,3,2586.71
27679,11106,890,3,1942.86
27680,11107,1779,4,4333.82
27681,11107,978,4,1208.96
27682,11108,1092,5,157.89
27683,11108,1282,1,4678.25
27684,11108,1841,1,3295.24
27685,11108,1339,4,1539.51
27686,11109,1728,4,2479.88
27687,11110,661,4,1784.45
27688,11111,779,1,86.06
27689,11112,721,3,93.68
27690,11113,1918,4,4282.99
27691,11113,547,5,2542.66
27692,11113,799,3,4047.46
27693,11113,1087,1,4472.76
27694,11114,1807,3,1458.05
27695,11115,84,5,182.72
27696,11115,1694,4,3306.81
27697,11115,21,4,3692.52
27698,11115,835,2,692.27
27699,11116,469,3,3409.35
27700,11116,1068,1,1499.27
27701,11116,967,3,3884.42
27702,11117,141,4,1474.45
27703,11117,65,2,2718.42
27704,11117,1263,3,2295.53
27705,11118,1032,5,1520.54
27706,11118,303,1,2841.24
27707,11119,441,3,4307.7
27708,11119,235,5,217.55
27709,11119,603,4,1040.81
27710,11119,1921,4,78.32
27711,11120,890,4,1942.86
27712,11120,1964,2,3473.21
27713,11120,530,2,1905.89
27714,11120,1482,4,1374.53
27715,11121,1720,3,1136.56
27716,11121,1714,5,972.34
27717,11122,1148,3,180.53
27718,11123,965,4,1691.03
27719,11123,767,3,2284.41
27720,11123,48,1,2706.15
27721,11124,5,5,4405.06
27722,11124,684,5,3130.93
27723,11124,801,2,1124.94
27724,11124,1761,4,4165.49
27725,11125,1304,4,2267.28
27726,11125,1424,2,2893.02
27727,11125,1869,5,349.95
27728,11126,1919,3,2728.56
27729,11126,693,1,2758.72
27730,11127,1107,4,1686.83
27731,11127,1527,1,1719.79
27732,11127,660,1,2431.78
27733,11127,1994,3,3216.2
27734,11128,1039,3,1334.33
27735,11128,1103,2,2807.19
27736,11128,1733,4,3013.87
27737,11129,532,5,3341.59
27738,11129,1729,5,1113.71
27739,11130,541,3,1696.04
27740,11131,1467,5,3014.82
27741,11131,913,4,17.43
27742,11131,984,3,2813.14
27743,11132,70,5,1704.87
27744,11133,362,1,2180.15
27745,11133,1527,3,1719.79
27746,11133,568,2,4098.08
27747,11134,1876,4,915.48
27748,11134,1882,5,1460.59
27749,11135,705,1,4232.36
27750,11136,877,5,4109.42
27751,11136,635,3,4443.09
27752,11136,780,2,4728.18
27753,11137,912,4,2750.61
27754,11137,707,3,1194.29
27755,11138,409,4,284.25
27756,11138,760,1,1548.92
27757,11139,254,4,3914.95
27758,11139,1587,2,2054.2
27759,11139,460,3,4025.48
27760,11139,1340,2,1567.91
27761,11140,1783,4,2181.97
27762,11140,1573,2,2737.95
27763,11140,1105,1,1308.96
27764,11140,70,1,1704.87
27765,11141,1228,1,1898.35
27766,11141,918,2,709.61
27767,11142,867,1,390.65
27768,11142,883,5,777.84
27769,11142,1306,5,3280.58
27770,11142,1416,2,3592.41
27771,11143,1860,5,3653.4
27772,11144,1593,4,4053.1
27773,11144,1278,2,4786.26
27774,11144,155,5,4802.34
27775,11144,1397,1,1561.32
27776,11145,1273,5,2490.93
27777,11145,1109,5,482.64
27778,11145,1132,1,4201.4
27779,11146,161,4,55.99
27780,11147,1111,1,2220.08
27781,11147,1891,5,3352.26
27782,11147,1805,3,2631.43
27783,11147,1239,2,3172.16
27784,11148,1925,4,4695.17
27785,11148,1610,5,386.02
27786,11148,1014,3,2413.88
27787,11149,722,2,3066.52
27788,11150,1250,4,740.64
27789,11150,1974,4,503.16
27790,11150,1384,1,3790.23
27791,11151,735,5,1776.43
27792,11151,842,4,68.18
27793,11151,1365,5,782.66
27794,11152,424,2,850.16
27795,11152,820,4,1886.24
27796,11152,494,1,2644.3
27797,11152,744,1,2156.28
27798,11153,1765,2,522.18
27799,11154,1481,3,1114.13
27800,11154,775,1,1655.91
27801,11154,280,1,1700.65
27802,11155,1119,3,3341.09
27803,11155,1543,2,1601.34
27804,11155,1213,3,2208.1
27805,11156,1991,3,3214.44
27806,11156,828,5,4204.94
27807,11156,1142,2,1770.45
27808,11156,1741,1,1288.8
27809,11157,1539,1,87.6
27810,11157,1016,2,3939.73
27811,11157,295,3,2001.37
27812,11158,1680,4,1224.93
27813,11158,174,5,402.4
27814,11158,1607,5,2615.57
27815,11158,927,5,3095.88
27816,11159,470,4,2867.01
27817,11159,700,1,728.03
27818,11160,1817,1,3240.09
27819,11160,1383,3,76.06
27820,11160,399,3,935.5
27821,11160,1082,4,2810.46
27822,11161,856,2,4713.32
27823,11162,12,2,1305.93
27824,11162,1444,3,4381.89
27825,11163,1325,2,150.07
27826,11163,383,5,1839.51
27827,11163,59,2,3151.73
27828,11164,1410,4,3888.52
27829,11164,1809,3,1631.51
27830,11164,1368,4,2608.09
27831,11164,329,3,4348.31
27832,11165,260,3,51.11
27833,11165,284,1,434.25
27834,11165,293,5,3047.2
27835,11166,470,5,2433.87
27836,11166,1478,2,3702.99
27837,11167,1614,2,4628.97
27838,11167,437,2,4389.45
27839,11167,1263,5,2151.18
27840,11167,1242,1,1320.33
27841,11168,588,2,1793.76
27842,11168,692,5,4629.69
27843,11168,1462,3,3236.96
27844,11169,1330,4,4560.63
27845,11169,637,4,2924.96
27846,11169,500,3,1122.63
27847,11170,462,2,2829.04
27848,11170,1908,2,2628.01
27849,11170,1706,1,3582.05
27850,11170,76,1,688.1
27851,11171,288,5,4203.67
27852,11171,1242,2,1507.11
27853,11172,1486,5,2349.15
27854,11172,735,5,1776.43
27855,11173,1881,5,3178.03
27856,11173,832,1,1791.53
27857,11174,1116,3,4568.6
27858,11174,357,2,1811.46
27859,11174,1443,1,1395.23
27860,11175,834,3,4957.63
27861,11175,1302,1,293.22
27862,11175,795,2,2034.25
27863,11176,1193,5,2049.44
27864,11176,418,5,4483.51
27865,11177,298,3,3203.67
27866,11177,1246,1,456.86
27867,11177,1102,4,4297.06
27868,11178,1688,5,953.67
27869,11179,1393,3,417.08
27870,11179,685,2,434.0
27871,11179,760,4,1548.92
27872,11180,948,2,3588.3
27873,11180,1718,1,4491.54
27874,11181,696,4,3200.45
27875,11181,614,2,1403.71
27876,11181,263,3,4797.79
27877,11181,587,5,3620.3
27878,11182,940,3,430.57
27879,11182,1801,1,4297.61
27880,11182,58,1,4880.59
27881,11182,587,5,3620.3
27882,11183,1408,5,1314.08
27883,11183,15,2,1685.93
27884,11184,306,1,2895.92
27885,11185,1871,4,2643.42
27886,11186,15,2,1839.9
27887,11186,781,5,2300.06
27888,11187,561,4,2023.99
27889,11188,383,4,1839.51
27890,11189,855,4,3214.76
27891,11189,1162,4,260.62
27892,11189,562,3,3206.23
27893,11190,1167,2,2893.83
27894,11190,208,4,1246.29
27895,11191,1733,2,2778.96
27896,11191,55,4,477.57
27897,11192,762,5,2037.05
27898,11193,1948,3,406.31
27899,11193,1879,4,852.72
27900,11193,1398,1,1131.98
27901,11193,1726,3,599.37
27902,11194,1046,2,1159.16
27903,11194,364,2,4850.74
27904,11194,1919,5,2728.56
27905,11194,987,3,4441.98
27906,11195,1609,1,3710.26
27907,11195,1762,4,950.9
27908,11195,1741,3,1288.8
27909,11196,496,4,2342.32
27910,11196,394,5,2677.79
27911,11196,1882,1,1460.59
27912,11197,368,2,3600.59
27913,11197,832,4,1791.53
27914,11197,1271,4,1820.81
27915,11198,1615,2,2525.81
27916,11198,649,1,127.94
27917,11199,343,2,1428.48
27918,11200,1973,4,3810.4
27919,11200,1159,3,3012.68
27920,11201,1281,4,4697.79
27921,11201,396,4,2432.47
27922,11202,528,2,2730.54
27923,11202,1307,2,2522.81
27924,11202,292,2,941.43
27925,11203,730,5,1621.65
27926,11203,1413,5,4473.5
27927,11203,627,5,3263.19
27928,11203,1254,5,4319.49
27929,11204,1100,4,3708.22
27930,11204,1625,5,2389.16
27931,11205,643,2,3185.4
27932,11205,1805,2,2631.43
27933,11205,69,5,728.02
27934,11205,90,2,4686.08
27935,11206,325,1,778.82
27936,11207,126,4,2072.3
27937,11208,1180,1,3403.33
27938,11208,803,4,4544.47
27939,11208,1020,3,3188.65
27940,11209,492,3,977.04
27941,11209,907,2,572.97
27942,11209,912,2,3354.45
27943,11210,1692,2,1836.1
27944,11210,841,2,2188.25
27945,11211,168,3,3008.4
27946,11211,1431,3,2705.27
27947,11211,1529,4,1412.25
27948,11211,1230,1,2848.87
27949,11212,440,2,4235.09
27950,11212,932,2,2826.61
27951,11212,613,2,1703.51
27952,11212,29,1,4104.81
27953,11213,1143,3,4442.33
27954,11213,307,5,274.91
27955,11214,1088,2,1321.01
27956,11215,349,5,3568.37
27957,11216,59,1,3151.73
27958,11216,1860,4,3653.4
27959,11217,1531,3,4576.26
27960,11217,897,3,2178.09
27961,11218,921,1,675.91
27962,11218,917,3,3523.38
27963,11218,1808,4,3905.23
27964,11218,1301,2,2911.31
27965,11219,1271,4,1820.81
27966,11219,1266,1,411.5
27967,11220,798,1,3804.41
27968,11221,444,2,3594.83
27969,11221,1658,1,1105.04
27970,11221,797,5,4573.17
27971,11222,871,3,4608.67
27972,11222,957,3,4532.8
27973,11222,426,3,1966.25
27974,11222,1405,2,894.37
27975,11223,890,5,1942.86
27976,11223,1414,5,604.17
27977,11224,1284,3,1729.22
27978,11224,1527,4,1719.79
27979,11224,1770,1,3631.56
27980,11225,1176,4,1434.69
27981,11226,785,4,3741.23
27982,11227,1593,5,4053.1
27983,11227,481,4,918.27
27984,11228,225,3,1331.62
27985,11228,992,1,3206.36
27986,11229,1488,4,1662.93
27987,11229,1389,5,1904.68
27988,11229,1198,2,4266.62
27989,11229,1999,5,2054.65
27990,11230,796,1,3236.34
27991,11230,1462,1,3236.96
27992,11230,801,5,1108.52
27993,11230,898,5,4021.03
27994,11231,1797,2,1355.57
27995,11231,688,3,999.99
27996,11231,767,3,2284.41
27997,11232,21,4,3692.52
27998,11233,1623,3,4345.73
27999,11233,311,3,4257.7
28000,11234,1306,4,3280.58
28001,11235,1591,4,2817.51
28002,11236,964,2,2605.27
28003,11236,621,4,784.63
28004,11237,692,4,4629.69
28005,11238,213,3,161.25
28006,11238,1989,4,2713.54
28007,11238,324,4,377.72
28008,11238,572,4,3464.96
28009,11239,1810,4,1849.5
28010,11239,1214,4,410.19
28011,11239,822,5,2979.71
28012,11240,1354,2,1878.9
28013,11240,1928,5,552.55
28014,11240,288,3,4203.67
28015,11241,1170,1,1315.23
28016,11241,956,5,2814.27
28017,11242,1472,2,396.71
28018,11242,1216,1,3884.97
28019,11243,461,3,3114.67
28020,11243,1910,2,4302.81
28021,11243,787,4,3153.03
28022,11244,891,1,2534.47
28023,11244,169,4,1877.04
28024,11244,1839,5,3213.26
28025,11245,322,1,1128.18
28026,11245,1633,4,4642.34
28027,11245,937,5,1937.21
28028,11246,661,1,1784.45
28029,11246,302,4,40.83
28030,11246,578,1,2970.5
28031,11246,1478,1,3702.99
28032,11247,969,3,1814.87
28033,11248,1642,4,2231.42
28034,11249,40,5,4750.28
28035,11249,1295,2,4824.7
28036,11250,1567,3,2535.92
28037,11251,1711,4,3091.29
28038,11252,360,4,3919.53
28039,11252,882,1,2446.15
28040,11252,1079,2,870.46
28041,11253,1147,3,2516.73
28042,11254,70,2,1704.87
28043,11254,1685,2,4800.62
28044,11255,1925,3,4695.17
28045,11255,1895,3,3492.94
28046,11255,185,1,1050.24
28047,11255,1736,3,3155.26
28048,11256,1004,2,4068.39
28049,11256,891,5,2534.47
28050,11257,1342,4,2427.38
28051,11257,5,3,4405.06
28052,11257,385,5,4309.91
28053,11257,1022,4,1040.02
28054,11258,1031,2,2261.27
28055,11258,1337,1,1474.19
28056,11259,1208,4,2828.12
28057,11259,183,5,2951.85
28058,11259,1496,2,2564.23
28059,11260,1831,3,1191.03
28060,11260,1569,2,817.51
28061,11260,1559,3,1497.62
28062,11260,1004,3,4068.39
28063,11261,285,2,1650.71
28064,11261,1011,2,602.7
28065,11262,267,2,1603.68
28066,11262,1360,5,2996.1
28067,11262,847,4,2171.89
28068,11263,451,4,3672.78
28069,11263,808,1,2854.34
28070,11263,1938,5,2323.21
28071,11264,1845,3,1385.2
28072,11264,1254,2,4319.49
28073,11264,373,2,4531.36
28074,11265,370,3,4704.13
28075,11265,1871,5,2503.86
28076,11265,526,4,1429.93
28077,11265,26,1,511.61
28078,11266,1808,1,3905.23
28079,11266,267,3,1827.23
28080,11266,1074,1,1090.35
28081,11267,1302,4,293.22
28082,11267,1040,1,852.31
28083,11267,1848,1,727.07
28084,11267,676,1,1121.84
28085,11268,1067,5,3013.63
28086,11268,366,2,2106.79
28087,11269,1667,2,2977.83
28088,11269,454,4,3532.11
28089,11270,465,4,3548.43
28090,11270,18,2,3838.21
28091,11270,366,3,2367.54
28092,11270,1379,3,1823.96
28093,11271,1828,4,3265.59
28094,11271,1257,2,3065.38
28095,11272,415,1,273.97
28096,11273,1790,2,4394.84
28097,11273,1614,3,4628.97
28098,11274,498,1,539.19
28099,11274,858,5,4288.06
28100,11274,753,1,2744.4
28101,11274,663,5,1192.72
28102,11275,538,4,1755.54
28103,11276,663,1,1192.72
28104,11276,190,4,845.16
28105,11276,65,1,2718.42
28106,11277,258,3,4301.51
28107,11277,685,5,434.0
28108,11277,954,3,3723.33
28109,11278,1004,4,4068.39
28110,11278,714,3,4198.07
28111,11279,720,3,2189.31
28112,11279,737,1,2378.96
28113,11280,771,2,244.72
28114,11280,1320,5,1133.36
28115,11281,457,1,580.66
28116,11281,530,2,1905.89
28117,11281,1422,3,1341.32
28118,11282,383,1,1839.51
28119,11282,147,1,2788.08
28120,11282,1595,3,1679.68
28121,11283,1361,2,4344.01
28122,11284,1868,2,2512.3
28123,11284,1293,5,1304.75
28124,11285,82,3,4492.0
28125,11285,1205,2,4795.08
28126,11285,641,2,2560.87
28127,11286,1497,3,271.31
28128,11286,1808,5,3322.04
28129,11287,1747,3,4211.6
28130,11287,500,3,1122.63
28131,11287,235,1,217.55
28132,11288,1111,3,2231.57
28133,11288,900,4,3184.82
28134,11288,1537,5,3056.28
28135,11288,46,2,1235.85
28136,11289,203,5,3599.53
28137,11289,1147,2,3066.56
28138,11289,895,4,4280.38
28139,11289,266,2,965.9
28140,11290,1806,2,4932.05
28141,11290,1030,1,291.74
28142,11290,328,5,4328.97
28143,11291,690,1,3071.04
28144,11291,1751,2,371.51
28145,11291,896,3,123.66
28146,11292,1286,4,791.64
28147,11292,1359,5,3802.52
28148,11292,339,3,2744.38
28149,11293,1586,3,3954.89
28150,11293,187,5,4346.55
28151,11294,466,3,2193.4
28152,11294,432,2,3787.4
28153,11295,730,2,1887.22
28154,11296,1698,3,2763.38
28155,11297,1009,1,4331.92
28156,11297,808,2,2854.34
28157,11298,1368,4,2948.1
28158,11298,712,3,1459.97
28159,11298,492,4,977.04
28160,11298,596,5,1231.48
28161,11299,1174,4,1267.31
28162,11299,377,4,2444.22
28163,11300,1184,1,2884.13
28164,11300,1738,2,1876.76
28165,11300,706,5,3972.13
28166,11300,120,4,474.18
28167,11301,1982,4,3589.97
28168,11301,1124,3,4218.56
28169,11301,875,5,488.13
28170,11301,1338,5,2432.88
28171,11302,1954,5,4409.84
28172,11302,445,4,3877.57
28173,11302,1266,2,501.14
28174,11302,1399,5,2617.78
28175,11303,251,2,2748.09
28176,11303,966,4,406.68
28177,11303,196,1,1975.92
28178,11303,912,4,3354.45
28179,11304,1715,3,3099.54
28180,11304,1949,2,628.06
28181,11304,731,2,1685.44
28182,11304,1615,1,2853.97
28183,11305,1163,3,1790.9
28184,11306,682,3,4710.39
28185,11306,283,1,3371.58
28186,11306,512,2,1925.64
28187,11306,1834,5,3953.74
28188,11307,1203,5,4402.27
28189,11307,1832,5,1596.17
28190,11307,537,4,4085.95
28191,11308,652,3,1904.28
28192,11308,1763,3,1928.96
28193,11308,1643,4,2610.69
28194,11309,195,1,1260.96
28195,11309,1614,4,4628.97
28196,11309,950,2,3575.16
28197,11309,29,3,4104.81
28198,11310,679,1,2172.15
28199,11310,1485,5,734.85
28200,11310,1773,3,1796.37
28201,11311,1303,1,68.4
28202,11311,487,1,4330.41
28203,11311,1773,4,2075.06
28204,11312,574,4,1076.88
28205,11312,672,3,2422.67
28206,11313,1211,3,1630.48
28207,11313,53,2,4782.7
28208,11313,137,1,2258.91
28209,11313,611,1,3903.33
28210,11314,1553,1,3046.46
28211,11315,467,4,3451.65
28212,11316,1346,3,1018.08
28213,11316,445,2,4082.97
28214,11316,491,3,4756.43
28215,11317,405,3,2282.13
28216,11318,1975,2,3658.73
28217,11318,1924,4,2698.77
28218,11318,299,3,2422.18
28219,11318,1105,3,1308.96
28220,11319,1866,5,2613.23
28221,11319,622,2,1553.69
28222,11319,277,5,2853.84
28223,11319,145,5,4174.9
28224,11320,782,3,147.88
28225,11320,89,2,65.93
28226,11320,603,2,1040.81
28227,11321,157,4,4489.54
28228,11322,786,4,287.29
28229,11323,887,1,4225.09
28230,11324,44,1,3787.46
28231,11324,770,2,1755.13
28232,11324,1152,4,2407.53
28233,11324,1869,1,349.95
28234,11325,996,3,2795.3
28235,11326,644,4,1106.57
28236,11326,191,4,3798.27
28237,11326,1219,5,2455.23
28238,11327,839,4,158.88
28239,11327,1683,2,4193.9
28240,11328,1560,3,1396.92
28241,11328,1860,4,3653.4
28242,11329,1701,1,3196.88
28243,11330,1784,4,1361.63
28244,11331,608,1,2247.3
28245,11331,1436,1,3480.61
28246,11332,765,1,1424.04
28247,11332,866,4,1065.77
28248,11332,800,2,1809.64
28249,11333,1671,4,2329.15
28250,11333,1710,4,1551.52
28251,11334,782,1,147.88
28252,11334,1871,2,2643.42
28253,11334,1947,5,1787.64
28254,11334,49,2,3024.27
28255,11335,60,2,521.12
28256,11336,504,4,782.8
28257,11337,1312,1,3510.23
28258,11337,1174,3,1402.77
28259,11337,1100,4,3708.22
28260,11338,184,2,1264.53
28261,11338,655,2,120.85
28262,11338,1147,1,3066.56
28263,11338,1305,5,1337.98
28264,11339,334,5,3021.88
28265,11340,1794,4,4943.5
28266,11340,470,5,2867.01
28267,11340,148,4,3104.71
28268,11340,18,4,4162.01
28269,11341,232,5,3846.85
28270,11341,570,5,2071.01
28271,11341,973,2,1490.81
28272,11342,1328,4,1526.98
28273,11342,1681,1,1214.16
28274,11342,164,2,3555.06
28275,11342,1592,5,1277.58
28276,11343,513,1,4755.26
28277,11343,653,1,601.62
28278,11344,756,3,3724.92
28279,11344,1670,4,3513.53
28280,11345,777,5,2077.46
28281,11345,324,5,377.72
28282,11345,152,1,2688.72
28283,11346,1608,2,2480.7
28284,11346,437,2,4389.45
28285,11347,497,2,572.94
28286,11348,1611,5,3365.34
28287,11349,633,2,1499.21
28288,11349,1074,1,1090.35
28289,11349,1049,1,4572.88
28290,11350,169,4,1877.04
28291,11350,1800,4,1027.07
28292,11351,763,2,3663.37
28293,11351,668,1,371.43
28294,11351,1133,4,2239.95
28295,11352,1504,3,4467.93
28296,11352,1194,5,472.3
28297,11352,1538,3,4609.56
28298,11353,1460,3,3394.34
28299,11354,203,5,3599.53
28300,11354,1085,2,3603.21
28301,11355,814,5,3110.03
28302,11355,1205,1,3965.78
28303,11355,973,2,1490.81
28304,11355,25,5,3831.09
28305,11356,1360,2,2764.34
28306,11356,1516,4,4754.42
28307,11356,878,2,4836.66
28308,11356,1545,2,2450.36
28309,11357,479,3,1787.96
28310,11357,46,1,1485.51
28311,11358,1193,1,2049.44
28312,11358,1931,3,2121.67
28313,11359,1218,3,1559.38
28314,11359,725,5,1883.71
28315,11359,851,3,3120.63
28316,11359,736,4,3374.71
28317,11360,1226,4,3502.2
28318,11360,1256,4,3632.6
28319,11360,1533,1,2308.28
28320,11361,1599,1,845.13
28321,11361,1352,3,409.65
28322,11362,840,4,1257.06
28323,11362,1435,5,3765.92
28324,11362,1760,4,4916.81
28325,11362,979,1,2037.26
28326,11363,314,5,2118.04
28327,11363,796,5,4016.74
28328,11363,600,4,1557.53
28329,11363,1993,3,4752.51
28330,11364,1175,1,2120.63
28331,11365,1601,4,1249.57
28332,11366,510,5,2677.13
28333,11366,592,5,3577.8
28334,11366,1312,2,3510.23
28335,11367,1632,4,1855.05
28336,11367,1607,2,2615.57
28337,11368,1104,5,2160.59
28338,11368,1985,5,3708.81
28339,11369,497,2,572.94
28340,11370,1774,1,827.58
28341,11370,808,1,2854.34
28342,11370,697,4,1310.25
28343,11370,1855,4,3510.07
28344,11371,1786,4,1807.07
28345,11371,1819,1,107.99
28346,11371,1164,4,2226.51
28347,11371,608,1,2247.3
28348,11372,1585,4,4809.42
28349,11372,805,2,287.96
28350,11373,1934,1,685.85
28351,11373,1835,5,358.62
28352,11373,1861,5,501.6
28353,11373,243,2,2564.96
28354,11374,13,1,2227.03
28355,11374,884,1,2740.58
28356,11375,1240,1,4001.24
28357,11376,1402,5,1111.29
28358,11376,1341,3,2068.83
28359,11376,1965,4,4683.28
28360,11376,258,1,4301.51
28361,11377,1638,1,1905.98
28362,11377,1492,3,1582.22
28363,11377,28,5,4654.11
28364,11377,431,2,3294.77
28365,11378,873,3,4326.53
28366,11378,14,2,2641.22
28367,11379,1898,3,1001.41
28368,11379,1128,1,912.22
28369,11379,1729,2,1365.82
28370,11380,1648,4,4000.16
28371,11380,1369,3,1107.42
28372,11381,1883,3,692.17
28373,11381,1001,1,2482.85
28374,11381,727,3,1141.07
28375,11382,1838,4,504.85
28376,11382,1121,3,421.04
28377,11383,1583,4,3561.74
28378,11383,1952,5,2281.48
28379,11384,1770,2,3631.56
28380,11384,1095,3,2920.08
28381,11384,1892,4,3756.21
28382,11385,177,4,2218.19
28383,11385,800,2,1515.84
28384,11385,1934,4,685.85
28385,11385,1492,5,1582.22
28386,11386,830,4,1158.94
28387,11387,191,4,4047.09
28388,11387,1253,3,4822.44
28389,11387,1741,2,1288.8
28390,11387,1561,1,4175.17
28391,11388,1820,2,1295.41
28392,11388,1789,4,2544.6
28393,11388,1486,3,2349.15
28394,11388,1516,3,4754.42
28395,11389,1129,5,3824.65
28396,11389,902,4,2296.46
28397,11389,332,1,4663.2
28398,11390,1801,1,4297.61
28399,11391,252,4,1843.4
28400,11391,1335,4,1474.54
28401,11392,1039,1,1550.6
28402,11392,1412,1,2409.48
28403,11393,759,1,4030.25
28404,11394,75,4,50.34
28405,11394,173,5,3319.55
28406,11394,39,4,4972.54
28407,11394,1166,1,4725.81
28408,11395,797,2,3791.81
28409,11395,1901,4,140.46
28410,11395,1152,3,2407.53
28411,11395,23,2,4610.39
28412,11396,445,3,4082.97
28413,11396,1660,5,167.07
28414,11396,1979,4,1181.46
28415,11397,1582,5,1472.47
28416,11398,709,4,1968.3
28417,11398,1120,5,3248.65
28418,11398,368,5,2884.93
28419,11398,43,5,1212.23
28420,11399,80,5,3663.41
28421,11399,424,5,850.16
28422,11400,679,3,2172.15
28423,11400,221,2,986.84
28424,11401,1773,4,1676.94
28425,11401,36,5,1798.08
28426,11402,1325,3,150.07
28427,11402,1010,2,4593.25
28428,11402,129,3,4668.8
28429,11403,1862,2,3083.03
28430,11403,1553,1,3046.46
28431,11403,470,4,2867.01
28432,11404,1572,2,1768.61
28433,11404,1475,5,4831.22
28434,11404,322,5,904.83
28435,11404,825,5,4366.02
28436,11405,1383,4,76.06
28437,11405,949,2,3259.59
28438,11405,278,4,2545.14
28439,11405,1497,1,271.31
28440,11406,925,2,4150.42
28441,11406,412,2,3557.28
28442,11407,1208,3,2828.12
28443,11407,1587,4,2075.86
28444,11407,1205,2,4795.08
28445,11408,1879,5,938.89
28446,11409,1796,1,4111.65
28447,11409,74,2,3695.82
28448,11409,1787,5,3811.84
28449,11409,785,5,3741.23
28450,11410,480,5,2773.31
28451,11411,1277,4,2893.81
28452,11411,863,2,2025.64
28453,11411,1811,1,332.33
28454,11411,611,2,3903.33
28455,11412,924,3,407.23
28456,11412,380,1,3941.12
28457,11412,1283,1,1258.75
28458,11413,934,4,2999.48
28459,11413,1235,2,1041.67
28460,11414,1315,4,3276.73
28461,11415,1891,3,3352.26
28462,11416,459,5,2672.36
28463,11416,1878,1,3292.7
28464,11417,1454,4,869.09
28465,11417,1693,5,1426.02
28466,11417,1472,1,347.74
28467,11418,829,5,2028.46
28468,11418,838,3,1398.11
28469,11418,1851,1,1060.75
28470,11419,647,3,1274.12
28471,11419,823,1,4892.28
28472,11419,772,1,3875.53
28473,11420,59,4,2585.64
28474,11420,302,4,34.04
28475,11420,57,2,4222.89
28476,11421,859,3,4439.46
28477,11421,1271,1,1820.81
28478,11421,751,3,4210.09
28479,11422,300,1,2393.53
28480,11422,769,4,4199.98
28481,11422,49,3,3024.27
28482,11422,64,3,2594.71
28483,11423,1143,3,3803.33
28484,11423,349,3,3568.37
28485,11424,808,1,2854.34
28486,11424,1737,2,3354.21
28487,11425,1906,4,2799.16
28488,11426,865,4,2011.58
28489,11426,458,1,2007.63
28490,11426,919,3,3827.22
28491,11426,530,2,1905.89
28492,11427,758,4,3980.65
28493,11427,1780,4,1696.82
28494,11427,1601,5,1053.08
28495,11427,302,1,40.83
28496,11428,1923,1,3088.79
28497,11428,1267,3,4516.38
28498,11428,105,4,1377.14
28499,11428,452,1,3867.18
28500,11429,747,3,638.84
28501,11430,440,4,3480.71
28502,11431,1901,5,151.68
28503,11431,1742,4,1781.15
28504,11431,1488,1,1662.93
28505,11431,343,5,1346.86
28506,11432,1756,3,2179.25
28507,11432,544,4,4741.07
28508,11432,781,3,2720.54
28509,11432,553,4,1470.1
28510,11433,1334,2,3114.64
28511,11433,160,1,4272.53
28512,11433,1428,5,1023.73
28513,11433,414,2,85.75
28514,11434,1551,5,2299.4
28515,11434,481,2,976.31
28516,11434,1218,5,1457.68
28517,11434,947,5,3473.87
28518,11435,379,5,284.89
28519,11435,1767,2,2028.45
28520,11435,830,2,1158.94
28521,11436,301,1,1012.97
28522,11436,538,5,2135.71
28523,11437,100,5,4670.26
28524,11437,1081,2,1664.25
28525,11438,1765,3,525.56
28526,11438,386,3,4619.91
28527,11438,1185,3,4048.07
28528,11438,616,5,3513.77
28529,11439,401,4,1294.78
28530,11439,533,4,283.98
28531,11439,302,1,40.83
28532,11439,505,3,1521.35
28533,11440,1039,5,1550.6
28534,11440,1984,2,808.92
28535,11440,629,2,3437.25
28536,11440,1673,4,3560.44
28537,11441,132,2,1785.47
28538,11441,1121,3,421.04
28539,11442,1405,4,799.47
28540,11442,1692,4,1520.59
28541,11442,1470,2,2622.08
28542,11442,897,5,2363.4
28543,11443,1160,4,1408.95
28544,11443,979,5,2037.26
28545,11444,1056,5,127.44
28546,11444,534,5,124.86
28547,11444,1665,5,1742.2
28548,11444,523,3,2793.79
28549,11445,1078,4,3125.24
28550,11445,877,1,4109.42
28551,11446,1513,1,4133.12
28552,11446,413,4,4118.78
28553,11446,762,1,2037.05
28554,11446,701,5,2326.65
28555,11447,1195,3,69.7
28556,11448,1164,4,2226.51
28557,11448,1019,4,256.59
28558,11449,1874,2,2038.67
28559,11449,1088,4,1321.01
28560,11449,511,5,2708.16
28561,11449,163,3,3241.38
28562,11450,475,4,2104.97
28563,11450,1872,5,3064.98
28564,11450,1653,2,2729.95
28565,11450,704,5,4838.98
28566,11451,208,4,1179.68
28567,11452,887,1,4225.09
28568,11452,666,3,1042.49
28569,11452,1315,3,3808.34
28570,11453,716,2,1935.49
28571,11453,1941,1,4341.05
28572,11453,1570,3,4336.23
28573,11453,1802,1,3728.81
28574,11454,542,3,2957.94
28575,11454,1222,2,43.71
28576,11454,380,4,3941.12
28577,11455,126,2,2072.3
28578,11455,423,3,1441.03
28579,11455,624,2,563.65
28580,11456,538,2,2135.71
28581,11456,1006,3,2074.47
28582,11457,1666,5,1107.86
28583,11458,1199,1,2256.99
28584,11458,1496,3,2564.23
28585,11459,296,3,2266.44
28586,11459,915,3,4241.85
28587,11459,1862,1,3083.03
28588,11460,1659,5,479.37
28589,11460,1746,3,3623.92
28590,11461,1525,1,2992.95
28591,11462,1787,1,3811.84
28592,11462,1776,4,867.72
28593,11463,340,5,3028.53
28594,11463,1041,4,2917.36
28595,11464,1730,2,1575.07
28596,11464,298,1,2848.26
28597,11465,288,4,4203.67
28598,11465,1200,5,2549.48
28599,11465,411,1,4984.22
28600,11465,1783,4,2181.97
28601,11466,1835,2,358.62
28602,11467,1833,4,3938.2
28603,11467,1356,1,3354.26
28604,11467,1496,2,2564.23
28605,11467,1782,3,4678.02
28606,11468,1112,1,2721.61
28607,11468,1526,2,2734.98
28608,11468,1426,1,2840.77
28609,11469,107,3,3963.87
28610,11469,1978,2,1245.27
28611,11470,710,2,4079.08
28612,11470,1094,5,4482.97
28613,11470,66,4,461.64
28614,11470,1485,5,734.85
28615,11471,733,4,1237.21
28616,11472,261,4,3561.67
28617,11472,219,2,3445.3
28618,11473,330,4,4858.01
28619,11473,610,4,2298.27
28620,11473,1928,5,664.98
28621,11473,570,1,2071.01
28622,11474,802,5,1237.78
28623,11475,561,2,2023.99
28624,11475,1553,4,3046.46
28625,11475,1381,2,1646.94
28626,11476,1903,2,2934.47
28627,11477,84,1,182.72
28628,11477,1987,1,1206.99
28629,11478,1326,3,821.14
28630,11478,1208,3,2828.12
28631,11478,1463,1,3463.06
28632,11478,766,5,3588.86
28633,11479,1232,2,4553.57
28634,11480,1377,3,2370.92
28635,11480,799,1,4047.46
28636,11480,489,1,938.89
28637,11481,270,1,2665.96
28638,11481,260,4,54.88
28639,11481,411,4,4984.22
28640,11481,316,2,3340.48
28641,11482,869,2,1049.71
28642,11482,1389,5,1664.61
28643,11482,1315,4,3808.34
28644,11482,1471,5,1253.11
28645,11483,1832,1,1285.22
28646,11484,1573,4,2339.57
28647,11484,908,2,1720.1
28648,11484,1956,3,794.52
28649,11484,1900,5,129.9
28650,11485,494,2,2644.3
28651,11485,797,1,4573.17
28652,11485,1998,3,2929.33
28653,11485,131,2,3366.57
28654,11486,841,3,2484.52
28655,11486,1905,4,2747.29
28656,11486,1597,3,4997.07
28657,11487,1027,2,1510.02
28658,11487,584,2,1765.65
28659,11487,1361,2,4344.01
28660,11488,1707,2,341.01
28661,11489,842,4,68.18
28662,11489,1681,3,1516.38
28663,11489,183,1,2608.27
28664,11490,426,4,1966.25
28665,11491,1334,1,3114.64
28666,11492,1760,3,4916.81
28667,11492,1476,3,2709.79
28668,11492,192,2,4658.31
28669,11493,1123,4,541.8
28670,11493,95,2,985.81
28671,11493,999,1,2945.34
28672,11493,1716,4,1719.89
28673,11494,1731,5,1237.5
28674,11494,997,2,3718.89
28675,11494,987,2,4441.98
28676,11495,254,5,3914.95
28677,11495,1170,5,1315.23
28678,11495,400,1,2808.68
28679,11496,915,3,4241.85
28680,11496,980,5,4389.83
28681,11496,165,4,3913.37
28682,11497,1269,2,559.11
28683,11497,1046,2,1159.16
28684,11498,1477,1,2470.35
28685,11498,810,5,2694.6
28686,11498,1737,5,2927.49
28687,11499,812,3,4622.84
28688,11499,1195,2,58.74
28689,11499,805,5,287.96
28690,11499,1186,1,4015.15
28691,11500,1656,3,1699.76
28692,11501,1422,3,1430.68
28693,11501,276,1,1435.35
28694,11501,1700,1,54.4
28695,11501,1570,2,4336.23
28696,11502,996,1,2795.3
28697,11502,904,1,4894.55
28698,11503,698,4,4188.03
28699,11504,23,2,4610.39
28700,11504,1636,4,4425.37
28701,11504,1376,3,1939.31
28702,11505,861,5,3583.46
28703,11506,1604,1,622.93
28704,11506,1885,4,2638.54
28705,11506,918,5,651.65
28706,11506,1183,1,348.93
28707,11507,816,5,1247.53
28708,11507,193,4,4643.63
28709,11507,328,2,4328.97
28710,11508,1977,5,3501.61
28711,11508,1398,5,1286.86
28712,11508,1489,2,1547.24
28713,11508,1973,2,4641.02
28714,11509,646,4,807.46
28715,11509,1334,3,3114.64
28716,11509,51,1,2912.21
28717,11509,359,4,4464.57
28718,11510,912,1,3354.45
28719,11510,1682,4,1650.57
28720,11511,686,4,4311.22
28721,11512,1409,1,894.37
28722,11512,1441,3,692.42
28723,11512,654,2,74.1
28724,11512,159,1,1222.68
28725,11513,165,3,3237.11
28726,11513,1703,2,3435.52
28727,11513,1717,5,4935.75
28728,11514,855,5,3214.76
28729,11515,1011,3,602.7
28730,11515,183,5,2951.85
28731,11515,244,5,3907.13
28732,11515,1323,1,961.89
28733,11516,434,4,2452.4
28734,11517,618,1,3436.62
28735,11518,1333,5,503.73
28736,11519,464,5,4246.39
28737,11519,128,4,4912.65
28738,11519,285,3,1882.5
28739,11519,1195,1,69.7
28740,11520,393,5,3676.91
28741,11521,1274,2,3207.33
28742,11521,1287,3,3932.11
28743,11522,1471,5,1253.11
28744,11522,1574,5,2226.09
28745,11522,566,5,3671.74
28746,11523,62,5,3329.9
28747,11524,1096,3,2154.04
28748,11524,257,3,454.34
28749,11524,1583,3,3561.74
28750,11525,1001,4,2482.85
28751,11526,1128,3,912.22
28752,11527,934,3,3262.71
28753,11528,1160,4,1208.34
28754,11528,1179,1,1931.5
28755,11528,1121,1,421.04
28756,11528,1908,5,2628.01
28757,11529,340,3,3028.53
28758,11530,1098,2,4970.86
28759,11530,158,1,2540.63
28760,11530,352,2,499.9
28761,11530,1351,5,2492.74
28762,11531,34,2,2908.0
28763,11531,361,4,102.54
28764,11531,658,3,1245.37
28765,11531,306,5,2895.92
28766,11532,1469,4,830.75
28767,11533,634,4,3072.07
28768,11533,527,5,1149.46
28769,11533,1405,1,894.37
28770,11533,1525,4,3157.81
28771,11534,1936,2,1780.81
28772,11534,1937,2,2277.77
28773,11535,692,3,4629.69
28774,11535,1916,1,69.6
28775,11535,877,5,4109.42
28776,11535,1685,1,4800.62
28777,11536,948,3,3588.3
28778,11536,1335,5,1474.54
28779,11537,1762,1,950.9
28780,11538,335,3,3956.9
28781,11538,1030,3,259.82
28782,11538,369,3,4023.43
28783,11538,1581,2,2985.72
28784,11539,106,3,676.96
28785,11540,186,4,4656.26
28786,11540,954,2,4296.56
28787,11541,335,3,3956.9
28788,11542,1695,3,2387.95
28789,11543,327,4,1153.61
28790,11543,476,5,480.09
28791,11543,1644,3,3769.14
28792,11544,864,5,1153.96
28793,11545,4,2,2348.56
28794,11545,1848,1,727.07
28795,11545,1560,3,1396.92
28796,11545,1681,4,1516.38
28797,11546,1747,4,4211.6
28798,11546,1790,5,3651.32
28799,11546,1222,1,43.71
28800,11546,1331,3,772.13
28801,11547,1311,3,4424.0
28802,11547,453,4,4545.91
28803,11548,432,3,3877.44
28804,11548,1921,4,78.32
28805,11548,620,3,2983.14
28806,11549,874,1,3860.07
28807,11549,253,4,801.69
28808,11550,535,3,2607.22
28809,11550,815,2,2374.91
28810,11551,1124,4,4882.27
28811,11551,1858,2,4696.05
28812,11551,346,3,1901.86
28813,11551,457,4,494.73
28814,11552,1503,4,4559.11
28815,11552,1467,1,3014.82
28816,11553,1750,1,4149.38
28817,11553,1505,3,4216.31
28818,11554,430,5,4669.64
28819,11554,980,4,4389.83
28820,11554,30,5,2949.45
28821,11555,954,1,4296.56
28822,11555,1336,4,3168.5
28823,11555,1013,4,3056.19
28824,11555,168,1,3008.4
28825,11556,1986,3,3350.49
28826,11557,814,2,3110.03
28827,11558,1099,5,3583.64
28828,11558,1075,1,1297.7
28829,11558,217,4,657.68
28830,11558,537,2,3698.88
28831,11559,1090,4,3159.88
28832,11559,1936,4,1780.81
28833,11560,368,4,3600.59
28834,11560,736,2,3374.71
28835,11560,1857,2,4958.76
28836,11561,1174,5,1402.77
28837,11561,88,5,903.79
28838,11561,27,3,2908.71
28839,11561,1474,3,460.57
28840,11562,108,2,2841.42
28841,11562,653,3,601.62
28842,11562,409,3,284.25
28843,11563,1905,4,3031.02
28844,11563,546,3,1741.25
28845,11563,1098,3,4970.86
28846,11564,1591,4,2817.51
28847,11564,573,3,1933.49
28848,11564,308,5,4227.04
28849,11564,713,1,4319.36
28850,11565,689,5,42.67
28851,11565,121,1,926.94
28852,11566,566,3,3671.74
28853,11566,243,5,2564.96
28854,11566,1279,1,2423.46
28855,11567,476,5,480.09
28856,11567,1304,4,2267.28
28857,11567,1041,1,2917.36
28858,11567,702,2,3418.37
28859,11568,1598,3,2779.45
28860,11568,1722,1,265.02
28861,11568,1140,1,143.75
28862,11568,1971,1,3384.04
28863,11569,1533,1,2046.31
28864,11569,998,4,4107.24
28865,11570,280,5,1957.71
28866,11570,1152,3,2407.53
28867,11571,1769,2,4216.87
28868,11571,1171,4,3620.47
28869,11571,683,3,342.98
28870,11571,1119,1,2850.85
28871,11572,1916,2,62.77
28872,11572,1434,4,1186.26
28873,11572,591,4,3510.59
28874,11573,1633,5,4642.34
28875,11573,1804,2,2848.61
28876,11573,1524,3,4529.6
28877,11574,1252,2,204.93
28878,11574,750,2,2618.93
28879,11575,1914,2,1975.44
28880,11576,1916,2,57.28
28881,11577,928,5,3423.28
28882,11578,1812,4,3787.64
28883,11579,182,5,1313.45
28884,11579,52,2,4478.08
28885,11580,20,1,3466.81
28886,11580,508,4,4905.99
28887,11580,320,5,2079.78
28888,11581,460,1,4443.01
28889,11581,562,4,3206.23
28890,11581,1837,5,3537.16
28891,11581,1775,3,3513.61
28892,11582,313,2,474.04
28893,11582,412,3,3557.28
28894,11582,1773,2,1809.06
28895,11582,613,5,1703.51
28896,11583,243,1,2564.96
28897,11583,879,4,449.66
28898,11583,521,3,2682.3
28899,11584,1327,5,975.37
28900,11584,336,5,2584.15
28901,11584,1303,3,68.4
28902,11585,229,5,456.48
28903,11585,959,1,1519.27
28904,11585,829,1,1742.99
28905,11585,1349,1,446.35
28906,11586,316,1,4165.3
28907,11586,371,4,1990.52
28908,11587,145,1,4174.9
28909,11587,1285,2,1726.78
28910,11587,258,1,3455.72
28911,11588,1465,4,2127.17
28912,11588,1615,1,2853.97
28913,11589,625,3,4059.0
28914,11589,1164,4,1829.81
28915,11590,863,3,1738.03
28916,11590,1338,4,2432.88
28917,11591,764,3,2226.69
28918,11591,596,1,1231.48
28919,11591,1745,1,524.94
28920,11591,1370,4,1021.39
28921,11592,1835,2,358.62
28922,11592,36,4,1587.99
28923,11592,619,5,4795.2
28924,11592,806,3,116.54
28925,11593,706,4,3313.02
28926,11593,1239,2,3172.16
28927,11594,849,1,2398.69
28928,11595,1892,3,3756.21
28929,11595,1951,3,1435.17
28930,11596,824,4,1930.01
28931,11596,1873,2,2032.74
28932,11596,1190,4,2056.1
28933,11597,703,4,2916.95
28934,11597,599,3,4935.59
28935,11598,843,5,1112.41
28936,11598,1221,2,237.2
28937,11598,1084,2,2561.27
28938,11598,281,2,4959.48
28939,11599,1716,2,1781.07
28940,11600,1836,1,675.74
28941,11600,1850,4,3786.95
28942,11600,576,4,3394.36
28943,11600,1222,5,43.71
28944,11601,888,1,122.36
28945,11601,1572,2,1768.61
28946,11601,793,5,191.91
28947,11601,1633,5,4642.34
28948,11602,484,3,1790.85
28949,11603,1183,2,348.93
28950,11603,51,1,2912.21
28951,11603,749,1,2633.9
28952,11604,358,3,1233.98
28953,11605,786,3,269.58
28954,11605,845,4,4661.49
28955,11606,1534,4,1289.47
28956,11607,635,2,4443.09
28957,11607,1414,3,604.17
28958,11607,1063,4,3675.7
28959,11607,728,2,1585.0
28960,11608,166,2,2028.89
28961,11608,1656,2,1699.76
28962,11608,446,1,933.27
28963,11608,698,2,4188.03
28964,11609,1944,2,4317.22
28965,11609,1773,5,1744.18
28966,11609,225,2,1331.62
28967,11609,1604,1,622.93
28968,11610,183,2,2951.85
28969,11610,987,3,4048.07
28970,11610,1797,3,1550.8
28971,11611,468,5,2066.27
28972,11611,476,3,480.09
28973,11612,1251,1,898.05
28974,11613,994,2,3999.58
28975,11613,549,1,430.86
28976,11613,484,5,2046.14
28977,11613,417,4,622.91
28978,11614,904,4,4894.55
28979,11614,546,2,1741.25
28980,11615,706,4,3972.13
28981,11615,1631,5,3643.45
28982,11616,1721,5,3360.92
28983,11617,1510,3,1258.94
28984,11617,936,5,1664.96
28985,11617,1571,5,3828.97
28986,11617,1201,5,3873.97
28987,11618,481,4,976.31
28988,11618,173,2,3873.68
28989,11619,699,5,4601.64
28990,11620,1790,2,4394.84
28991,11620,1830,1,1574.79
28992,11621,723,2,2516.16
28993,11622,399,5,935.5
28994,11623,389,1,825.04
28995,11623,516,3,3302.52
28996,11623,1496,1,2137.14
28997,11624,1862,4,3083.03
28998,11624,1036,5,3793.02
28999,11624,1056,1,136.38
29000,11624,1399,4,2617.78
29001,11625,1329,3,1706.26
29002,11626,559,2,2291.41
29003,11626,398,4,3681.87
29004,11627,331,5,205.88
29005,11627,1155,2,2298.98
29006,11627,1147,1,3066.56
29007,11627,190,4,845.16
29008,11628,242,2,2027.96
29009,11628,411,1,4984.22
29010,11628,100,5,4670.26
29011,11629,1216,4,3884.97
29012,11630,1464,5,3046.82
29013,11630,1407,1,3721.74
29014,11631,1916,2,65.95
29015,11631,1565,4,3779.56
29016,11632,1953,5,4319.47
29017,11632,1348,4,219.33
29018,11632,1891,1,3352.26
29019,11633,518,4,2494.14
29020,11634,1342,4,2958.39
29021,11634,728,2,1720.04
29022,11634,697,1,1310.25
29023,11635,1544,4,2753.26
29024,11635,626,5,629.44
29025,11635,631,4,2555.15
29026,11635,1594,1,2659.84
29027,11636,797,1,4573.17
29028,11636,1972,1,4088.97
29029,11636,446,1,1003.7
29030,11637,1446,4,3668.66
29031,11637,1782,3,4434.44
29032,11638,636,2,3562.89
29033,11638,942,5,4334.82
29034,11638,1623,5,4345.73
29035,11639,320,5,2079.78
29036,11639,942,4,4334.82
29037,11639,1942,4,119.81
29038,11640,206,3,4141.44
29039,11640,1732,1,2009.36
29040,11640,34,5,2908.0
29041,11640,402,3,4892.72
29042,11641,184,4,1497.19
29043,11641,719,3,4251.26
29044,11642,1663,1,315.19
29045,11642,1150,5,4720.67
29046,11642,1672,5,459.75
29047,11643,220,2,1244.81
29048,11643,895,5,4280.38
29049,11643,701,4,2326.65
29050,11644,600,3,1557.53
29051,11644,595,2,2571.36
29052,11645,785,5,3741.23
29053,11645,751,1,4210.09
29054,11645,1672,3,459.75
29055,11645,1496,2,2152.09
29056,11646,1985,3,4292.74
29057,11646,1433,5,2525.06
29058,11646,1908,5,2628.01
29059,11646,285,5,1558.89
29060,11647,384,3,2813.82
29061,11647,1886,5,2439.86
29062,11647,1768,2,3632.43
29063,11647,1968,2,167.07
29064,11648,865,1,2455.86
29065,11649,22,4,3853.54
29066,11650,1915,4,3122.45
29067,11651,1055,5,4800.5
29068,11651,1228,2,1898.35
29069,11651,210,3,1176.68
29070,11652,663,3,1192.72
29071,11652,1270,2,4109.19
29072,11652,15,5,1473.85
29073,11652,334,3,3189.75
29074,11653,1272,1,855.09
29075,11653,390,2,645.32
29076,11654,1172,2,4339.9
29077,11655,1987,2,1206.99
29078,11655,1119,3,3549.39
29079,11655,1577,3,608.79
29080,11655,1158,5,3218.83
29081,11656,62,4,3329.9
29082,11657,1103,3,2807.19
29083,11658,553,2,1791.0
29084,11658,1985,3,4565.54
29085,11658,131,1,3366.57
29086,11658,1609,4,3710.26
29087,11659,1279,3,2423.46
29088,11659,221,4,1054.07
29089,11660,1591,4,2817.51
29090,11660,990,4,3669.71
29091,11660,1182,3,3287.43
29092,11660,1090,5,3677.27
29093,11661,1827,3,1992.86
29094,11661,1384,3,4380.18
29095,11662,234,3,938.67
29096,11663,1277,5,3223.63
29097,11663,879,3,449.66
29098,11664,226,2,1054.31
29099,11665,1641,2,1853.09
29100,11666,1027,2,1879.49
29101,11666,1740,4,2411.13
29102,11667,1199,5,2527.07
29103,11667,949,4,3259.59
29104,11667,250,3,449.92
29105,11668,1065,3,1372.5
29106,11668,310,3,3134.88
29107,11669,1428,5,1023.73
29108,11670,1139,1,2565.96
29109,11670,229,1,554.15
29110,11670,1312,1,3510.23
29111,11671,398,3,3681.87
29112,11671,1180,2,3403.33
29113,11671,1265,4,2890.04
29114,11671,1639,1,252.07
29115,11672,835,4,824.78
29116,11672,612,1,3147.96
29117,11672,831,4,1447.85
29118,11672,1772,1,4036.96
29119,11673,897,5,2363.4
29120,11673,245,1,4080.23
29121,11673,965,3,1691.03
29122,11673,108,4,2277.64
29123,11674,1091,3,2176.74
29124,11674,168,4,3008.4
29125,11674,910,2,1668.52
29126,11674,678,2,3742.53
29127,11675,40,2,4750.28
29128,11675,1760,5,4916.81
29129,11675,777,2,2077.46
29130,11676,938,4,3776.2
29131,11676,309,5,494.89
29132,11676,1122,2,246.03
29133,11676,16,5,938.32
29134,11677,1535,1,2002.12
29135,11677,878,2,4172.97
29136,11677,134,2,1649.19
29137,11677,148,2,3104.71
29138,11678,855,3,3214.76
29139,11679,1462,5,3236.96
29140,11679,886,4,1634.05
29141,11679,1160,4,1408.95
29142,11680,788,2,3906.47
29143,11680,1487,4,2148.84
29144,11681,924,4,407.23
29145,11681,1044,5,2721.04
29146,11681,650,3,2104.28
29147,11681,666,1,1158.59
29148,11682,423,1,1441.03
29149,11683,1981,4,3974.13
29150,11683,482,2,2685.86
29151,11683,1955,3,1704.13
29152,11683,365,4,3562.7
29153,11684,1017,1,4136.88
29154,11684,952,2,2232.98
29155,11684,1280,3,2712.92
29156,11684,1713,4,3233.67
29157,11685,187,3,4624.37
29158,11686,1763,3,1928.96
29159,11686,1830,2,1574.79
29160,11686,257,2,454.34
29161,11687,443,4,4944.73
29162,11687,1017,3,4136.88
29163,11687,295,2,2319.63
29164,11688,872,2,1346.22
29165,11688,78,3,525.53
29166,11689,1545,2,2804.73
29167,11689,849,3,2056.04
29168,11690,668,2,371.43
29169,11691,1955,2,1428.94
29170,11691,1970,1,618.35
29171,11691,291,4,4479.15
29172,11692,484,4,2046.14
29173,11693,756,4,4290.25
29174,11693,488,2,1567.45
29175,11693,177,2,2138.56
29176,11693,720,4,2189.31
29177,11694,1258,5,3972.09
29178,11694,1212,2,3686.06
29179,11695,1669,1,3246.59
29180,11695,1254,5,4319.49
29181,11695,1172,3,4339.9
29182,11696,43,1,1212.23
29183,11696,322,4,1128.18
29184,11696,67,5,3867.26
29185,11696,1448,1,3308.99
29186,11697,423,5,1362.97
29187,11697,480,3,2773.31
29188,11698,1824,3,3280.48
29189,11698,1393,2,484.39
29190,11699,116,3,1301.79
29191,11699,1557,2,2010.11
29192,11699,1101,1,4136.01
29193,11699,1785,5,1442.72
29194,11700,892,5,2700.73
29195,11701,90,1,4686.08
29196,11702,1309,1,4419.04
29197,11702,382,5,2952.32
29198,11703,548,2,698.98
29199,11703,417,2,507.03
29200,11703,26,1,511.61
29201,11704,787,5,3735.76
29202,11704,949,1,3259.59
29203,11705,1782,3,4678.02
29204,11705,201,2,102.3
29205,11706,1021,2,3684.3
29206,11706,853,3,4151.58
29207,11707,879,1,373.06
29208,11708,591,1,3510.59
29209,11708,126,5,2072.3
29210,11709,1443,3,1395.23
29211,11709,861,5,3583.46
29212,11710,358,2,1233.98
29213,11710,1830,5,1458.89
29214,11710,1754,4,1040.98
29215,11710,256,4,1238.04
29216,11711,361,2,102.54
29217,11711,982,4,240.72
29218,11712,1386,2,3278.38
29219,11712,1978,3,1102.25
29220,11712,1932,1,96.48
29221,11713,1632,2,1855.05
29222,11713,1514,1,2850.95
29223,11713,1157,1,3021.97
29224,11713,136,2,3496.33
29225,11714,34,1,2908.0
29226,11714,955,1,1684.17
29227,11714,384,1,2813.82
29228,11715,372,1,1767.22
29229,11715,353,5,3480.85
29230,11716,1546,1,3706.04
29231,11716,1120,2,2720.87
29232,11716,1662,5,2988.07
29233,11717,1500,2,4223.34
29234,11717,321,2,3268.68
29235,11717,1699,5,4382.52
29236,11718,1593,3,4053.1
29237,11718,1848,1,727.07
29238,11719,1994,3,2762.49
29239,11719,1630,4,897.03
29240,11719,82,3,4492.0
29241,11719,516,1,3302.52
29242,11720,1499,1,4052.38
29243,11721,1582,4,1472.47
29244,11722,436,4,3787.72
29245,11722,395,5,2293.09
29246,11722,519,3,4756.84
29247,11722,1627,5,4970.08
29248,11723,815,5,2374.91
29249,11723,1587,2,2450.05
29250,11723,1285,1,1726.78
29251,11724,350,5,1260.04
29252,11724,750,5,2618.93
29253,11725,93,4,683.08
29254,11725,199,4,252.39
29255,11726,1639,1,280.07
29256,11726,412,5,3557.28
29257,11727,1260,1,3252.12
29258,11727,494,1,2644.3
29259,11728,1941,3,4341.05
29260,11728,1538,4,4609.56
29261,11728,1019,4,256.59
29262,11729,1504,5,4467.93
29263,11729,1173,2,3799.31
29264,11730,1014,2,2413.88
29265,11730,309,3,445.13
29266,11730,831,5,1301.65
29267,11731,1617,5,1107.75
29268,11731,1129,5,4161.06
29269,11731,957,5,4532.8
29270,11732,481,1,976.31
29271,11732,1213,4,1943.72
29272,11732,1782,5,4095.44
29273,11733,11,2,3907.36
29274,11733,1527,3,1579.68
29275,11733,177,5,2469.38
29276,11734,878,2,4836.66
29277,11734,1828,5,3265.59
29278,11734,1469,5,830.75
29279,11735,147,5,2584.23
29280,11735,977,2,570.72
29281,11735,1058,1,3366.31
29282,11736,497,3,475.15
29283,11736,1062,4,144.2
29284,11736,1574,5,2422.76
29285,11737,976,2,1872.2
29286,11737,1819,4,118.88
29287,11737,1604,4,622.93
29288,11737,1599,1,845.13
29289,11738,879,5,449.66
29290,11738,1498,3,2947.49
29291,11738,615,3,3627.64
29292,11738,1339,5,1539.51
29293,11739,33,3,618.65
29294,11739,1414,3,604.17
29295,11739,1247,5,3146.26
29296,11740,1292,3,4546.08
29297,11741,1153,5,1838.8
29298,11741,1916,4,69.6
29299,11741,1465,3,2424.32
29300,11741,1526,1,2734.98
29301,11742,361,3,102.54
29302,11742,819,5,2142.95
29303,11742,1319,1,446.02
29304,11742,796,5,4016.74
29305,11743,740,2,618.13
29306,11743,1454,2,869.09
29307,11743,214,2,3316.61
29308,11744,411,2,4984.22
29309,11744,328,3,4328.97
29310,11744,1847,4,3422.2
29311,11744,1251,2,898.05
29312,11745,1683,5,4193.9
29313,11746,291,2,4479.15
29314,11746,1478,2,3702.99
29315,11746,441,5,4307.7
29316,11746,900,1,3019.95
29317,11747,1945,3,4845.83
29318,11748,1961,4,2100.75
29319,11749,1715,5,3099.54
29320,11749,272,4,3498.52
29321,11749,1637,2,910.75
29322,11750,1595,1,1776.86
29323,11750,1757,1,4010.7
29324,11750,1687,4,2836.91
29325,11751,1628,4,4748.71
29326,11751,409,3,255.73
29327,11751,301,1,1012.97
29328,11752,607,2,4155.93
29329,11752,595,3,2571.36
29330,11753,985,5,228.63
29331,11753,1907,3,431.07
29332,11753,726,3,1412.38
29333,11754,1382,2,349.03
29334,11755,71,5,4701.99
29335,11755,1708,1,319.73
29336,11756,1001,4,2102.38
29337,11756,79,3,2248.46
29338,11756,1545,5,2804.73
29339,11757,1540,2,3898.12
29340,11757,47,4,3859.05
29341,11757,1436,3,4303.05
29342,11758,43,3,1212.23
29343,11758,1917,2,3047.65
29344,11758,935,5,1506.93
29345,11758,1190,1,1833.15
29346,11759,337,1,889.63
29347,11759,362,3,2646.06
29348,11760,223,1,1865.59
29349,11760,20,4,3466.81
29350,11760,1432,1,4624.51
29351,11761,72,2,946.6
29352,11761,430,2,4669.64
29353,11761,443,5,4113.6
29354,11762,392,5,4147.29
29355,11762,588,4,1793.76
29356,11762,566,3,3301.18
29357,11762,1992,2,531.48
29358,11763,452,5,3867.18
29359,11763,1933,1,2420.56
29360,11763,1249,5,4030.19
29361,11763,1393,2,484.39
29362,11764,1073,4,1327.8
29363,11764,384,3,2813.82
29364,11765,809,4,3104.43
29365,11766,926,5,3865.4
29366,11766,1868,5,2512.3
29367,11767,841,3,2484.52
29368,11767,1312,3,3510.23
29369,11767,1453,3,1543.94
29370,11767,1668,4,2385.75
29371,11768,1537,2,3151.56
29372,11768,1374,2,4245.98
29373,11768,568,1,3610.64
29374,11769,597,4,513.89
29375,11769,1113,2,1117.82
29376,11769,1278,2,4786.26
29377,11770,783,2,41.05
29378,11770,1293,3,1304.75
29379,11771,1073,2,1327.8
29380,11772,904,2,4894.55
29381,11773,1607,4,2434.95
29382,11773,496,3,2342.32
29383,11773,103,1,4739.24
29384,11773,1848,5,727.07
29385,11774,887,5,3495.42
29386,11774,671,4,4268.05
29387,11775,1090,3,3487.69
29388,11775,841,3,2484.52
29389,11775,328,2,3508.34
29390,11776,633,3,1499.21
29391,11777,185,5,1050.24
29392,11778,23,2,4364.66
29393,11779,47,4,3859.05
29394,11779,1765,5,573.5
29395,11779,80,5,3663.41
29396,11779,1760,3,4916.81
29397,11780,1813,1,1347.23
29398,11780,14,1,2177.29
29399,11780,1500,3,4223.34
29400,11781,1463,1,4311.37
29401,11781,890,5,1578.99
29402,11782,1595,2,1776.86
29403,11782,63,3,908.21
29404,11782,1694,4,3306.81
29405,11783,313,4,474.04
29406,11783,1096,1,2154.04
29407,11783,179,4,3052.29
29408,11783,1939,3,3353.5
29409,11784,849,4,2398.69
29410,11784,1965,2,4683.28
29411,11785,1126,3,444.36
29412,11785,841,3,2484.52
29413,11785,1153,3,1838.8
29414,11786,1501,3,512.76
29415,11786,1014,3,2413.88
29416,11786,1086,1,4700.28
29417,11786,43,1,1067.81
29418,11787,1648,3,4000.16
29419,11787,702,4,3418.37
29420,11787,1427,2,2180.98
29421,11788,1542,4,142.87
29422,11788,632,2,2090.66
29423,11788,866,2,1065.77
29424,11788,815,4,1970.89
29425,11789,1762,5,950.9
29426,11789,856,5,4713.32
29427,11789,75,5,44.37
29428,11790,179,2,3052.29
29429,11791,1765,1,573.5
29430,11791,1945,4,4845.83
29431,11791,388,1,475.38
29432,11792,1891,4,3352.26
29433,11792,141,3,1474.45
29434,11793,1334,1,3114.64
29435,11793,1933,3,2420.56
29436,11793,855,4,3214.76
29437,11793,848,3,2754.39
29438,11794,1545,2,2804.73
29439,11795,679,2,2172.15
29440,11796,440,4,4235.09
29441,11796,1159,5,3012.68
29442,11796,1608,3,2480.7
29443,11796,195,5,1260.96
29444,11797,1984,4,808.92
29445,11798,798,5,3337.41
29446,11799,459,3,2672.36
29447,11799,1142,2,1770.45
29448,11799,977,1,571.42
29449,11799,903,5,2390.95
29450,11800,419,5,4536.4
29451,11800,416,3,2396.26
29452,11800,397,4,3910.42
29453,11801,59,2,2736.22
29454,11801,1691,4,44.27
29455,11801,521,2,2682.3
29456,11801,1184,1,2884.13
29457,11802,1356,1,3354.26
29458,11802,582,4,4943.34
29459,11803,310,2,3134.88
29460,11804,1688,3,953.67
29461,11805,1892,1,3448.91
29462,11805,176,4,4490.57
29463,11805,1890,3,1462.22
29464,11806,1407,5,3721.74
29465,11806,1443,3,1395.23
29466,11807,960,4,1695.67
29467,11807,1061,3,4408.37
29468,11808,312,1,1267.23
29469,11809,803,2,4544.47
29470,11809,1863,1,3870.94
29471,11809,1725,5,4530.18
29472,11809,259,4,3788.75
29473,11810,1278,3,4786.26
29474,11811,914,1,4235.83
29475,11811,965,5,1566.75
29476,11812,1092,1,166.85
29477,11812,23,5,4610.39
29478,11812,1452,3,764.05
29479,11812,1531,3,4829.37
29480,11813,716,1,1935.49
29481,11813,747,4,638.84
29482,11814,1219,3,2455.23
29483,11815,453,2,4545.91
29484,11815,71,3,4701.99
29485,11815,1373,5,3734.91
29486,11815,821,3,1562.15
29487,11816,527,3,1149.46
29488,11816,505,1,1462.6
29489,11816,393,4,3676.91
29490,11816,616,3,4320.21
29491,11817,1916,2,69.6
29492,11817,1415,1,3433.14
29493,11818,1010,4,4593.25
29494,11819,129,2,4668.8
29495,11819,535,5,2607.22
29496,11819,1305,4,1207.52
29497,11820,1831,1,1191.03
29498,11821,1341,2,2068.83
29499,11822,880,5,4005.93
29500,11822,439,1,4256.54
29501,11823,147,4,2244.67
29502,11823,1729,1,1365.82
29503,11823,1365,3,782.66
29504,11823,1576,2,3852.85
29505,11824,367,3,1480.88
29506,11824,1916,2,57.15
29507,11825,320,2,2079.78
29508,11825,1234,5,552.76
29509,11825,802,4,1237.78
29510,11825,629,2,3437.25
29511,11826,1893,4,2806.02
29512,11826,1573,3,2737.95
29513,11826,1103,4,2807.19
29514,11827,57,4,4705.04
29515,11827,1264,5,2891.63
29516,11827,1008,1,3281.27
29517,11827,1778,4,3865.81
29518,11828,1228,3,1898.35
29519,11828,1691,4,49.01
29520,11828,408,4,4940.48
29521,11829,19,5,4427.53
29522,11829,175,1,4971.35
29523,11829,373,2,4531.36
29524,11829,1824,2,3280.48
29525,11830,1713,5,3233.67
29526,11830,798,5,4170.48
29527,11830,750,3,2618.93
29528,11831,864,5,1153.96
29529,11832,932,5,2639.5
29530,11833,125,3,1236.57
29531,11834,247,1,3024.59
29532,11834,1158,5,3218.83
29533,11835,1128,3,912.22
29534,11835,1239,2,3172.16
29535,11835,892,2,3031.09
29536,11836,1176,2,1627.96
29537,11837,1978,3,1245.27
29538,11837,1200,4,3109.39
29539,11837,1255,5,3780.37
29540,11838,306,5,2895.92
29541,11839,1884,4,347.97
29542,11839,276,3,1177.95
29543,11839,1779,5,3579.81
29544,11839,570,5,1691.49
29545,11840,1200,5,2927.3
29546,11841,479,3,1787.96
29547,11841,515,4,4246.45
29548,11841,709,5,1968.3
29549,11842,57,3,4705.04
29550,11842,899,5,2636.36
29551,11842,1497,3,271.31
29552,11842,501,5,3768.53
29553,11843,22,5,3535.22
29554,11843,278,1,2545.14
29555,11844,1049,3,4572.88
29556,11844,758,5,3980.65
29557,11844,1931,3,2121.67
29558,11845,1489,3,1547.24
29559,11845,258,5,4301.51
29560,11845,1104,1,2160.59
29561,11846,1120,1,2792.12
29562,11846,1604,3,622.93
29563,11847,706,3,3972.13
29564,11847,1093,2,3916.92
29565,11847,1689,5,3791.67
29566,11848,551,2,318.01
29567,11848,799,4,4047.46
29568,11849,1549,2,3763.06
29569,11849,179,5,3052.29
29570,11850,417,1,622.91
29571,11850,1101,2,3873.92
29572,11850,742,4,1149.62
29573,11851,1075,3,1297.7
29574,11851,1320,2,1133.36
29575,11851,445,3,4082.97
29576,11851,623,3,4260.78
29577,11852,858,2,4288.06
29578,11853,600,4,1557.53
29579,11853,1104,3,2160.59
29580,11853,930,3,79.28
29581,11853,1345,5,3394.63
29582,11854,901,2,4432.43
29583,11854,15,4,1839.9
29584,11854,639,5,1959.67
29585,11854,1077,2,1521.49
29586,11855,794,1,2704.79
29587,11855,682,5,4320.25
29588,11855,784,5,2566.81
29589,11856,1857,3,4958.76
29590,11857,1820,5,1295.41
29591,11857,541,4,1414.01
29592,11857,990,3,3669.71
29593,11858,1961,5,2267.48
29594,11858,1037,4,1567.44
29595,11858,430,1,4669.64
29596,11858,1319,4,498.27
29597,11859,1228,5,1898.35
29598,11859,1660,5,167.07
29599,11860,1354,3,2081.24
29600,11860,1061,3,4408.37
29601,11861,1778,3,3865.81
29602,11861,1477,5,2470.35
29603,11861,1259,4,296.06
29604,11862,1542,4,142.87
29605,11862,1454,4,821.22
29606,11863,1657,5,3149.48
29607,11864,1162,1,260.62
29608,11864,1368,2,2948.1
29609,11865,1703,3,3435.52
29610,11865,1505,3,4216.31
29611,11865,1342,4,2958.39
29612,11866,259,3,3788.75
29613,11866,557,4,2749.62
29614,11867,1068,2,1499.27
29615,11867,87,2,2762.02
29616,11867,84,5,182.72
29617,11867,1656,4,1699.76
29618,11868,1361,1,4048.99
29619,11868,1401,2,3777.73
29620,11868,853,1,4151.58
29621,11869,350,5,1260.04
29622,11869,1260,1,3252.12
29623,11870,225,2,1331.62
29624,11870,1536,2,376.58
29625,11870,1651,4,1559.53
29626,11871,605,1,324.29
29627,11872,1259,4,338.22
29628,11872,383,5,1569.2
29629,11872,1716,4,2035.93
29630,11872,199,3,252.39
29631,11873,104,1,1673.81
29632,11873,90,5,4686.08
29633,11873,882,4,2446.15
29634,11874,1990,1,3754.42
29635,11874,1811,1,355.4
29636,11874,1430,2,1587.01
29637,11875,648,5,378.98
29638,11875,397,5,4722.85
29639,11875,37,4,3285.39
29640,11876,128,2,4912.65
29641,11877,830,3,1158.94
29642,11877,1554,4,4999.52
29643,11877,1070,1,1545.21
29644,11877,520,4,3845.1
29645,11878,1883,3,692.17
29646,11878,1743,1,982.62
29647,11878,1940,4,4375.64
29648,11878,523,3,3040.6
29649,11879,1288,2,2667.98
29650,11879,1239,4,3172.16
29651,11879,390,3,734.47
29652,11879,791,3,1394.32
29653,11880,895,2,4280.38
29654,11881,74,2,3695.82
29655,11882,1026,3,3167.66
29656,11883,45,5,3324.3
29657,11883,841,3,2484.52
29658,11884,1887,5,76.42
29659,11884,1000,1,1180.66
29660,11885,1223,2,2330.58
29661,11885,1130,5,1943.84
29662,11885,347,3,3760.25
29663,11886,1814,3,2755.18
29664,11887,1509,3,1398.09
29665,11887,520,3,3845.1
29666,11888,1842,1,1223.39
29667,11889,612,3,3147.96
29668,11889,869,3,1049.71
29669,11889,929,1,3931.07
29670,11889,779,3,76.99
29671,11890,80,2,3157.22
29672,11890,111,3,1765.05
29673,11890,1047,1,2250.05
29674,11890,849,1,2398.69
29675,11891,400,1,2808.68
29676,11892,274,2,88.25
29677,11893,435,3,1714.56
29678,11893,583,1,2344.29
29679,11893,1930,5,1501.14
29680,11893,1136,3,1733.94
29681,11894,549,5,430.86
29682,11895,351,3,781.08
29683,11896,1062,5,158.0
29684,11896,876,2,4735.67
29685,11897,1222,3,43.71
29686,11897,1812,3,3787.64
29687,11898,855,3,3214.76
29688,11898,572,2,3464.96
29689,11898,1671,2,2166.31
29690,11899,1749,1,433.44
29691,11899,349,1,3568.37
29692,11899,136,4,3496.33
29693,11900,189,3,2961.0
29694,11900,1100,2,3708.22
29695,11901,984,1,3382.2
29696,11901,1947,4,1787.64
29697,11902,1871,5,2643.42
29698,11902,1173,1,3799.31
29699,11902,517,3,586.1
29700,11903,1885,1,2638.54
29701,11904,1558,2,1970.83
29702,11904,1891,1,3352.26
29703,11904,540,5,635.0
29704,11905,588,5,1793.76
29705,11905,1315,4,3808.34
29706,11905,1824,5,3280.48
29707,11905,1459,5,2002.53
29708,11906,1450,2,3606.63
29709,11906,9,4,916.9
29710,11907,9,4,916.9
29711,11908,1639,5,280.07
29712,11908,1701,1,3196.88
29713,11909,1458,4,1506.63
29714,11909,1804,3,2597.35
29715,11909,701,5,2326.65
29716,11909,1164,4,2226.51
29717,11910,742,5,1149.62
29718,11911,1975,3,3658.73
29719,11911,615,2,4116.86
29720,11911,335,2,3956.9
29721,11911,575,3,332.75
29722,11912,651,4,113.27
29723,11912,313,3,474.04
29724,11913,1354,2,2081.24
29725,11913,1346,3,926.02
29726,11913,856,4,4713.32
29727,11914,930,5,79.28
29728,11914,352,1,499.9
29729,11915,1568,5,1945.21
29730,11915,1336,5,3168.5
29731,11915,811,1,77.55
29732,11916,739,1,987.22
29733,11917,381,5,3972.54
29734,11917,1877,4,896.41
29735,11917,501,1,3768.53
29736,11917,759,3,4030.25
29737,11918,1926,4,2706.85
29738,11919,1673,1,3935.36
29739,11919,1084,4,2561.27
29740,11920,1626,4,2907.5
29741,11920,1875,3,764.4
29742,11920,1705,5,2543.61
29743,11921,379,3,323.37
29744,11921,919,1,4303.03
29745,11921,1894,4,3220.34
29746,11921,1649,3,3713.09
29747,11922,311,2,4257.7
29748,11923,460,1,4443.01
29749,11923,240,2,431.39
29750,11923,34,5,2336.29
29751,11923,462,4,2829.04
29752,11924,1271,5,1820.81
29753,11924,422,5,3103.23
29754,11924,515,2,4246.45
29755,11924,1664,5,4192.17
29756,11925,1961,1,2267.48
29757,11926,1980,3,885.72
29758,11927,1832,5,1596.17
29759,11927,1561,2,4175.17
29760,11927,731,1,1685.44
29761,11928,1822,2,4469.53
29762,11928,963,2,577.79
29763,11929,1698,3,2604.56
29764,11929,417,3,622.91
29765,11929,310,1,3134.88
29766,11930,1594,5,2659.84
29767,11931,802,4,1237.78
29768,11931,335,5,3956.9
29769,11932,1511,3,3701.57
29770,11933,1982,1,3589.97
29771,11934,1814,3,2755.18
29772,11934,1807,5,1458.05
29773,11934,388,1,475.38
29774,11934,1214,2,358.12
29775,11935,1647,3,4578.02
29776,11936,1065,2,1577.35
29777,11936,136,1,3242.13
29778,11936,1340,1,1567.91
29779,11936,874,3,4765.46
29780,11937,681,4,2163.86
29781,11938,67,3,4645.47
29782,11939,1134,2,1592.31
29783,11939,1986,4,3350.49
29784,11940,552,2,3735.2
29785,11940,90,3,4686.08
29786,11941,1808,1,3905.23
29787,11942,455,5,3822.19
29788,11943,1533,3,2308.28
29789,11943,1274,5,3944.58
29790,11943,291,2,4094.92
29791,11944,1032,2,1581.31
29792,11944,1477,1,2470.35
29793,11944,832,5,1791.53
29794,11944,1036,5,4112.89
29795,11945,530,2,1905.89
29796,11945,413,2,4118.78
29797,11945,1521,1,4472.71
29798,11946,1409,1,943.24
29799,11946,126,3,2072.3
29800,11946,1066,3,4382.58
29801,11946,91,3,1145.23
29802,11947,1463,4,4311.37
29803,11947,641,4,2560.87
29804,11947,1505,4,4216.31
29805,11947,1866,5,3049.22
29806,11948,1166,3,4725.81
29807,11948,1721,1,3360.92
29808,11948,522,2,3199.65
29809,11948,371,1,1990.52
29810,11949,1341,2,2068.83
29811,11950,1220,3,507.17
29812,11950,227,2,2749.51
29813,11950,854,5,3438.29
29814,11950,1011,5,602.7
29815,11951,388,3,475.38
29816,11952,104,1,1673.81
29817,11953,1312,1,3510.23
29818,11953,495,2,1998.01
29819,11953,1552,5,2043.9
29820,11953,191,3,4047.09
29821,11954,458,2,2007.63
29822,11954,815,1,2099.76
29823,11954,1828,5,3265.59
29824,11955,1254,3,3780.67
29825,11955,1689,4,3446.39
29826,11955,1427,3,2180.98
29827,11956,664,4,1180.71
29828,11956,1860,5,3653.4
29829,11956,1042,3,3030.16
29830,11956,1123,2,577.55
29831,11957,1838,3,504.85
29832,11958,219,2,3160.65
29833,11958,493,2,488.29
29834,11958,463,1,2370.45
29835,11958,1595,4,1676.38
29836,11959,752,5,1856.82
29837,11959,820,4,1886.24
29838,11960,1367,2,289.36
29839,11960,1404,1,1949.35
29840,11960,343,5,1428.48
29841,11961,1035,2,1827.28
29842,11961,86,4,1479.15
29843,11961,1797,4,1642.41
29844,11962,426,4,1966.25
29845,11962,1604,1,622.93
29846,11962,378,2,1121.15
29847,11962,1931,5,2121.67
29848,11963,1869,3,349.95
29849,11964,1336,5,2610.0
29850,11964,1811,5,312.97
29851,11964,1372,4,1110.49
29852,11965,2000,1,849.72
29853,11965,1436,3,4303.05
29854,11965,1216,2,3884.97
29855,11966,1087,3,4472.76
29856,11966,1004,2,3520.85
29857,11966,818,2,1691.29
29858,11966,1595,2,1776.86
29859,11967,203,3,3599.53
29860,11967,402,4,4892.72
29861,11967,1377,1,2370.92
29862,11967,1298,1,1317.79
29863,11968,1845,5,1385.2
29864,11969,1335,1,1474.54
29865,11969,570,2,2071.01
29866,11970,1056,2,151.5
29867,11970,1113,4,1117.82
29868,11970,893,2,108.23
29869,11971,586,5,3086.72
29870,11971,1706,1,3582.05
29871,11972,1803,2,2615.85
29872,11972,1539,5,87.6
29873,11972,1025,4,3234.42
29874,11973,1257,3,3065.38
29875,11973,327,2,1236.95
29876,11973,42,3,4975.48
29877,11973,259,3,3788.75
29878,11974,715,2,1345.17
29879,11974,339,4,2744.38
29880,11974,973,2,1354.77
29881,11975,1040,5,852.31
29882,11975,221,3,1054.07
29883,11975,572,5,3464.96
29884,11975,2,5,1443.35
29885,11976,1745,3,524.94
29886,11976,1400,1,1999.62
29887,11977,1092,1,166.85
29888,11977,1493,4,3781.76
29889,11977,1284,5,1729.22
29890,11977,346,1,1901.86
29891,11978,566,1,3671.74
29892,11979,236,5,3685.93
29893,11979,919,2,3675.52
29894,11980,1205,2,4060.74
29895,11980,495,4,2000.82
29896,11980,458,4,2007.63
29897,11981,1473,4,850.07
29898,11982,1958,5,4221.55
29899,11982,1398,1,1360.3
29900,11983,24,2,4213.26
29901,11983,1544,2,2753.26
29902,11983,604,4,4183.03
29903,11984,133,3,3953.01
29904,11984,683,3,309.77
29905,11985,1337,5,1760.67
29906,11985,1949,4,561.7
29907,11985,806,3,131.42
29908,11985,1368,1,2948.1
29909,11986,1956,3,794.52
29910,11986,806,5,131.42
29911,11987,263,1,4797.79
29912,11988,462,3,2829.04
29913,11989,230,2,923.85
29914,11989,373,2,4531.36
29915,11989,1286,5,791.64
29916,11989,1524,4,4024.26
29917,11990,1673,1,3935.36
29918,11990,486,2,499.57
29919,11991,846,1,3819.23
29920,11992,1974,2,503.16
29921,11993,498,2,450.14
29922,11993,1576,3,3852.85
29923,11993,1925,5,4317.4
29924,11994,454,1,3532.11
29925,11994,869,4,1049.71
29926,11995,792,1,839.44
29927,11996,705,3,4232.36
29928,11996,1850,1,3786.95
29929,11997,918,2,573.02
29930,11997,478,4,207.98
29931,11998,1585,4,4809.42
29932,11999,717,2,1550.32
29933,11999,300,5,2393.53
29934,11999,682,5,4710.39
29935,11999,792,4,839.44
29936,12000,1866,3,3049.22
29937,12000,968,2,967.88
29938,12001,1407,1,3721.74
29939,12001,1557,5,2010.11
29940,12001,636,3,3562.89
29941,12002,346,5,1901.86
29942,12002,95,1,1165.46
29943,12003,1577,3,661.29
29944,12003,1692,5,1836.1
29945,12003,1979,2,1181.46
29946,12004,1394,1,1472.74
29947,12004,1878,5,4003.14
29948,12004,1773,5,2075.06
29949,12005,44,1,3787.46
29950,12006,509,1,3670.29
29951,12006,15,1,1839.9
29952,12006,1995,2,2213.54
29953,12007,1294,1,3397.16
29954,12007,686,4,4311.22
29955,12007,1250,5,740.64
29956,12008,580,3,4091.23
29957,12008,1318,3,3777.95
29958,12008,96,4,4674.1
29959,12009,1409,4,943.24
29960,12009,1382,3,380.75
29961,12009,1974,1,503.16
29962,12010,449,4,530.54
29963,12010,144,5,3945.75
29964,12011,668,4,371.43
29965,12011,1251,4,898.05
29966,12011,456,4,204.74
29967,12011,1499,4,4052.38
29968,12012,89,5,57.0
29969,12012,1501,5,571.27
29970,12012,1481,2,1236.14
29971,12012,1637,1,910.75
29972,12013,792,4,839.44
29973,12013,1857,5,4958.76
29974,12014,1524,5,4529.6
29975,12014,1854,2,4400.58
29976,12014,1528,3,69.45
29977,12014,1768,4,3632.43
29978,12015,228,4,3049.62
29979,12015,1525,2,3157.81
29980,12016,187,4,4624.37
29981,12016,995,4,3117.51
29982,12016,1370,5,1021.39
29983,12017,444,4,3947.87
29984,12017,314,2,2232.66
29985,12017,754,5,1620.48
29986,12018,841,1,2289.2
29987,12018,205,2,4043.35
29988,12019,882,4,2446.15
29989,12019,1250,4,740.64
29990,12019,1352,4,409.65
29991,12020,852,2,51.74
29992,12021,1643,2,2119.22
29993,12021,861,3,3583.46
29994,12022,702,2,3047.87
29995,12022,1452,2,764.05
29996,12022,318,1,4231.08
29997,12022,228,3,2471.66
29998,12023,6,1,518.13
29999,12023,1590,5,3243.77
30000,12023,968,3,967.88
30001,12023,1694,4,3306.81
30002,12024,1242,1,1507.11
30003,12024,181,3,2553.82
30004,12024,256,4,1334.15
30005,12025,913,5,14.23
30006,12025,838,4,1338.62
30007,12026,1127,3,903.31
30008,12027,85,1,1381.91
30009,12027,126,4,2072.3
30010,12027,1991,1,3214.44
30011,12027,528,1,2730.54
30012,12028,652,2,1904.28
30013,12028,485,3,2848.42
30014,12029,893,3,108.23
30015,12029,64,4,2108.49
30016,12029,1930,5,1645.53
30017,12030,1853,1,4032.47
30018,12030,737,5,2378.96
30019,12030,1290,3,121.76
30020,12031,232,5,3389.21
30021,12032,1874,4,1717.54
30022,12033,1939,5,3353.5
30023,12033,31,2,121.17
30024,12033,1165,3,52.94
30025,12033,966,1,406.68
30026,12034,1555,4,3690.58
30027,12034,969,5,1671.27
30028,12034,1045,2,856.74
30029,12034,90,5,4686.08
30030,12035,612,4,3147.96
30031,12035,1900,2,127.02
30032,12036,1203,5,4402.27
30033,12037,1429,4,4518.66
30034,12037,231,5,4228.4
30035,12037,1978,5,1245.27
30036,12037,822,1,2979.71
30037,12038,1696,3,823.22
30038,12038,1353,5,2284.8
30039,12038,1975,5,3658.73
30040,12038,1623,5,4345.73
30041,12039,1331,4,772.13
30042,12040,595,2,2571.36
30043,12041,1872,3,3813.24
30044,12041,1100,5,3708.22
30045,12042,1185,3,4048.07
30046,12042,1981,1,3974.13
30047,12043,965,1,1393.75
30048,12044,1823,1,788.45
30049,12045,1726,3,635.25
30050,12045,99,3,3376.61
30051,12045,1046,1,1159.16
30052,12045,1509,5,1398.09
30053,12046,496,4,2342.32
30054,12046,1531,2,4829.37
30055,12046,42,2,4975.48
30056,12047,1079,5,870.46
30057,12047,591,3,3510.59
30058,12047,1899,2,4450.53
30059,12048,148,1,3104.71
30060,12048,639,2,1637.8
30061,12048,1086,1,3786.85
30062,12049,1302,1,293.22
30063,12049,1191,4,2311.21
30064,12049,1172,5,4339.9
30065,12049,762,5,1843.12
30066,12050,803,2,4544.47
30067,12051,188,4,1686.73
30068,12052,720,3,2189.31
30069,12053,1518,3,1171.72
30070,12053,128,2,4912.65
30071,12053,1429,2,4518.66
30072,12053,1006,2,2255.44
30073,12054,392,3,4147.29
30074,12055,871,5,4608.67
30075,12055,1479,5,620.34
30076,12056,163,1,3241.38
30077,12056,100,3,4670.26
30078,12056,328,4,4328.97
30079,12056,81,5,4873.64
30080,12057,961,4,4383.36
30081,12057,1571,2,3828.97
30082,12058,1391,1,1844.5
30083,12058,810,3,2694.6
30084,12059,1354,5,2081.24
30085,12059,1565,1,3779.56
30086,12059,1576,3,3852.85
30087,12060,1470,5,2622.08
30088,12060,1023,3,3992.43
30089,12060,1762,3,950.9
30090,12061,250,3,449.92
30091,12061,1607,3,2615.57
30092,12061,313,5,391.45
30093,12062,1726,5,635.25
30094,12062,1764,2,2524.19
30095,12062,1549,1,3763.06
30096,12063,700,3,672.29
30097,12063,1406,2,403.83
30098,12063,959,4,1519.27
30099,12064,1569,3,961.57
30100,12065,81,2,4873.64
30101,12065,1401,5,3777.73
30102,12065,225,5,1223.04
30103,12066,961,2,4383.36
30104,12067,817,5,3798.7
30105,12067,1589,1,457.62
30106,12067,1028,1,1569.73
30107,12068,84,5,171.28
30108,12068,1815,2,3436.44
30109,12068,1556,5,1976.36
30110,12068,835,3,824.78
30111,12069,64,3,2594.71
30112,12069,162,2,980.62
30113,12069,370,2,4704.13
30114,12070,520,3,3845.1
30115,12070,1685,2,4430.11
30116,12070,23,4,4610.39
30117,12070,178,1,3699.84
30118,12071,577,3,1148.53
30119,12072,1143,1,4442.33
30120,12073,1547,3,3071.68
30121,12073,1665,2,1781.75
30122,12073,198,4,1266.5
30123,12073,202,4,3151.14
30124,12074,1743,1,982.62
30125,12074,553,1,1791.0
30126,12074,1276,4,4775.49
30127,12074,1803,5,2615.85
30128,12075,1936,1,1517.56
30129,12075,284,3,434.25
30130,12075,1215,3,627.48
30131,12075,551,4,318.01
30132,12076,928,5,3423.28
30133,12076,1025,3,3996.37
30134,12076,1134,5,1592.31
30135,12077,302,2,40.83
30136,12077,486,2,499.57
30137,12078,573,5,1933.49
30138,12078,1684,1,3589.34
30139,12078,703,3,2916.95
30140,12079,1152,3,2407.53
30141,12079,1992,3,531.48
30142,12079,963,2,577.79
30143,12080,1543,3,1601.34
30144,12080,512,3,2081.26
30145,12080,834,3,4957.63
30146,12080,155,5,4802.34
30147,12081,1448,5,3950.08
30148,12081,586,2,3086.72
30149,12081,1571,4,3828.97
30150,12082,555,1,4404.23
30151,12082,1919,1,2728.56
30152,12082,1217,1,778.06
30153,12083,1246,4,456.86
30154,12083,1086,1,4700.28
30155,12083,1472,5,396.71
30156,12084,1240,1,4001.24
30157,12084,1226,4,3502.2
30158,12085,31,4,148.82
30159,12085,497,1,572.94
30160,12085,163,3,3241.38
30161,12085,1142,4,1770.45
30162,12086,429,1,4839.22
30163,12086,1764,2,2524.19
30164,12086,468,5,2222.15
30165,12087,938,4,3148.93
30166,12087,251,3,2579.55
30167,12087,611,1,3903.33
30168,12087,330,2,4858.01
30169,12088,527,2,1149.46
30170,12088,933,4,2246.96
30171,12088,1493,4,3781.76
30172,12088,911,5,3202.05
30173,12089,301,1,1012.97
30174,12090,1829,5,2889.46
30175,12091,10,1,3381.16
30176,12091,1847,1,3422.2
30177,12092,908,5,1720.1
30178,12092,1976,3,2342.72
30179,12093,609,1,1519.93
30180,12093,1446,1,3668.66
30181,12093,728,4,1720.04
30182,12093,1630,4,1099.71
30183,12094,1834,5,3953.74
30184,12094,1458,3,1609.23
30185,12095,185,5,1050.24
30186,12095,647,3,1274.12
30187,12096,1969,5,1715.61
30188,12096,1418,3,203.29
30189,12096,1656,2,1699.76
30190,12097,603,5,901.43
30191,12097,1252,2,204.93
30192,12098,474,1,2019.11
30193,12098,1659,1,479.37
30194,12098,1581,5,2985.72
30195,12098,1035,5,1471.73
30196,12099,1440,1,3589.68
30197,12100,594,1,2929.29
30198,12100,297,2,1853.29
30199,12100,199,3,252.39
30200,12101,1982,2,3589.97
30201,12101,1990,2,4241.52
30202,12101,1845,1,1385.2
30203,12101,489,2,760.82
30204,12102,213,3,161.25
30205,12102,1752,3,3707.7
30206,12103,126,3,2072.3
30207,12103,1305,5,1115.42
30208,12103,782,1,135.1
30209,12103,1218,4,1559.38
30210,12104,638,2,2493.09
30211,12104,739,5,1046.03
30212,12105,196,4,1975.92
30213,12105,1447,2,4186.93
30214,12105,1771,3,3405.76
30215,12106,970,4,1564.11
30216,12106,1298,1,1317.79
30217,12106,96,2,3845.92
30218,12106,1548,3,1570.25
30219,12107,1776,1,867.72
30220,12107,1879,5,938.89
30221,12107,1388,3,1249.41
30222,12108,1344,5,1523.38
30223,12108,633,1,1499.21
30224,12108,1747,4,4211.6
30225,12109,1760,4,4423.07
30226,12109,1517,5,1255.49
30227,12110,182,3,1313.45
30228,12110,1537,1,3391.26
30229,12110,1173,3,3799.31
30230,12110,481,4,976.31
30231,12111,1182,3,3287.43
30232,12111,889,2,1775.25
30233,12112,7,4,4731.63
30234,12113,1932,5,89.95
30235,12113,17,5,4936.1
30236,12114,1982,4,3589.97
30237,12114,1018,2,3930.43
30238,12114,527,3,1149.46
30239,12114,411,1,4984.22
30240,12115,1415,3,2785.3
30241,12115,583,4,2045.43
30242,12116,340,2,3028.53
30243,12116,805,4,287.96
30244,12116,412,4,3557.28
30245,12117,730,3,1887.22
30246,12117,148,2,3104.71
30247,12117,82,3,3981.06
30248,12118,43,1,1212.23
30249,12119,1398,1,1360.3
30250,12120,783,2,41.05
30251,12120,1516,2,4754.42
30252,12120,973,4,1490.81
30253,12120,1791,5,952.04
30254,12121,119,3,3308.25
30255,12121,1652,5,322.31
30256,12121,1162,2,260.62
30257,12122,849,5,2398.69
30258,12122,1422,2,1430.68
30259,12123,1612,1,1478.67
30260,12123,1051,4,1535.78
30261,12124,1273,1,2352.87
30262,12125,1551,3,2299.4
30263,12125,92,5,4458.7
30264,12125,689,3,42.67
30265,12125,75,1,41.6
30266,12126,1741,2,1288.8
30267,12127,722,3,3066.52
30268,12127,1090,5,3677.27
30269,12127,1958,3,4221.55
30270,12128,1665,1,1975.67
30271,12129,1819,5,118.88
30272,12130,1266,4,501.14
30273,12130,135,3,4248.92
30274,12130,87,5,2258.88
30275,12130,1165,1,56.96
30276,12131,762,2,2037.05
30277,12131,1208,2,2828.12
30278,12131,1686,5,456.49
30279,12132,847,3,1874.39
30280,12132,1369,4,1107.42
30281,12132,273,1,2698.03
30282,12132,118,5,4784.56
30283,12133,1684,4,3589.34
30284,12133,522,3,3199.65
30285,12134,169,1,1877.04
30286,12134,1510,4,1245.69
30287,12134,527,1,963.41
30288,12135,1415,5,3433.14
30289,12135,1321,2,1145.46
30290,12135,322,1,1128.18
30291,12136,726,1,1200.86
30292,12136,1366,5,2996.96
30293,12136,584,4,1765.65
30294,12136,1216,4,3675.82
30295,12137,267,1,1827.23
30296,12137,704,2,4838.98
30297,12137,227,3,3165.38
30298,12138,741,3,3043.25
30299,12139,942,3,4334.82
30300,12139,597,4,513.89
30301,12140,1878,5,4003.14
30302,12140,1087,3,4472.76
30303,12140,1978,4,1245.27
30304,12140,1027,4,1879.49
30305,12141,50,4,2406.36
30306,12141,1292,3,4546.08
30307,12141,615,1,3537.88
30308,12142,1242,1,1507.11
30309,12142,829,5,2028.46
30310,12142,64,4,2594.71
30311,12143,1926,5,3156.81
30312,12143,351,4,781.08
30313,12143,108,1,2841.42
30314,12143,1937,3,2540.27
30315,12144,1905,1,3031.02
30316,12145,1304,3,2267.28
30317,12145,1772,2,4036.96
30318,12146,1673,2,3935.36
30319,12146,1321,2,1145.46
30320,12147,67,1,4645.47
30321,12147,1137,1,1821.42
30322,12148,190,2,845.16
30323,12148,508,4,4905.99
30324,12149,133,2,3953.01
30325,12149,1635,5,4839.97
30326,12149,730,3,1887.22
30327,12150,1195,2,69.7
30328,12150,774,5,424.3
30329,12150,606,2,4515.64
30330,12151,593,5,1356.01
30331,12151,1940,3,4375.64
30332,12151,1935,1,4879.73
30333,12152,1058,1,3366.31
30334,12153,1470,5,2622.08
30335,12154,1100,2,3708.22
30336,12154,396,4,2432.47
30337,12154,19,3,4954.02
30338,12155,1140,1,143.75
30339,12155,721,1,93.68
30340,12155,1781,1,2340.2
30341,12156,1939,4,2691.46
30342,12156,1809,3,1631.51
30343,12156,958,1,786.16
30344,12156,1780,2,1696.82
30345,12157,729,2,2690.86
30346,12157,384,5,2813.82
30347,12157,1516,3,4299.65
30348,12157,605,1,324.29
30349,12158,1853,1,4612.68
30350,12159,29,1,4104.81
30351,12159,934,2,3262.71
30352,12160,1579,1,1271.12
30353,12160,1316,5,1220.32
30354,12161,998,2,4107.24
30355,12161,923,4,1148.79
30356,12161,264,3,3080.46
30357,12162,1045,2,973.47
30358,12162,768,1,2222.8
30359,12162,992,4,2667.66
30360,12162,1537,2,3391.26
30361,12163,1354,2,2081.24
30362,12163,801,2,1243.14
30363,12163,807,1,4677.52
30364,12163,955,1,1814.34
30365,12164,1693,1,1705.8
30366,12165,921,1,675.91
30367,12165,772,1,3110.2
30368,12165,1526,4,2734.98
30369,12165,1116,3,4568.6
30370,12166,1201,5,3391.7
30371,12166,618,3,3436.62
30372,12166,310,4,3134.88
30373,12167,1697,4,2034.38
30374,12167,210,2,1176.68
30375,12167,1939,2,3353.5
30376,12168,283,1,3371.58
30377,12168,1181,5,4508.43
30378,12168,1773,5,2075.06
30379,12169,591,4,3510.59
30380,12170,298,3,3203.67
30381,12170,1082,5,2810.46
30382,12171,1311,1,4424.0
30383,12171,65,1,2276.38
30384,12171,107,2,3963.87
30385,12171,1936,5,1780.81
30386,12172,598,5,298.55
30387,12172,1957,4,645.67
30388,12172,1748,5,681.78
30389,12173,143,3,2926.5
30390,12173,471,5,1914.7
30391,12173,1633,4,3984.45
30392,12174,1003,1,3826.98
30393,12174,1849,2,177.28
30394,12175,671,1,4268.05
30395,12175,641,5,2560.87
30396,12176,1874,2,2038.67
30397,12176,1347,4,4310.65
30398,12177,1812,1,3787.64
30399,12177,1294,2,2796.3
30400,12177,1384,4,4008.42
30401,12177,1388,3,1427.84
30402,12178,877,3,4109.42
30403,12178,730,2,1740.41
30404,12179,1626,3,3411.47
30405,12179,1551,5,2171.34
30406,12179,1213,3,2208.1
30407,12179,235,4,217.55
30408,12180,617,2,131.45
30409,12180,893,2,108.23
30410,12181,910,3,1668.52
30411,12181,691,5,1582.01
30412,12182,1991,3,3214.44
30413,12182,833,4,923.62
30414,12182,1108,1,2255.24
30415,12182,1571,3,3273.88
30416,12183,298,2,3203.67
30417,12183,236,1,3685.93
30418,12183,1607,2,2615.57
30419,12184,352,2,499.9
30420,12184,1155,4,2298.98
30421,12184,84,2,182.72
30422,12184,1556,3,1737.47
30423,12185,506,5,4793.43
30424,12186,1427,2,2180.98
30425,12186,1308,4,3851.02
30426,12186,112,4,349.02
30427,12187,826,1,2668.7
30428,12187,316,1,4165.3
30429,12187,1446,2,3668.66
30430,12187,608,4,2247.3
30431,12188,82,3,3917.48
30432,12188,1012,5,1232.66
30433,12189,1197,2,3064.29
30434,12189,984,1,3382.2
30435,12190,383,2,1839.51
30436,12190,1570,4,4336.23
30437,12190,1999,5,2205.49
30438,12191,1907,3,431.07
30439,12191,935,1,1506.93
30440,12192,1022,2,851.96
30441,12192,1359,5,3802.52
30442,12192,1544,3,2206.81
30443,12193,1845,2,1385.2
30444,12193,1492,5,1582.22
30445,12193,464,3,4246.39
30446,12193,1783,3,2181.97
30447,12194,329,2,4348.31
30448,12194,867,2,390.65
30449,12195,1136,5,1741.7
30450,12195,271,2,4144.82
30451,12195,738,4,4721.08
30452,12196,189,1,2961.0
30453,12196,1492,3,1582.22
30454,12196,1826,2,64.33
30455,12197,1955,1,1704.13
30456,12197,1110,5,81.81
30457,12197,880,2,4537.46
30458,12197,1516,1,4754.42
30459,12198,1472,4,343.43
30460,12198,837,3,1892.82
30461,12199,680,1,3366.64
30462,12199,1836,5,675.74
30463,12199,477,5,4282.31
30464,12199,1830,5,1471.07
30465,12200,317,2,2700.01
30466,12200,1084,5,2561.27
30467,12200,1196,2,571.04
30468,12201,453,4,3995.13
30469,12201,1642,1,2231.42
30470,12201,1295,3,4824.7
30471,12201,491,1,4756.43
30472,12202,783,5,41.05
30473,12202,40,2,3927.95
30474,12203,1947,3,1548.15
30475,12203,1384,5,4380.18
30476,12203,1380,3,3404.87
30477,12203,1668,4,2113.51
30478,12204,1722,2,241.42
30479,12205,1438,1,2709.98
30480,12206,598,4,298.55
30481,12207,1208,4,2828.12
30482,12207,1379,1,1823.96
30483,12208,1805,5,2631.43
30484,12209,541,5,1696.04
30485,12209,500,1,1122.63
30486,12209,1303,2,68.4
30487,12209,623,5,4260.78
30488,12210,614,4,1652.79
30489,12210,998,5,3708.92
30490,12210,1443,1,1269.16
30491,12211,1064,2,891.81
30492,12211,1651,3,1559.53
30493,12211,333,4,4209.31
30494,12211,855,5,3214.76
30495,12212,1513,3,4133.12
30496,12212,281,2,4959.48
30497,12212,255,1,488.71
30498,12213,357,3,1811.46
30499,12213,567,1,4374.21
30500,12213,228,5,3049.62
30501,12214,1046,1,1159.16
30502,12214,1941,2,4341.05
30503,12214,1500,3,4223.34
30504,12215,429,2,4839.22
30505,12215,1070,4,1289.86
30506,12215,1757,4,4010.7
30507,12216,1826,2,64.33
30508,12217,1389,5,1904.68
30509,12217,1579,2,1271.12
30510,12217,821,1,1562.15
30511,12217,394,2,2677.79
30512,12218,441,4,4307.7
30513,12218,1755,3,1548.24
30514,12218,181,2,2107.0
30515,12218,1872,5,3813.24
30516,12219,353,5,3480.85
30517,12219,606,4,4515.64
30518,12219,971,4,3736.08
30519,12220,91,2,1342.66
30520,12220,1569,2,961.57
30521,12221,1955,2,1704.13
30522,12221,1364,5,1963.35
30523,12221,1137,2,1821.42
30524,12222,549,5,430.86
30525,12222,1984,3,808.92
30526,12223,1552,5,2043.9
30527,12224,1914,4,1975.44
30528,12225,981,2,355.18
30529,12225,1216,1,3884.97
30530,12225,1637,2,756.49
30531,12226,1792,5,4989.28
30532,12226,704,3,4370.6
30533,12226,433,3,4118.38
30534,12227,754,5,1620.48
30535,12228,629,4,2833.81
30536,12228,329,3,4348.31
30537,12229,135,1,4248.92
30538,12229,1912,1,3849.66
30539,12230,1231,5,679.89
30540,12230,230,2,1092.51
30541,12231,1995,3,2213.54
30542,12232,1660,2,167.07
30543,12232,1040,4,852.31
30544,12232,906,5,1703.31
30545,12233,584,3,1765.65
30546,12234,433,4,4118.38
30547,12235,306,1,2895.92
30548,12235,589,2,67.26
30549,12236,153,3,3801.02
30550,12237,766,1,3588.86
30551,12237,1420,5,3488.14
30552,12238,309,4,494.89
30553,12239,313,5,426.85
30554,12239,1625,3,2389.16
30555,12240,1762,4,950.9
30556,12240,1684,3,3589.34
30557,12240,1179,5,1931.5
30558,12241,1919,4,2728.56
30559,12241,762,4,2037.05
30560,12241,475,4,1896.36
30561,12241,399,3,935.5
30562,12242,1925,1,4695.17
30563,12242,1177,2,3460.99
30564,12242,151,2,4997.17
30565,12243,10,5,3381.16
30566,12243,1886,3,2439.86
30567,12243,1405,2,894.37
30568,12244,1681,2,1516.38
30569,12244,272,5,3498.52
30570,12244,1586,1,3336.1
30571,12244,241,1,3425.75
30572,12245,1843,3,4261.48
30573,12245,1556,2,1976.36
30574,12246,1516,1,4754.42
30575,12246,885,2,2122.71
30576,12247,1966,1,4882.44
30577,12247,1260,5,3252.12
30578,12247,1350,3,3281.89
30579,12247,120,1,474.18
30580,12248,1620,5,3666.74
30581,12249,1273,1,2490.93
30582,12250,376,3,1259.29
30583,12250,412,1,3557.28
30584,12251,93,3,579.98
30585,12252,249,5,3887.05
30586,12252,459,5,2672.36
30587,12252,638,4,2206.56
30588,12253,1514,2,2635.17
30589,12254,1929,3,3451.12
30590,12254,77,4,2924.08
30591,12254,61,3,3122.29
30592,12254,1512,1,3381.05
30593,12255,1561,4,3676.19
30594,12255,226,1,1054.31
30595,12255,88,3,780.41
30596,12256,832,5,1791.53
30597,12256,769,5,4199.98
30598,12256,1560,3,1396.92
30599,12256,704,2,4838.98
30600,12257,241,3,3176.14
30601,12258,1711,5,3091.29
30602,12258,981,5,355.18
30603,12259,991,2,4617.12
30604,12259,1823,4,788.45
30605,12259,865,3,2455.86
30606,12259,815,4,2166.48
30607,12260,1075,5,1297.7
30608,12260,1432,5,3804.94
30609,12261,875,4,593.63
30610,12261,1521,3,4087.44
30611,12261,402,4,4892.72
30612,12262,724,3,3238.66
30613,12263,1427,5,2180.98
30614,12264,211,1,2753.06
30615,12265,1189,1,1492.95
30616,12265,1505,3,4216.31
30617,12265,1058,3,3366.31
30618,12265,599,5,4935.59
30619,12266,46,3,1485.51
30620,12266,1947,1,1468.44
30621,12266,804,4,3811.41
30622,12266,1218,3,1559.38
30623,12267,1299,1,4280.63
30624,12267,1278,1,4786.26
30625,12267,526,1,1644.34
30626,12268,1649,1,3713.09
30627,12269,1430,5,1605.91
30628,12270,708,1,3845.82
30629,12270,1794,2,4943.5
30630,12270,934,4,2903.07
30631,12271,1559,2,1497.62
30632,12271,1137,3,1624.78
30633,12272,1327,5,975.37
30634,12272,1037,4,1567.44
30635,12273,1540,4,3898.12
30636,12273,1363,2,1157.42
30637,12273,578,4,2683.55
30638,12273,187,2,4624.37
30639,12274,325,1,778.82
30640,12274,1577,4,661.29
30641,12274,1271,5,1820.81
30642,12274,1998,3,3150.4
30643,12275,1060,5,1164.24
30644,12276,1063,3,3065.86
30645,12276,6,3,518.13
30646,12276,235,3,217.55
30647,12277,857,2,1674.64
30648,12277,784,4,2566.81
30649,12278,1450,1,4048.3
30650,12278,385,2,4309.91
30651,12278,63,2,908.21
30652,12279,281,5,4959.48
30653,12279,1002,3,2066.46
30654,12280,1484,2,749.5
30655,12281,1378,4,2457.97
30656,12281,1850,2,3786.95
30657,12282,736,4,3374.71
30658,12282,669,3,3129.58
30659,12283,778,5,1884.21
30660,12284,1541,2,482.43
30661,12284,1721,1,3360.92
30662,12285,1853,3,4118.34
30663,12286,736,3,3374.71
30664,12286,1335,4,1474.54
30665,12287,1141,4,246.86
30666,12287,485,2,2848.42
30667,12287,238,2,3156.13
30668,12287,1478,4,3059.94
30669,12288,229,5,554.15
30670,12288,965,4,1691.03
30671,12289,798,5,4170.48
30672,12289,1266,2,501.14
30673,12290,1319,2,408.6
30674,12290,1338,1,2432.88
30675,12290,1821,1,4780.59
30676,12290,515,4,4014.55
30677,12291,1450,1,4048.3
30678,12291,1820,4,1295.41
30679,12291,876,2,4735.67
30680,12291,1028,1,1758.23
30681,12292,412,4,3557.28
30682,12293,1160,1,1408.95
30683,12293,1852,5,568.41
30684,12294,100,3,4670.26
30685,12294,931,2,4468.44
30686,12294,952,1,2232.98
30687,12295,1744,3,1621.05
30688,12296,158,2,3068.08
30689,12297,606,1,4515.64
30690,12298,654,2,74.1
30691,12298,156,3,114.68
30692,12298,1668,1,1978.82
30693,12299,788,1,3906.47
30694,12299,1712,4,3108.47
30695,12300,42,2,4975.48
30696,12300,1360,4,2996.1
30697,12301,1425,1,2840.04
30698,12301,217,2,657.68
30699,12301,701,5,2326.65
30700,12301,1332,4,2934.88
30701,12302,796,4,4016.74
30702,12302,361,2,102.54
30703,12303,596,3,1231.48
30704,12303,1419,1,2348.86
30705,12304,1994,2,2869.43
30706,12304,531,2,929.68
30707,12304,67,3,4007.59
30708,12304,329,5,4348.31
30709,12305,64,4,2594.71
30710,12305,1471,4,1253.11
30711,12305,939,3,144.76
30712,12305,93,4,683.08
30713,12306,165,1,3913.37
30714,12306,408,4,4940.48
30715,12306,759,5,3282.71
30716,12307,1066,5,4063.03
30717,12307,1990,5,3874.12
30718,12308,623,3,4260.78
30719,12308,1490,5,4644.16
30720,12309,1906,2,2799.16
30721,12309,1312,4,3149.54
30722,12310,1092,2,166.85
30723,12310,789,4,1432.18
30724,12311,1920,5,2497.61
30725,12311,795,3,1635.62
30726,12312,683,3,311.07
30727,12312,1275,1,1634.7
30728,12312,1069,5,4673.4
30729,12313,1775,5,3513.61
30730,12313,644,3,1244.88
30731,12314,1449,1,1200.25
30732,12315,1168,1,3342.38
30733,12315,1129,3,3813.03
30734,12316,1035,3,1827.28
30735,12316,1787,4,3167.15
30736,12316,319,4,684.29
30737,12317,1485,2,596.52
30738,12317,954,4,3655.0
30739,12317,570,3,2071.01
30740,12318,708,1,4775.63
30741,12318,23,4,3913.43
30742,12319,858,5,4288.06
30743,12319,458,3,2007.63
30744,12319,1826,2,64.33
30745,12320,473,1,4766.17
30746,12320,1867,5,2124.89
30747,12320,620,4,2983.14
30748,12321,1314,5,2783.43
30749,12321,1930,3,1645.53
30750,12321,215,1,1855.51
30751,12321,405,5,2282.13
30752,12322,650,4,2104.28
30753,12322,1192,2,4478.16
30754,12323,795,5,2034.25
30755,12323,1169,5,469.06
30756,12323,1164,3,2226.51
30757,12324,1203,3,4402.27
30758,12325,428,3,3846.93
30759,12325,736,2,3374.71
30760,12326,1579,1,1271.12
30761,12326,474,5,2019.11
30762,12327,600,2,1557.53
30763,12327,1686,4,456.49
30764,12327,1015,1,2805.41
30765,12327,830,1,1158.94
30766,12328,749,2,3005.85
30767,12328,720,2,2189.31
30768,12328,880,2,4537.46
30769,12328,155,3,4802.34
30770,12329,1864,3,4244.91
30771,12329,1870,5,2175.99
30772,12329,165,3,3913.37
30773,12329,987,3,4441.98
30774,12330,120,3,474.18
30775,12330,1768,2,3632.43
30776,12330,1340,3,1567.91
30777,12330,1590,3,3842.98
30778,12331,1899,2,4748.11
30779,12331,709,3,1640.85
30780,12332,1793,5,2856.61
30781,12332,818,4,1485.9
30782,12332,1438,2,3162.42
30783,12333,296,2,2266.44
30784,12334,1875,5,889.15
30785,12335,1218,2,1559.38
30786,12335,916,3,4904.69
30787,12336,111,5,1765.05
30788,12337,423,3,1441.03
30789,12337,1369,5,1107.42
30790,12337,1249,3,4030.19
30791,12337,707,1,1194.29
30792,12338,1971,2,3384.04
30793,12339,1725,3,4530.18
30794,12339,400,4,2808.68
30795,12339,1640,1,3228.09
30796,12339,929,2,3931.07
30797,12340,452,4,3867.18
30798,12340,260,3,60.74
30799,12340,188,1,1686.73
30800,12341,1868,4,2512.3
30801,12342,1894,4,3730.4
30802,12343,37,3,3285.39
30803,12343,1627,3,4087.67
30804,12343,1743,4,826.63
30805,12343,521,3,2682.3
30806,12344,1586,5,3665.89
30807,12345,672,5,2422.67
30808,12345,1752,2,3226.15
30809,12346,1766,1,2112.18
30810,12346,1648,4,3422.81
30811,12346,958,1,786.16
30812,12347,655,1,120.85
30813,12348,84,2,182.72
30814,12348,699,2,4601.64
30815,12349,620,5,2983.14
30816,12350,701,3,2326.65
30817,12350,141,3,1474.45
30818,12350,296,2,2090.34
30819,12351,537,3,4518.79
30820,12352,1972,5,3820.8
30821,12353,1461,1,3052.71
30822,12353,1850,4,3153.45
30823,12353,1734,3,2521.97
30824,12354,1109,3,482.64
30825,12354,1971,4,2974.11
30826,12355,1208,4,2828.12
30827,12356,1774,1,827.58
30828,12356,1870,4,2326.9
30829,12357,64,5,2594.71
30830,12357,1768,2,2946.26
30831,12357,1492,5,1582.22
30832,12357,1462,2,2973.29
30833,12358,515,3,4246.45
30834,12358,1768,3,3632.43
30835,12358,514,1,755.11
30836,12359,1315,4,3808.34
30837,12359,488,5,1567.45
30838,12359,1066,3,4382.58
30839,12359,734,5,2141.13
30840,12360,1526,1,2734.98
30841,12360,283,3,3371.58
30842,12360,1001,2,2482.85
30843,12361,1428,1,1023.73
30844,12361,961,5,4383.36
30845,12362,1902,5,171.38
30846,12362,1093,3,3916.92
30847,12363,59,1,3151.73
30848,12363,1014,2,2413.88
30849,12363,1812,4,3787.64
30850,12364,1940,1,4375.64
30851,12364,540,3,635.0
30852,12364,1504,4,4467.93
30853,12364,520,1,3845.1
30854,12365,622,3,1553.69
30855,12365,692,4,4384.96
30856,12365,1696,2,979.19
30857,12366,1798,2,3519.52
30858,12366,675,4,822.26
30859,12367,1410,4,3888.52
30860,12367,1290,3,121.76
30861,12368,1040,5,852.31
30862,12368,552,1,3735.2
30863,12368,1701,3,3196.88
30864,12368,296,3,2266.44
30865,12369,1242,5,1507.11
30866,12369,198,1,1037.18
30867,12370,1951,1,1435.17
30868,12370,769,4,3531.91
30869,12371,1348,2,219.33
30870,12372,1209,5,1827.1
30871,12372,241,5,3425.75
30872,12373,737,2,2378.96
30873,12374,560,3,3783.25
30874,12374,1732,1,2354.17
30875,12374,1335,5,1474.54
30876,12374,1271,2,1820.81
30877,12375,148,5,3104.71
30878,12376,1242,1,1507.11
30879,12376,975,4,2088.67
30880,12376,1746,3,3623.92
30881,12376,1529,3,1524.47
30882,12377,1996,5,1437.31
30883,12377,1507,1,462.18
30884,12378,1673,1,3346.81
30885,12378,66,2,461.64
30886,12378,82,1,4492.0
30887,12378,1184,1,2884.13
30888,12379,866,4,865.2
30889,12379,1501,3,571.27
30890,12379,1935,5,4879.73
30891,12380,570,2,2071.01
30892,12380,508,5,4905.99
30893,12381,547,3,2542.66
30894,12381,555,5,4404.23
30895,12381,494,3,2644.3
30896,12381,1090,3,3677.27
30897,12382,1682,3,1511.73
30898,12383,1890,3,1462.22
30899,12383,1407,3,3721.74
30900,12384,1744,2,1621.05
30901,12384,687,1,343.32
30902,12385,659,3,1295.32
30903,12385,283,1,3371.58
30904,12385,673,2,2680.62
30905,12386,740,5,618.13
30906,12386,719,1,4251.26
30907,12386,1870,5,2326.9
30908,12386,516,2,2735.29
30909,12387,1107,5,1686.83
30910,12387,1863,5,3925.47
30911,12387,62,2,2749.57
30912,12388,88,3,903.79
30913,12388,1008,3,3281.27
30914,12388,375,4,1464.53
30915,12388,993,1,29.01
30916,12389,1097,3,442.45
30917,12389,775,4,1412.36
30918,12390,1259,5,338.22
30919,12390,1447,1,4186.93
30920,12391,1109,3,482.64
30921,12391,865,2,2011.04
30922,12391,1335,3,1359.8
30923,12391,312,5,1267.23
30924,12392,1833,1,3938.2
30925,12392,1915,1,2547.63
30926,12392,1976,4,2781.03
30927,12392,482,1,2685.86
30928,12393,1301,2,2911.31
30929,12394,420,5,1799.73
30930,12394,1993,3,4752.51
30931,12394,1846,4,590.56
30932,12395,543,3,543.77
30933,12395,1089,1,4868.96
30934,12396,1843,3,4261.48
30935,12396,539,3,4274.76
30936,12397,1924,1,2363.74
30937,12397,1112,1,3334.7
30938,12397,1675,3,4618.9
30939,12397,222,2,4379.2
30940,12398,146,2,2306.98
30941,12398,610,3,2298.27
30942,12398,746,2,4857.48
30943,12399,1954,3,4409.84
30944,12400,1565,5,3779.56
30945,12400,1502,5,1662.88
30946,12401,1279,4,2423.46
30947,12401,850,1,34.16
30948,12401,554,3,4495.61
30949,12401,896,3,123.66
30950,12402,1666,3,1107.86
30951,12402,1342,3,2958.39
30952,12403,1259,3,304.93
30953,12404,1107,4,1534.63
30954,12404,1348,4,219.33
30955,12405,1284,3,1729.22
30956,12405,1138,4,2305.56
30957,12406,1039,5,1550.6
30958,12406,1263,2,2295.53
30959,12406,562,1,3206.23
30960,12407,1477,3,2103.5
30961,12407,392,5,4147.29
30962,12407,1810,3,1849.5
30963,12408,979,2,2037.26
30964,12408,545,2,2788.18
30965,12408,1123,5,506.65
30966,12409,1476,1,2709.79
30967,12409,14,2,2641.22
30968,12409,1707,3,341.01
30969,12410,1858,5,4696.05
30970,12410,510,4,2677.13
30971,12410,512,1,2081.26
30972,12410,460,5,4443.01
30973,12411,1507,2,526.19
30974,12412,1867,5,2289.03
30975,12412,1803,1,2615.85
30976,12412,408,4,4546.41
30977,12413,1199,2,2390.17
30978,12413,723,4,2989.89
30979,12414,88,1,769.82
30980,12415,1153,2,1838.8
30981,12415,1523,5,118.31
30982,12415,249,3,3887.05
30983,12415,1501,3,571.27
30984,12416,1728,2,2701.66
30985,12416,755,4,3263.47
30986,12417,1454,3,869.09
30987,12417,1003,5,4496.47
30988,12417,1320,2,1037.96
30989,12418,1666,3,1107.86
30990,12419,1707,3,341.01
30991,12420,945,1,1531.98
30992,12420,1349,3,491.69
30993,12421,684,3,2609.45
30994,12421,538,1,2135.71
30995,12421,1856,5,1532.93
30996,12421,1380,4,3721.35
30997,12422,720,2,2189.31
30998,12422,240,3,431.39
30999,12422,1686,2,456.49
31000,12422,1450,3,4048.3
31001,12423,272,3,3016.16
31002,12424,1860,1,3653.4
31003,12425,1325,4,150.07
31004,12426,570,5,2071.01
31005,12426,1348,2,219.33
31006,12427,88,3,903.79
31007,12427,1838,1,453.66
31008,12427,1742,1,1911.55
31009,12428,971,5,3206.35
31010,12428,976,3,1872.2
31011,12428,886,3,1634.05
31012,12428,1572,2,1768.61
31013,12429,1422,3,1430.68
31014,12430,401,3,1206.22
31015,12430,1018,2,4205.74
31016,12430,633,4,1499.21
31017,12430,1162,5,260.62
31018,12431,1385,2,3672.34
31019,12431,773,3,1551.94
31020,12432,800,1,1809.64
31021,12432,1486,3,2349.15
31022,12432,237,1,1615.24
31023,12433,1375,3,3905.71
31024,12433,1529,1,1524.47
31025,12433,1488,3,1662.93
31026,12433,1332,2,2934.88
31027,12434,1906,2,2799.16
31028,12434,1097,3,498.95
31029,12434,1200,5,3109.39
31030,12435,1321,3,1145.46
31031,12435,112,1,373.87
31032,12435,370,1,4704.13
31033,12435,1444,5,4381.89
31034,12436,1164,4,2226.51
31035,12436,1032,4,1677.99
31036,12437,311,1,4257.7
31037,12437,1543,1,1601.34
31038,12437,860,3,421.6
31039,12438,833,2,923.62
31040,12438,721,3,93.68
31041,12439,1428,5,871.33
31042,12439,1737,5,3036.92
31043,12439,835,4,824.78
31044,12440,868,2,991.31
31045,12440,1439,5,3485.23
31046,12440,888,3,108.46
31047,12441,596,1,1231.48
31048,12441,62,1,3329.9
31049,12441,435,5,2114.92
31050,12441,1428,5,1023.73
31051,12442,473,1,4339.84
31052,12442,1994,1,3216.2
31053,12443,388,4,475.38
31054,12443,167,5,2333.92
31055,12443,1601,4,1249.57
31056,12443,1278,3,4786.26
31057,12444,612,5,3147.96
31058,12444,1271,1,1820.81
31059,12444,577,3,1148.53
31060,12445,1402,1,1111.29
31061,12445,516,1,3120.54
31062,12446,1001,1,2482.85
31063,12446,1615,2,2853.97
31064,12446,1789,2,2544.6
31065,12447,306,4,2895.92
31066,12447,1754,4,946.78
31067,12447,323,3,2622.74
31068,12448,1340,2,1567.91
31069,12448,1866,2,3049.22
31070,12448,636,2,3562.89
31071,12448,505,2,1492.63
31072,12449,336,1,2584.15
31073,12449,314,2,2232.66
31074,12449,193,2,4643.63
31075,12449,1475,4,4831.22
31076,12450,479,2,1787.96
31077,12451,1770,4,3631.56
31078,12451,1198,5,3978.52
31079,12452,782,4,147.88
31080,12453,1265,1,2890.04
31081,12453,579,1,3398.32
31082,12454,251,5,2748.09
31083,12454,401,2,1089.31
31084,12454,128,1,4525.17
31085,12454,115,5,4104.14
31086,12455,1108,4,2593.33
31087,12455,1368,4,2488.45
31088,12456,1185,4,4048.07
31089,12457,32,5,3938.64
31090,12458,1571,4,3828.97
31091,12458,384,5,2813.82
31092,12458,477,2,4006.5
31093,12458,697,2,1310.25
31094,12459,183,1,2951.85
31095,12459,1757,3,4010.7
31096,12459,1442,5,1875.57
31097,12459,1730,3,1575.07
31098,12460,1583,5,3561.74
31099,12461,1963,3,634.28
31100,12461,1291,5,1661.86
31101,12461,882,1,2446.15
31102,12462,1707,4,341.01
31103,12463,1579,3,1271.12
31104,12463,401,5,1294.78
31105,12464,103,4,4739.24
31106,12464,1006,2,2255.44
31107,12464,1204,1,4118.68
31108,12464,1607,5,2615.57
31109,12465,613,2,1466.76
31110,12465,1144,2,4456.58
31111,12465,585,1,3752.12
31112,12465,678,5,3742.53
31113,12466,1320,1,1133.36
31114,12466,64,4,2594.71
31115,12466,1402,2,1111.29
31116,12466,409,1,284.25
31117,12467,1354,3,2081.24
31118,12467,984,1,3382.2
31119,12467,1981,3,3974.13
31120,12468,1701,2,3196.88
31121,12468,1171,4,3620.47
31122,12469,1629,4,844.45
31123,12469,1233,2,3785.82
31124,12469,1363,5,1157.42
31125,12469,312,2,1267.23
31126,12470,1187,4,2901.31
31127,12470,784,3,2566.81
31128,12471,247,4,2715.6
31129,12472,1855,1,3510.07
31130,12473,1173,5,3493.61
31131,12473,213,2,161.25
31132,12474,1707,5,341.01
31133,12474,1245,5,85.12
31134,12474,282,1,614.76
31135,12475,1082,3,2810.46
31136,12476,1259,4,338.22
31137,12476,1739,5,3309.92
31138,12477,257,1,454.34
31139,12477,936,4,1664.96
31140,12477,92,4,4458.7
31141,12478,263,5,4422.85
31142,12478,1064,3,832.05
31143,12479,1471,1,1253.11
31144,12480,1985,1,4565.54
31145,12480,1457,3,1223.09
31146,12480,539,2,4274.76
31147,12481,1747,5,4211.6
31148,12482,194,2,85.23
31149,12482,1365,5,782.66
31150,12482,655,3,120.85
31151,12483,1143,1,3919.17
31152,12483,1007,1,1616.3
31153,12484,185,5,1050.24
31154,12484,1565,4,3779.56
31155,12485,897,3,2363.4
31156,12486,28,4,4654.11
31157,12486,1790,5,4394.84
31158,12487,80,1,3663.41
31159,12488,1830,1,1574.79
31160,12488,112,3,373.87
31161,12488,310,2,2777.54
31162,12489,1857,4,4958.76
31163,12489,1234,1,552.76
31164,12490,1483,3,3237.23
31165,12490,1642,5,2231.42
31166,12491,657,1,1698.74
31167,12492,1624,3,1510.22
31168,12492,1674,2,4014.42
31169,12493,657,5,1611.21
31170,12493,1552,3,2043.9
31171,12494,1102,3,4297.06
31172,12494,1571,2,3232.51
31173,12494,1552,4,2043.9
31174,12495,1469,1,830.75
31175,12496,1700,1,54.4
31176,12497,525,2,585.54
31177,12497,841,5,2484.52
31178,12497,1449,5,1200.25
31179,12498,802,1,1237.78
31180,12498,590,4,2350.34
31181,12499,709,1,1968.3
31182,12499,996,2,2795.3
31183,12499,371,5,1990.52
31184,12499,779,3,86.06
31185,12500,734,3,1782.15
31186,12500,639,1,1959.67
31187,12500,1463,3,4311.37
31188,12501,1547,3,3071.68
31189,12501,551,1,318.01
31190,12502,108,5,2841.42
31191,12502,528,4,2730.54
31192,12503,1255,2,3780.37
31193,12503,801,2,1030.38
31194,12504,1974,3,503.16
31195,12504,816,3,1247.53
31196,12505,1213,3,2208.1
31197,12505,1098,2,4970.86
31198,12505,1303,5,68.4
31199,12505,383,4,1839.51
31200,12506,1152,5,2407.53
31201,12506,66,2,461.64
31202,12507,986,1,4768.2
31203,12508,422,2,3551.95
31204,12508,471,1,1646.12
31205,12509,23,2,4610.39
31206,12509,558,2,132.2
31207,12509,1069,4,4519.56
31208,12509,220,2,1249.72
31209,12510,764,3,2226.69
31210,12511,1066,1,4382.58
31211,12512,1459,4,2168.65
31212,12512,1603,4,774.75
31213,12513,357,4,1811.46
31214,12513,251,1,2748.09
31215,12514,1348,5,175.89
31216,12514,1086,3,4700.28
31217,12514,1028,2,1758.23
31218,12515,583,2,2344.29
31219,12515,1612,3,1478.67
31220,12515,1721,4,3360.92
31221,12515,1734,4,2831.8
31222,12516,448,2,1305.83
31223,12516,1647,4,3871.84
31224,12517,388,1,427.23
31225,12517,1817,1,3240.09
31226,12517,1524,4,3990.35
31227,12517,1576,4,3852.85
31228,12518,1192,4,4478.16
31229,12518,681,3,1990.84
31230,12518,309,1,494.89
31231,12518,1097,5,501.72
31232,12519,542,4,3481.44
31233,12519,1083,1,2480.07
31234,12519,1720,3,1338.58
31235,12520,243,4,2564.96
31236,12520,133,4,3953.01
31237,12520,370,2,3839.6
31238,12521,845,5,3987.21
31239,12521,939,2,161.24
31240,12522,632,2,2090.66
31241,12522,1490,1,4326.88
31242,12523,961,5,4383.36
31243,12524,455,4,3822.19
31244,12524,1813,1,1347.23
31245,12524,1315,5,3808.34
31246,12524,822,4,2979.71
31247,12525,126,3,2072.3
31248,12525,1726,3,635.25
31249,12526,240,1,431.39
31250,12526,69,4,814.84
31251,12526,1802,3,3291.85
31252,12526,1351,2,2492.74
31253,12527,758,4,3238.83
31254,12527,800,3,1591.17
31255,12527,1705,1,2543.61
31256,12527,1605,2,4362.29
31257,12528,1919,2,2416.88
31258,12528,1271,4,1820.81
31259,12528,951,3,1690.56
31260,12529,1892,1,3756.21
31261,12529,1913,3,2084.58
31262,12529,1401,3,3777.73
31263,12529,620,1,2533.14
31264,12530,1578,1,2695.81
31265,12530,532,3,3341.59
31266,12531,1554,1,4999.52
31267,12531,17,2,4936.1
31268,12531,272,2,3498.52
31269,12532,848,1,2754.39
31270,12532,980,2,4389.83
31271,12532,1710,1,1551.52
31272,12533,1246,2,456.86
31273,12533,1555,5,3690.58
31274,12533,1386,5,3278.38
31275,12534,1112,1,3334.7
31276,12534,1237,1,3949.17
31277,12534,1343,4,2668.19
31278,12534,1596,3,3772.62
31279,12535,950,1,3575.16
31280,12535,1765,2,573.5
31281,12536,571,2,1186.24
31282,12536,382,2,2952.32
31283,12537,594,2,2929.29
31284,12538,957,5,4532.8
31285,12538,1414,4,604.17
31286,12538,1281,3,4697.79
31287,12539,896,3,123.66
31288,12539,1643,3,2610.69
31289,12539,540,1,635.0
31290,12540,569,5,3518.66
31291,12540,1045,5,857.67
31292,12541,1991,3,3214.44
31293,12541,814,2,2690.82
31294,12541,1355,4,4069.4
31295,12542,577,3,1148.53
31296,12542,1301,3,2911.31
31297,12543,1849,3,218.72
31298,12543,122,2,349.5
31299,12544,1261,2,2089.43
31300,12544,982,1,294.46
31301,12545,1047,2,2250.05
31302,12545,287,4,2660.52
31303,12546,292,3,941.43
31304,12546,1650,5,1869.12
31305,12546,1483,2,3237.23
31306,12547,91,2,1342.66
31307,12547,747,4,638.84
31308,12547,953,5,3227.55
31309,12548,1339,5,1539.51
31310,12548,1425,5,2840.04
31311,12548,1287,1,3671.72
31312,12548,102,1,4320.41
31313,12549,863,4,2025.64
31314,12550,802,5,1237.78
31315,12550,1571,4,3828.97
31316,12550,1078,1,3125.24
31317,12551,1906,3,2799.16
31318,12551,1655,3,2999.53
31319,12551,1486,1,2349.15
31320,12552,1596,5,3772.62
31321,12552,1531,4,4829.37
31322,12552,1348,3,219.33
31323,12552,1707,5,278.72
31324,12553,939,4,161.24
31325,12554,168,4,2656.25
31326,12554,544,1,4741.07
31327,12554,1725,2,4530.18
31328,12555,337,2,889.63
31329,12556,964,4,2605.27
31330,12556,1936,1,1426.38
31331,12556,786,3,250.44
31332,12557,845,1,4661.49
31333,12558,359,4,4464.57
31334,12559,609,2,1284.85
31335,12559,1180,1,3403.33
31336,12560,668,3,371.43
31337,12561,1840,2,1047.65
31338,12561,969,3,1814.87
31339,12562,193,3,4643.63
31340,12562,871,1,4608.67
31341,12562,1897,2,2534.34
31342,12563,1653,1,2729.95
31343,12563,517,3,499.3
31344,12564,1017,2,4136.88
31345,12564,1471,1,1024.91
31346,12564,131,5,3160.88
31347,12564,1072,1,4913.65
31348,12565,1720,3,1194.25
31349,12565,1544,5,2462.45
31350,12565,1137,4,1821.42
31351,12566,1206,3,1052.49
31352,12566,1018,1,4054.03
31353,12566,522,3,3199.65
31354,12566,94,2,4398.2
31355,12567,729,4,3272.63
31356,12568,1209,1,1827.1
31357,12568,661,3,1784.45
31358,12569,1161,1,2876.69
31359,12570,939,2,161.24
31360,12570,306,5,2895.92
31361,12570,1268,2,1590.21
31362,12571,1256,3,3632.6
31363,12571,768,2,2222.8
31364,12571,1360,1,2996.1
31365,12571,22,1,3853.54
31366,12572,1682,2,1650.57
31367,12572,1857,5,4958.76
31368,12572,152,2,2289.84
31369,12572,1043,5,3990.48
31370,12573,1341,2,2068.83
31371,12574,1540,4,3898.12
31372,12575,29,3,3565.3
31373,12575,341,5,4893.89
31374,12576,1758,4,1627.94
31375,12576,110,5,2349.49
31376,12576,1434,4,1186.26
31377,12577,1932,3,88.83
31378,12578,1462,1,3236.96
31379,12578,1622,1,1435.95
31380,12578,577,4,1148.53
31381,12579,143,2,2690.19
31382,12579,1631,1,3712.91
31383,12580,840,1,1257.06
31384,12580,1272,4,805.66
31385,12581,1814,2,2329.67
31386,12581,367,3,1480.88
31387,12581,1927,3,2782.64
31388,12581,312,2,1267.23
31389,12582,489,5,938.89
31390,12583,130,1,73.51
31391,12583,1941,1,4341.05
31392,12583,727,2,1141.07
31393,12583,1305,2,1337.98
31394,12584,1573,2,2737.95
31395,12584,256,5,1384.2
31396,12584,265,3,410.67
31397,12584,136,2,3496.33
31398,12585,857,4,1674.64
31399,12585,1680,5,1035.09
31400,12586,9,4,763.86
31401,12586,514,3,755.11
31402,12586,696,1,3200.45
31403,12587,1653,5,2529.45
31404,12587,389,1,718.0
31405,12588,1905,3,3031.02
31406,12588,399,2,935.5
31407,12588,832,4,1682.45
31408,12588,927,4,3677.85
31409,12589,1148,5,158.4
31410,12590,1514,3,2850.95
31411,12590,1687,4,2836.91
31412,12590,204,5,4051.48
31413,12590,34,5,2908.0
31414,12591,431,2,3294.77
31415,12591,1467,5,3014.82
31416,12591,1474,1,567.6
31417,12591,322,2,1025.12
31418,12592,747,5,638.84
31419,12592,1157,5,3021.97
31420,12593,694,1,4360.55
31421,12594,383,4,1839.51
31422,12594,1945,4,4236.8
31423,12595,867,1,390.65
31424,12595,614,5,1652.79
31425,12595,311,5,4257.7
31426,12596,39,2,4972.54
31427,12596,377,2,2876.14
31428,12596,1092,4,166.85
31429,12597,450,1,420.78
31430,12597,955,5,1723.12
31431,12597,1754,4,1040.98
31432,12598,1740,3,2678.81
31433,12598,1914,5,1975.44
31434,12598,1472,5,396.71
31435,12598,1393,2,484.39
31436,12599,1504,1,4467.93
31437,12600,243,1,2564.96
31438,12601,1215,2,627.48
31439,12601,879,2,449.66
31440,12601,1799,2,3217.71
31441,12602,139,3,4993.88
31442,12602,372,1,1767.22
31443,12602,799,2,3484.29
31444,12603,1108,3,2237.32
31445,12604,1082,4,2810.46
31446,12604,1601,5,1249.57
31447,12604,1758,4,1478.22
31448,12604,1303,5,68.4
31449,12605,990,5,3669.71
31450,12605,748,4,1402.9
31451,12605,732,2,3185.96
31452,12606,1734,4,2446.5
31453,12606,1035,3,1827.28
31454,12607,1224,1,2625.11
31455,12607,1906,4,2799.16
31456,12607,1074,4,1090.35
31457,12608,708,4,4117.6
31458,12608,1403,2,3226.0
31459,12608,959,3,1519.27
31460,12608,797,1,4573.17
31461,12609,690,2,3071.04
31462,12609,25,3,3332.35
31463,12609,190,5,845.16
31464,12610,1754,1,1040.98
31465,12610,1087,3,4472.76
31466,12610,1217,3,778.06
31467,12610,1404,1,1949.35
31468,12611,289,3,2450.56
31469,12611,946,1,2790.2
31470,12611,429,1,4839.22
31471,12612,1422,4,1430.68
31472,12612,975,4,2088.67
31473,12612,1807,1,1209.38
31474,12613,97,1,704.13
31475,12613,258,2,4301.51
31476,12614,1747,4,4211.6
31477,12614,1494,5,195.63
31478,12615,1038,2,3252.91
31479,12615,1433,4,2525.06
31480,12615,839,4,158.88
31481,12616,1135,2,2723.74
31482,12616,1546,4,3706.04
31483,12616,1770,2,3631.56
31484,12617,98,4,2836.46
31485,12617,923,1,1193.86
31486,12617,1347,5,3798.58
31487,12618,476,3,391.31
31488,12618,761,3,1097.43
31489,12618,1929,5,3451.12
31490,12619,1181,4,4276.08
31491,12619,1500,2,4223.34
31492,12619,1217,5,778.06
31493,12620,1532,4,4771.9
31494,12620,467,1,3451.65
31495,12620,1067,2,3205.61
31496,12621,1108,4,2593.33
31497,12622,855,4,3214.76
31498,12622,724,4,3238.66
31499,12623,1257,3,3065.38
31500,12624,1578,3,2695.81
31501,12624,1128,4,770.19
31502,12624,1973,3,4641.02
31503,12624,1678,5,2297.44
31504,12625,1390,1,2132.37
31505,12625,453,5,4545.91
31506,12625,1987,2,1206.99
31507,12625,1558,3,1883.84
31508,12626,1168,2,3342.38
31509,12626,1147,4,3066.56
31510,12626,1745,1,524.94
31511,12627,780,5,4982.09
31512,12627,1593,2,4053.1
31513,12627,740,4,618.13
31514,12628,1070,2,1545.21
31515,12629,290,1,2858.24
31516,12630,563,3,771.18
31517,12630,664,1,1041.43
31518,12630,118,3,4784.56
31519,12630,1242,5,1507.11
31520,12631,775,5,1756.06
31521,12632,1009,5,4331.92
31522,12633,624,2,474.66
31523,12633,1908,1,2628.01
31524,12633,1067,4,3205.61
31525,12633,1126,2,444.36
31526,12634,523,3,2560.73
31527,12635,1225,5,1107.05
31528,12636,229,2,466.09
31529,12637,106,1,747.63
31530,12637,1184,5,2884.13
31531,12637,702,5,3418.37
31532,12637,1384,1,4380.18
31533,12638,1392,1,4601.48
31534,12638,887,3,4225.09
31535,12639,1360,4,2996.1
31536,12639,1857,5,4958.76
31537,12639,374,2,981.38
31538,12639,3,3,2657.76
31539,12640,1919,5,2407.18
31540,12641,959,2,1221.45
31541,12641,878,5,4052.93
31542,12641,1024,3,2013.75
31543,12641,1221,3,237.2
31544,12642,592,4,3577.8
31545,12642,1896,2,2418.5
31546,12643,1301,4,2740.01
31547,12643,671,2,4268.05
31548,12643,584,5,1765.65
31549,12644,1472,4,396.71
31550,12645,1323,5,961.89
31551,12645,819,5,2142.95
31552,12645,1641,1,1853.09
31553,12645,748,3,1301.32
31554,12646,915,3,4241.85
31555,12646,811,3,95.73
31556,12647,1774,1,681.22
31557,12647,672,3,2157.7
31558,12647,932,4,2826.61
31559,12647,1236,1,4026.43
31560,12648,232,4,3298.5
31561,12648,132,2,1604.93
31562,12649,287,2,2762.81
31563,12649,1799,5,3529.71
31564,12649,858,3,3678.32
31565,12649,1196,5,571.04
31566,12650,640,4,3448.31
31567,12650,1580,2,4757.61
31568,12651,623,2,4260.78
31569,12651,1255,3,3158.87
31570,12652,1345,5,3394.63
31571,12652,711,2,2912.45
31572,12653,663,5,1192.72
31573,12653,774,1,450.99
31574,12653,984,3,2733.22
31575,12653,35,4,1386.08
31576,12654,1052,2,2566.48
31577,12654,381,4,3358.04
31578,12654,1461,3,2867.66
31579,12654,451,5,3237.39
31580,12655,1169,2,469.06
31581,12655,1933,1,2420.56
31582,12655,1593,4,4053.1
31583,12655,1971,4,3384.04
31584,12656,1246,5,456.86
31585,12657,771,4,233.76
31586,12657,101,1,4125.78
31587,12658,1383,1,76.06
31588,12658,1301,1,2911.31
31589,12658,624,3,563.65
31590,12658,1110,1,81.81
31591,12659,1984,2,808.92
31592,12659,1223,5,2330.58
31593,12660,1187,4,2944.46
31594,12660,1881,2,3178.03
31595,12661,1370,4,1021.39
31596,12661,870,5,2080.56
31597,12661,141,3,1396.51
31598,12662,280,5,1957.71
31599,12662,805,1,287.96
31600,12662,487,4,3596.03
31601,12662,135,1,4248.92
31602,12663,316,5,4165.3
31603,12664,1526,4,2734.98
31604,12664,1902,2,171.38
31605,12664,754,5,1620.48
31606,12665,1844,4,545.23
31607,12665,710,1,3768.88
31608,12665,1672,5,459.75
31609,12666,1169,2,469.06
31610,12666,1245,3,85.12
31611,12666,1520,1,3436.75
31612,12666,1843,3,4261.48
31613,12667,1753,5,499.62
31614,12667,1521,4,4148.56
31615,12667,435,2,2114.92
31616,12668,851,4,3486.75
31617,12668,304,4,3985.96
31618,12668,1509,4,1242.7
31619,12669,818,5,1691.29
31620,12669,226,3,1054.31
31621,12669,1954,4,4409.84
31622,12670,867,1,322.69
31623,12670,306,1,2895.92
31624,12671,506,2,4793.43
31625,12671,984,2,3143.82
31626,12671,1797,4,1475.08
31627,12671,1226,1,3502.2
31628,12672,228,5,3049.62
31629,12672,1425,1,2840.04
31630,12672,594,2,2631.2
31631,12672,1007,2,1868.9
31632,12673,1483,4,3237.23
31633,12674,1210,1,3696.95
31634,12674,465,3,3548.43
31635,12674,85,4,1286.08
31636,12674,817,3,3798.7
31637,12675,1520,1,3436.75
31638,12675,1508,1,2871.3
31639,12675,746,2,4857.48
31640,12675,1954,5,4409.84
31641,12676,813,4,952.88
31642,12676,1283,3,1111.36
31643,12676,522,2,3199.65
31644,12676,1745,3,524.94
31645,12677,188,1,1686.73
31646,12678,1756,2,2179.25
31647,12678,1477,4,2470.35
31648,12678,42,3,4975.48
31649,12679,381,2,3594.58
31650,12679,1668,4,2385.75
31651,12679,1661,5,4981.28
31652,12679,1613,2,2651.93
31653,12680,982,5,294.46
31654,12680,1048,1,3735.55
31655,12680,1012,5,1232.66
31656,12681,1587,1,2450.05
31657,12681,1599,1,724.64
31658,12681,825,1,3852.48
31659,12681,454,3,3532.11
31660,12682,1475,4,4555.33
31661,12682,1164,2,2072.68
31662,12682,1125,1,298.92
31663,12683,1115,5,3751.63
31664,12683,1805,1,2284.89
31665,12683,1693,4,1705.8
31666,12683,1567,4,2535.92
31667,12684,327,2,1236.95
31668,12685,1641,1,1853.09
31669,12686,1567,5,2183.17
31670,12686,85,4,1381.91
31671,12686,1999,2,2205.49
31672,12687,1360,2,2996.1
31673,12687,1367,2,308.74
31674,12687,792,4,839.44
31675,12688,825,2,4366.02
31676,12688,1930,2,1645.53
31677,12688,912,1,3354.45
31678,12688,1402,1,1042.52
31679,12689,1765,5,573.5
31680,12689,381,5,3674.01
31681,12690,1271,2,1820.81
31682,12690,1520,1,3436.75
31683,12690,61,3,3122.29
31684,12691,1091,1,2176.74
31685,12691,343,5,1428.48
31686,12691,1727,2,944.49
31687,12691,994,1,3999.58
31688,12692,1801,1,4297.61
31689,12692,657,2,1698.74
31690,12693,933,1,2246.96
31691,12694,6,1,518.13
31692,12694,100,4,4670.26
31693,12694,729,1,3272.63
31694,12695,567,2,4674.9
31695,12695,896,1,123.66
31696,12695,87,4,2762.02
31697,12696,777,3,2077.46
31698,12696,1825,1,720.4
31699,12697,1706,3,3342.4
31700,12697,1906,5,2799.16
31701,12697,321,4,3268.68
31702,12698,1681,3,1516.38
31703,12699,1105,4,1308.96
31704,12699,1840,3,953.99
31705,12700,504,2,782.8
31706,12700,1214,2,410.19
31707,12701,424,5,806.25
31708,12702,1619,3,3983.49
31709,12703,1071,1,1873.64
31710,12703,330,5,4010.27
31711,12703,377,4,2876.14
31712,12704,1620,4,3927.91
31713,12704,413,4,4118.78
31714,12704,128,3,4912.65
31715,12704,1546,3,3706.04
31716,12705,1211,1,1345.78
31717,12705,1628,1,4748.71
31718,12705,1488,3,1662.93
31719,12706,1565,2,3779.56
31720,12706,688,4,999.99
31721,12707,753,3,2782.63
31722,12707,1834,3,3953.74
31723,12707,1408,1,1314.08
31724,12708,372,1,1767.22
31725,12708,1427,2,2180.98
31726,12709,1472,4,361.43
31727,12709,1497,2,271.31
31728,12710,329,3,3618.21
31729,12710,1520,5,2801.01
31730,12710,1977,5,3501.61
31731,12711,1027,5,1543.98
31732,12711,851,5,3486.75
31733,12712,1718,4,4491.54
31734,12713,972,5,3550.59
31735,12713,1030,3,234.38
31736,12713,744,4,2156.28
31737,12713,1395,3,2500.5
31738,12714,508,3,4905.99
31739,12714,580,5,3442.49
31740,12714,814,2,3110.03
31741,12714,1246,2,456.86
31742,12715,1141,3,282.75
31743,12715,22,5,3853.54
31744,12715,1142,3,1770.45
31745,12716,315,5,1223.18
31746,12716,1231,1,679.89
31747,12716,380,3,3158.9
31748,12716,1811,1,355.4
31749,12717,134,4,1748.91
31750,12717,257,3,454.34
31751,12718,605,1,324.29
31752,12718,671,5,3739.63
31753,12718,1447,1,4186.93
31754,12718,1182,2,3287.43
31755,12719,236,1,3685.93
31756,12719,1315,2,3242.87
31757,12720,1039,4,1317.93
31758,12720,309,5,494.89
31759,12720,1400,4,1837.42
31760,12720,927,3,3677.85
31761,12721,840,5,1257.06
31762,12721,42,4,4975.48
31763,12722,396,3,2094.22
31764,12722,1261,3,2089.43
31765,12723,839,3,158.88
31766,12724,721,5,93.68
31767,12724,1987,5,1113.26
31768,12724,1293,5,1120.74
31769,12725,1323,5,961.89
31770,12725,627,3,3263.19
31771,12725,1001,5,2482.85
31772,12726,308,1,4227.04
31773,12726,94,2,4398.2
31774,12726,824,5,2349.66
31775,12727,1798,4,3519.52
31776,12728,1827,1,1992.86
31777,12729,1841,5,3295.24
31778,12730,546,4,1741.25
31779,12730,140,4,4472.12
31780,12730,1248,2,4345.12
31781,12731,1466,5,2812.37
31782,12731,36,4,1798.08
31783,12732,393,2,3676.91
31784,12732,543,2,543.77
31785,12732,1644,1,3769.14
31786,12732,1696,5,979.19
31787,12733,1830,1,1574.79
31788,12733,1,3,19.64
31789,12734,1983,5,4107.76
31790,12734,111,1,1765.05
31791,12735,946,1,2551.83
31792,12735,1694,1,2732.75
31793,12735,694,2,4360.55
31794,12736,342,2,4327.25
31795,12736,912,4,3354.45
31796,12737,865,5,2297.17
31797,12738,1553,2,2804.87
31798,12738,333,3,4209.31
31799,12739,899,2,3039.24
31800,12739,1973,3,4641.02
31801,12739,8,1,4283.46
31802,12740,313,1,474.04
31803,12740,278,2,2178.65
31804,12740,335,4,3956.9
31805,12740,225,5,1331.62
31806,12741,1267,3,4257.03
31807,12741,856,5,4713.32
31808,12742,625,4,4059.0
31809,12743,1157,3,3021.97
31810,12743,1891,4,3352.26
31811,12743,1223,5,2330.58
31812,12743,1062,1,158.0
31813,12744,358,2,1233.98
31814,12744,730,4,1887.22
31815,12744,1968,5,167.07
31816,12745,99,2,3376.61
31817,12745,1156,4,2717.56
31818,12746,227,3,3165.38
31819,12746,928,3,3423.28
31820,12746,1199,5,2180.92
31821,12746,366,3,2228.66
31822,12747,857,3,1674.64
31823,12747,814,1,3110.03
31824,12747,588,3,1793.76
31825,12747,405,2,2282.13
31826,12748,1694,1,2816.97
31827,12748,1806,5,4334.95
31828,12748,11,5,3907.36
31829,12749,1266,2,501.14
31830,12749,1624,4,1510.22
31831,12749,725,4,1883.71
31832,12750,467,5,2952.79
31833,12750,17,5,4936.1
31834,12750,1236,4,4026.43
31835,12751,195,5,1018.01
31836,12751,1003,4,4496.47
31837,12751,1004,4,4068.39
31838,12751,398,1,2989.11
31839,12752,1515,5,3802.4
31840,12752,191,5,4047.09
31841,12752,947,3,3358.48
31842,12752,1951,5,1435.17
31843,12753,458,2,2007.63
31844,12753,23,2,4610.39
31845,12754,283,3,2994.68
31846,12755,450,3,420.78
31847,12756,15,1,1839.9
31848,12756,1851,5,1194.66
31849,12757,298,2,3203.67
31850,12757,1730,2,1575.07
31851,12757,339,1,2744.38
31852,12758,1286,3,791.64
31853,12758,430,5,4669.64
31854,12758,1553,2,2720.27
31855,12758,1880,2,1959.52
31856,12759,1338,1,2432.88
31857,12759,1863,3,4385.05
31858,12760,1843,3,3700.02
31859,12760,1555,3,3690.58
31860,12760,1799,4,3529.71
31861,12760,357,1,1634.95
31862,12761,1632,5,1855.05
31863,12761,1813,1,1347.23
31864,12761,995,3,3117.51
31865,12761,1593,5,3474.67
31866,12762,605,4,324.29
31867,12762,1971,5,3384.04
31868,12763,1330,4,4560.63
31869,12763,841,1,2484.52
31870,12764,1049,2,4572.88
31871,12764,1799,3,3232.82
31872,12764,679,3,2172.15
31873,12765,973,1,1490.81
31874,12765,326,2,2119.6
31875,12765,482,4,2685.86
31876,12766,1628,3,4172.27
31877,12766,1647,3,4578.02
31878,12766,453,4,4545.91
31879,12766,1814,4,2755.18
31880,12767,1702,1,2855.01
31881,12768,194,3,85.23
31882,12769,164,1,3555.06
31883,12769,1176,4,1627.96
31884,12770,688,1,999.99
31885,12770,885,3,1956.25
31886,12771,1988,2,785.21
31887,12771,946,1,2247.88
31888,12771,1408,3,1189.2
31889,12772,336,1,2584.15
31890,12773,1698,2,2763.38
31891,12773,224,3,718.08
31892,12773,250,5,363.24
31893,12774,1468,1,2274.06
31894,12774,687,2,343.32
31895,12775,1340,3,1567.91
31896,12776,749,1,3005.85
31897,12776,1411,3,2842.32
31898,12777,1692,5,1836.1
31899,12777,575,5,332.75
31900,12777,1406,2,449.18
31901,12777,211,3,2293.88
31902,12778,1283,2,1258.75
31903,12778,1129,2,3524.36
31904,12778,743,1,2405.57
31905,12778,199,5,212.34
31906,12779,1992,2,531.48
31907,12779,963,1,503.09
31908,12779,1250,4,740.64
31909,12780,1121,5,421.04
31910,12780,970,5,1564.11
31911,12780,1407,3,3721.74
31912,12781,348,4,4740.53
31913,12781,477,3,4760.62
31914,12781,1102,3,4297.06
31915,12781,775,1,1756.06
31916,12782,83,3,1742.41
31917,12782,149,5,670.6
31918,12782,43,2,1212.23
31919,12783,1254,4,4319.49
31920,12783,1735,1,4147.46
31921,12783,991,3,4617.12
31922,12784,1486,1,2215.41
31923,12784,1106,4,3129.39
31924,12784,1030,2,291.74
31925,12784,167,1,2669.46
31926,12785,108,5,2841.42
31927,12785,160,3,3870.96
31928,12785,1581,1,2985.72
31929,12786,1813,5,1347.23
31930,12786,1469,3,681.8
31931,12786,901,4,4432.43
31932,12787,64,3,2594.71
31933,12788,1652,5,297.21
31934,12789,1197,1,3064.29
31935,12789,1024,1,1819.24
31936,12789,203,3,3599.53
31937,12790,905,5,1278.01
31938,12790,1327,5,975.37
31939,12790,783,1,41.05
31940,12790,1868,2,2512.3
31941,12791,437,3,4389.45
31942,12791,609,3,1519.93
31943,12791,1872,2,3813.24
31944,12792,1466,4,2812.37
31945,12793,1348,5,178.7
31946,12793,778,1,1621.93
31947,12794,1885,1,2638.54
31948,12794,256,1,1529.79
31949,12794,841,1,2484.52
31950,12795,541,2,1696.04
31951,12796,991,5,4617.12
31952,12797,1111,2,2376.45
31953,12797,1684,2,3589.34
31954,12797,1570,2,4336.23
31955,12797,1852,2,568.41
31956,12798,46,5,1237.99
31957,12798,991,5,4617.12
31958,12799,107,3,3598.09
31959,12799,376,4,1550.37
31960,12799,915,2,4003.94
31961,12800,1227,1,2840.98
31962,12800,882,4,2446.15
31963,12800,1998,3,3353.53
31964,12800,857,3,1407.71
31965,12801,381,4,3972.54
31966,12801,750,3,2618.93
31967,12801,277,4,2853.84
31968,12801,1949,5,628.06
31969,12802,1285,4,1726.78
31970,12802,802,2,1237.78
31971,12803,921,2,675.91
31972,12804,229,5,554.15
31973,12804,965,5,1691.03
31974,12805,272,3,3498.52
31975,12805,1597,4,4997.07
31976,12806,1056,1,151.5
31977,12806,1060,2,1102.14
31978,12806,1323,4,822.7
31979,12806,936,4,1664.96
31980,12807,115,1,4104.14
31981,12807,1024,5,2013.75
31982,12808,269,4,1426.17
31983,12808,1153,1,1838.8
31984,12809,584,5,1550.6
31985,12809,225,1,1331.62
31986,12809,395,5,2293.09
31987,12810,1280,3,2475.78
31988,12810,1539,1,82.29
31989,12811,938,3,3776.2
31990,12811,89,1,65.93
31991,12811,1257,2,3065.38
31992,12811,1432,4,4624.51
31993,12812,26,2,511.61
31994,12812,1240,5,4001.24
31995,12812,728,1,1720.04
31996,12812,1044,5,2721.04
31997,12813,1925,5,4695.17
31998,12813,383,2,1496.51
31999,12814,1868,5,2512.3
32000,12814,570,5,2071.01
32001,12814,1650,4,2182.84
32002,12815,1226,5,3502.2
32003,12815,1478,5,2971.86
32004,12816,633,2,1499.21
32005,12816,720,3,2189.31
32006,12816,1394,2,1472.74
32007,12817,835,1,824.78
32008,12817,1536,5,376.58
32009,12818,631,5,3065.52
32010,12819,1984,4,698.09
32011,12820,142,3,3966.55
32012,12821,147,4,2375.75
32013,12821,1339,4,1539.51
32014,12822,1864,2,4244.91
32015,12822,1727,1,944.49
32016,12822,38,2,3283.97
32017,12823,1246,3,456.86
32018,12824,1712,1,3108.47
32019,12824,1530,1,1438.4
32020,12824,506,2,4793.43
32021,12824,618,4,3436.62
32022,12825,1474,4,567.6
32023,12825,10,3,2915.46
32024,12825,1146,3,220.73
32025,12826,1931,4,2121.67
32026,12826,750,4,2112.01
32027,12826,1491,5,2694.2
32028,12827,1656,4,1699.76
32029,12827,695,1,688.26
32030,12828,1632,1,1855.05
32031,12828,1972,3,4088.97
32032,12828,19,3,4954.02
32033,12828,1206,2,1052.49
32034,12829,687,3,343.32
32035,12829,394,1,2677.79
32036,12829,453,2,4545.91
32037,12830,752,1,1856.82
32038,12831,1639,4,280.07
32039,12831,1597,3,4997.07
32040,12831,1981,4,3974.13
32041,12831,459,1,2209.52
32042,12832,650,4,2104.28
32043,12832,1645,2,1189.64
32044,12832,1098,3,4970.86
32045,12832,1007,5,1585.11
32046,12833,729,4,3272.63
32047,12833,890,5,1942.86
32048,12834,1229,2,4239.84
32049,12834,1031,4,2261.27
32050,12835,1472,4,396.71
32051,12835,1364,2,1843.29
32052,12835,1399,5,2617.78
32053,12836,96,5,4674.1
32054,12836,1055,1,4800.5
32055,12837,210,1,1176.68
32056,12837,587,1,3620.3
32057,12837,571,4,1186.24
32058,12837,1561,4,4175.17
32059,12838,1454,4,869.09
32060,12839,626,1,739.49
32061,12839,1811,1,355.4
32062,12839,1838,5,504.85
32063,12840,423,3,1441.03
32064,12840,1104,5,2160.59
32065,12840,1447,2,4186.93
32066,12840,1836,3,675.74
32067,12841,542,4,3481.44
32068,12841,1545,5,2804.73
32069,12841,477,3,4760.62
32070,12842,1495,1,2805.26
32071,12842,1953,2,4319.47
32072,12842,1825,2,720.4
32073,12842,1985,5,4565.54
32074,12843,1772,5,4036.96
32075,12843,637,3,2924.96
32076,12843,951,4,1690.56
32077,12844,1296,2,292.88
32078,12844,212,4,689.5
32079,12844,677,4,45.02
32080,12845,276,4,1435.35
32081,12846,1122,5,246.03
32082,12847,1905,1,2703.65
32083,12847,5,3,4012.96
32084,12847,930,2,79.28
32085,12847,1320,1,1133.36
32086,12848,536,2,2265.43
32087,12848,807,1,4677.52
32088,12849,332,2,4663.2
32089,12849,196,3,1975.92
32090,12849,960,4,1695.67
32091,12850,1354,4,1893.48
32092,12850,1626,1,3411.47
32093,12850,712,4,1338.65
32094,12851,1689,5,4055.41
32095,12851,1855,5,3510.07
32096,12851,1735,5,4147.46
32097,12852,1688,4,895.47
32098,12852,496,5,2342.32
32099,12852,20,2,3224.15
32100,12853,1634,2,4323.52
32101,12854,1795,3,1258.44
32102,12854,483,1,4941.39
32103,12855,220,3,1408.94
32104,12856,1761,5,4165.49
32105,12856,123,4,2822.61
32106,12857,1649,4,3713.09
32107,12857,1643,3,2610.69
32108,12857,841,3,2484.52
32109,12857,1955,4,1704.13
32110,12858,1315,1,3186.29
32111,12858,683,3,306.13
32112,12858,1058,4,3366.31
32113,12858,966,1,406.68
32114,12859,473,3,4766.17
32115,12859,725,1,1883.71
32116,12860,1901,2,151.68
32117,12861,1767,4,2213.8
32118,12862,760,3,1279.67
32119,12862,554,4,4495.61
32120,12862,1395,2,2500.5
32121,12863,1272,4,855.09
32122,12863,1154,2,872.87
32123,12863,934,3,3262.71
32124,12864,1605,4,4362.29
32125,12865,517,3,490.76
32126,12866,736,5,3374.71
32127,12866,1727,5,944.49
32128,12866,1650,5,1968.49
32129,12866,466,2,2193.4
32130,12867,484,2,2046.14
32131,12868,257,1,454.34
32132,12868,895,1,4280.38
32133,12868,499,2,3719.03
32134,12869,1178,2,3058.33
32135,12870,1333,2,573.04
32136,12870,658,1,1245.37
32137,12871,782,1,147.88
32138,12871,955,4,1814.34
32139,12871,1227,1,2840.98
32140,12871,1923,5,3707.45
32141,12872,1132,1,3409.11
32142,12873,1969,2,1715.61
32143,12873,758,5,3980.65
32144,12873,1555,5,3690.58
32145,12873,905,1,1162.3
32146,12874,236,3,3685.93
32147,12874,900,5,3184.82
32148,12875,1211,3,1630.48
32149,12875,1795,1,1258.44
32150,12875,907,4,572.97
32151,12875,1242,2,1507.11
32152,12876,454,5,3532.11
32153,12876,1931,5,2121.67
32154,12876,1230,4,2848.87
32155,12877,35,2,1386.08
32156,12877,448,4,1305.83
32157,12878,1090,4,3677.27
32158,12879,393,2,3351.98
32159,12879,1337,3,1760.67
32160,12879,1857,3,4958.76
32161,12880,1624,4,1510.22
32162,12880,1005,4,481.2
32163,12880,683,2,348.0
32164,12880,1042,2,3030.16
32165,12881,1337,2,1760.67
32166,12881,1155,2,2298.98
32167,12881,642,3,3835.02
32168,12882,1214,3,329.15
32169,12882,485,4,2848.42
32170,12882,66,3,461.64
32171,12882,1633,5,4642.34
32172,12883,347,3,4172.85
32173,12883,1133,4,2006.92
32174,12883,365,3,3968.22
32175,12884,12,5,1305.93
32176,12884,184,1,1497.19
32177,12884,328,3,4328.97
32178,12885,841,4,2484.52
32179,12886,1742,5,1911.55
32180,12887,1690,1,4633.95
32181,12887,974,2,1017.69
32182,12887,1310,2,4523.95
32183,12887,922,5,756.87
32184,12888,1839,2,3768.65
32185,12888,1410,5,3888.52
32186,12888,325,3,778.82
32187,12889,1376,1,1939.31
32188,12889,1208,1,2828.12
32189,12889,752,4,1856.82
32190,12889,1935,3,4879.73
32191,12890,1302,2,293.22
32192,12891,676,4,1076.19
32193,12891,482,1,2685.86
32194,12891,206,3,3679.66
32195,12891,1946,2,1059.73
32196,12892,1908,4,2628.01
32197,12893,529,3,2017.88
32198,12893,253,4,801.69
32199,12893,1680,2,1224.93
32200,12894,1129,2,3742.28
32201,12894,1609,4,3710.26
32202,12895,1416,1,3592.41
32203,12895,957,4,3793.31
32204,12896,347,5,4172.85
32205,12896,355,4,578.16
32206,12896,609,4,1519.93
32207,12896,1170,2,1315.23
32208,12897,1341,5,1760.75
32209,12897,1513,2,3815.02
32210,12897,1044,1,2721.04
32211,12897,1578,1,2164.88
32212,12898,408,2,4940.48
32213,12898,1061,3,4408.37
32214,12898,368,4,3600.59
32215,12899,921,5,549.17
32216,12900,920,3,1699.61
32217,12901,445,3,4082.97
32218,12901,693,3,2758.72
32219,12901,673,4,3206.77
32220,12902,1679,3,1438.31
32221,12902,1882,4,1460.59
32222,12902,548,2,790.99
32223,12902,496,3,2342.32
32224,12903,1113,4,1117.82
32225,12904,1799,5,3529.71
32226,12905,744,1,1787.09
32227,12906,321,5,3268.68
32228,12906,167,1,2818.25
32229,12906,1419,1,2348.86
32230,12907,159,1,1222.68
32231,12908,1808,3,3905.23
32232,12908,960,2,1695.67
32233,12908,1423,5,1331.32
32234,12908,1005,4,481.2
32235,12909,1727,2,944.49
32236,12909,901,3,4206.06
32237,12909,1571,4,3828.97
32238,12909,980,2,4389.83
32239,12910,680,3,3366.64
32240,12910,820,5,1691.94
32241,12911,888,2,129.22
32242,12911,1172,2,4339.9
32243,12911,809,4,3104.43
32244,12912,1698,3,2763.38
32245,12912,967,5,3884.42
32246,12912,870,1,2586.71
32247,12912,825,4,4366.02
32248,12913,1670,2,3775.41
32249,12913,1291,1,1661.86
32250,12913,1668,5,2385.75
32251,12913,301,2,1012.97
32252,12914,747,5,638.84
32253,12914,1079,5,870.46
32254,12914,1971,5,3384.04
32255,12915,1011,5,602.7
32256,12915,1145,2,3562.07
32257,12915,1600,3,4071.4
32258,12915,1541,5,482.43
32259,12916,1662,1,3160.26
32260,12917,1172,4,3539.68
32261,12918,167,1,2818.25
32262,12918,640,3,3499.81
32263,12918,47,1,3859.05
32264,12919,316,1,4165.3
32265,12919,1552,2,1643.43
32266,12919,521,5,2682.3
32267,12920,821,1,1562.15
32268,12920,449,2,493.39
32269,12921,691,2,1582.01
32270,12921,712,2,1459.97
32271,12921,1310,1,4958.65
32272,12922,1658,1,1105.04
32273,12922,1064,5,891.81
32274,12922,1526,4,2734.98
32275,12923,934,1,3262.71
32276,12923,1200,2,3109.39
32277,12923,192,4,4658.31
32278,12923,1700,5,54.4
32279,12924,1284,4,1729.22
32280,12924,1089,2,4868.96
32281,12924,159,1,1222.68
32282,12924,678,5,3742.53
32283,12925,1187,4,3486.78
32284,12925,1235,2,1041.67
32285,12926,1009,3,3552.72
32286,12926,1275,1,1450.09
32287,12926,930,2,79.28
32288,12926,847,5,2171.89
32289,12927,471,4,1914.7
32290,12927,759,5,3665.22
32291,12927,173,1,3873.68
32292,12927,841,3,2484.52
32293,12928,10,2,3381.16
32294,12928,97,5,704.13
32295,12928,1690,4,4633.95
32296,12929,288,3,4203.67
32297,12929,1862,1,3083.03
32298,12929,454,5,3532.11
32299,12930,787,5,3735.76
32300,12930,409,5,284.25
32301,12930,243,2,2564.96
32302,12931,401,3,1294.78
32303,12932,403,2,480.08
32304,12932,445,2,3511.41
32305,12932,345,3,4476.61
32306,12933,1945,4,4845.83
32307,12933,343,2,1428.48
32308,12934,540,4,534.66
32309,12935,286,2,4165.35
32310,12935,660,2,2431.78
32311,12936,577,1,1148.53
32312,12937,1278,3,3982.31
32313,12937,260,4,60.74
32314,12937,41,4,4483.86
32315,12937,287,3,3303.19
32316,12938,799,2,4047.46
32317,12938,1132,2,4201.4
32318,12939,391,4,545.65
32319,12940,608,5,2247.3
32320,12940,1517,4,1149.33
32321,12940,155,2,4802.34
32322,12941,194,4,85.23
32323,12941,1496,4,2343.43
32324,12942,688,4,999.99
32325,12943,1576,1,3852.85
32326,12943,1331,2,772.13
32327,12943,1200,2,3109.39
32328,12943,1624,1,1510.22
32329,12944,1638,5,1905.98
32330,12944,1311,4,4424.0
32331,12945,700,1,728.03
32332,12945,511,1,2708.16
32333,12945,70,1,1704.87
32334,12946,1017,1,4136.88
32335,12946,232,1,3846.85
32336,12946,1326,5,821.14
32337,12947,1633,1,4642.34
32338,12947,652,4,1651.22
32339,12947,1631,5,4490.57
32340,12947,1593,1,4053.1
32341,12948,857,2,1674.64
32342,12948,1509,3,1126.71
32343,12948,1428,3,1023.73
32344,12948,1931,4,2121.67
32345,12949,1316,5,1143.21
32346,12949,899,4,2850.58
32347,12950,1597,1,4997.07
32348,12950,1259,4,338.22
32349,12950,464,2,3527.21
32350,12951,734,3,1937.26
32351,12952,916,1,4904.69
32352,12952,1641,1,1594.45
32353,12952,417,4,622.91
32354,12953,180,2,993.26
32355,12953,933,5,2246.96
32356,12954,438,3,3390.29
32357,12954,467,2,2910.18
32358,12955,653,5,601.62
32359,12956,1261,2,2089.43
32360,12956,1148,1,180.53
32361,12957,334,4,3189.75
32362,12958,241,1,3425.75
32363,12958,1407,5,3721.74
32364,12958,1144,5,4026.0
32365,12959,1298,5,1317.79
32366,12959,1874,1,2038.67
32367,12960,1537,4,3391.26
32368,12961,1121,4,421.04
32369,12961,154,3,696.76
32370,12961,1462,2,2981.58
32371,12962,291,5,4479.15
32372,12962,433,2,4118.38
32373,12962,1677,4,762.02
32374,12962,1967,4,3118.21
32375,12963,1334,5,3114.64
32376,12963,1219,2,2455.23
32377,12963,1418,1,203.29
32378,12963,968,2,967.88
32379,12964,1122,2,246.03
32380,12964,391,1,545.65
32381,12964,1935,4,3969.15
32382,12965,94,2,4398.2
32383,12966,632,3,2090.66
32384,12967,1046,4,1033.59
32385,12967,131,3,3366.57
32386,12967,23,3,3810.13
32387,12968,829,5,2028.46
32388,12968,1817,3,3240.09
32389,12968,1896,2,2418.5
32390,12969,1873,2,1879.53
32391,12969,1313,3,3428.82
32392,12969,785,1,3741.23
32393,12970,1734,1,2616.27
32394,12970,185,4,1050.24
32395,12970,497,3,461.87
32396,12971,1189,4,1492.95
32397,12971,834,4,4957.63
32398,12971,1577,5,661.29
32399,12971,167,4,2818.25
32400,12972,77,3,2924.08
32401,12972,481,4,976.31
32402,12973,809,2,2650.83
32403,12973,170,3,2609.26
32404,12974,139,4,4060.43
32405,12974,589,2,67.26
32406,12975,869,2,921.33
32407,12975,1186,3,4015.15
32408,12975,371,5,1990.52
32409,12976,220,4,1145.38
32410,12977,383,1,1596.95
32411,12977,743,3,1984.38
32412,12977,169,5,1877.04
32413,12977,1340,3,1567.91
32414,12978,1059,4,4118.26
32415,12978,1406,5,449.18
32416,12978,1590,5,3842.98
32417,12979,173,4,3873.68
32418,12979,418,5,4097.68
32419,12979,1952,5,2454.26
32420,12980,932,1,2826.61
32421,12981,320,4,2079.78
32422,12981,728,4,1471.48
32423,12981,1155,2,2298.98
32424,12982,650,1,2104.28
32425,12982,290,1,2858.24
32426,12982,404,5,2513.11
32427,12982,1189,5,1492.95
32428,12983,79,5,2248.46
32429,12984,1425,3,2840.04
32430,12984,1986,2,3350.49
32431,12984,1885,1,2638.54
32432,12984,1482,1,1214.75
32433,12985,1653,2,2502.15
32434,12985,1762,1,950.9
32435,12985,1712,1,2539.81
32436,12986,544,3,3895.28
32437,12987,199,2,226.91
32438,12988,308,4,3447.18
32439,12989,450,1,420.78
32440,12989,1131,5,2688.83
32441,12989,1384,5,4380.18
32442,12989,818,4,1691.29
32443,12990,896,1,112.96
32444,12990,1062,2,158.0
32445,12991,865,2,2229.18
32446,12991,1000,2,1180.66
32447,12992,1434,1,1186.26
32448,12993,1355,5,4828.7
32449,12993,941,4,2910.35
32450,12993,420,1,1799.73
32451,12994,136,5,3496.33
32452,12994,607,5,4648.41
32453,12994,850,1,34.16
32454,12995,1811,4,313.27
32455,12995,1312,5,3510.23
32456,12995,1959,4,2299.44
32457,12995,769,1,4199.98
32458,12996,494,3,2401.93
32459,12996,824,4,2349.66
32460,12997,1311,2,4424.0
32461,12997,1962,3,1588.31
32462,12997,283,4,3371.58
32463,12997,1776,4,867.72
32464,12998,185,3,1050.24
32465,12999,8,4,3454.02
32466,12999,1508,4,3515.38
32467,13000,1844,5,511.61
32468,13000,1873,3,2032.74
32469,13000,958,3,786.16
32470,13001,463,1,2238.21
32471,13001,900,1,3184.82
32472,13001,891,4,2534.47
32473,13001,754,1,1620.48
32474,13002,531,5,1161.66
32475,13002,97,1,647.68
32476,13002,741,4,3043.25
32477,13003,36,3,1798.08
32478,13004,1855,1,3029.14
32479,13004,91,5,1342.66
32480,13004,1592,3,1277.58
32481,13005,961,3,4383.36
32482,13005,1066,5,4382.58
32483,13005,890,4,1942.86
32484,13005,915,1,4241.85
32485,13006,179,5,3052.29
32486,13006,858,3,4288.06
32487,13006,1213,4,2208.1
32488,13007,219,1,3445.3
32489,13008,230,4,1092.51
32490,13008,1275,4,1634.7
32491,13008,73,2,700.9
32492,13009,1046,3,1159.16
32493,13009,975,3,2088.67
32494,13009,1065,4,1311.59
32495,13009,1840,1,923.76
32496,13010,1018,5,4664.27
32497,13011,872,3,1346.22
32498,13011,2000,4,849.72
32499,13012,939,2,161.24
32500,13013,1328,2,1629.06
32501,13013,486,4,499.57
32502,13013,1823,2,788.45
32503,13014,692,4,4629.69
32504,13014,1716,3,1920.57
32505,13014,1036,1,4112.89
32506,13014,1476,4,2709.79
32507,13015,869,1,1049.71
32508,13015,1537,3,3391.26
32509,13016,627,2,3263.19
32510,13016,1918,2,4282.99
32511,13016,953,1,2657.48
32512,13016,510,4,2677.13
32513,13017,587,5,3620.3
32514,13018,274,3,88.25
32515,13018,1279,5,2423.46
32516,13018,1348,4,186.86
32517,13018,549,2,430.86
32518,13019,1409,5,808.73
32519,13019,331,1,170.77
32520,13019,1210,5,3696.95
32521,13019,1451,2,95.51
32522,13020,346,5,1901.86
32523,13020,198,1,1120.87
32524,13021,1787,3,3811.84
32525,13021,1237,2,3586.41
32526,13021,1426,2,2840.77
32527,13022,1855,2,3510.07
32528,13023,741,5,3043.25
32529,13023,1756,5,2179.25
32530,13023,920,1,1699.61
32531,13023,619,2,3976.89
32532,13024,444,5,4232.65
32533,13024,1351,5,2492.74
32534,13024,859,1,4439.46
32535,13025,686,1,3703.01
32536,13026,1768,4,3632.43
32537,13026,1190,2,1811.73
32538,13027,379,1,323.37
32539,13028,1267,3,4516.38
32540,13028,552,5,3735.2
32541,13029,1676,4,342.22
32542,13029,1059,4,3710.96
32543,13029,772,4,3329.43
32544,13029,1306,5,3280.58
32545,13030,241,4,3425.75
32546,13031,217,3,657.68
32547,13032,296,3,2266.44
32548,13032,477,5,4760.62
32549,13032,321,5,3067.08
32550,13032,1680,2,1224.93
32551,13033,359,3,4464.57
32552,13034,1069,3,4944.78
32553,13034,761,1,1097.43
32554,13034,724,5,3238.66
32555,13035,744,3,2156.28
32556,13035,460,3,4443.01
32557,13035,657,1,1698.74
32558,13036,51,3,2912.21
32559,13036,1572,1,1768.61
32560,13036,405,3,2282.13
32561,13036,301,3,836.4
32562,13037,910,2,1668.52
32563,13037,1584,5,4258.11
32564,13037,1975,2,3658.73
32565,13037,85,5,1381.91
32566,13038,484,4,1747.44
32567,13038,1885,1,2403.89
32568,13039,1202,3,3015.22
32569,13039,896,5,123.66
32570,13040,1085,5,3432.16
32571,13040,490,5,1492.12
32572,13041,1293,1,1304.75
32573,13041,1631,4,4490.57
32574,13041,259,1,3788.75
32575,13041,157,1,4489.54
32576,13042,592,4,3577.8
32577,13042,134,1,1940.05
32578,13042,1651,2,1559.53
32579,13042,1915,4,3122.45
32580,13043,75,3,50.34
32581,13043,1424,1,3150.8
32582,13043,443,4,4944.73
32583,13043,277,2,2853.84
32584,13044,1204,2,4942.73
32585,13044,766,4,3227.33
32586,13044,166,4,2028.89
32587,13044,162,5,980.62
32588,13045,76,2,688.1
32589,13045,353,4,3480.85
32590,13046,1290,3,104.8
32591,13046,976,2,1872.2
32592,13046,620,2,2983.14
32593,13046,1080,3,4797.15
32594,13047,1463,4,4311.37
32595,13047,1167,1,2893.83
32596,13047,1537,1,3391.26
32597,13048,1816,1,1970.73
32598,13048,1994,3,2922.98
32599,13048,1187,2,3486.78
32600,13049,1819,3,118.88
32601,13049,1850,5,3786.95
32602,13050,1855,2,3510.07
32603,13050,281,2,4959.48
32604,13050,1461,1,2888.94
32605,13050,114,2,3138.55
32606,13051,1985,1,4565.54
32607,13051,1455,4,3979.1
32608,13051,1073,2,1327.8
32609,13052,1507,4,526.19
32610,13053,1622,1,1435.95
32611,13053,1319,5,457.3
32612,13054,1244,4,2169.15
32613,13054,77,1,2924.08
32614,13054,1098,4,4207.38
32615,13055,286,3,4563.87
32616,13055,1102,3,4297.06
32617,13056,300,5,2393.53
32618,13056,678,2,3742.53
32619,13056,436,3,3080.84
32620,13057,1926,1,3156.81
32621,13057,1859,4,369.58
32622,13058,388,4,475.38
32623,13058,440,1,4235.09
32624,13058,1602,4,2345.83
32625,13059,101,4,4125.78
32626,13059,1338,2,2157.79
32627,13059,1759,1,290.64
32628,13059,958,2,647.93
32629,13060,863,3,1716.88
32630,13061,1317,1,4464.53
32631,13061,423,3,1441.03
32632,13061,1468,4,2274.06
32633,13061,732,1,3185.96
32634,13062,965,1,1691.03
32635,13062,746,3,4857.48
32636,13063,45,4,3512.85
32637,13063,194,2,85.23
32638,13063,263,2,4797.79
32639,13063,306,4,2895.92
32640,13064,1352,2,377.73
32641,13064,473,5,4766.17
32642,13064,783,5,41.05
32643,13065,1703,4,3435.52
32644,13065,1711,1,3091.29
32645,13065,1055,5,4800.5
32646,13066,1522,2,1931.12
32647,13066,9,4,765.43
32648,13066,864,1,1153.96
32649,13067,1866,4,3049.22
32650,13067,141,1,1474.45
32651,13067,1573,3,2737.95
32652,13068,1353,2,2284.8
32653,13068,570,2,2071.01
32654,13068,949,5,3259.59
32655,13068,1658,4,1105.04
32656,13069,1926,2,3156.81
32657,13069,742,1,1149.62
32658,13069,1200,3,2580.26
32659,13070,835,2,824.78
32660,13071,868,5,991.31
32661,13071,167,4,2818.25
32662,13071,630,1,2446.22
32663,13071,709,1,1968.3
32664,13072,1408,1,1314.08
32665,13072,826,1,2668.7
32666,13072,901,5,4432.43
32667,13073,162,3,980.62
32668,13073,276,2,1435.35
32669,13073,530,4,1905.89
32670,13074,1354,1,2081.24
32671,13074,894,5,421.43
32672,13074,172,1,4966.4
32673,13075,1414,5,604.17
32674,13075,1544,1,2753.26
32675,13075,804,3,3811.41
32676,13076,1804,1,2848.61
32677,13076,843,4,1112.41
32678,13077,1290,2,121.76
32679,13077,1766,3,2112.18
32680,13077,1419,4,2348.86
32681,13078,25,4,3831.09
32682,13078,519,4,4387.05
32683,13079,1020,3,3188.65
32684,13079,1075,5,1297.7
32685,13079,510,3,2677.13
32686,13079,1255,5,3780.37
32687,13080,1432,5,4624.51
32688,13080,413,4,4118.78
32689,13080,566,1,3671.74
32690,13081,1781,4,2340.2
32691,13082,476,2,480.09
32692,13082,1084,1,2561.27
32693,13082,157,3,4489.54
32694,13082,638,5,2493.09
32695,13083,796,5,4016.74
32696,13083,873,3,4733.69
32697,13083,1194,2,472.3
32698,13083,676,3,1181.47
32699,13084,1400,2,1999.62
32700,13084,1290,4,121.76
32701,13085,957,1,4532.8
32702,13085,1182,3,3287.43
32703,13086,1228,4,1898.35
32704,13086,343,3,1428.48
32705,13086,411,5,4984.22
32706,13086,1049,5,4572.88
32707,13087,1650,5,2182.84
32708,13087,963,2,523.27
32709,13087,507,2,1671.42
32710,13088,713,1,4319.36
32711,13089,273,3,2698.03
32712,13090,1068,1,1499.27
32713,13090,1609,2,3710.26
32714,13090,1412,1,2409.48
32715,13091,771,5,289.99
32716,13091,396,2,2432.47
32717,13092,307,1,315.91
32718,13092,315,1,1031.04
32719,13093,648,2,389.29
32720,13093,289,2,2450.56
32721,13094,504,3,741.48
32722,13094,1673,5,3935.36
32723,13094,962,1,1077.29
32724,13095,1089,5,4868.96
32725,13095,227,4,3165.38
32726,13095,26,3,511.61
32727,13096,1526,1,2734.98
32728,13096,457,3,580.66
32729,13096,6,5,518.13
32730,13097,181,2,2553.82
32731,13097,1618,1,3807.37
32732,13097,44,4,3787.46
32733,13097,1267,3,4516.38
32734,13098,652,4,1904.28
32735,13098,1837,5,3671.81
32736,13098,1213,1,2018.29
32737,13099,319,1,684.29
32738,13100,69,4,814.84
32739,13100,1018,3,4664.27
32740,13101,686,5,4311.22
32741,13102,1517,5,1255.49
32742,13102,1089,1,4868.96
32743,13102,161,3,51.31
32744,13103,1706,1,3582.05
32745,13103,1751,4,371.51
32746,13104,937,3,1937.21
32747,13104,727,5,1141.07
32748,13104,506,3,4793.43
32749,13105,163,4,2717.01
32750,13105,1662,2,3160.26
32751,13105,182,2,1313.45
32752,13105,1976,5,2781.03
32753,13106,837,4,2265.42
32754,13107,1444,1,4381.89
32755,13108,1179,2,1931.5
32756,13108,710,3,4079.08
32757,13109,132,4,1956.5
32758,13110,1712,4,3108.47
32759,13110,1134,5,1592.31
32760,13110,840,4,1137.57
32761,13111,1644,4,3769.14
32762,13111,598,1,280.53
32763,13112,791,5,1394.32
32764,13112,367,2,1480.88
32765,13112,1560,3,1396.92
32766,13113,1718,1,4491.54
32767,13113,1251,3,898.05
32768,13114,1897,5,2380.1
32769,13114,49,5,2807.65
32770,13114,767,3,2160.03
32771,13114,1307,5,2522.81
32772,13115,1837,1,3783.37
32773,13115,870,5,2586.71
32774,13115,593,5,1356.01
32775,13116,36,1,1798.08
32776,13116,1225,4,1107.05
32777,13116,858,5,4288.06
32778,13116,1514,5,2850.95
32779,13117,1985,4,4565.54
32780,13117,953,4,3227.55
32781,13117,1230,5,2848.87
32782,13118,1076,2,4810.42
32783,13119,1560,3,1396.92
32784,13119,1517,4,1255.49
32785,13119,1234,3,552.76
32786,13119,1294,2,3397.16
32787,13120,707,4,1194.29
32788,13120,1436,4,4303.05
32789,13120,1376,4,1939.31
32790,13120,1952,2,2008.89
32791,13121,42,4,4443.69
32792,13122,1067,5,2688.91
32793,13122,258,2,4301.51
32794,13123,740,4,618.13
32795,13123,102,1,4320.41
32796,13123,1555,4,3690.58
32797,13123,109,2,4565.68
32798,13124,919,4,4303.03
32799,13124,785,4,3741.23
32800,13124,343,3,1428.48
32801,13125,84,5,182.72
32802,13126,1934,5,685.85
32803,13126,1593,5,4053.1
32804,13127,224,4,869.06
32805,13127,978,4,1208.96
32806,13127,917,3,3523.38
32807,13128,1112,4,3334.7
32808,13128,1942,3,119.81
32809,13129,376,4,1550.37
32810,13129,55,2,477.57
32811,13129,983,3,431.86
32812,13129,1125,4,339.79
32813,13130,1063,3,3675.7
32814,13130,1297,4,1916.18
32815,13130,1789,4,2544.6
32816,13131,536,1,2265.43
32817,13131,394,2,2677.79
32818,13131,1985,5,4565.54
32819,13132,524,4,4240.1
32820,13133,1723,4,4323.91
32821,13133,475,3,1864.92
32822,13134,1283,2,1258.75
32823,13134,1852,1,568.41
32824,13134,1266,4,409.22
32825,13135,499,4,3719.03
32826,13135,289,2,2450.56
32827,13135,1391,3,2097.4
32828,13135,1969,3,1715.61
32829,13136,1781,5,2340.2
32830,13136,51,1,2912.21
32831,13136,1646,2,4531.46
32832,13136,363,2,2133.13
32833,13137,1708,2,270.09
32834,13138,747,1,594.82
32835,13138,213,2,144.62
32836,13139,889,5,2129.98
32837,13140,1401,2,3777.73
32838,13141,187,4,4321.4
32839,13141,724,5,3238.66
32840,13142,844,5,3408.55
32841,13142,119,5,3308.25
32842,13142,1054,2,835.71
32843,13142,901,4,4432.43
32844,13143,26,5,511.61
32845,13143,525,5,555.49
32846,13143,1821,4,4406.13
32847,13143,1549,1,3763.06
32848,13144,637,3,2924.96
32849,13144,530,3,1905.89
32850,13145,955,1,1814.34
32851,13145,610,2,1911.08
32852,13145,1225,1,1107.05
32853,13146,172,2,4966.4
32854,13147,121,3,926.94
32855,13147,1750,3,4149.38
32856,13147,626,3,739.49
32857,13148,1490,3,4079.13
32858,13148,1187,2,3486.78
32859,13149,1378,1,2628.29
32860,13149,193,3,4643.63
32861,13149,1573,4,2737.95
32862,13149,31,1,148.82
32863,13150,350,4,1260.04
32864,13150,417,4,622.91
32865,13150,1848,1,727.07
32866,13150,649,4,127.94
32867,13151,761,5,1097.43
32868,13151,433,1,4118.38
32869,13152,562,2,3206.23
32870,13152,801,1,1243.14
32871,13152,584,3,1765.65
32872,13152,305,5,1143.82
32873,13153,260,1,51.33
32874,13153,981,4,355.18
32875,13153,339,2,2744.38
32876,13154,47,4,3532.17
32877,13154,674,4,3045.84
32878,13155,794,3,2704.79
32879,13155,242,1,2164.87
32880,13155,338,3,99.68
32881,13156,1995,2,2213.54
32882,13156,1712,5,3108.47
32883,13156,881,3,406.91
32884,13156,1989,1,2713.54
32885,13157,642,3,3835.02
32886,13157,1433,2,2525.06
32887,13157,1763,3,1928.96
32888,13158,1294,3,3397.16
32889,13158,746,3,4431.51
32890,13158,85,2,1310.29
32891,13159,779,5,86.06
32892,13160,1484,4,660.16
32893,13160,1434,1,1186.26
32894,13161,928,1,3423.28
32895,13161,576,5,3573.45
32896,13162,1622,5,1435.95
32897,13162,1898,1,1001.41
32898,13162,1596,3,3772.62
32899,13162,10,4,3381.16
32900,13163,920,2,1699.61
32901,13164,1381,1,1820.94
32902,13164,97,5,704.13
32903,13164,693,3,2758.72
32904,13165,243,3,2564.96
32905,13166,166,3,2028.89
32906,13166,912,4,3354.45
32907,13166,753,4,2931.64
32908,13166,266,5,857.12
32909,13167,1110,4,81.81
32910,13167,412,2,3557.28
32911,13168,1938,5,2248.25
32912,13168,1814,3,2755.18
32913,13168,401,4,1294.78
32914,13168,1649,3,3004.21
32915,13169,1936,5,1621.65
32916,13169,1106,2,3401.16
32917,13169,276,1,1435.35
32918,13169,229,4,554.15
32919,13170,1777,5,2403.72
32920,13170,1331,2,772.13
32921,13170,509,5,3670.29
32922,13170,935,2,1506.93
32923,13171,246,5,1278.44
32924,13172,470,3,2867.01
32925,13173,470,1,2867.01
32926,13173,1474,4,567.6
32927,13173,1018,1,4664.27
32928,13174,66,5,461.64
32929,13174,712,3,1459.97
32930,13175,557,5,2545.2
32931,13175,1839,1,3768.65
32932,13175,758,1,3753.2
32933,13176,743,4,2405.57
32934,13176,1955,5,1704.13
32935,13176,266,5,965.9
32936,13176,893,4,108.23
32937,13177,694,4,4360.55
32938,13177,86,4,1479.15
32939,13177,538,2,2135.71
32940,13178,1470,1,2622.08
32941,13178,1174,4,1402.77
32942,13178,695,5,762.18
32943,13178,916,5,4904.69
32944,13179,115,5,3752.45
32945,13179,508,1,4905.99
32946,13179,1847,2,3422.2
32947,13179,1552,3,2043.9
32948,13180,479,4,1787.96
32949,13180,1432,5,3853.18
32950,13180,1816,3,1970.73
32951,13180,1973,5,4641.02
32952,13181,19,4,4954.02
32953,13181,616,1,3631.27
32954,13181,1855,4,3510.07
32955,13181,833,4,923.62
32956,13182,522,5,2908.59
32957,13183,1137,5,1821.42
32958,13183,1607,1,2391.54
32959,13184,457,1,580.66
32960,13184,375,1,1464.53
32961,13184,1945,2,4845.83
32962,13184,766,5,3588.86
32963,13185,1424,4,3150.8
32964,13185,1609,1,3329.39
32965,13185,296,2,2266.44
32966,13186,1155,4,1883.46
32967,13187,1437,4,3751.2
32968,13187,1855,5,3510.07
32969,13187,752,1,1856.82
32970,13187,1123,3,577.55
32971,13188,504,3,782.8
32972,13188,1380,2,3721.35
32973,13188,1563,3,3043.83
32974,13188,193,1,4643.63
32975,13189,713,3,4319.36
32976,13190,1797,3,1642.41
32977,13191,4,1,2039.11
32978,13192,308,1,3885.76
32979,13192,1572,5,1768.61
32980,13193,1292,4,4546.08
32981,13193,1959,1,2299.44
32982,13193,158,4,3068.08
32983,13193,1513,1,4133.12
32984,13194,1417,5,3166.92
32985,13194,283,3,3371.58
32986,13195,497,2,572.94
32987,13195,228,1,3049.62
32988,13195,1924,4,2698.77
32989,13196,474,5,2019.11
32990,13196,1062,4,158.0
32991,13197,1284,1,1729.22
32992,13197,148,1,2545.42
32993,13198,1268,1,1590.21
32994,13198,1748,4,681.78
32995,13198,1458,4,1303.75
32996,13199,1583,3,3561.74
32997,13199,711,3,2522.58
32998,13199,477,2,4760.62
32999,13200,1761,2,4165.49
33000,13201,657,5,1698.74
33001,13202,1418,4,203.29
33002,13202,1528,5,69.45
33003,13202,1882,2,1460.59
33004,13202,889,5,2129.98
33005,13203,871,3,4608.67
33006,13203,1849,2,182.26
33007,13203,481,4,976.31
33008,13204,1575,2,4759.72
33009,13204,1364,3,1963.35
33010,13204,1753,4,499.62
33011,13205,1818,2,662.34
33012,13205,515,5,4246.45
33013,13205,359,2,4464.57
33014,13205,46,1,1485.51
33015,13206,3,3,2657.76
33016,13207,1531,2,4169.63
33017,13207,480,3,2773.31
33018,13208,1100,5,3708.22
33019,13208,1722,3,265.02
33020,13208,1335,4,1474.54
33021,13209,165,4,3913.37
33022,13209,1722,3,265.02
33023,13209,1197,2,2535.81
33024,13210,196,4,1975.92
33025,13211,222,3,4379.2
33026,13212,282,3,614.76
33027,13212,1432,2,4624.51
33028,13213,1629,5,844.45
33029,13213,145,3,4174.9
33030,13213,1031,1,2261.27
33031,13214,193,1,4643.63
33032,13214,447,5,1685.3
33033,13214,615,3,4116.86
33034,13214,53,5,4782.7
33035,13215,1580,1,4757.61
33036,13215,204,1,4051.48
33037,13215,1996,4,1437.31
33038,13216,1334,3,3114.64
33039,13216,1782,4,4189.19
33040,13216,1980,4,885.72
33041,13217,1784,1,1361.63
33042,13217,1227,5,2840.98
33043,13218,1361,2,4344.01
33044,13218,1366,1,2882.66
33045,13219,1613,1,2651.93
33046,13219,1500,5,4223.34
33047,13219,754,2,1368.4
33048,13220,1835,3,358.62
33049,13221,393,4,3102.8
33050,13221,381,2,3252.29
33051,13222,645,5,4070.0
33052,13222,1562,4,4597.92
33053,13222,630,2,2244.3
33054,13222,1111,2,2376.45
33055,13223,1356,5,3354.26
33056,13223,1012,1,1232.66
33057,13223,654,1,74.1
33058,13224,81,2,4873.64
33059,13224,611,4,3903.33
33060,13225,1208,3,2828.12
33061,13225,601,4,4765.61
33062,13225,742,1,1149.62
33063,13225,1472,3,396.71
33064,13226,508,4,4905.99
33065,13226,269,5,1426.17
33066,13227,534,2,124.86
33067,13228,618,2,3131.22
33068,13228,287,2,3303.19
33069,13228,923,3,1277.43
33070,13228,839,2,158.88
33071,13229,1034,4,1021.55
33072,13229,137,1,2258.91
33073,13230,901,1,3884.09
33074,13230,1719,3,4207.69
33075,13230,108,4,2841.42
33076,13231,1303,5,68.4
33077,13231,789,2,1243.17
33078,13232,107,4,3963.87
33079,13232,221,2,1054.07
33080,13233,1202,2,2603.11
33081,13234,924,5,407.23
33082,13235,1810,5,1849.5
33083,13235,167,4,2818.25
33084,13236,1254,3,4319.49
33085,13237,1862,5,2784.19
33086,13237,463,2,2370.45
33087,13238,1836,5,675.74
33088,13238,1332,5,2934.88
33089,13238,867,1,390.65
33090,13238,1673,4,3489.63
33091,13239,1556,3,1799.99
33092,13239,1595,2,1776.86
33093,13239,488,2,1567.45
33094,13239,1975,4,3658.73
33095,13240,1626,1,3411.47
33096,13240,626,1,739.49
33097,13240,22,4,3853.54
33098,13241,859,1,4439.46
33099,13242,1692,2,1836.1
33100,13242,1207,2,3211.83
33101,13242,1926,5,3156.81
33102,13242,1399,3,2366.48
33103,13243,189,1,2961.0
33104,13243,1257,5,3065.38
33105,13243,1317,3,4464.53
33106,13244,1938,4,2662.45
33107,13244,1837,2,3802.17
33108,13245,681,2,2163.86
33109,13245,1379,2,1823.96
33110,13246,321,3,3268.68
33111,13246,1172,3,4339.9
33112,13247,590,5,2350.34
33113,13247,1334,3,3114.64
33114,13247,314,1,1863.3
33115,13248,429,2,4839.22
33116,13248,1345,3,3394.63
33117,13248,674,1,2672.65
33118,13249,500,3,1122.63
33119,13250,1227,1,2553.59
33120,13250,1220,5,558.75
33121,13250,1868,2,2512.3
33122,13250,1679,2,1438.31
33123,13251,449,5,530.54
33124,13251,1568,1,1945.21
33125,13251,1445,3,1133.09
33126,13252,1516,4,4754.42
33127,13252,841,3,2484.52
33128,13252,1886,4,2439.86
33129,13253,628,1,4349.75
33130,13253,1490,4,4644.16
33131,13253,63,2,908.21
33132,13253,985,3,228.63
33133,13254,890,3,1942.86
33134,13254,474,2,2019.11
33135,13254,87,2,2762.02
33136,13255,1522,4,1781.99
33137,13255,1151,5,3490.96
33138,13256,323,5,3121.78
33139,13256,1391,3,2097.4
33140,13256,243,5,2564.96
33141,13256,174,1,402.4
33142,13257,1767,5,2213.8
33143,13258,690,3,2711.99
33144,13258,64,1,2594.71
33145,13258,1736,3,3550.81
33146,13258,1220,3,558.75
33147,13259,1111,4,2376.45
33148,13259,160,1,4272.53
33149,13259,697,5,1310.25
33150,13259,1084,1,2561.27
33151,13260,361,4,102.54
33152,13260,1426,1,2840.77
33153,13260,730,3,1887.22
33154,13261,400,4,2808.68
33155,13261,1123,5,577.55
33156,13261,310,5,3134.88
33157,13261,1486,5,2349.15
33158,13262,1924,5,2698.77
33159,13262,1271,2,1467.96
33160,13262,1431,2,2705.27
33161,13262,556,2,1202.76
33162,13263,1889,5,3928.33
33163,13263,697,3,1310.25
33164,13263,211,4,2753.06
33165,13264,275,5,3000.32
33166,13264,377,4,2876.14
33167,13264,452,1,3867.18
33168,13264,370,3,3866.58
33169,13265,977,2,638.45
33170,13265,1172,4,3593.96
33171,13265,1192,1,4478.16
33172,13266,1445,2,1133.09
33173,13267,1963,2,615.6
33174,13267,1493,5,3781.76
33175,13267,824,1,2349.66
33176,13268,233,1,314.31
33177,13269,1412,4,2409.48
33178,13269,1872,3,3241.71
33179,13270,922,3,756.87
33180,13270,452,5,3867.18
33181,13270,1735,2,4147.46
33182,13270,939,2,161.24
33183,13271,514,1,755.11
33184,13271,63,2,908.21
33185,13272,1278,1,4258.42
33186,13272,1617,2,1107.75
33187,13272,863,5,2025.64
33188,13273,1421,5,4859.69
33189,13273,1983,2,3566.87
33190,13273,1709,5,1568.58
33191,13274,1221,3,204.75
33192,13274,1321,1,1145.46
33193,13274,1444,5,4381.89
33194,13274,1546,3,3706.04
33195,13275,1101,2,4136.01
33196,13275,840,5,1257.06
33197,13276,1168,5,3342.38
33198,13276,1867,2,2289.03
33199,13276,321,5,3268.68
33200,13276,915,3,4241.85
33201,13277,721,4,93.68
33202,13278,1250,1,740.64
33203,13278,717,4,1550.32
33204,13279,1518,3,1171.72
33205,13280,668,5,371.43
33206,13281,755,5,3263.47
33207,13281,1786,5,1807.07
33208,13281,490,2,1644.97
33209,13282,581,2,3890.01
33210,13282,566,3,3671.74
33211,13282,123,2,2822.61
33212,13283,542,3,3481.44
33213,13283,917,4,3523.38
33214,13283,1273,1,2490.93
33215,13283,1212,1,4527.15
33216,13284,1804,2,2848.61
33217,13284,981,4,355.18
33218,13284,1690,2,4633.95
33219,13284,1639,4,280.07
33220,13285,1536,4,376.58
33221,13285,1620,3,3927.91
33222,13286,54,5,268.33
33223,13287,1440,3,3589.68
33224,13287,1540,3,3898.12
33225,13288,1318,4,4006.54
33226,13288,1943,4,1101.53
33227,13289,101,5,4125.78
33228,13289,156,2,114.68
33229,13289,266,5,965.9
33230,13290,467,5,3451.65
33231,13291,1421,3,4859.69
33232,13291,1303,5,68.4
33233,13292,185,4,1050.24
33234,13292,1229,3,4239.84
33235,13292,1760,1,4916.81
33236,13293,1663,1,363.7
33237,13293,832,1,1791.53
33238,13294,1736,3,3234.99
33239,13294,360,5,3919.53
33240,13295,1191,1,2506.31
33241,13296,424,4,850.16
33242,13297,184,4,1497.19
33243,13297,773,1,1551.94
33244,13297,40,3,4750.28
33245,13297,1727,4,944.49
33246,13298,265,4,410.67
33247,13299,958,1,746.56
33248,13299,1729,4,1365.82
33249,13299,1861,4,501.6
33250,13300,144,5,3945.75
33251,13300,483,3,4462.91
33252,13301,752,5,1856.82
33253,13302,28,1,4654.11
33254,13302,1152,3,2407.53
33255,13302,856,3,4713.32
33256,13303,1790,3,4394.84
33257,13304,1542,3,118.12
33258,13304,1347,1,3631.66
33259,13304,206,4,4141.44
33260,13305,1532,5,4771.9
33261,13305,1664,2,4192.17
33262,13305,1146,5,220.73
33263,13305,692,2,3794.02
33264,13306,919,3,4303.03
33265,13306,1593,4,4053.1
33266,13307,198,1,1266.5
33267,13307,377,1,2876.14
33268,13308,1680,2,1224.93
33269,13308,1480,3,705.06
33270,13308,302,4,40.83
33271,13309,354,1,1420.94
33272,13309,124,4,1903.14
33273,13309,1079,5,870.46
33274,13309,930,1,79.28
33275,13310,376,5,1550.37
33276,13311,702,2,3418.37
33277,13311,950,5,3227.8
33278,13311,860,2,421.6
33279,13311,765,1,1424.04
33280,13312,554,4,3605.53
33281,13312,1574,5,2194.43
33282,13312,1535,3,2002.12
33283,13313,1146,2,220.73
33284,13313,552,4,3403.38
33285,13313,5,1,3556.25
33286,13314,1225,3,1107.05
33287,13314,1659,3,390.24
33288,13315,1008,1,3281.27
33289,13315,1596,5,3772.62
33290,13316,934,1,3262.71
33291,13316,265,2,410.67
33292,13316,1629,1,844.45
33293,13316,1630,5,910.68
33294,13317,791,5,1394.32
33295,13317,726,4,1208.57
33296,13317,1958,4,4221.55
33297,13317,286,3,4563.87
33298,13318,1956,5,735.62
33299,13318,1791,1,804.45
33300,13318,163,2,3241.38
33301,13318,309,4,494.89
33302,13319,1917,5,2645.94
33303,13319,1871,4,2643.42
33304,13319,1136,2,1500.69
33305,13319,1979,1,1181.46
33306,13320,1127,5,903.31
33307,13320,1189,2,1492.95
33308,13320,1258,3,3972.09
33309,13320,848,3,2754.39
33310,13321,1203,4,4402.27
33311,13322,5,2,4405.06
33312,13323,1149,1,3727.73
33313,13323,1415,3,3433.14
33314,13323,1494,4,195.63
33315,13324,129,4,3742.12
33316,13325,252,4,1741.05
33317,13325,1202,1,3015.22
33318,13326,1849,5,218.72
33319,13326,1552,5,2043.9
33320,13327,1302,2,243.22
33321,13327,1527,1,1719.79
33322,13328,744,4,2156.28
33323,13328,580,4,4091.23
33324,13328,1568,5,1945.21
33325,13329,1447,3,4186.93
33326,13330,1336,5,3168.5
33327,13331,1179,4,1931.5
33328,13331,1477,3,2470.35
33329,13332,1945,1,4845.83
33330,13333,1625,5,2389.16
33331,13333,1085,5,3415.14
33332,13333,1404,1,1949.35
33333,13333,1892,2,3756.21
33334,13334,1192,5,4478.16
33335,13334,187,5,4624.37
33336,13334,994,1,3999.58
33337,13335,651,3,140.09
33338,13336,418,1,4483.51
33339,13336,1026,5,3832.72
33340,13336,540,3,635.0
33341,13337,1990,1,4241.52
33342,13337,288,3,3949.36
33343,13337,1908,5,2628.01
33344,13337,276,2,1192.16
33345,13338,1783,5,2181.97
33346,13338,638,3,2493.09
33347,13338,1518,3,946.1
33348,13338,295,1,2319.63
33349,13339,983,4,431.86
33350,13340,1810,3,1849.5
33351,13340,1194,3,472.3
33352,13340,1135,2,2477.19
33353,13340,805,2,262.12
33354,13341,956,5,2814.27
33355,13341,1434,4,1186.26
33356,13342,483,5,4941.39
33357,13342,393,5,3676.91
33358,13343,1713,5,3233.67
33359,13343,1797,3,1642.41
33360,13344,373,1,4531.36
33361,13344,367,2,1480.88
33362,13344,944,2,314.92
33363,13344,374,4,981.38
33364,13345,546,4,1444.86
33365,13345,1925,5,4695.17
33366,13346,1097,2,542.09
33367,13347,555,5,4404.23
33368,13347,1853,1,4612.68
33369,13347,1732,2,2354.17
33370,13348,1071,3,2170.33
33371,13348,1700,1,54.4
33372,13348,1373,1,3073.23
33373,13349,338,4,92.37
33374,13349,609,4,1519.93
33375,13350,1836,4,675.74
33376,13350,1183,2,303.78
33377,13350,910,5,1668.52
33378,13350,821,5,1441.46
33379,13351,1570,3,3687.47
33380,13351,1631,5,3720.62
33381,13351,1429,3,4151.13
33382,13351,1836,3,675.74
33383,13352,1334,3,3114.64
33384,13352,1040,5,852.31
33385,13352,374,3,981.38
33386,13353,1991,4,2775.37
33387,13353,127,4,4711.87
33388,13353,1571,3,3828.97
33389,13353,77,5,2924.08
33390,13354,827,4,4182.83
33391,13354,1799,3,3529.71
33392,13354,1626,5,3411.47
33393,13354,835,3,824.78
33394,13355,1271,5,1820.81
33395,13355,1393,5,484.39
33396,13355,1636,1,4425.37
33397,13356,1790,3,4394.84
33398,13356,1554,4,4999.52
33399,13356,697,5,1310.25
33400,13356,1064,4,891.81
33401,13357,1116,5,4103.51
33402,13357,594,4,2929.29
33403,13357,1159,1,3012.68
33404,13358,1152,5,2407.53
33405,13358,156,5,114.68
33406,13359,1204,5,4942.73
33407,13359,978,4,1208.96
33408,13359,1779,3,4333.82
33409,13359,1534,1,1497.27
33410,13360,233,3,314.31
33411,13361,420,3,1799.73
33412,13361,1760,2,4461.47
33413,13361,303,2,3528.76
33414,13361,1985,1,4565.54
33415,13362,1326,4,821.14
33416,13362,341,5,4893.89
33417,13363,1799,3,3529.71
33418,13363,1297,5,1916.18
33419,13363,870,1,2586.71
33420,13363,474,4,2019.11
33421,13364,863,5,2025.64
33422,13364,1824,3,3280.48
33423,13365,105,5,1594.49
33424,13365,767,5,2284.41
33425,13366,1529,1,1524.47
33426,13366,902,3,2296.46
33427,13367,1603,3,647.85
33428,13367,1798,1,3519.52
33429,13367,1782,2,4678.02
33430,13368,1960,2,1382.0
33431,13369,39,4,4972.54
33432,13369,1329,1,1706.26
33433,13370,1775,4,3513.61
33434,13371,1555,1,3690.58
33435,13371,919,3,4303.03
33436,13371,1147,4,3066.56
33437,13371,501,5,3768.53
33438,13372,3,4,2657.76
33439,13372,1850,3,3786.95
33440,13373,462,4,2829.04
33441,13373,698,5,4188.03
33442,13374,1806,5,4932.05
33443,13374,490,5,1644.97
33444,13374,593,1,1356.01
33445,13374,312,2,1021.14
33446,13375,1333,1,573.04
33447,13375,163,1,3241.38
33448,13375,1786,3,1807.07
33449,13375,734,2,2141.13
33450,13376,1090,5,3677.27
33451,13377,1650,1,2182.84
33452,13378,47,5,3859.05
33453,13379,1220,3,472.13
33454,13379,289,2,2450.56
33455,13380,350,4,1260.04
33456,13380,1376,1,1939.31
33457,13381,73,2,700.9
33458,13381,1260,3,3252.12
33459,13382,1226,4,2907.37
33460,13382,1417,4,3166.92
33461,13382,1741,3,1288.8
33462,13382,968,5,967.88
33463,13383,521,1,2682.3
33464,13384,926,4,3865.4
33465,13385,1974,5,503.16
33466,13385,1699,5,4382.52
33467,13385,539,3,4274.76
33468,13386,1469,2,737.41
33469,13386,1546,2,3706.04
33470,13386,347,4,4172.85
33471,13387,1772,4,4036.96
33472,13388,1779,2,3693.4
33473,13388,177,4,2310.22
33474,13388,1048,5,3735.55
33475,13388,1852,1,568.41
33476,13389,1645,4,1189.64
33477,13389,659,4,1295.32
33478,13389,1660,4,167.07
33479,13389,1313,3,4023.94
33480,13390,705,1,4232.36
33481,13390,902,1,2296.46
33482,13390,875,2,593.63
33483,13390,1492,3,1582.22
33484,13391,1624,4,1510.22
33485,13392,660,3,2171.39
33486,13392,808,5,2854.34
33487,13392,1746,1,3623.92
33488,13393,825,5,4031.54
33489,13393,1183,4,348.93
33490,13393,327,1,1236.95
33491,13393,1790,1,4394.84
33492,13394,512,3,2081.26
33493,13395,146,3,2306.98
33494,13395,1281,4,4697.79
33495,13395,73,3,700.9
33496,13395,301,5,1012.97
33497,13396,1325,1,150.07
33498,13396,1918,4,3581.72
33499,13396,572,1,3464.96
33500,13397,1778,2,3865.81
33501,13397,315,1,1223.18
33502,13397,478,1,207.98
33503,13398,1806,1,4282.22
33504,13398,1135,4,2723.74
33505,13399,659,1,1295.32
33506,13399,940,4,430.57
33507,13400,518,1,2494.14
33508,13400,1369,1,1107.42
33509,13400,854,5,4215.33
33510,13401,1443,1,1205.09
33511,13402,401,5,1294.78
33512,13402,1529,3,1524.47
33513,13402,1274,1,3944.58
33514,13403,68,3,395.92
33515,13404,1638,3,1905.98
33516,13404,239,3,3126.17
33517,13404,1801,4,4297.61
33518,13405,365,2,3968.22
33519,13405,1174,4,1318.69
33520,13405,851,5,3486.75
33521,13405,433,1,4118.38
33522,13406,624,2,563.65
33523,13406,1242,4,1507.11
33524,13406,1627,2,4970.08
33525,13407,638,1,2493.09
33526,13408,1193,5,1900.43
33527,13408,64,3,2594.71
33528,13409,1077,5,1521.49
33529,13409,1172,2,4339.9
33530,13409,1878,1,3366.27
33531,13409,1425,4,2840.04
33532,13410,1602,5,2669.18
33533,13410,1232,3,4553.57
33534,13411,1207,2,3211.83
33535,13411,771,4,264.31
33536,13411,1837,1,4360.25
33537,13412,1295,4,4824.7
33538,13413,263,2,4797.79
33539,13413,1425,5,2840.04
33540,13414,1928,2,664.98
33541,13414,281,2,4959.48
33542,13414,886,1,1634.05
33543,13414,556,5,1367.56
33544,13415,1785,4,1442.72
33545,13415,1177,5,3460.99
33546,13415,426,3,1966.25
33547,13416,829,2,2028.46
33548,13416,1066,2,4382.58
33549,13416,1338,4,2432.88
33550,13417,254,5,3914.95
33551,13418,1106,2,3069.68
33552,13418,13,3,2227.03
33553,13418,521,1,2212.62
33554,13419,487,5,4330.41
33555,13419,1578,1,2695.81
33556,13419,252,3,1697.29
33557,13420,964,5,2145.18
33558,13420,1052,4,2210.96
33559,13420,677,4,45.02
33560,13421,1344,3,1792.55
33561,13422,824,5,2349.66
33562,13422,1557,1,2010.11
33563,13422,1589,4,457.62
33564,13422,1042,1,3030.16
33565,13423,1923,2,3707.45
33566,13423,736,5,3374.71
33567,13424,687,4,285.98
33568,13425,1806,5,4932.05
33569,13425,774,3,450.99
33570,13425,695,3,762.18
33571,13426,1723,5,4323.91
33572,13427,1065,5,1447.9
33573,13427,588,2,1581.43
33574,13428,1236,3,3461.07
33575,13428,922,5,756.87
33576,13428,1015,2,2805.41
33577,13428,1544,2,2753.26
33578,13429,548,2,790.99
33579,13430,1405,2,894.37
33580,13430,1138,5,2305.56
33581,13431,236,3,3685.93
33582,13431,888,3,129.22
33583,13431,862,5,808.75
33584,13431,890,1,1942.86
33585,13432,1124,2,4882.27
33586,13432,913,5,17.43
33587,13432,1033,2,3497.95
33588,13433,1347,1,4310.65
33589,13434,1651,1,1559.53
33590,13434,910,4,1668.52
33591,13434,1677,1,828.77
33592,13434,758,2,3189.11
33593,13435,1132,2,3722.75
33594,13436,936,1,1664.96
33595,13436,1893,3,3012.28
33596,13437,808,3,2854.34
33597,13437,759,1,4030.25
33598,13437,1932,1,108.69
33599,13437,1738,4,1876.76
33600,13438,606,4,4515.64
33601,13438,1824,1,3280.48
33602,13438,1425,2,2840.04
33603,13439,491,3,4033.74
33604,13439,988,5,3501.72
33605,13439,135,1,4248.92
33606,13439,401,2,1294.78
33607,13440,563,4,771.18
33608,13440,128,2,4912.65
33609,13441,382,1,2952.32
33610,13441,1044,3,2721.04
33611,13441,710,1,4079.08
33612,13442,238,3,3156.13
33613,13443,1135,1,2465.92
33614,13443,891,3,2282.77
33615,13443,829,4,2028.46
33616,13443,871,4,4608.67
33617,13444,182,3,1313.45
33618,13444,1354,1,2081.24
33619,13444,1538,5,4609.56
33620,13445,1697,2,2034.38
33621,13446,1333,1,573.04
33622,13446,193,4,3810.56
33623,13446,331,4,189.06
33624,13447,1210,2,3080.44
33625,13448,1074,1,1090.35
33626,13448,685,4,434.0
33627,13448,1256,4,3632.6
33628,13449,681,2,2163.86
33629,13450,1103,2,2807.19
33630,13450,190,4,845.16
33631,13451,1192,1,4478.16
33632,13451,475,2,2104.97
33633,13452,874,1,4294.83
33634,13452,744,3,1943.04
33635,13453,1212,4,4527.15
33636,13454,1035,3,1827.28
33637,13455,335,2,3624.71
33638,13455,931,4,4213.39
33639,13455,613,4,1703.51
33640,13455,1316,5,1416.17
33641,13456,1597,3,4997.07
33642,13456,386,4,4619.91
33643,13456,1590,4,3842.98
33644,13457,837,1,2265.42
33645,13457,1943,4,1101.53
33646,13457,891,3,2534.47
33647,13457,858,1,4288.06
33648,13458,555,3,4404.23
33649,13458,1863,1,4385.05
33650,13458,1550,1,3369.31
33651,13458,1379,4,1823.96
33652,13459,269,1,1426.17
33653,13459,921,2,675.91
33654,13460,798,3,4170.48
33655,13460,1083,2,2480.07
33656,13460,1519,1,4276.0
33657,13461,1681,3,1516.38
33658,13461,996,3,2795.3
33659,13461,1003,5,4496.47
33660,13461,1330,5,4560.63
33661,13462,1841,3,3295.24
33662,13463,602,4,3852.84
33663,13463,1307,2,2522.81
33664,13463,96,3,4674.1
33665,13463,618,2,3436.62
33666,13464,957,3,4532.8
33667,13464,1114,1,2404.95
33668,13464,1874,5,2038.67
33669,13464,415,5,273.97
33670,13465,1535,2,2002.12
33671,13465,1182,1,3287.43
33672,13465,1754,4,1040.98
33673,13466,1712,2,3108.47
33674,13466,436,2,3787.72
33675,13466,1406,5,449.18
33676,13466,1546,1,3706.04
33677,13467,1699,5,4382.52
33678,13467,1554,1,4399.83
33679,13467,1277,2,2832.12
33680,13468,342,3,4327.25
33681,13468,1205,3,4795.08
33682,13468,877,2,4109.42
33683,13468,1475,1,4831.22
33684,13469,192,5,4658.31
33685,13469,1511,1,3701.57
33686,13469,1644,5,3769.14
33687,13469,334,4,3189.75
33688,13470,485,2,2343.76
33689,13471,1099,3,3583.64
33690,13471,969,1,1814.87
33691,13471,457,5,580.66
33692,13471,962,5,1077.29
33693,13472,1847,3,3422.2
33694,13472,876,4,4735.67
33695,13472,1925,5,4695.17
33696,13473,689,5,36.34
33697,13474,165,3,3913.37
33698,13474,956,1,2495.26
33699,13475,708,2,4775.63
33700,13475,967,1,3884.42
33701,13476,1369,2,968.86
33702,13476,836,5,3184.86
33703,13477,599,1,4935.59
33704,13477,1289,1,823.25
33705,13477,1292,5,4546.08
33706,13477,959,4,1519.27
33707,13478,1352,5,409.65
33708,13479,931,5,4468.44
33709,13480,1897,2,2534.34
33710,13480,231,3,4228.4
33711,13481,320,2,2079.78
33712,13482,733,4,1237.21
33713,13482,1664,4,4192.17
33714,13483,130,1,73.51
33715,13483,1080,1,4797.15
33716,13483,762,4,2037.05
33717,13483,577,1,1148.53
33718,13484,288,1,4203.67
33719,13484,865,2,2455.86
33720,13484,1612,4,1478.67
33721,13484,214,3,3316.61
33722,13485,112,5,311.28
33723,13485,1317,3,4464.53
33724,13485,1935,4,4879.73
33725,13485,1296,2,253.21
33726,13486,916,1,4904.69
33727,13486,1823,1,788.45
33728,13486,694,4,4360.55
33729,13487,1673,1,3935.36
33730,13487,725,2,1883.71
33731,13488,1561,4,4175.17
33732,13489,1300,1,2792.13
33733,13490,1439,3,3836.78
33734,13490,1305,5,1337.98
33735,13491,1178,4,3058.33
33736,13491,730,5,1887.22
33737,13491,1473,3,850.07
33738,13492,825,5,4366.02
33739,13492,1159,3,2416.63
33740,13493,1320,3,1133.36
33741,13494,934,1,3262.71
33742,13494,1774,3,827.58
33743,13494,1307,4,2129.42
33744,13495,917,2,3523.38
33745,13495,787,4,3300.67
33746,13495,1402,4,1111.29
33747,13496,351,2,781.08
33748,13496,1063,3,3675.7
33749,13496,761,3,993.73
33750,13497,1025,2,3996.37
33751,13497,143,3,2926.5
33752,13498,1643,5,2610.69
33753,13498,773,4,1551.94
33754,13498,620,1,2833.73
33755,13498,1536,1,347.87
33756,13499,526,1,1644.34
33757,13499,99,2,3376.61
33758,13499,657,5,1698.74
33759,13499,1630,3,926.18
33760,13500,795,2,2034.25
33761,13501,1111,4,2376.45
33762,13501,1151,3,3712.56
33763,13501,1641,5,1853.09
33764,13501,1876,4,915.48
33765,13502,1075,2,1297.7
33766,13502,1529,3,1238.06
33767,13503,1870,1,2326.9
33768,13503,1470,4,2622.08
33769,13504,736,2,3374.71
33770,13505,884,2,2553.49
33771,13506,694,4,3991.24
33772,13506,156,3,114.68
33773,13506,1367,1,308.74
33774,13507,1760,5,4916.81
33775,13507,608,2,2247.3
33776,13507,1014,2,2129.89
33777,13507,1475,2,4831.22
33778,13508,1813,3,1347.23
33779,13508,1678,3,2297.44
33780,13509,661,3,1574.39
33781,13510,1838,5,504.85
33782,13510,59,3,3151.73
33783,13510,864,4,1153.96
33784,13510,720,4,2189.31
33785,13511,42,2,4021.03
33786,13511,1204,1,4942.73
33787,13511,96,4,4674.1
33788,13511,1644,2,3130.29
33789,13512,1572,5,1768.61
33790,13513,860,5,421.6
33791,13513,731,1,1685.44
33792,13514,983,3,431.86
33793,13514,648,2,389.85
33794,13514,17,3,4409.98
33795,13514,1376,1,1939.31
33796,13515,1697,2,2034.38
33797,13515,1726,5,635.25
33798,13515,48,4,2706.15
33799,13516,1534,4,1497.27
33800,13517,593,5,1356.01
33801,13517,473,5,4766.17
33802,13517,632,3,2090.66
33803,13517,1456,3,3421.86
33804,13518,709,4,1968.3
33805,13518,797,2,4573.17
33806,13518,1374,3,3833.57
33807,13518,1952,5,2454.26
33808,13519,614,4,1652.79
33809,13520,501,5,3420.44
33810,13520,1696,2,834.2
33811,13520,1519,4,4276.0
33812,13520,320,2,2079.78
33813,13521,629,3,3437.25
33814,13522,1221,2,237.2
33815,13522,113,1,1021.83
33816,13523,1697,4,2034.38
33817,13523,1231,1,679.89
33818,13524,1140,3,143.75
33819,13524,770,5,1755.13
33820,13525,1247,5,2883.05
33821,13525,194,3,85.23
33822,13526,597,5,513.89
33823,13526,1686,3,456.49
33824,13526,598,4,298.55
33825,13526,169,1,1877.04
33826,13527,1429,1,4518.66
33827,13527,1411,2,2865.02
33828,13527,1129,4,3928.15
33829,13527,1059,4,4118.26
33830,13528,998,4,4107.24
33831,13528,92,4,4458.7
33832,13529,100,4,4149.54
33833,13529,695,2,762.18
33834,13530,997,4,3718.89
33835,13531,1075,5,1297.7
33836,13532,1708,3,319.73
33837,13532,260,3,60.74
33838,13533,329,1,4348.31
33839,13533,168,3,3008.4
33840,13533,671,2,4268.05
33841,13534,829,3,1900.69
33842,13534,1708,1,319.73
33843,13534,893,1,98.78
33844,13534,43,1,1212.23
33845,13535,462,1,2829.04
33846,13535,1385,5,3672.34
33847,13536,555,3,4404.23
33848,13537,1367,2,308.74
33849,13537,656,5,3743.6
33850,13537,908,5,1720.1
33851,13537,863,2,2025.64
33852,13538,421,2,4612.91
33853,13539,1136,4,1859.45
33854,13539,604,1,3418.92
33855,13539,285,4,1614.71
33856,13540,28,4,4654.11
33857,13540,199,2,252.39
33858,13540,243,2,2564.96
33859,13541,229,3,487.76
33860,13541,354,3,1420.94
33861,13541,224,3,869.06
33862,13541,1607,3,2615.57
33863,13542,1590,1,3842.98
33864,13542,1718,4,4491.54
33865,13543,1693,1,1581.35
33866,13544,1051,2,1229.05
33867,13545,1450,3,4048.3
33868,13545,1805,3,2631.43
33869,13545,1433,1,2525.06
33870,13546,1273,5,2490.93
33871,13546,1199,1,2527.07
33872,13546,1034,1,1140.64
33873,13546,888,1,129.22
33874,13547,823,2,4892.28
33875,13547,698,4,4188.03
33876,13548,1172,4,4339.9
33877,13548,705,4,4232.36
33878,13548,1975,2,3394.35
33879,13549,1162,1,260.62
33880,13549,1471,3,1253.11
33881,13550,1421,1,4859.69
33882,13550,1822,3,4736.7
33883,13551,1208,5,2828.12
33884,13551,320,3,2079.78
33885,13551,270,3,3023.26
33886,13552,1685,3,4800.62
33887,13553,1617,1,1107.75
33888,13553,1173,1,3799.31
33889,13554,445,3,4082.97
33890,13555,813,2,952.88
33891,13555,505,2,1675.87
33892,13555,652,2,1904.28
33893,13556,1840,3,932.45
33894,13556,1763,2,1928.96
33895,13556,1330,2,4560.63
33896,13556,1578,1,2695.81
33897,13557,1088,5,1321.01
33898,13557,734,1,2141.13
33899,13558,848,2,2754.39
33900,13558,157,5,4489.54
33901,13558,1111,1,2376.45
33902,13559,1752,1,3707.7
33903,13559,582,4,4943.34
33904,13559,1556,1,1749.46
33905,13559,1039,2,1550.6
33906,13560,375,1,1242.51
33907,13561,740,1,618.13
33908,13561,1260,3,3252.12
33909,13562,806,1,131.42
33910,13563,1315,4,3808.34
33911,13563,1443,3,1395.23
33912,13563,380,4,3253.43
33913,13563,1516,4,4754.42
33914,13564,669,4,3129.58
33915,13564,985,5,228.63
33916,13565,972,2,4344.95
33917,13566,697,5,1310.25
33918,13566,1567,1,2535.92
33919,13567,1841,3,3295.24
33920,13568,130,5,73.51
33921,13569,529,4,2017.88
33922,13569,504,1,782.8
33923,13569,1262,1,3201.63
33924,13570,537,2,4518.79
33925,13571,464,2,4246.39
33926,13571,1490,1,4644.16
33927,13571,1642,5,2231.42
33928,13571,134,3,1940.05
33929,13572,1309,1,4419.04
33930,13572,44,2,3787.46
33931,13573,992,5,2665.02
33932,13573,76,1,688.1
33933,13574,95,5,1165.46
33934,13575,530,2,1905.89
33935,13575,1379,2,1823.96
33936,13576,260,4,60.74
33937,13576,1302,1,254.04
33938,13576,1636,1,4425.37
33939,13576,1206,1,1052.49
33940,13577,1134,1,1460.9
33941,13577,1912,1,4495.58
33942,13577,748,3,1402.9
33943,13578,758,5,3980.65
33944,13579,265,3,410.67
33945,13580,1916,1,69.6
33946,13581,1675,3,4618.9
33947,13581,161,3,55.99
33948,13581,1446,5,3668.66
33949,13582,431,3,3294.77
33950,13582,802,1,1237.78
33951,13582,1030,5,291.74
33952,13582,756,5,4290.25
33953,13583,759,5,3716.73
33954,13584,472,5,848.93
33955,13584,28,1,4654.11
33956,13585,765,3,1424.04
33957,13586,909,3,1747.75
33958,13586,319,2,684.29
33959,13587,962,5,1077.29
33960,13587,1208,1,2828.12
33961,13588,1654,2,1610.37
33962,13588,404,1,2513.11
33963,13588,384,4,2813.82
33964,13588,1828,1,2989.5
33965,13589,316,3,4165.3
33966,13590,1137,2,1821.42
33967,13590,593,2,1276.86
33968,13591,1639,4,249.27
33969,13592,373,1,3915.15
33970,13592,1544,2,2753.26
33971,13592,593,1,1356.01
33972,13592,1822,4,4736.7
33973,13593,296,3,2266.44
33974,13593,850,2,34.16
33975,13593,942,4,4334.82
33976,13593,1787,4,3811.84
33977,13594,1960,3,1687.21
33978,13594,835,5,824.78
33979,13595,775,3,1756.06
33980,13595,830,1,1158.94
33981,13595,1149,4,3909.14
33982,13595,6,1,518.13
33983,13596,535,5,2607.22
33984,13596,1964,1,3473.21
33985,13596,757,2,4478.92
33986,13596,1511,5,3701.57
33987,13597,121,5,926.94
33988,13598,54,1,268.33
33989,13598,977,3,534.08
33990,13599,766,3,3588.86
33991,13599,292,1,941.43
33992,13600,405,3,2282.13
33993,13600,1196,4,571.04
33994,13600,1979,3,1181.46
33995,13600,1740,3,2410.8
33996,13601,224,1,869.06
33997,13601,611,1,3903.33
33998,13601,1333,2,573.04
33999,13602,510,1,2677.13
34000,13602,175,3,4971.35
34001,13602,323,3,3121.78
34002,13602,1234,2,552.76
34003,13603,1638,4,1905.98
34004,13603,1262,4,3201.63
34005,13603,372,5,1767.22
34006,13604,1095,2,2920.08
34007,13604,988,1,4286.16
34008,13605,1168,1,3342.38
34009,13606,1980,1,885.72
34010,13606,1105,3,1139.99
34011,13607,219,2,3445.3
34012,13607,1660,2,167.07
34013,13607,210,2,1176.68
34014,13608,1019,5,256.59
34015,13608,1874,4,2038.67
34016,13609,1154,3,872.87
34017,13609,1306,1,2948.67
34018,13609,469,3,3409.35
34019,13609,328,2,4328.97
34020,13610,1191,4,2506.31
34021,13610,229,3,554.15
34022,13610,632,3,2090.66
34023,13610,131,5,3366.57
34024,13611,1178,2,3058.33
34025,13611,660,5,2431.78
34026,13612,274,3,88.25
34027,13613,114,3,3138.55
34028,13613,311,3,3822.43
34029,13614,749,3,3005.85
34030,13615,1352,5,409.65
34031,13615,1443,2,1395.23
34032,13616,1538,2,4609.56
34033,13616,1578,2,2695.81
34034,13616,1762,5,950.9
34035,13617,547,2,2542.66
34036,13617,108,3,2841.42
34037,13617,1158,1,3218.83
34038,13618,1320,4,1133.36
34039,13619,1986,5,3350.49
34040,13619,55,2,477.57
34041,13619,679,5,2172.15
34042,13620,1503,3,4559.11
34043,13620,1300,1,2535.92
34044,13620,1660,3,167.07
34045,13620,885,3,2122.71
34046,13621,1131,3,2996.62
34047,13621,42,1,4975.48
34048,13622,1213,4,2208.1
34049,13622,762,2,2037.05
34050,13622,866,4,1065.77
34051,13623,71,2,4701.99
34052,13623,295,3,2319.63
34053,13624,1796,4,4111.65
34054,13624,522,2,3199.65
34055,13624,174,4,353.3
34056,13625,555,3,4146.82
34057,13625,734,2,2141.13
34058,13626,1121,4,421.04
34059,13626,1853,3,4612.68
34060,13627,1299,5,3435.24
34061,13628,699,4,4601.64
34062,13628,438,5,3390.29
34063,13628,1149,1,4334.54
34064,13628,1259,3,276.66
34065,13629,1010,1,4593.25
34066,13629,600,2,1557.53
34067,13629,1565,5,3779.56
34068,13630,1614,2,4628.97
34069,13630,386,3,4619.91
34070,13631,1602,5,2669.18
34071,13631,1206,4,1052.49
34072,13631,729,3,3272.63
34073,13631,1040,5,852.31
34074,13632,37,4,3285.39
34075,13632,552,5,3735.2
34076,13633,108,2,2841.42
34077,13633,1204,5,4942.73
34078,13633,27,1,3124.89
34079,13633,920,4,1699.61
34080,13634,17,3,4936.1
34081,13634,952,5,2232.98
34082,13634,1035,3,1827.28
34083,13635,1478,3,3702.99
34084,13635,21,1,3692.52
34085,13635,1127,5,903.31
34086,13636,1752,2,3707.7
34087,13636,1474,4,567.6
34088,13637,1513,4,4133.12
34089,13637,527,4,1149.46
34090,13637,1416,1,3592.41
34091,13638,1449,4,1091.3
34092,13638,203,4,3210.13
34093,13639,1310,4,4958.65
34094,13639,540,5,635.0
34095,13640,1291,2,1661.86
34096,13640,94,2,4398.2
34097,13641,345,5,4476.61
34098,13642,1092,3,156.72
34099,13642,1590,4,3842.98
34100,13642,739,5,1046.03
34101,13643,1621,5,459.84
34102,13644,857,1,1368.79
34103,13644,875,5,593.63
34104,13645,1090,4,3677.27
34105,13645,1070,2,1545.21
34106,13645,1412,3,2409.48
34107,13645,1096,4,2154.04
34108,13646,1371,3,3696.98
34109,13647,1339,2,1539.51
34110,13647,1102,4,4297.06
34111,13647,986,2,4768.2
34112,13648,954,2,3935.63
34113,13648,888,5,113.98
34114,13648,935,5,1506.93
34115,13649,356,4,4465.31
34116,13649,105,1,1594.49
34117,13649,1936,5,1570.67
34118,13649,656,3,3743.6
34119,13650,1339,1,1539.51
34120,13650,1100,5,3708.22
34121,13650,486,5,499.57
34122,13651,108,2,2841.42
34123,13651,923,3,1277.43
34124,13651,988,5,4286.16
34125,13652,1231,2,679.89
34126,13652,1436,2,4303.05
34127,13652,966,1,406.68
34128,13652,767,1,2284.41
34129,13653,25,1,3831.09
34130,13653,377,3,2876.14
34131,13653,922,3,756.87
34132,13653,1579,4,1271.12
34133,13654,1637,1,910.75
34134,13655,1729,3,1365.82
34135,13655,1504,3,3727.79
34136,13655,703,3,2524.69
34137,13656,192,3,4408.57
34138,13657,140,5,4472.12
34139,13658,976,1,1872.2
34140,13659,531,3,1161.66
34141,13659,100,5,4670.26
34142,13659,1773,4,2075.06
34143,13659,1650,5,2182.84
34144,13660,896,5,123.66
34145,13660,155,3,4802.34
34146,13660,1574,4,2184.13
34147,13661,391,4,513.45
34148,13661,1147,1,3066.56
34149,13662,688,3,867.54
34150,13662,219,5,3445.3
34151,13662,1422,2,1430.68
34152,13663,1433,3,2525.06
34153,13663,239,5,2967.95
34154,13663,943,4,3407.06
34155,13663,23,1,4610.39
34156,13664,1716,3,2035.93
34157,13665,1361,4,4344.01
34158,13666,207,4,4395.79
34159,13666,1972,5,4088.97
34160,13666,1008,3,2879.54
34161,13667,1109,2,482.64
34162,13667,290,3,2858.24
34163,13667,216,2,1658.13
34164,13668,362,1,2646.06
34165,13669,1807,4,1458.05
34166,13669,9,3,916.9
34167,13669,253,2,801.69
34168,13670,982,3,294.46
34169,13670,200,3,973.56
34170,13670,943,5,3890.6
34171,13670,1487,3,1980.45
34172,13671,1173,2,3799.31
34173,13671,955,1,1580.07
34174,13672,1636,2,4425.37
34175,13673,1482,2,1140.04
34176,13674,1431,4,2352.3
34177,13674,1241,5,2347.53
34178,13674,1155,5,2298.98
34179,13675,1812,1,3787.64
34180,13675,768,2,2222.8
34181,13675,1542,1,142.87
34182,13675,275,4,3000.32
34183,13676,1613,3,2651.93
34184,13676,644,5,1244.88
34185,13676,7,3,4731.63
34186,13676,1602,3,2143.33
34187,13677,562,1,3206.23
34188,13677,243,1,2564.96
34189,13677,1691,2,42.1
34190,13677,1979,5,1181.46
34191,13678,570,5,2071.01
34192,13678,732,4,3185.96
34193,13678,972,5,4344.95
34194,13678,479,2,1787.96
34195,13679,1963,5,742.96
34196,13679,1121,4,421.04
34197,13679,1398,4,1108.87
34198,13679,424,3,850.16
34199,13680,570,5,2071.01
34200,13680,595,4,2571.36
34201,13680,384,5,2813.82
34202,13680,1368,3,2948.1
34203,13681,1954,3,3966.67
34204,13682,1622,1,1435.95
34205,13682,573,5,1933.49
34206,13682,861,3,3583.46
34207,13683,1417,3,3166.92
34208,13683,1039,1,1550.6
34209,13684,1811,5,355.4
34210,13684,1385,1,3672.34
34211,13684,1804,3,2848.61
34212,13684,181,3,2553.82
34213,13685,570,4,1946.59
34214,13686,767,2,2284.41
34215,13687,1096,5,2154.04
34216,13687,349,5,3208.92
34217,13687,1110,3,81.81
34218,13687,188,4,1686.73
34219,13688,1201,4,3873.97
34220,13689,1172,3,4339.9
34221,13690,1941,2,4341.05
34222,13690,156,1,106.38
34223,13691,1464,5,3568.86
34224,13692,524,1,3653.69
34225,13693,1407,5,3240.69
34226,13693,567,5,4674.9
34227,13693,1865,5,1486.0
34228,13693,1121,2,421.04
34229,13694,1684,4,3589.34
34230,13694,352,5,499.9
34231,13694,705,1,4232.36
34232,13695,1960,2,1687.21
34233,13695,1483,4,2726.34
34234,13695,1027,4,1879.49
34235,13695,952,4,2232.98
34236,13696,205,4,4043.35
34237,13696,1852,3,568.41
34238,13696,935,1,1506.93
34239,13696,1386,3,3278.38
34240,13697,1833,2,3938.2
34241,13698,815,3,2374.91
34242,13698,932,5,2410.69
34243,13698,96,2,4674.1
34244,13698,1117,1,4632.15
34245,13699,179,5,3052.29
34246,13699,1350,3,3281.89
34247,13700,1720,2,1173.23
34248,13700,196,2,1975.92
34249,13700,1890,3,1462.22
34250,13701,1733,5,3172.94
34251,13701,1965,5,4683.28
34252,13701,123,1,2822.61
34253,13702,1717,2,4935.75
34254,13702,98,4,2313.08
34255,13702,295,1,2319.63
34256,13703,1600,5,4071.4
34257,13703,1375,4,3400.39
34258,13703,218,1,4703.1
34259,13703,503,3,130.02
34260,13704,560,2,3196.7
34261,13704,112,2,353.38
34262,13705,17,3,4936.1
34263,13706,1185,4,4048.07
34264,13706,449,2,530.54
34265,13707,1870,3,2326.9
34266,13707,1210,2,3183.24
34267,13707,583,1,2344.29
34268,13707,1493,1,3248.6
34269,13708,1584,4,4258.11
34270,13708,1191,4,2506.31
34271,13708,1813,5,1347.23
34272,13708,1638,2,1905.98
34273,13709,623,4,4260.78
34274,13709,1616,4,3567.75
34275,13710,719,4,4251.26
34276,13711,1621,3,459.84
34277,13711,804,3,3811.41
34278,13711,583,5,2344.29
34279,13711,1050,3,105.34
34280,13712,614,2,1652.79
34281,13713,1093,4,3916.92
34282,13713,1856,1,1240.01
34283,13713,1610,3,386.02
34284,13713,669,1,3129.58
34285,13714,1670,3,3775.41
34286,13714,1175,2,1984.86
34287,13714,258,3,4301.51
34288,13714,741,1,3043.25
34289,13715,783,3,41.05
34290,13716,859,3,3742.66
34291,13717,1843,1,4261.48
34292,13717,927,3,3677.85
34293,13718,1322,5,2046.82
34294,13718,1745,4,524.94
34295,13718,1099,5,3583.64
34296,13718,568,1,4098.08
34297,13719,173,3,3873.68
34298,13719,918,5,709.61
34299,13719,167,1,2818.25
34300,13719,1322,5,1897.34
34301,13720,853,5,3798.88
34302,13720,268,3,4085.34
34303,13721,1983,3,4107.76
34304,13721,1394,4,1472.74
34305,13721,1089,1,4265.84
34306,13722,721,2,93.68
34307,13722,1296,2,292.88
34308,13722,1427,3,2180.98
34309,13722,1660,2,167.07
34310,13723,69,2,655.4
34311,13723,70,5,1704.87
34312,13723,1420,4,3588.31
34313,13724,294,2,4193.11
34314,13724,1286,1,791.64
34315,13725,1516,4,4754.42
34316,13725,928,2,3423.28
34317,13725,1283,3,1258.75
34318,13725,147,4,2618.07
34319,13726,491,4,4756.43
34320,13726,1452,4,764.05
34321,13726,1219,2,2455.23
34322,13727,415,1,273.97
34323,13727,1174,5,1402.77
34324,13728,181,4,2553.82
34325,13729,179,4,3052.29
34326,13729,1797,4,1642.41
34327,13730,744,5,2156.28
34328,13730,919,1,4303.03
34329,13731,1360,4,2763.22
34330,13731,553,4,1791.0
34331,13732,881,5,406.91
34332,13733,582,5,4943.34
34333,13733,641,4,2560.87
34334,13734,1761,5,4165.49
34335,13735,399,2,777.97
34336,13736,516,3,3302.52
34337,13736,394,4,2150.25
34338,13736,196,3,1975.92
34339,13736,1049,1,4572.88
34340,13737,680,1,3366.64
34341,13737,906,4,1584.14
34342,13737,651,3,140.09
34343,13738,545,4,2788.18
34344,13738,1983,2,4107.76
34345,13738,563,1,771.18
34346,13738,518,3,2494.14
34347,13739,1161,1,2876.69
34348,13739,629,5,3437.25
34349,13739,1247,1,3146.26
34350,13739,474,4,2019.11
34351,13740,1426,1,2840.77
34352,13740,654,5,60.92
34353,13740,351,3,781.08
34354,13741,23,3,4610.39
34355,13741,334,2,3189.75
34356,13742,417,2,622.91
34357,13742,1104,1,2160.59
34358,13742,567,5,4674.9
34359,13742,1293,3,1304.75
34360,13743,1289,1,823.25
34361,13743,1823,1,788.45
34362,13743,1250,4,740.64
34363,13744,413,2,4118.78
34364,13745,1954,1,3538.25
34365,13745,886,4,1634.05
34366,13745,1931,2,1903.9
34367,13746,731,4,1685.44
34368,13746,50,3,2406.36
34369,13746,1643,5,2610.69
34370,13747,30,1,2949.45
34371,13747,472,1,848.93
34372,13748,982,5,294.46
34373,13748,1943,1,1101.53
34374,13749,1819,4,98.97
34375,13749,1187,2,3085.47
34376,13749,1827,1,1856.42
34377,13750,1273,3,2490.93
34378,13751,1391,4,2097.4
34379,13751,1619,3,3983.49
34380,13752,252,3,1623.8
34381,13752,890,4,1942.86
34382,13752,1801,5,4297.61
34383,13752,1450,4,4048.3
34384,13753,649,4,127.94
34385,13753,709,4,1968.3
34386,13754,1473,3,850.07
34387,13754,1392,1,4601.48
34388,13755,88,3,903.79
34389,13755,116,2,1301.79
34390,13755,422,1,3551.95
34391,13755,75,5,46.67
34392,13756,694,4,4360.55
34393,13756,1256,5,3310.63
34394,13757,1330,2,4560.63
34395,13758,655,4,114.01
34396,13758,1588,2,344.25
34397,13759,777,4,2077.46
34398,13759,1239,3,3172.16
34399,13759,155,4,4802.34
34400,13760,691,1,1582.01
34401,13760,1916,4,69.6
34402,13761,1514,5,2652.23
34403,13762,1927,2,3169.18
34404,13762,245,2,4393.2
34405,13762,977,4,638.45
34406,13762,557,3,2749.62
34407,13763,1549,5,3268.01
34408,13764,1621,4,459.84
34409,13764,277,4,2853.84
34410,13764,994,5,3999.58
34411,13765,338,3,86.66
34412,13765,230,1,992.78
34413,13766,1707,3,310.83
34414,13766,1961,2,2267.48
34415,13766,31,1,148.82
34416,13767,848,3,2754.39
34417,13767,1580,4,4757.61
34418,13768,1130,4,2324.01
34419,13768,852,1,43.28
34420,13768,221,1,1054.07
34421,13769,1375,2,3153.33
34422,13769,1864,5,4244.91
34423,13770,1475,1,4831.22
34424,13770,367,2,1480.88
34425,13770,1523,1,118.31
34426,13771,555,4,3628.19
34427,13771,23,2,4610.39
34428,13771,706,4,3972.13
34429,13771,1600,5,4071.4
34430,13772,1873,5,2032.74
34431,13772,317,2,2700.01
34432,13773,1491,3,2694.2
34433,13773,719,1,4251.26
34434,13774,1300,1,2792.13
34435,13774,763,4,3277.21
34436,13775,925,2,4150.42
34437,13775,432,5,4230.98
34438,13775,339,5,2744.38
34439,13775,1054,3,966.18
34440,13776,1733,1,3172.94
34441,13776,1953,5,4319.47
34442,13777,541,5,1696.04
34443,13777,803,2,4544.47
34444,13778,621,2,784.63
34445,13779,1043,1,3990.48
34446,13779,34,1,2908.0
34447,13779,907,4,572.97
34448,13780,1554,2,4999.52
34449,13780,69,4,814.84
34450,13780,608,4,2247.3
34451,13781,1618,1,4119.68
34452,13781,1965,1,4683.28
34453,13781,405,3,2282.13
34454,13782,387,1,2453.3
34455,13783,1788,3,4044.6
34456,13784,1023,1,3992.43
34457,13784,908,5,1539.23
34458,13785,1612,4,1478.67
34459,13786,268,5,4622.54
34460,13786,1602,3,2669.18
34461,13786,1475,4,4831.22
34462,13787,1207,5,3211.83
34463,13788,285,2,1882.5
34464,13788,1364,2,1963.35
34465,13788,874,5,4380.11
34466,13789,1076,1,4810.42
34467,13790,765,2,1424.04
34468,13790,1863,3,4385.05
34469,13791,1730,1,1575.07
34470,13792,1368,4,2948.1
34471,13792,176,5,4490.57
34472,13792,1667,1,2452.46
34473,13793,1277,4,3002.89
34474,13793,1674,4,4014.42
34475,13794,1340,5,1567.91
34476,13795,1180,3,3403.33
34477,13795,1099,5,3583.64
34478,13795,1460,4,2959.03
34479,13795,415,5,273.97
34480,13796,1308,3,3851.02
34481,13797,913,3,17.43
34482,13798,145,5,4174.9
34483,13799,1811,5,355.4
34484,13799,913,5,17.43
34485,13799,1450,5,4048.3
34486,13799,1288,4,3299.26
34487,13800,1592,1,1046.14
34488,13801,1473,4,850.07
34489,13801,1939,3,3353.5
34490,13801,705,4,3861.18
34491,13801,869,5,1049.71
34492,13802,172,3,4966.4
34493,13802,349,4,3568.37
34494,13802,1702,1,2855.01
34495,13803,1176,5,1533.16
34496,13803,1955,3,1704.13
34497,13804,1540,5,3898.12
34498,13804,1102,1,4297.06
34499,13804,269,4,1426.17
34500,13804,1357,5,46.32
34501,13805,1500,2,4223.34
34502,13805,1189,3,1492.95
34503,13805,1017,5,3424.16
34504,13806,693,1,2758.72
34505,13806,924,2,407.23
34506,13806,823,2,4892.28
34507,13806,329,1,4348.31
34508,13807,534,3,109.71
34509,13807,1269,5,559.11
34510,13807,795,5,2034.25
34511,13807,597,3,513.89
34512,13808,713,4,4319.36
34513,13809,1188,1,4483.02
34514,13809,327,1,1236.95
34515,13809,261,3,3298.77
34516,13810,1461,3,3052.71
34517,13810,1845,1,1385.2
34518,13810,1791,4,770.62
34519,13811,38,2,3283.97
34520,13811,1378,4,2628.29
34521,13811,97,3,587.85
34522,13812,474,1,2019.11
34523,13812,52,5,4478.08
34524,13813,783,1,41.05
34525,13814,1815,1,3436.44
34526,13814,979,1,2037.26
34527,13814,1125,4,339.79
34528,13814,100,2,4061.17
34529,13815,456,3,187.39
34530,13815,1782,1,3753.21
34531,13815,748,2,1402.9
34532,13815,69,3,814.84
34533,13816,420,4,1799.73
34534,13817,270,4,2643.19
34535,13817,194,4,85.23
34536,13817,428,3,4532.08
34537,13817,1409,1,943.24
34538,13818,1140,2,143.75
34539,13818,1723,2,4323.91
34540,13818,1252,5,204.93
34541,13818,1298,2,1317.79
34542,13819,410,1,4167.25
34543,13819,1735,4,4147.46
34544,13820,1157,1,3021.97
34545,13820,1473,4,850.07
34546,13821,373,5,4531.36
34547,13821,1144,1,3749.82
34548,13821,808,5,2854.34
34549,13822,1223,5,2330.58
34550,13822,407,3,2291.87
34551,13822,448,4,1305.83
34552,13822,214,3,3316.61
34553,13823,1226,5,3502.2
34554,13823,386,5,4163.12
34555,13823,362,3,2646.06
34556,13823,1262,5,3201.63
34557,13824,1221,1,237.2
34558,13824,741,5,3043.25
34559,13824,968,3,967.88
34560,13824,1211,4,1532.79
34561,13825,1114,2,2404.95
34562,13825,198,3,1266.5
34563,13826,339,1,2744.38
34564,13826,809,2,3104.43
34565,13826,1247,4,3146.26
34566,13826,714,4,4198.07
34567,13827,789,3,1432.18
34568,13827,1868,2,2512.3
34569,13828,1923,5,3292.52
34570,13828,150,3,4157.85
34571,13828,8,4,4283.46
34572,13829,1332,1,2934.88
34573,13829,908,5,1720.1
34574,13829,696,4,2731.81
34575,13830,8,2,4283.46
34576,13830,1304,4,2267.28
34577,13830,392,5,4147.29
34578,13830,489,2,938.89
34579,13831,940,3,430.57
34580,13831,1104,2,2160.59
34581,13831,1008,2,2900.64
34582,13832,438,4,3390.29
34583,13832,1632,1,1855.05
34584,13833,579,5,4113.9
34585,13834,1767,1,2213.8
34586,13834,1786,3,1807.07
34587,13834,1729,2,1365.82
34588,13835,1763,2,1928.96
34589,13836,517,2,586.1
34590,13837,1142,3,1770.45
34591,13838,1896,2,2418.5
34592,13838,417,4,499.04
34593,13839,653,1,601.62
34594,13840,812,3,4622.84
34595,13840,1489,1,1547.24
34596,13840,1154,5,872.87
34597,13841,1468,5,2274.06
34598,13841,1281,4,4697.79
34599,13841,838,2,1605.7
34600,13841,1229,3,4239.84
34601,13842,1687,2,2836.91
34602,13843,1926,4,3156.81
34603,13843,319,5,684.29
34604,13843,1912,3,3985.02
34605,13844,996,5,2795.3
34606,13845,965,4,1691.03
34607,13846,1587,1,2001.43
34608,13846,238,5,3156.13
34609,13847,1879,5,814.46
34610,13847,50,3,2219.98
34611,13848,547,2,2229.23
34612,13848,147,1,2788.08
34613,13848,69,4,814.84
34614,13848,18,1,3979.71
34615,13849,1244,2,2169.15
34616,13849,388,4,475.38
34617,13849,515,3,4246.45
34618,13850,1245,5,72.78
34619,13850,1259,3,338.22
34620,13850,1902,4,154.06
34621,13851,361,4,102.54
34622,13851,1215,5,627.48
34623,13851,396,3,2432.47
34624,13852,487,4,3562.93
34625,13852,1682,4,1361.68
34626,13853,602,3,4164.48
34627,13854,743,3,2405.57
34628,13854,1752,5,3707.7
34629,13855,802,5,1237.78
34630,13855,718,1,437.22
34631,13855,371,1,1990.52
34632,13856,509,1,3327.11
34633,13856,1908,1,2628.01
34634,13856,1954,3,3978.3
34635,13857,994,1,3999.58
34636,13858,1061,2,4408.37
34637,13859,1300,2,2504.85
34638,13859,66,3,461.64
34639,13859,1727,4,779.55
34640,13859,1861,2,501.6
34641,13860,1455,2,3763.04
34642,13860,204,2,3789.98
34643,13860,345,2,4476.61
34644,13861,1588,5,344.25
34645,13861,1284,1,1729.22
34646,13861,1852,4,568.41
34647,13862,1845,4,1385.2
34648,13863,1022,5,921.28
34649,13864,537,5,4518.79
34650,13864,137,1,1836.18
34651,13864,1203,4,4402.27
34652,13864,118,2,4784.56
34653,13865,1284,5,1424.69
34654,13866,1860,5,3653.4
34655,13866,1157,4,2445.64
34656,13866,945,1,1759.69
34657,13867,1115,4,3751.63
34658,13868,159,5,1222.68
34659,13868,1386,3,2685.47
34660,13868,356,2,4465.31
34661,13869,1782,4,4678.02
34662,13870,1562,4,4597.92
34663,13870,1286,2,663.35
34664,13871,1848,3,727.07
34665,13871,260,4,56.58
34666,13871,1374,1,3938.22
34667,13872,462,4,2829.04
34668,13872,1555,1,3690.58
34669,13873,862,5,808.75
34670,13874,475,5,2104.97
34671,13874,1871,5,2643.42
34672,13875,835,5,769.5
34673,13875,1794,3,4013.16
34674,13875,211,5,2753.06
34675,13876,14,3,2641.22
34676,13877,1442,2,2096.01
34677,13877,273,3,2204.17
34678,13877,429,5,4839.22
34679,13877,1587,4,2321.28
34680,13878,282,5,614.76
34681,13878,951,2,1554.04
34682,13878,1035,5,1827.28
34683,13878,531,3,1161.66
34684,13879,75,5,50.34
34685,13879,64,3,2594.71
34686,13879,780,2,4982.09
34687,13879,1283,5,1258.75
34688,13880,663,1,1073.42
34689,13880,935,4,1389.76
34690,13881,1030,1,291.74
34691,13881,492,2,977.04
34692,13881,524,1,4240.1
34693,13882,706,4,3972.13
34694,13882,1295,2,4824.7
34695,13883,1581,1,2985.72
34696,13884,1070,5,1545.21
34697,13884,1512,4,3381.05
34698,13884,411,4,4984.22
34699,13884,1863,2,4385.05
34700,13885,794,5,2704.79
34701,13886,346,2,1901.86
34702,13887,1533,4,2308.28
34703,13887,371,3,1726.97
34704,13888,807,2,4677.52
34705,13888,204,4,4051.48
34706,13889,1941,2,4341.05
34707,13890,303,5,3528.76
34708,13890,915,3,4241.85
34709,13890,1117,2,4632.15
34710,13891,398,2,3681.87
34711,13891,1326,3,821.14
34712,13891,46,2,1485.51
34713,13892,1822,2,4736.7
34714,13892,723,2,2989.89
34715,13892,1251,3,898.05
34716,13892,1499,4,4052.38
34717,13893,177,2,2211.62
34718,13893,1724,2,2941.61
34719,13893,1400,4,1635.79
34720,13893,611,2,3903.33
34721,13894,852,2,51.74
34722,13895,698,1,4188.03
34723,13895,711,2,2912.45
34724,13895,1182,4,3021.65
34725,13896,199,1,252.39
34726,13897,780,5,4982.09
34727,13897,188,1,1686.73
34728,13898,96,1,4674.1
34729,13898,1172,2,3621.12
34730,13899,1203,5,4402.27
34731,13899,1699,5,4382.52
34732,13900,473,3,4766.17
34733,13900,991,2,3965.9
34734,13900,98,2,2836.46
34735,13901,1822,5,4736.7
34736,13901,1052,3,2566.48
34737,13902,1922,4,2750.44
34738,13902,298,1,3203.67
34739,13903,734,4,2141.13
34740,13904,1397,4,1925.16
34741,13905,664,3,1180.71
34742,13906,375,3,1464.53
34743,13906,1358,2,4529.67
34744,13907,585,3,4567.13
34745,13907,430,5,4669.64
34746,13908,1213,4,2208.1
34747,13908,691,5,1582.01
34748,13909,60,2,521.12
34749,13909,1050,4,97.25
34750,13909,1975,2,3658.73
34751,13909,1624,2,1510.22
34752,13910,1478,1,3702.99
34753,13911,172,2,4676.41
34754,13912,1345,2,3394.63
34755,13913,1226,5,3502.2
34756,13913,460,2,4443.01
34757,13913,1256,3,3632.6
34758,13913,609,2,1519.93
34759,13914,1314,1,2783.43
34760,13914,1730,1,1575.07
34761,13914,158,1,2796.65
34762,13915,230,4,1092.51
34763,13915,546,2,1741.25
34764,13915,1072,3,4913.65
34765,13916,572,5,3464.96
34766,13917,897,2,2363.4
34767,13917,1155,4,2298.98
34768,13917,1224,4,2625.11
34769,13917,402,3,4892.72
34770,13918,1797,1,1642.41
34771,13918,1318,3,4006.54
34772,13919,716,5,1935.49
34773,13920,1535,3,1853.09
34774,13921,813,4,952.88
34775,13921,204,3,4051.48
34776,13921,1283,1,1258.75
34777,13922,346,1,1901.86
34778,13922,1396,2,2643.95
34779,13922,1796,4,3302.63
34780,13923,1827,3,1992.86
34781,13923,371,2,1843.24
34782,13924,223,3,1865.59
34783,13924,1916,3,64.91
34784,13924,1534,3,1497.27
34785,13924,130,4,67.93
34786,13925,1169,1,428.99
34787,13925,1111,2,2376.45
34788,13925,397,2,4097.45
34789,13926,1000,4,1180.66
34790,13927,1326,3,821.14
34791,13927,814,2,3110.03
34792,13927,1159,4,3012.68
34793,13927,820,3,1886.24
34794,13928,382,2,2952.32
34795,13928,1398,2,1360.3
34796,13929,675,5,822.26
34797,13929,335,5,3956.9
34798,13929,1312,4,3312.13
34799,13929,730,2,1887.22
34800,13930,138,2,2144.85
34801,13930,1121,1,421.04
34802,13931,610,2,2060.99
34803,13931,1616,5,3008.84
34804,13932,1055,1,3902.01
34805,13932,242,1,2164.87
34806,13932,1112,2,3050.03
34807,13932,1646,3,4531.46
34808,13933,1708,2,269.16
34809,13933,881,1,406.91
34810,13933,88,2,799.18
34811,13933,1919,5,2337.86
34812,13934,1671,2,2466.95
34813,13934,487,1,4330.41
34814,13934,24,1,3862.86
34815,13934,1948,4,406.31
34816,13935,967,1,3884.42
34817,13935,775,3,1756.06
34818,13935,1586,3,3954.89
34819,13936,268,4,4097.75
34820,13937,741,4,3043.25
34821,13937,1272,2,855.09
34822,13937,350,1,1109.59
34823,13937,1362,5,3165.2
34824,13938,494,4,2381.77
34825,13938,1494,1,195.63
34826,13938,1238,2,3890.46
34827,13938,1868,4,2276.57
34828,13939,193,1,4014.54
34829,13939,326,4,2001.08
34830,13939,231,2,4228.4
34831,13939,1536,5,376.58
34832,13940,1281,5,4697.79
34833,13941,232,5,3846.85
34834,13942,1662,1,3160.26
34835,13942,1444,2,4381.89
34836,13942,453,3,4545.91
34837,13943,1059,1,4118.26
34838,13943,748,1,1402.9
34839,13944,983,4,431.86
34840,13945,359,2,4464.57
34841,13945,1187,5,3486.78
34842,13945,990,2,3484.83
34843,13945,920,2,1699.61
34844,13946,1914,5,1975.44
34845,13946,1010,3,4593.25
34846,13947,26,3,511.61
34847,13947,1365,1,636.87
34848,13948,1321,3,1145.46
34849,13948,1021,1,3684.3
34850,13948,59,2,3151.73
34851,13948,674,2,3045.84
34852,13949,1275,1,1634.7
34853,13949,214,4,3316.61
34854,13949,653,5,601.62
34855,13949,1806,5,4932.05
34856,13950,642,4,3835.02
34857,13950,958,2,786.16
34858,13950,888,2,129.22
34859,13950,71,3,4701.99
34860,13951,1097,4,542.09
34861,13951,493,2,488.29
34862,13951,881,2,406.91
34863,13952,790,2,3027.73
34864,13953,906,2,1703.31
34865,13953,917,2,3523.38
34866,13953,1498,2,2947.49
34867,13954,1781,2,2340.2
34868,13955,1273,2,2490.93
34869,13955,1523,1,118.31
34870,13956,1470,5,2622.08
34871,13956,1704,3,3952.25
34872,13956,106,1,833.52
34873,13957,1655,4,2999.53
34874,13958,1987,4,1206.99
34875,13958,880,5,4537.46
34876,13958,1936,1,1780.81
34877,13958,310,2,3134.88
34878,13959,1447,4,4186.93
34879,13960,273,5,2698.03
34880,13960,1679,4,1438.31
34881,13960,1261,5,2089.43
34882,13961,1996,4,1437.31
34883,13961,1915,2,3122.45
34884,13961,924,2,407.23
34885,13962,417,4,622.91
34886,13962,94,1,4398.2
34887,13962,1073,4,1327.8
34888,13962,1769,3,3593.19
34889,13963,235,4,217.55
34890,13963,1172,4,4339.9
34891,13964,833,4,923.62
34892,13965,1044,2,2721.04
34893,13965,298,5,3203.67
34894,13965,162,1,980.62
34895,13966,785,4,3741.23
34896,13966,1002,3,2151.38
34897,13966,1222,5,41.33
34898,13967,252,2,1843.4
34899,13967,118,3,4784.56
34900,13968,1726,1,635.25
34901,13969,1850,2,3786.95
34902,13969,444,1,4232.65
34903,13969,103,1,4739.24
34904,13970,1823,5,788.45
34905,13971,1066,1,4382.58
34906,13972,583,3,2344.29
34907,13972,1412,5,2409.48
34908,13973,1575,1,4206.11
34909,13973,391,5,545.65
34910,13973,697,3,1310.25
34911,13973,532,3,3341.59
34912,13974,906,1,1703.31
34913,13975,1871,3,2134.59
34914,13976,1396,5,2643.95
34915,13977,1570,2,4336.23
34916,13977,1884,2,347.97
34917,13977,1146,4,220.73
34918,13978,396,2,2432.47
34919,13978,74,1,3695.82
34920,13978,1822,5,4736.7
34921,13979,508,4,4905.99
34922,13979,668,5,371.43
34923,13980,1562,3,4597.92
34924,13980,342,4,3883.89
34925,13981,531,1,1161.66
34926,13982,1358,5,4529.67
34927,13982,1883,4,692.17
34928,13983,662,4,1302.09
34929,13983,853,5,4151.58
34930,13984,1010,5,4593.25
34931,13984,823,3,4892.28
34932,13985,1049,1,4572.88
34933,13985,574,2,1076.88
34934,13985,725,4,1883.71
34935,13985,174,5,402.4
34936,13986,1086,3,4700.28
34937,13986,179,5,3052.29
34938,13987,908,1,1720.1
34939,13987,276,4,1273.01
34940,13987,1043,5,3212.63
34941,13987,739,3,1046.03
34942,13988,1444,4,3940.48
34943,13988,1881,3,3178.03
34944,13988,934,5,2662.25
34945,13988,1148,4,180.53
34946,13989,307,3,315.91
34947,13989,1917,4,3047.65
34948,13990,516,4,2902.2
34949,13990,1525,2,3157.81
34950,13990,120,1,474.18
34951,13991,1889,3,4728.93
34952,13992,1303,2,68.4
34953,13992,1688,2,832.15
34954,13993,1882,3,1229.8
34955,13994,416,2,1955.67
34956,13995,1466,3,2812.37
34957,13996,349,2,3568.37
34958,13996,838,3,1605.7
34959,13997,932,4,2826.61
34960,13998,658,1,1110.14
34961,13998,219,1,3445.3
34962,13998,1227,3,2840.98
34963,13999,1961,2,2038.97
34964,13999,1960,3,1687.21
34965,13999,1948,4,406.31
34966,13999,1801,1,4297.61
34967,14000,842,1,63.34
34968,14000,500,1,1122.63
34969,14000,486,4,499.57
34970,14000,892,5,2737.52
34971,14001,867,4,390.65
34972,14002,881,5,406.91
34973,14002,1441,3,692.42
34974,14002,1997,3,4843.33
34975,14003,845,1,4661.49
34976,14003,1240,3,3496.32
34977,14003,1040,2,852.31
34978,14003,1955,4,1704.13
34979,14004,1134,5,1592.31
34980,14005,1477,2,2470.35
34981,14006,385,1,4309.91
34982,14006,1014,5,2413.88
34983,14006,1620,1,3927.91
34984,14007,480,3,2773.31
34985,14007,1153,4,1838.8
34986,14007,1428,5,1023.73
34987,14008,1716,3,2035.93
34988,14009,751,5,3873.67
34989,14010,1130,3,2324.01
34990,14010,1777,1,2403.72
34991,14010,1730,2,1575.07
34992,14010,685,5,434.0
34993,14011,994,5,3999.58
34994,14011,1047,3,2250.05
34995,14011,1339,5,1424.54
34996,14012,1670,1,3775.41
34997,14013,923,4,1277.43
34998,14013,1686,1,456.49
34999,14013,414,4,85.75
35000,14013,1016,3,3831.59
35001,14014,1347,5,3847.77
35002,14014,1194,2,472.3
35003,14014,1849,4,218.72
35004,14014,123,2,2822.61
35005,14015,1011,3,602.7
35006,14015,434,3,2688.44
35007,14015,1422,1,1301.88
35008,14016,1649,2,3713.09
35009,14016,458,1,1713.71
35010,14016,318,1,4231.08
35011,14016,1974,2,503.16
35012,14017,858,1,4288.06
35013,14017,1530,5,1438.4
35014,14017,1843,4,4261.48
35015,14017,930,3,79.28
35016,14018,897,5,2363.4
35017,14018,769,2,4199.98
35018,14019,399,4,935.5
35019,14019,842,2,60.28
35020,14019,1017,2,4136.88
35021,14019,830,5,1158.94
35022,14020,779,3,86.06
35023,14021,1785,3,1442.72
35024,14021,465,3,3548.43
35025,14022,25,4,3831.09
35026,14022,1742,5,1792.23
35027,14022,416,3,2396.26
35028,14022,1238,4,4344.81
35029,14023,1907,1,431.07
35030,14024,456,3,204.74
35031,14024,1536,1,376.58
35032,14024,573,1,1933.49
35033,14025,736,3,3084.69
35034,14025,465,4,3548.43
35035,14026,453,4,4545.91
35036,14026,1,4,15.81
35037,14026,754,3,1620.48
35038,14026,809,2,3104.43
35039,14027,976,2,1872.2
35040,14027,856,4,4713.32
35041,14028,1790,3,4394.84
35042,14029,1628,1,4748.71
35043,14029,1449,2,1131.17
35044,14029,1256,2,3632.6
35045,14029,1077,1,1521.49
35046,14030,1879,1,938.89
35047,14030,1369,4,1107.42
35048,14030,519,3,4012.31
35049,14031,1368,2,2948.1
35050,14031,1041,4,2917.36
35051,14031,1669,1,3246.59
35052,14032,340,2,3028.53
35053,14032,1916,2,69.6
35054,14033,1777,4,2067.66
35055,14033,1957,4,680.58
35056,14034,1716,5,2035.93
35057,14035,1097,1,542.09
35058,14036,1229,1,3448.72
35059,14036,183,2,2951.85
35060,14037,1082,5,2810.46
35061,14037,1809,1,1631.51
35062,14037,1702,5,2855.01
35063,14038,984,3,2772.23
35064,14038,1374,1,3567.55
35065,14039,1393,2,484.39
35066,14039,978,1,1208.96
35067,14040,843,1,1112.41
35068,14040,225,3,1331.62
35069,14041,1236,5,4026.43
35070,14041,112,3,373.87
35071,14041,39,1,4972.54
35072,14042,517,4,586.1
35073,14043,397,4,4722.85
35074,14043,39,3,4972.54
35075,14044,864,3,1153.96
35076,14045,1520,3,3436.75
35077,14045,450,4,420.78
35078,14045,1136,2,1859.45
35079,14045,813,3,827.23
35080,14046,1135,4,2723.74
35081,14046,711,4,2912.45
35082,14046,1700,4,54.4
35083,14047,1247,5,3146.26
35084,14048,1375,1,3138.34
35085,14048,1646,4,4531.46
35086,14048,1837,2,3946.73
35087,14049,1234,1,552.76
35088,14050,937,3,1937.21
35089,14050,506,5,4793.43
35090,14051,1382,3,380.75
35091,14051,657,2,1698.74
35092,14051,538,5,2135.71
35093,14051,481,5,976.31
35094,14052,870,1,2586.71
35095,14052,618,2,3436.62
35096,14052,1762,5,950.9
35097,14052,217,5,657.68
35098,14053,326,3,2119.6
35099,14054,1329,4,1706.26
35100,14055,387,2,2453.3
35101,14055,251,3,2748.09
35102,14055,422,3,3551.95
35103,14055,1575,2,4759.72
35104,14056,1414,3,604.17
35105,14056,579,5,3716.33
35106,14057,1822,4,4736.7
35107,14058,543,3,543.77
35108,14059,861,3,3583.46
35109,14060,83,2,1742.41
35110,14060,459,2,2672.36
35111,14061,1800,5,1027.07
35112,14061,901,2,4432.43
35113,14062,1611,1,3365.34
35114,14062,375,5,1464.53
35115,14063,589,2,67.26
35116,14063,1811,1,309.68
35117,14063,741,2,2751.28
35118,14064,855,5,3214.76
35119,14064,1291,5,1661.86
35120,14065,287,3,3303.19
35121,14066,762,3,2037.05
35122,14066,382,1,2607.67
35123,14066,450,4,420.78
35124,14066,974,1,883.1
35125,14067,1353,4,2081.15
35126,14068,1099,3,3583.64
35127,14068,1596,3,3772.62
35128,14069,970,3,1564.11
35129,14069,1317,5,3900.04
35130,14069,1222,3,36.78
35131,14069,109,4,4850.53
35132,14070,773,4,1551.94
35133,14070,877,5,4109.42
35134,14071,364,5,4850.74
35135,14072,1290,4,121.76
35136,14072,337,1,744.63
35137,14073,1749,4,358.69
35138,14073,1294,5,3397.16
35139,14073,37,3,3285.39
35140,14074,1712,2,3108.47
35141,14074,1386,1,3278.38
35142,14074,1865,5,1486.0
35143,14074,771,3,289.99
35144,14075,1172,5,4339.9
35145,14076,1137,1,1821.42
35146,14077,545,4,2788.18
35147,14077,180,4,993.26
35148,14078,368,1,3307.09
35149,14078,576,1,3573.45
35150,14079,1696,3,979.19
35151,14079,1709,4,1299.54
35152,14079,738,1,4221.95
35153,14080,1569,3,961.57
35154,14080,1705,4,2543.61
35155,14080,314,3,2232.66
35156,14080,975,3,2088.67
35157,14081,140,2,3956.97
35158,14081,93,3,683.08
35159,14081,61,2,3122.29
35160,14081,154,5,589.64
35161,14082,45,4,3512.85
35162,14083,110,4,2349.49
35163,14083,168,1,2492.34
35164,14083,1561,4,4175.17
35165,14084,1250,5,740.64
35166,14084,311,3,4257.7
35167,14084,1580,2,4757.61
35168,14084,781,1,2260.63
35169,14085,1703,4,2825.55
35170,14085,14,5,2454.24
35171,14086,1536,2,376.58
35172,14086,1575,2,4759.72
35173,14087,75,5,50.34
35174,14087,1917,3,3047.65
35175,14087,1035,5,1827.28
35176,14087,1622,5,1435.95
35177,14088,817,5,3798.7
35178,14088,1924,3,2296.82
35179,14088,654,1,74.1
35180,14088,1021,4,3684.3
35181,14089,171,1,2073.04
35182,14089,186,4,4656.26
35183,14089,690,3,3071.04
35184,14090,1065,3,1577.35
35185,14090,69,4,814.84
35186,14091,1390,2,1774.8
35187,14091,264,1,3080.46
35188,14091,1502,5,1360.42
35189,14092,308,3,4227.04
35190,14093,171,1,2190.87
35191,14093,1698,4,2763.38
35192,14094,884,4,2740.58
35193,14094,1983,3,4107.76
35194,14095,485,2,2848.42
35195,14096,1072,3,4913.65
35196,14096,1650,2,2182.84
35197,14097,84,1,182.72
35198,14097,1133,3,2239.95
35199,14097,142,2,3966.55
35200,14098,1470,3,2184.31
35201,14099,1913,5,1896.15
35202,14099,722,2,2808.48
35203,14100,727,3,1141.07
35204,14100,1402,4,942.45
35205,14100,1824,2,3280.48
35206,14101,1780,2,1696.82
35207,14101,1744,1,1621.05
35208,14101,1506,1,681.79
35209,14102,763,3,3663.37
35210,14102,946,1,2790.2
35211,14103,88,3,811.36
35212,14103,218,3,4444.81
35213,14104,625,1,3543.8
35214,14105,1461,1,3052.71
35215,14105,47,4,3859.05
35216,14106,464,4,4246.39
35217,14106,786,2,287.29
35218,14106,12,5,1305.93
35219,14106,1533,4,2308.28
35220,14107,400,2,2808.68
35221,14107,137,5,2258.91
35222,14108,1661,2,4981.28
35223,14109,314,1,2232.66
35224,14109,1893,4,2788.38
35225,14109,680,3,3366.64
35226,14110,875,5,557.15
35227,14110,1672,1,459.75
35228,14111,205,1,4043.35
35229,14112,637,3,2924.96
35230,14112,1662,2,2892.37
35231,14113,693,2,2758.72
35232,14113,483,3,4941.39
35233,14113,1204,4,4582.17
35234,14113,1477,3,2283.24
35235,14114,698,2,4188.03
35236,14114,1565,1,3316.0
35237,14114,517,1,586.1
35238,14114,1467,4,2772.04
35239,14115,1489,2,1547.24
35240,14115,1929,2,3451.12
35241,14115,1924,3,2698.77
35242,14115,1653,1,2729.95
35243,14116,322,4,1063.68
35244,14116,1662,1,3160.26
35245,14116,602,3,4730.97
35246,14116,251,4,2748.09
35247,14117,832,5,1791.53
35248,14118,1113,1,1117.82
35249,14118,1816,4,1970.73
35250,14119,242,4,2164.87
35251,14119,5,4,3895.38
35252,14119,1133,3,2239.95
35253,14119,130,2,73.51
35254,14120,812,4,4622.84
35255,14120,756,4,4290.25
35256,14120,1043,5,3990.48
35257,14121,1449,2,1071.11
35258,14121,1198,3,4266.62
35259,14121,1438,4,3162.42
35260,14121,1372,2,1110.49
35261,14122,923,5,1277.43
35262,14122,240,5,431.39
35263,14123,1907,1,431.07
35264,14124,2000,1,849.72
35265,14124,687,5,343.32
35266,14125,1667,5,2977.83
35267,14125,388,5,427.49
35268,14125,1601,4,1249.57
35269,14125,603,2,1040.81
35270,14126,1927,3,3376.17
35271,14126,1995,1,2213.54
35272,14126,515,5,4246.45
35273,14126,1150,4,4078.41
35274,14127,982,4,294.46
35275,14127,905,2,1278.01
35276,14128,881,1,406.91
35277,14128,1177,4,3460.99
35278,14129,1414,1,604.17
35279,14129,381,1,3729.17
35280,14129,405,4,2282.13
35281,14130,122,1,327.22
35282,14130,1951,2,1167.26
35283,14130,483,1,4941.39
35284,14130,1221,4,224.96
35285,14131,844,2,3408.55
35286,14131,1570,5,4336.23
35287,14131,1934,1,548.87
35288,14131,866,1,1065.77
35289,14132,1603,1,774.75
35290,14132,1645,5,1189.64
35291,14132,478,3,207.98
35292,14132,999,4,2945.34
35293,14133,777,4,1686.49
35294,14133,1040,2,852.31
35295,14133,1654,2,1610.37
35296,14134,1332,2,2934.88
35297,14135,173,4,3873.68
35298,14135,1640,1,3228.09
35299,14135,1402,1,909.91
35300,14135,1624,5,1510.22
35301,14136,90,3,4686.08
35302,14136,658,5,1245.37
35303,14136,1464,2,2999.87
35304,14136,364,4,4850.74
35305,14137,1302,4,257.51
35306,14138,1557,4,1832.18
35307,14138,176,3,3791.88
35308,14139,488,3,1401.91
35309,14139,607,5,4648.41
35310,14139,895,1,4280.38
35311,14140,147,1,2788.08
35312,14140,267,5,1827.23
35313,14140,17,5,4936.1
35314,14141,795,4,2034.25
35315,14141,1816,5,1970.73
35316,14141,1678,2,2297.44
35317,14142,65,2,2718.42
35318,14142,1879,4,938.89
35319,14142,1123,2,577.55
35320,14142,670,3,4951.0
35321,14143,801,1,1243.14
35322,14143,1541,5,482.43
35323,14143,118,1,4784.56
35324,14143,1302,3,293.22
35325,14144,93,4,683.08
35326,14144,469,2,3409.35
35327,14145,367,5,1480.88
35328,14145,1080,1,4797.15
35329,14146,1348,5,219.33
35330,14146,620,1,2983.14
35331,14146,893,4,99.03
35332,14147,463,2,2370.45
35333,14147,210,1,1176.68
35334,14148,107,2,3963.87
35335,14148,1931,4,1902.87
35336,14148,1663,2,363.7
35337,14148,407,2,2291.87
35338,14149,560,2,3783.25
35339,14149,1877,5,896.41
35340,14149,1197,3,2643.44
35341,14150,1106,1,3401.16
35342,14150,1365,3,782.66
35343,14151,326,5,2119.6
35344,14152,732,2,3185.96
35345,14152,1555,5,2979.69
35346,14152,213,3,161.25
35347,14152,1534,3,1497.27
35348,14153,1225,4,1107.05
35349,14153,422,3,3551.95
35350,14154,712,1,1382.66
35351,14155,1690,2,4633.95
35352,14156,426,1,1831.91
35353,14157,39,2,4972.54
35354,14157,183,2,2951.85
35355,14157,1043,4,3990.48
35356,14158,1216,2,3600.53
35357,14158,514,3,755.11
35358,14158,565,3,159.76
35359,14159,869,3,981.38
35360,14160,1730,5,1575.07
35361,14160,1607,2,2615.57
35362,14160,1928,2,664.98
35363,14160,800,2,1809.64
35364,14161,224,1,869.06
35365,14161,602,1,4730.97
35366,14161,1495,3,2805.26
35367,14161,1885,4,2638.54
35368,14162,1374,1,4245.98
35369,14162,1170,5,1176.31
35370,14162,499,5,3719.03
35371,14163,561,1,1770.03
35372,14163,1580,4,4757.61
35373,14163,993,5,29.01
35374,14164,1282,2,4678.25
35375,14164,1512,4,3381.05
35376,14164,1329,5,1706.26
35377,14165,1854,2,4400.58
35378,14166,331,1,205.88
35379,14166,625,4,3386.13
35380,14166,208,2,1100.33
35381,14166,91,4,1342.66
35382,14167,1387,5,3367.36
35383,14167,25,3,3512.13
35384,14167,845,2,4661.49
35385,14168,1095,4,2920.08
35386,14168,499,1,3719.03
35387,14168,1826,1,64.33
35388,14169,1867,2,2289.03
35389,14169,279,2,2332.77
35390,14169,574,4,982.99
35391,14170,190,3,845.16
35392,14171,1166,2,4725.81
35393,14171,1544,3,2753.26
35394,14171,1470,4,2622.08
35395,14172,172,3,4029.33
35396,14172,1400,1,1999.62
35397,14173,545,1,2788.18
35398,14174,1031,4,2261.27
35399,14174,1074,3,1090.35
35400,14174,960,1,1695.67
35401,14174,899,5,3039.24
35402,14175,135,5,4248.92
35403,14176,840,5,1257.06
35404,14176,571,2,982.19
35405,14177,1727,5,836.54
35406,14177,544,3,4741.07
35407,14177,870,4,2131.52
35408,14178,1337,3,1760.67
35409,14178,370,1,4704.13
35410,14179,149,5,708.87
35411,14179,560,2,3783.25
35412,14179,309,2,494.89
35413,14179,342,5,4327.25
35414,14180,1842,5,1223.39
35415,14181,498,2,539.19
35416,14181,599,1,4503.61
35417,14182,1417,2,3166.92
35418,14182,664,2,1180.71
35419,14183,1414,4,604.17
35420,14183,671,1,4268.05
35421,14183,1710,2,1551.52
35422,14183,309,3,494.89
35423,14184,413,1,4118.78
35424,14184,758,1,3980.65
35425,14184,843,2,1112.41
35426,14184,453,1,4545.91
35427,14185,1005,4,405.05
35428,14185,334,4,2556.3
35429,14186,316,5,4165.3
35430,14187,331,3,205.88
35431,14188,504,5,782.8
35432,14189,1023,3,3992.43
35433,14189,57,2,4705.04
35434,14189,239,2,3126.17
35435,14190,256,5,1529.79
35436,14190,465,2,3548.43
35437,14190,570,4,2071.01
35438,14191,699,2,4601.64
35439,14192,328,4,4328.97
35440,14193,1415,4,3433.14
35441,14193,440,1,4235.09
35442,14193,1179,1,1931.5
35443,14194,1619,3,3342.09
35444,14195,1261,5,1961.83
35445,14196,955,2,1814.34
35446,14196,1089,5,4868.96
35447,14196,574,1,1076.88
35448,14197,682,3,4133.21
35449,14197,1969,3,1455.92
35450,14198,1438,1,3162.42
35451,14199,1338,4,2432.88
35452,14200,233,5,314.31
35453,14200,1085,1,3942.42
35454,14201,1183,1,322.31
35455,14202,832,5,1791.53
35456,14202,497,3,572.94
35457,14202,1035,2,1827.28
35458,14203,856,2,4345.95
35459,14204,635,3,4443.09
35460,14204,795,4,2034.25
35461,14205,246,5,1204.49
35462,14205,1502,4,1662.88
35463,14205,1531,1,4538.1
35464,14205,1417,5,3166.92
35465,14206,134,1,1940.05
35466,14206,1432,5,3908.73
35467,14206,702,5,2940.6
35468,14206,1886,5,2439.86
35469,14207,248,3,2859.5
35470,14207,1965,2,4683.28
35471,14208,1487,4,2148.84
35472,14209,1698,2,2763.38
35473,14210,227,3,2871.16
35474,14210,413,4,4118.78
35475,14211,1095,5,2702.8
35476,14211,1898,5,1001.41
35477,14212,318,5,4231.08
35478,14213,591,2,3510.59
35479,14213,1963,1,742.96
35480,14213,681,4,1897.58
35481,14214,960,2,1396.29
35482,14215,963,2,577.79
35483,14216,681,2,2163.86
35484,14216,1581,2,2985.72
35485,14217,54,4,268.33
35486,14218,1432,2,4624.51
35487,14218,1923,5,3707.45
35488,14218,242,3,1792.87
35489,14218,1093,1,3916.92
35490,14219,699,5,4363.26
35491,14220,1945,3,4494.31
35492,14220,1783,4,2181.97
35493,14220,1867,3,2289.03
35494,14220,242,1,2164.87
35495,14221,427,3,536.06
35496,14221,1371,3,4005.07
35497,14222,1310,4,4958.65
35498,14222,1339,4,1267.82
35499,14223,624,1,563.65
35500,14223,1332,3,2934.88
35501,14224,1508,2,3515.38
35502,14224,1843,3,4261.48
35503,14224,1141,2,282.75
35504,14225,458,3,2007.63
35505,14225,1849,5,175.75
35506,14225,708,2,4775.63
35507,14225,1132,3,3832.15
35508,14226,594,2,2707.1
35509,14226,1691,4,39.75
35510,14226,1062,4,158.0
35511,14227,861,2,3583.46
35512,14227,1404,2,1949.35
35513,14228,145,2,4174.9
35514,14228,752,3,1856.82
35515,14229,1762,3,877.11
35516,14229,609,5,1519.93
35517,14229,649,4,103.59
35518,14229,1060,4,1164.24
35519,14230,517,3,586.1
35520,14230,1236,4,4026.43
35521,14230,1483,2,3237.23
35522,14230,529,1,1801.18
35523,14231,1438,2,3162.42
35524,14232,682,5,4710.39
35525,14232,753,1,2931.64
35526,14232,1567,1,2233.94
35527,14232,1037,3,1302.31
35528,14233,1011,3,602.7
35529,14233,875,3,593.63
35530,14233,201,3,102.3
35531,14233,1605,5,4362.29
35532,14234,469,4,3409.35
35533,14234,1720,3,1338.58
35534,14235,1101,5,4136.01
35535,14235,307,5,315.91
35536,14236,1861,4,418.39
35537,14237,636,1,3335.7
35538,14237,1547,2,3071.68
35539,14238,1720,3,1338.58
35540,14238,615,2,4116.86
35541,14238,579,2,4113.9
35542,14239,1958,4,4221.55
35543,14240,736,4,3374.71
35544,14240,1586,5,3954.89
35545,14240,1072,3,4913.65
35546,14240,1959,2,2299.44
35547,14241,504,4,782.8
35548,14242,1278,3,4496.41
35549,14242,296,3,2266.44
35550,14242,125,5,1485.79
35551,14242,1370,5,1021.39
35552,14243,961,5,3717.86
35553,14243,76,5,599.58
35554,14243,824,2,2208.27
35555,14244,1800,1,1027.07
35556,14245,575,5,275.89
35557,14245,1946,5,1059.73
35558,14246,790,3,3447.9
35559,14246,119,2,3308.25
35560,14246,1395,5,2500.5
35561,14246,730,1,1575.86
35562,14247,1659,4,479.37
35563,14247,1180,3,3403.33
35564,14247,392,5,4147.29
35565,14248,655,3,120.85
35566,14248,1114,1,2404.95
35567,14248,1781,1,2340.2
35568,14249,84,3,161.48
35569,14250,1611,1,2918.5
35570,14251,10,2,3381.16
35571,14251,1445,4,1133.09
35572,14252,272,1,3498.52
35573,14252,1571,4,3430.02
35574,14252,1838,5,504.85
35575,14252,1529,1,1524.47
35576,14253,91,1,1342.66
35577,14253,447,3,1882.07
35578,14253,1468,4,2274.06
35579,14253,1362,4,3165.2
35580,14254,992,1,3206.36
35581,14254,700,3,728.03
35582,14255,711,1,2912.45
35583,14256,222,5,4379.2
35584,14256,418,5,4483.51
35585,14256,1860,3,3653.4
35586,14257,492,4,977.04
35587,14257,1358,3,3872.8
35588,14257,274,5,79.22
35589,14258,1625,5,2389.16
35590,14258,289,2,2450.56
35591,14259,1883,1,692.17
35592,14260,1991,2,3214.44
35593,14260,1376,4,1939.31
35594,14260,1681,2,1516.38
35595,14261,1520,5,3436.75
35596,14261,1423,1,1547.58
35597,14262,1694,1,3306.81
35598,14262,471,2,1694.8
35599,14262,531,2,1161.66
35600,14262,1609,1,3710.26
35601,14263,150,1,4428.74
35602,14263,831,3,1447.85
35603,14264,1020,4,3188.65
35604,14264,1653,3,2729.95
35605,14264,1610,4,386.02
35606,14265,981,1,355.18
35607,14266,1013,3,3056.19
35608,14266,1951,3,1435.17
35609,14266,1470,2,2622.08
35610,14267,353,3,3480.85
35611,14268,1490,2,4644.16
35612,14268,1514,2,2850.95
35613,14269,1394,2,1200.42
35614,14269,1430,5,1601.7
35615,14270,2,5,1443.35
35616,14270,597,2,513.89
35617,14271,768,5,2222.8
35618,14271,1270,5,4109.19
35619,14272,831,5,1447.85
35620,14272,1611,3,2761.43
35621,14272,1258,2,3972.09
35622,14273,1381,3,1759.54
35623,14273,649,5,127.94
35624,14273,1246,3,456.86
35625,14274,721,4,93.68
35626,14275,569,5,3190.43
35627,14276,1186,5,4015.15
35628,14276,1169,5,393.56
35629,14276,554,3,4495.61
35630,14277,602,3,4730.97
35631,14277,58,2,4880.59
35632,14277,670,4,4405.59
35633,14278,1472,5,373.89
35634,14279,854,2,3409.2
35635,14280,705,4,4232.36
35636,14280,1818,1,791.28
35637,14280,1662,1,3160.26
35638,14281,1338,2,2432.88
35639,14281,1315,1,3155.39
35640,14281,167,4,2818.25
35641,14282,658,5,1245.37
35642,14283,124,2,1685.13
35643,14283,193,2,4643.63
35644,14283,1674,5,4014.42
35645,14284,991,4,4617.12
35646,14284,682,5,4710.39
35647,14285,1396,4,2643.95
35648,14286,392,1,4147.29
35649,14287,1839,3,3768.65
35650,14287,1360,1,2996.1
35651,14287,428,1,3654.66
35652,14288,1842,1,1223.39
35653,14288,1451,1,82.89
35654,14288,1976,3,2781.03
35655,14289,1043,5,3204.05
35656,14289,185,4,1050.24
35657,14289,649,4,119.14
35658,14289,59,3,3151.73
35659,14290,381,2,3285.67
35660,14290,1841,2,3295.24
35661,14291,1369,4,1107.42
35662,14291,961,4,4383.36
35663,14291,562,2,3206.23
35664,14291,213,1,161.25
35665,14292,135,2,4248.92
35666,14292,873,2,4210.06
35667,14293,888,1,129.22
35668,14293,525,5,585.54
35669,14293,114,3,3138.55
35670,14293,614,2,1652.79
35671,14294,1913,5,2084.58
35672,14294,1780,3,1515.94
35673,14294,1365,5,782.66
35674,14295,1690,4,4251.22
35675,14296,1318,3,4006.54
35676,14297,1818,3,791.28
35677,14297,300,4,2393.53
35678,14297,1510,3,1417.49
35679,14298,498,3,539.19
35680,14299,22,1,3853.54
35681,14299,1843,4,4261.48
35682,14299,1472,1,396.71
35683,14300,990,5,3669.71
35684,14300,796,1,4016.74
35685,14300,96,5,4674.1
35686,14301,905,4,1278.01
35687,14302,489,2,938.89
35688,14302,1989,4,2713.54
35689,14303,851,4,3486.75
35690,14303,1913,1,1676.68
35691,14303,104,3,1673.81
35692,14303,732,1,2891.11
35693,14304,133,2,3602.32
35694,14305,106,5,833.52
35695,14306,1592,2,1277.58
35696,14306,1836,3,589.6
35697,14306,845,1,4661.49
35698,14307,1286,4,791.64
35699,14307,1223,4,2330.58
35700,14308,639,4,1959.67
35701,14308,1484,1,749.5
35702,14308,1297,5,1651.21
35703,14308,425,5,3713.27
35704,14309,384,5,2419.28
35705,14309,575,2,332.75
35706,14309,150,1,4729.13
35707,14310,1998,2,3353.53
35708,14310,1361,3,4344.01
35709,14311,617,1,145.49
35710,14311,327,2,1236.95
35711,14311,1233,3,3785.82
35712,14311,1369,5,1107.42
35713,14312,1498,3,2947.49
35714,14312,627,2,2757.11
35715,14312,208,1,1246.29
35716,14313,869,5,1049.71
35717,14313,1954,1,4409.84
35718,14314,1998,3,3353.53
35719,14314,1176,4,1627.96
35720,14315,1159,1,3012.68
35721,14316,650,2,2104.28
35722,14316,1759,1,290.64
35723,14317,896,2,123.66
35724,14318,972,4,4344.95
35725,14318,299,4,2422.18
35726,14319,350,1,1260.04
35727,14319,118,1,3962.06
35728,14319,1744,5,1621.05
35729,14319,599,1,4681.79
35730,14320,683,1,381.49
35731,14320,335,4,3956.9
35732,14321,1900,2,141.22
35733,14321,260,5,56.39
35734,14321,310,1,3134.88
35735,14321,299,1,2184.24
35736,14322,1165,5,56.96
35737,14322,41,5,3699.5
35738,14322,1083,4,2480.07
35739,14323,1681,3,1516.38
35740,14323,795,4,1716.1
35741,14324,1584,1,4258.11
35742,14324,752,3,1856.82
35743,14325,664,4,1180.71
35744,14325,1006,1,2255.44
35745,14325,1349,5,491.69
35746,14325,202,3,3151.14
35747,14326,878,4,4836.66
35748,14326,842,3,56.32
35749,14326,51,5,2912.21
35750,14326,369,4,3582.19
35751,14327,1758,2,1627.94
35752,14327,1416,2,3169.58
35753,14327,909,3,1895.6
35754,14327,1840,1,1146.8
35755,14328,1711,1,3091.29
35756,14328,702,2,3093.34
35757,14328,759,2,3679.24
35758,14329,1612,1,1478.67
35759,14329,1730,2,1575.07
35760,14329,1317,3,4464.53
35761,14329,1921,2,78.32
35762,14330,670,3,4951.0
35763,14330,284,5,434.25
35764,14330,182,2,1313.45
35765,14331,681,3,1752.69
35766,14331,147,5,2374.85
35767,14332,1908,1,2153.0
35768,14333,1481,1,1236.14
35769,14333,1067,2,3205.61
35770,14333,1620,2,3927.91
35771,14333,994,3,3999.58
35772,14334,954,2,4296.56
35773,14334,366,1,2367.54
35774,14334,1917,3,3047.65
35775,14335,1089,1,4868.96
35776,14335,540,4,570.95
35777,14335,1741,4,1288.8
35778,14336,1781,4,2340.2
35779,14337,1633,3,4642.34
35780,14338,415,5,243.9
35781,14339,629,5,3437.25
35782,14340,953,4,3227.55
35783,14340,481,4,976.31
35784,14340,922,2,756.87
35785,14340,988,1,4286.16
35786,14341,365,3,3968.22
35787,14341,744,4,2156.28
35788,14341,53,4,4782.7
35789,14342,206,4,4141.44
35790,14342,191,1,3592.82
35791,14343,1438,5,3162.42
35792,14344,1054,4,966.18
35793,14345,533,3,230.02
35794,14345,529,2,2017.88
35795,14345,167,4,2818.25
35796,14345,977,4,638.45
35797,14346,870,4,2586.71
35798,14346,51,3,2912.21
35799,14347,863,4,2025.64
35800,14347,391,5,545.65
35801,14347,1065,4,1577.35
35802,14348,985,2,228.63
35803,14348,1304,1,2267.28
35804,14349,774,1,450.99
35805,14349,942,3,4334.82
35806,14349,365,3,3968.22
35807,14349,1743,5,982.62
35808,14350,1355,1,4828.7
35809,14350,648,1,469.49
35810,14350,464,2,4246.39
35811,14351,1883,5,692.17
35812,14351,1894,3,3730.4
35813,14351,274,5,88.25
35814,14351,1414,1,604.17
35815,14352,1126,5,444.36
35816,14352,1901,3,151.68
35817,14353,184,4,1497.19
35818,14353,1270,2,3408.92
35819,14354,535,3,2607.22
35820,14354,7,1,4731.63
35821,14354,1135,5,2723.74
35822,14354,1396,3,2643.95
35823,14355,48,4,2706.15
35824,14356,924,5,355.36
35825,14356,1468,3,2076.2
35826,14356,468,5,2222.15
35827,14356,1875,1,889.15
35828,14357,1645,4,1189.64
35829,14358,1800,2,1027.07
35830,14358,146,4,2306.98
35831,14358,1065,4,1577.35
35832,14358,259,2,3788.75
35833,14359,716,3,1935.49
35834,14359,983,1,431.86
35835,14359,467,2,3451.65
35836,14359,721,2,93.68
35837,14360,609,2,1519.93
35838,14360,143,4,2926.5
35839,14360,1711,4,3091.29
35840,14360,373,4,3787.0
35841,14361,1269,1,455.38
35842,14361,718,1,437.22
35843,14361,1659,1,479.37
35844,14362,315,5,988.0
35845,14363,369,2,4023.43
35846,14364,1771,4,3405.76
35847,14364,251,1,2748.09
35848,14364,145,4,4174.9
35849,14364,1623,3,4345.73
35850,14365,1178,1,3058.33
35851,14365,1055,2,4016.22
35852,14365,1461,1,3052.71
35853,14365,1970,2,501.25
35854,14366,825,2,4366.02
35855,14366,1448,2,3950.08
35856,14367,2,5,1348.74
35857,14367,935,4,1506.93
35858,14367,1251,2,836.09
35859,14368,1996,4,1223.35
35860,14369,1965,1,4683.28
35861,14369,1575,4,4759.72
35862,14369,838,5,1605.7
35863,14370,630,3,2446.22
35864,14370,1218,5,1559.38
35865,14371,1014,3,2413.88
35866,14371,1202,4,2820.05
35867,14372,120,5,474.18
35868,14372,1812,1,3787.64
35869,14373,1931,3,2121.67
35870,14373,601,1,4765.61
35871,14374,846,4,3819.23
35872,14374,221,1,1054.07
35873,14374,20,1,3466.81
35874,14375,1130,3,2324.01
35875,14375,649,3,114.04
35876,14375,1992,1,531.48
35877,14376,1723,5,3873.67
35878,14376,1252,1,204.93
35879,14376,1057,5,4297.01
35880,14376,1420,3,3913.88
35881,14377,79,2,2248.46
35882,14377,57,1,4705.04
35883,14377,460,5,4443.01
35884,14377,6,1,518.13
35885,14378,1101,4,3876.57
35886,14378,1879,4,757.64
35887,14379,1020,2,3188.65
35888,14380,707,3,1194.29
35889,14380,1525,3,3157.81
35890,14380,1429,2,4518.66
35891,14380,448,4,1305.83
35892,14381,1905,3,3031.02
35893,14381,14,4,2419.64
35894,14382,1505,2,4216.31
35895,14382,1217,1,778.06
35896,14382,1871,2,2128.18
35897,14383,558,5,122.72
35898,14384,1224,1,2625.11
35899,14384,366,1,2367.54
35900,14385,254,5,3914.95
35901,14385,1767,5,2213.8
35902,14386,310,1,3134.88
35903,14387,260,4,51.33
35904,14387,1273,1,2283.82
35905,14387,18,3,4759.91
35906,14387,1734,1,2831.8
35907,14388,1752,5,3449.93
35908,14389,1408,2,1314.08
35909,14389,1347,5,3677.15
35910,14389,1235,2,1041.67
35911,14389,1770,4,3631.56
35912,14390,746,4,4090.39
35913,14391,832,4,1791.53
35914,14392,1254,1,4319.49
35915,14393,449,2,460.55
35916,14394,25,1,3831.09
35917,14394,1118,5,3713.21
35918,14395,730,5,1887.22
35919,14396,210,3,1176.68
35920,14396,1739,4,4090.09
35921,14396,1057,4,4297.01
35922,14397,1649,1,3314.24
35923,14398,116,2,1301.79
35924,14398,56,4,3613.22
35925,14398,311,5,4257.7
35926,14398,726,5,1338.47
35927,14399,1891,2,3352.26
35928,14399,1263,3,2295.53
35929,14399,1839,4,3768.65
35930,14399,1395,1,2500.5
35931,14400,863,1,1659.54
35932,14401,59,1,3151.73
35933,14402,1339,3,1539.51
35934,14403,347,5,4172.85
35935,14403,1035,5,1827.28
35936,14404,17,3,4936.1
35937,14404,311,3,3948.19
35938,14404,1269,3,559.11
35939,14404,1399,2,2617.78
35940,14405,315,5,1223.18
35941,14405,1565,1,3779.56
35942,14405,345,4,4476.61
35943,14406,1045,5,862.65
35944,14406,216,1,1537.43
35945,14406,550,2,2137.16
35946,14406,119,1,3308.25
35947,14407,1479,3,772.64
35948,14407,920,4,1379.98
35949,14408,108,1,2841.42
35950,14408,1962,3,1588.31
35951,14408,1227,2,2840.98
35952,14408,1708,3,319.73
35953,14409,1953,1,4319.47
35954,14410,1019,5,256.59
35955,14410,803,5,4544.47
35956,14411,1325,1,150.07
35957,14412,1522,3,1931.12
35958,14413,1832,3,1596.17
35959,14413,1327,3,975.37
35960,14414,925,2,4150.42
35961,14415,1784,4,1361.63
35962,14416,1689,2,4055.41
35963,14416,1005,3,481.2
35964,14417,1539,1,87.6
35965,14417,138,3,2467.22
35966,14418,972,5,4344.95
35967,14418,1186,4,4015.15
35968,14419,1276,5,4775.49
35969,14419,225,2,1331.62
35970,14419,76,5,688.1
35971,14420,942,2,3761.84
35972,14421,1175,4,1883.15
35973,14421,1596,4,3772.62
35974,14422,152,3,2181.97
35975,14423,939,3,161.24
35976,14423,1828,2,2641.75
35977,14424,721,4,93.68
35978,14424,1353,1,2284.8
35979,14424,1553,3,3046.46
35980,14424,163,2,3241.38
35981,14425,402,3,4892.72
35982,14426,1416,5,3592.41
35983,14426,211,4,2753.06
35984,14427,600,5,1557.53
35985,14427,354,3,1420.94
35986,14427,1691,5,49.01
35987,14427,832,3,1791.53
35988,14428,30,1,2949.45
35989,14428,1989,5,2713.54
35990,14428,654,3,74.1
35991,14429,1595,4,1776.86
35992,14429,673,2,2839.53
35993,14430,735,1,1776.43
35994,14431,1249,3,4030.19
35995,14431,1158,4,3218.83
35996,14431,1884,4,308.25
35997,14432,1862,2,2833.99
35998,14433,250,4,449.92
35999,14434,73,1,700.9
36000,14434,849,2,2398.69
36001,14434,194,5,85.23
36002,14434,653,4,601.62
36003,14435,1614,2,4628.97
36004,14435,442,3,1803.26
36005,14435,1960,1,1687.21
36006,14435,1835,1,358.62
36007,14436,1463,1,4311.37
36008,14436,1393,4,484.39
36009,14436,328,2,4328.97
36010,14436,425,5,3713.27
36011,14437,494,5,2644.3
36012,14437,285,2,1882.5
36013,14437,523,4,3040.6
36014,14437,994,3,3479.91
36015,14438,398,5,3681.87
36016,14439,1591,5,2817.51
36017,14440,176,3,4490.57
36018,14440,1232,2,4553.57
36019,14440,910,1,1668.52
36020,14441,969,5,1814.87
36021,14441,637,3,2924.96
36022,14441,309,1,494.89
36023,14442,1723,1,3647.21
36024,14443,135,5,4248.92
36025,14443,1874,5,2038.67
36026,14443,814,3,3110.03
36027,14444,375,1,1227.99
36028,14444,1158,5,3218.83
36029,14444,273,2,2698.03
36030,14445,1916,2,69.6
36031,14445,1714,4,972.34
36032,14445,1117,5,3853.16
36033,14446,16,5,938.32
36034,14446,1834,1,3953.74
36035,14446,209,5,3655.89
36036,14447,1766,5,2112.18
36037,14448,1925,1,4695.17
36038,14449,254,4,3914.95
36039,14449,711,2,2408.63
36040,14449,1400,5,1999.62
36041,14450,1349,3,491.69
36042,14450,1031,2,2261.27
36043,14450,753,5,2931.64
36044,14450,880,2,4537.46
36045,14451,1111,2,2376.45
36046,14451,565,2,159.76
36047,14451,1723,4,3601.99
36048,14451,1665,4,1975.67
36049,14452,1039,1,1550.6
36050,14452,829,5,2028.46
36051,14452,1092,4,166.85
36052,14452,545,4,2788.18
36053,14453,1286,5,791.64
36054,14453,1024,5,2013.75
36055,14454,384,5,2349.1
36056,14454,1336,2,3168.5
36057,14454,1481,3,1236.14
36058,14454,1223,1,2330.58
36059,14455,407,2,2291.87
36060,14456,832,4,1791.53
36061,14456,1140,5,136.09
36062,14456,1235,1,1041.67
36063,14457,243,4,2564.96
36064,14457,907,4,572.97
36065,14457,890,1,1942.86
36066,14457,636,1,3196.72
36067,14458,1234,2,552.76
36068,14459,1062,3,128.99
36069,14459,742,1,1149.62
36070,14460,568,4,3548.78
36071,14460,1087,1,3700.71
36072,14461,1036,4,4112.89
36073,14461,287,5,3303.19
36074,14461,471,2,1631.3
36075,14461,1837,2,4360.25
36076,14462,854,5,4215.33
36077,14463,382,2,2952.32
36078,14464,1261,1,2089.43
36079,14464,1292,5,4546.08
36080,14464,1448,3,3950.08
36081,14465,291,1,3993.21
36082,14465,1981,3,3974.13
36083,14466,1344,1,1792.55
36084,14466,1625,3,2389.16
36085,14466,612,5,2763.9
36086,14466,1786,5,1807.07
36087,14467,1640,2,3228.09
36088,14467,1136,5,1859.45
36089,14467,602,1,4730.97
36090,14468,1283,3,1258.75
36091,14468,505,1,1675.87
36092,14469,57,1,4705.04
36093,14469,1832,3,1596.17
36094,14469,1429,4,4030.09
36095,14469,723,5,2989.89
36096,14470,1913,3,2084.58
36097,14470,1718,3,4491.54
36098,14470,208,3,1246.29
36099,14471,1545,5,2804.73
36100,14471,57,2,4705.04
36101,14472,790,5,3447.9
36102,14473,484,1,1837.47
36103,14474,960,1,1695.67
36104,14474,1528,2,69.45
36105,14474,601,2,4765.61
36106,14475,1773,1,2075.06
36107,14475,1400,5,1999.62
36108,14475,156,1,114.68
36109,14475,1115,1,3751.63
36110,14476,1599,5,845.13
36111,14477,19,5,4954.02
36112,14477,434,4,2688.44
36113,14477,151,3,4997.17
36114,14477,512,2,1822.07
36115,14478,277,3,2588.13
36116,14478,1606,5,2436.74
36117,14478,1237,1,3949.17
36118,14478,1016,5,4654.08
36119,14479,863,2,1890.42
36120,14479,1948,4,406.31
36121,14480,964,2,2605.27
36122,14480,1755,4,1751.4
36123,14480,1488,1,1662.93
36124,14481,1904,4,23.78
36125,14481,1500,2,4223.34
36126,14481,1535,4,2002.12
36127,14482,608,3,2247.3
36128,14482,1886,2,2261.4
36129,14482,1305,2,1076.98
36130,14483,574,2,1076.88
36131,14483,1568,1,1945.21
36132,14484,1027,2,1879.49
36133,14484,197,4,124.38
36134,14484,257,4,454.34
36135,14484,419,1,4536.4
36136,14485,193,1,4237.79
36137,14485,1848,2,727.07
36138,14485,1574,2,2133.77
36139,14486,207,5,4395.79
36140,14486,1892,5,3756.21
36141,14486,143,2,2926.5
36142,14486,1887,1,88.25
36143,14487,631,3,2872.37
36144,14487,556,3,1367.56
36145,14487,1287,4,3932.11
36146,14487,1392,5,4601.48
36147,14488,1376,4,1939.31
36148,14489,912,5,3354.45
36149,14489,744,5,2156.28
36150,14489,401,2,1294.78
36151,14490,788,1,3186.28
36152,14490,28,5,4654.11
36153,14490,1308,4,3397.3
36154,14491,1439,2,3836.78
36155,14491,1285,2,1726.78
36156,14491,411,3,4984.22
36157,14492,1360,4,2996.1
36158,14493,860,4,421.6
36159,14493,1081,1,1664.25
36160,14494,1937,4,2540.27
36161,14494,334,2,2670.56
36162,14495,103,1,4102.52
36163,14495,780,2,4442.16
36164,14496,387,3,2453.3
36165,14496,237,1,1615.24
36166,14496,1067,3,3205.61
36167,14496,236,1,3685.93
36168,14497,1217,2,712.9
36169,14497,1071,1,1924.99
36170,14498,445,2,4082.97
36171,14498,1648,1,4000.16
36172,14498,1769,4,4216.87
36173,14498,1529,2,1326.16
36174,14499,1793,5,2533.55
36175,14499,1648,1,3567.5
36176,14499,597,2,513.89
36177,14499,1431,4,2705.27
36178,14500,661,5,1784.45
36179,14500,71,4,4701.99
36180,14500,496,5,2342.32
36181,14501,16,4,938.32
36182,14501,1276,3,4211.92
36183,14501,1906,4,2799.16
36184,14502,1871,3,2643.42
36185,14503,136,1,3137.45
36186,14503,897,5,2363.4
36187,14504,378,5,1121.15
36188,14505,1437,1,3751.2
36189,14505,1172,2,4339.9
36190,14506,878,2,4836.66
36191,14506,1598,2,2304.67
36192,14507,118,1,4784.56
36193,14507,1037,2,1567.44
36194,14507,1758,4,1627.94
36195,14507,184,2,1497.19
36196,14508,977,2,638.45
36197,14508,845,5,4661.49
36198,14509,1037,3,1567.44
36199,14509,965,4,1691.03
36200,14509,1846,4,666.7
36201,14509,254,1,3914.95
36202,14510,911,5,3202.05
36203,14510,325,1,778.82
36204,14511,975,5,2088.67
36205,14512,1915,1,3122.45
36206,14512,922,1,756.87
36207,14512,953,2,3227.55
36208,14513,673,3,3206.77
36209,14513,148,3,3104.71
36210,14513,244,4,3907.13
36211,14513,1086,2,4700.28
36212,14514,1982,4,3589.97
36213,14514,1747,3,4211.6
36214,14515,591,3,3120.79
36215,14515,1245,1,85.12
36216,14515,950,4,3575.16
36217,14515,1039,3,1550.6
36218,14516,1228,3,1898.35
36219,14516,388,3,475.38
36220,14516,415,4,273.97
36221,14517,1334,1,3114.64
36222,14518,1389,3,1904.68
36223,14518,1878,5,4003.14
36224,14518,158,3,2717.72
36225,14518,1882,5,1460.59
36226,14519,1196,3,482.3
36227,14519,950,4,3575.16
36228,14519,1176,1,1627.96
36229,14520,1460,3,3394.34
36230,14520,742,4,1089.74
36231,14520,109,4,4850.53
36232,14521,96,5,4164.31
36233,14521,1105,2,1308.96
36234,14521,183,1,2951.85
36235,14522,1027,3,1689.13
36236,14522,885,2,2122.71
36237,14523,452,2,3480.5
36238,14523,1315,2,3296.88
36239,14524,322,1,1128.18
36240,14524,1074,2,1090.35
36241,14524,397,2,4722.85
36242,14525,1009,2,4331.92
36243,14525,1676,5,342.22
36244,14525,317,3,2700.01
36245,14526,1059,2,4118.26
36246,14526,1601,5,1249.57
36247,14526,1933,2,2420.56
36248,14527,572,1,2901.55
36249,14527,1140,1,131.18
36250,14528,1141,5,282.75
36251,14528,602,2,4730.97
36252,14528,76,1,688.1
36253,14528,1511,3,3465.08
36254,14529,1852,2,520.16
36255,14530,1579,1,1271.12
36256,14530,1610,4,359.64
36257,14530,504,5,696.27
36258,14531,1298,3,1112.57
36259,14531,1574,2,2422.76
36260,14531,1959,5,1986.68
36261,14532,1943,4,1101.53
36262,14532,602,4,4730.97
36263,14532,1316,3,1416.17
36264,14532,1419,2,2348.86
36265,14533,126,4,2072.3
36266,14533,1067,5,2569.14
36267,14533,504,2,782.8
36268,14534,1552,5,2043.9
36269,14534,933,2,2246.96
36270,14534,1988,1,785.21
36271,14534,758,5,3980.65
36272,14535,1741,3,1288.8
36273,14535,855,2,3214.76
36274,14535,1124,1,4882.27
36275,14536,1655,1,2764.94
36276,14536,1066,3,3955.18
36277,14536,1040,4,852.31
36278,14537,1262,4,3201.63
36279,14537,1875,4,889.15
36280,14537,442,5,1679.92
36281,14538,941,3,3595.58
36282,14538,1525,3,2536.3
36283,14538,1933,4,2259.68
36284,14539,516,5,3302.52
36285,14539,1169,1,469.06
36286,14540,1160,4,1263.83
36287,14541,1725,5,4530.18
36288,14542,1477,5,2470.35
36289,14542,530,4,1905.89
36290,14542,94,1,4398.2
36291,14542,245,4,4956.68
36292,14543,1273,3,2490.93
36293,14543,666,5,1158.59
36294,14543,1587,3,2450.05
36295,14543,936,1,1664.96
36296,14544,960,3,1695.67
36297,14544,164,3,3555.06
36298,14544,456,5,204.74
36299,14544,244,1,3907.13
36300,14545,564,3,4607.16
36301,14545,846,5,3819.23
36302,14545,888,3,129.22
36303,14546,1012,5,1232.66
36304,14546,1021,5,3232.1
36305,14546,1823,1,788.45
36306,14546,611,1,3903.33
36307,14547,893,2,108.23
36308,14547,469,3,3409.35
36309,14547,1359,2,3802.52
36310,14547,23,3,4261.92
36311,14548,1033,4,2994.44
36312,14548,302,4,40.83
36313,14548,305,4,1143.82
36314,14548,1366,5,3554.33
36315,14549,1218,1,1559.38
36316,14549,541,2,1696.04
36317,14550,1474,4,567.6
36318,14550,245,5,4956.68
36319,14551,419,2,4536.4
36320,14551,351,1,781.08
36321,14551,726,3,1412.38
36322,14551,1774,2,669.2
36323,14552,505,4,1675.87
36324,14552,932,4,2826.61
36325,14552,1270,2,4109.19
36326,14552,1161,5,2541.13
36327,14553,1565,5,3779.56
36328,14553,260,4,60.74
36329,14553,1973,2,4151.84
36330,14554,1340,5,1567.91
36331,14554,1870,5,2326.9
36332,14555,1943,4,985.43
36333,14556,1271,1,1820.81
36334,14556,866,4,1065.77
36335,14556,1903,4,2738.66
36336,14556,1235,1,1041.67
36337,14557,1407,2,3721.74
36338,14557,1180,2,3403.33
36339,14557,1979,5,1181.46
36340,14557,1709,4,1568.58
36341,14558,1080,5,4797.15
36342,14559,482,2,2685.86
36343,14559,687,4,343.32
36344,14559,1319,2,498.27
36345,14559,1752,1,3707.7
36346,14560,569,3,3518.66
36347,14560,1015,5,2326.81
36348,14560,295,2,2319.63
36349,14561,1983,3,4107.76
36350,14561,1491,4,2694.2
36351,14561,1732,3,2354.17
36352,14561,1665,2,1975.67
36353,14562,94,5,4398.2
36354,14562,1718,1,4491.54
36355,14562,1446,4,3082.14
36356,14563,149,3,708.87
36357,14564,974,3,1017.69
36358,14564,94,4,4398.2
36359,14564,1330,5,3916.73
36360,14565,1391,3,1935.43
36361,14565,266,5,965.9
36362,14566,891,1,2117.05
36363,14566,1635,3,3876.02
36364,14567,709,4,1968.3
36365,14567,549,2,378.04
36366,14568,900,2,3184.82
36367,14568,1040,4,852.31
36368,14568,1739,5,4090.09
36369,14568,1147,1,3066.56
36370,14569,590,5,2350.34
36371,14569,1524,5,3936.69
36372,14569,1232,4,4553.57
36373,14570,404,3,2513.11
36374,14570,514,3,755.11
36375,14570,1996,1,1437.31
36376,14571,723,1,2989.89
36377,14571,774,1,450.99
36378,14572,1725,1,4530.18
36379,14572,1839,4,3768.65
36380,14573,996,2,2795.3
36381,14573,1400,1,1999.62
36382,14574,684,3,3130.93
36383,14575,327,2,1236.95
36384,14575,193,4,4370.55
36385,14575,1917,2,3047.65
36386,14575,1319,2,498.27
36387,14576,68,4,395.92
36388,14576,299,3,2422.18
36389,14576,879,4,390.74
36390,14576,1215,5,594.8
36391,14577,522,4,3199.65
36392,14577,392,2,4147.29
36393,14578,1062,2,158.0
36394,14578,576,1,3573.45
36395,14579,1617,2,1033.08
36396,14580,1327,1,907.53
36397,14581,496,1,2036.09
36398,14581,626,3,673.24
36399,14582,1454,5,869.09
36400,14582,1551,5,2147.45
36401,14582,1912,1,4495.58
36402,14582,86,3,1479.15
36403,14583,211,5,2753.06
36404,14583,243,3,2087.21
36405,14583,282,2,614.76
36406,14584,1387,2,3367.36
36407,14584,1302,5,261.58
36408,14585,581,3,4815.32
36409,14585,33,5,618.65
36410,14586,1146,3,220.73
36411,14586,1865,1,1325.85
36412,14586,50,5,2406.36
36413,14586,1570,2,4336.23
36414,14587,510,3,2677.13
36415,14587,38,4,3283.97
36416,14587,1031,1,2261.27
36417,14588,1683,4,4193.9
36418,14588,501,4,3768.53
36419,14589,1817,3,3240.09
36420,14589,389,2,825.04
36421,14590,1105,5,1308.96
36422,14590,1328,1,1629.06
36423,14591,1046,1,1159.16
36424,14591,1039,5,1550.6
36425,14591,607,3,3953.13
36426,14592,1921,1,78.32
36427,14592,1194,2,400.79
36428,14593,1005,5,453.9
36429,14593,1662,4,3160.26
36430,14594,433,1,4118.38
36431,14594,288,1,4203.67
36432,14594,1575,3,4095.29
36433,14594,1005,1,481.2
36434,14595,1247,1,2949.6
36435,14595,99,1,3376.61
36436,14595,605,4,324.29
36437,14595,1479,5,772.64
36438,14596,472,2,736.56
36439,14596,1708,4,319.73
36440,14597,1817,5,3240.09
36441,14598,1346,1,1135.36
36442,14599,1183,1,348.93
36443,14599,118,4,4283.4
36444,14600,1119,3,3549.39
36445,14600,1194,4,472.3
36446,14601,981,4,324.78
36447,14602,769,1,3642.16
36448,14602,88,2,746.35
36449,14602,1632,4,1855.05
36450,14602,727,5,958.91
36451,14603,295,2,2319.63
36452,14603,966,2,406.68
36453,14603,1169,2,469.06
36454,14603,68,5,395.92
36455,14604,1030,1,291.74
36456,14604,783,2,41.05
36457,14604,702,1,3418.37
36458,14604,784,3,2087.78
36459,14605,366,5,2367.54
36460,14606,1759,1,290.64
36461,14606,1037,4,1567.44
36462,14607,716,3,1595.62
36463,14608,255,2,488.71
36464,14608,1615,4,2853.97
36465,14608,333,4,4209.31
36466,14609,1044,5,2546.37
36467,14609,225,1,1331.62
36468,14609,1114,2,2404.95
36469,14609,594,5,2777.26
36470,14610,156,3,114.68
36471,14610,1030,3,291.74
36472,14610,1041,5,2341.63
36473,14610,1154,3,872.87
36474,14611,508,4,4905.99
36475,14612,232,2,3846.85
36476,14612,1159,3,3012.68
36477,14613,1977,5,2967.99
36478,14613,1168,2,2932.57
36479,14614,1379,1,1823.96
36480,14614,561,4,2023.99
36481,14615,1942,4,119.81
36482,14616,955,1,1814.34
36483,14617,776,1,142.47
36484,14618,253,1,801.69
36485,14618,583,3,2344.29
36486,14618,1020,5,3188.65
36487,14618,1236,1,3463.47
36488,14619,234,4,790.05
36489,14619,815,2,2374.91
36490,14619,700,5,728.03
36491,14620,1416,3,3592.41
36492,14620,1100,4,3022.93
36493,14620,1021,3,3684.3
36494,14620,214,5,2721.58
36495,14621,1910,5,4302.81
36496,14621,1285,1,1726.78
36497,14622,1573,2,2361.03
36498,14622,56,1,3613.22
36499,14622,310,1,2923.21
36500,14623,1398,3,1197.87
36501,14623,545,5,2788.18
36502,14623,837,5,2265.42
36503,14624,1955,1,1704.13
36504,14625,427,5,536.06
36505,14625,1400,4,1999.62
36506,14625,1450,5,4048.3
36507,14626,1025,3,3996.37
36508,14626,80,1,3663.41
36509,14627,1575,5,4323.16
36510,14627,60,5,521.12
36511,14627,16,4,938.32
36512,14628,1191,5,2506.31
36513,14628,1666,3,972.8
36514,14628,417,2,622.91
36515,14629,1997,4,4366.21
36516,14629,1669,4,3246.59
36517,14630,288,5,4203.67
36518,14630,59,3,2669.05
36519,14630,755,2,3263.47
36520,14630,1045,4,973.47
36521,14631,491,2,4092.08
36522,14631,1569,5,961.57
36523,14631,1062,2,129.72
36524,14632,510,4,2677.13
36525,14632,526,2,1384.83
36526,14633,1314,4,2783.43
36527,14634,785,5,3741.23
36528,14634,1381,1,1557.8
36529,14634,1312,5,3510.23
36530,14635,947,4,3952.8
36531,14636,570,3,2071.01
36532,14636,1619,1,3983.49
36533,14636,304,2,4475.38
36534,14636,1672,4,368.57
36535,14637,410,3,4167.25
36536,14637,738,2,4721.08
36537,14637,1814,2,2755.18
36538,14637,707,3,1194.29
36539,14638,1677,2,828.77
36540,14638,473,5,4346.65
36541,14638,1191,2,2506.31
36542,14639,1783,4,2181.97
36543,14639,1237,1,3949.17
36544,14639,1888,5,3602.81
36545,14640,182,3,1313.45
36546,14640,1793,2,2856.61
36547,14641,95,5,1165.46
36548,14641,1767,2,2094.77
36549,14641,870,4,2586.71
36550,14641,1913,1,1844.54
36551,14642,293,1,3047.2
36552,14642,1518,4,1171.72
36553,14642,497,1,572.94
36554,14643,830,1,1158.94
36555,14643,553,1,1527.19
36556,14643,1132,2,3574.26
36557,14643,1361,2,4344.01
36558,14644,1615,2,2636.74
36559,14645,1222,4,43.71
36560,14646,514,5,755.11
36561,14646,1400,4,1833.55
36562,14646,1823,5,788.45
36563,14646,1624,5,1510.22
36564,14647,1314,5,2783.43
36565,14647,809,5,3104.43
36566,14648,1378,4,2117.54
36567,14648,185,2,952.21
36568,14649,295,3,2319.63
36569,14649,1183,5,324.24
36570,14649,1978,3,1245.27
36571,14649,1447,5,4186.93
36572,14650,334,3,3189.75
36573,14650,1742,2,1911.55
36574,14650,1150,2,4720.67
36575,14651,492,4,795.35
36576,14651,968,1,967.88
36577,14651,1192,2,4478.16
36578,14651,939,1,161.24
36579,14652,429,4,4839.22
36580,14652,307,2,315.91
36581,14652,1706,1,3582.05
36582,14652,145,5,4174.9
36583,14653,786,2,266.66
36584,14654,1639,4,280.07
36585,14654,1158,2,3218.83
36586,14655,96,1,4674.1
36587,14655,666,2,1158.59
36588,14655,1192,4,4478.16
36589,14655,918,4,709.61
36590,14656,1391,2,1929.9
36591,14656,1510,4,1417.49
36592,14657,36,3,1798.08
36593,14657,1055,1,4800.5
36594,14657,469,1,3024.29
36595,14658,1971,2,3118.38
36596,14658,1580,4,4757.61
36597,14659,552,1,3735.2
36598,14659,83,5,1742.41
36599,14659,397,2,4722.85
36600,14659,1278,5,4215.88
36601,14660,20,4,3466.81
36602,14660,985,1,205.92
36603,14660,346,1,1901.86
36604,14660,1810,4,1849.5
36605,14661,1990,5,4241.52
36606,14662,536,3,2265.43
36607,14663,1852,3,568.41
36608,14663,788,4,3906.47
36609,14664,1031,4,1896.71
36610,14664,1263,5,1991.02
36611,14665,1637,5,802.62
36612,14665,917,1,3523.38
36613,14665,46,2,1485.51
36614,14665,1641,5,1853.09
36615,14666,1510,3,1417.49
36616,14666,1864,5,4244.91
36617,14666,589,3,54.72
36618,14666,1420,3,3913.88
36619,14667,1514,2,2850.95
36620,14667,873,2,3921.92
36621,14668,302,3,33.62
36622,14668,1521,1,4472.71
36623,14669,102,2,4320.41
36624,14669,770,3,1449.55
36625,14669,505,1,1675.87
36626,14670,1566,2,3082.29
36627,14671,757,3,4478.92
36628,14671,986,4,4362.47
36629,14671,132,5,1607.28
36630,14671,535,1,2607.22
36631,14672,1432,4,4624.51
36632,14672,347,3,4172.85
36633,14672,478,5,207.98
36634,14673,212,1,803.2
36635,14674,137,2,2034.59
36636,14674,649,5,112.37
36637,14674,1042,3,3030.16
36638,14675,1077,5,1521.49
36639,14675,673,4,3206.77
36640,14675,1351,2,2492.74
36641,14676,1370,3,938.8
36642,14676,396,2,2432.47
36643,14677,1393,5,484.39
36644,14678,1355,4,4828.7
36645,14678,294,3,4193.11
36646,14679,1697,4,2034.38
36647,14679,1645,5,1189.64
36648,14679,275,1,3000.32
36649,14680,219,1,3445.3
36650,14681,1756,1,1817.96
36651,14681,1038,5,3779.92
36652,14682,1101,1,4136.01
36653,14683,491,1,4756.43
36654,14683,1494,4,195.63
36655,14684,818,4,1691.29
36656,14684,912,5,3354.45
36657,14684,1767,2,2213.8
36658,14684,1067,2,2964.3
36659,14685,1777,1,2403.72
36660,14685,1520,5,3436.75
36661,14686,147,2,2788.08
36662,14686,1799,2,3529.71
36663,14686,1600,5,3774.17
36664,14687,419,3,4536.4
36665,14687,259,4,3788.75
36666,14688,1965,2,4683.28
36667,14689,1592,5,1039.56
36668,14689,133,3,3953.01
36669,14689,1985,2,4565.54
36670,14689,119,1,2674.52
36671,14690,1586,1,3954.89
36672,14691,34,4,2908.0
36673,14691,1001,1,2296.71
36674,14691,1278,3,4786.26
36675,14691,284,5,434.25
36676,14692,1474,4,469.61
36677,14693,1517,5,1255.49
36678,14693,769,5,4199.98
36679,14693,923,1,1277.43
36680,14693,1879,2,938.89
36681,14694,37,4,3285.39
36682,14694,855,5,3008.24
36683,14694,1351,5,2029.38
36684,14694,123,1,2822.61
36685,14695,300,5,2128.38
36686,14695,582,4,4943.34
36687,14695,1427,4,2051.39
36688,14695,1573,5,2366.42
36689,14696,1340,3,1567.91
36690,14696,1013,2,3056.19
36691,14697,1977,1,3501.61
36692,14698,584,3,1765.65
36693,14698,1638,5,1905.98
36694,14699,1298,1,1317.79
36695,14700,457,1,580.66
36696,14700,72,2,946.6
36697,14700,120,3,474.18
36698,14701,1585,3,4809.42
36699,14701,1156,3,2717.56
36700,14701,488,4,1567.45
36701,14701,1665,3,1813.81
36702,14702,1731,3,1237.5
36703,14703,923,3,1277.43
36704,14703,120,5,474.18
36705,14703,395,5,2293.09
36706,14704,1631,5,4490.57
36707,14704,1712,4,3108.47
36708,14704,1649,4,3303.83
36709,14705,293,4,3047.2
36710,14705,903,3,1941.7
36711,14705,1395,4,2500.5
36712,14705,81,5,4873.64
36713,14706,1928,4,664.98
36714,14707,556,4,1367.56
36715,14707,1013,5,2836.83
36716,14707,353,1,3480.85
36717,14708,1742,4,1911.55
36718,14708,337,1,833.23
36719,14708,1068,4,1229.62
36720,14708,942,3,4334.82
36721,14709,1171,3,3620.47
36722,14710,333,2,4209.31
36723,14710,797,4,4084.82
36724,14711,1966,3,4882.44
36725,14712,369,2,4023.43
36726,14712,1319,5,417.51
36727,14712,1534,5,1269.6
36728,14712,1690,4,4633.95
36729,14713,187,2,4624.37
36730,14713,504,2,782.8
36731,14713,365,2,3968.22
36732,14713,297,2,1853.29
36733,14714,1484,4,749.5
36734,14714,1883,4,692.17
36735,14715,1052,3,2566.48
36736,14715,1446,1,3668.66
36737,14716,253,4,801.69
36738,14717,403,2,480.08
36739,14718,784,5,2566.81
36740,14718,869,5,1049.71
36741,14719,803,1,4544.47
36742,14720,1123,4,577.55
36743,14720,118,1,4784.56
36744,14721,433,4,3735.43
36745,14722,1154,2,872.87
36746,14722,519,1,4410.36
36747,14723,949,2,3259.59
36748,14723,1506,4,681.79
36749,14723,1991,3,3214.44
36750,14724,935,3,1506.93
36751,14724,1987,5,1206.99
36752,14724,1299,2,4280.63
36753,14725,1536,4,376.58
36754,14725,128,4,4912.65
36755,14726,1009,1,4331.92
36756,14726,1783,4,2181.97
36757,14726,663,5,1192.72
36758,14726,1953,2,4319.47
36759,14727,124,5,1903.14
36760,14727,1552,4,2043.9
36761,14727,684,5,3130.93
36762,14728,607,2,4648.41
36763,14728,1374,4,4245.98
36764,14728,1713,3,3233.67
36765,14729,751,3,4210.09
36766,14729,1849,4,218.72
36767,14729,714,1,4198.07
36768,14730,1788,4,4044.6
36769,14730,1435,2,3765.92
36770,14730,1732,1,2354.17
36771,14730,8,3,4283.46
36772,14731,237,4,1615.24
36773,14731,1279,3,2423.46
36774,14731,824,2,2349.66
36775,14731,1879,3,938.89
36776,14732,674,5,3045.84
36777,14733,1544,4,2384.64
36778,14733,389,3,684.25
36779,14734,1516,3,4754.42
36780,14734,1121,1,421.04
36781,14734,1170,2,1315.23
36782,14735,798,4,3551.67
36783,14735,1612,1,1478.67
36784,14736,1871,1,2643.42
36785,14736,1778,3,3865.81
36786,14737,605,1,281.97
36787,14737,287,4,3303.19
36788,14737,725,2,1642.55
36789,14738,636,4,3191.65
36790,14739,1300,2,2792.13
36791,14739,1036,5,4112.89
36792,14739,141,3,1474.45
36793,14739,752,2,1633.11
36794,14740,1465,4,2253.08
36795,14740,716,3,1935.49
36796,14740,1407,2,3721.74
36797,14740,736,3,2822.01
36798,14741,1995,1,2213.54
36799,14741,1864,1,3493.21
36800,14742,290,3,2858.24
36801,14742,1686,1,456.49
36802,14742,1660,4,140.3
36803,14742,1698,2,2763.38
36804,14743,1846,2,666.7
36805,14744,976,1,1872.2
36806,14745,256,2,1529.79
36807,14745,1466,4,2812.37
36808,14746,1703,5,3435.52
36809,14746,80,5,3663.41
36810,14746,1729,5,1365.82
36811,14747,1629,4,844.45
36812,14747,901,2,4432.43
36813,14747,907,5,572.97
36814,14748,1836,3,675.74
36815,14748,1966,1,4882.44
36816,14749,310,4,3134.88
36817,14749,186,1,4656.26
36818,14749,416,1,2173.26
36819,14749,1905,3,3031.02
36820,14750,1986,3,2986.48
36821,14750,1926,3,3156.81
36822,14750,755,4,3263.47
36823,14750,535,5,2607.22
36824,14751,85,1,1181.89
36825,14751,570,1,2071.01
36826,14751,1959,1,2299.44
36827,14751,232,5,3846.85
36828,14752,1442,4,2295.41
36829,14752,1845,1,1385.2
36830,14752,786,5,287.29
36831,14753,92,4,4458.7
36832,14753,1515,1,3802.4
36833,14753,589,3,58.11
36834,14753,1879,4,762.79
36835,14754,1557,3,2010.11
36836,14754,506,5,4493.84
36837,14754,1387,5,3367.36
36838,14755,1615,2,2853.97
36839,14755,768,1,2222.8
36840,14755,554,3,4495.61
36841,14756,1023,3,3992.43
36842,14756,952,5,2232.98
36843,14757,1594,5,2659.84
36844,14758,480,3,2773.31
36845,14758,500,4,1122.63
36846,14758,1465,4,2424.32
36847,14758,1732,2,2354.17
36848,14759,1751,2,371.51
36849,14760,1554,2,4999.52
36850,14761,389,1,825.04
36851,14761,571,2,1186.24
36852,14762,144,3,3945.75
36853,14762,411,1,4984.22
36854,14762,1930,5,1645.53
36855,14762,640,3,3707.44
36856,14763,811,4,95.73
36857,14763,986,1,3990.17
36858,14763,806,1,109.74
36859,14763,1830,5,1395.39
36860,14764,218,4,4703.1
36861,14764,1991,5,2799.73
36862,14764,1808,4,3905.23
36863,14765,431,5,2919.59
36864,14765,1127,1,903.31
36865,14766,76,1,688.1
36866,14766,1048,5,3258.08
36867,14766,975,5,2088.67
36868,14767,542,2,3481.44
36869,14767,825,4,4366.02
36870,14767,817,4,3798.7
36871,14767,1347,2,3943.19
36872,14768,1788,4,4044.6
36873,14768,1153,2,1838.8
36874,14768,338,1,99.68
36875,14769,235,1,217.55
36876,14769,449,1,530.54
36877,14769,1172,4,4339.9
36878,14770,194,2,85.23
36879,14770,1078,4,3125.24
36880,14771,578,3,2970.5
36881,14772,776,4,142.47
36882,14772,1496,1,2564.23
36883,14773,1891,1,3352.26
36884,14773,1190,4,2212.05
36885,14773,1849,1,218.72
36886,14773,337,5,889.63
36887,14774,1058,4,3001.88
36888,14775,1582,5,1472.47
36889,14775,1917,4,3047.65
36890,14776,143,1,2926.5
36891,14776,866,2,1065.77
36892,14776,913,2,17.43
36893,14776,953,4,3227.55
36894,14777,1174,3,1402.77
36895,14777,418,2,4483.51
36896,14777,282,1,614.76
36897,14778,343,5,1428.48
36898,14778,1939,1,3120.67
36899,14779,1513,4,4133.12
36900,14779,1471,4,1120.83
36901,14780,1939,5,3057.96
36902,14780,1323,3,880.0
36903,14781,1050,4,91.64
36904,14781,1273,4,2490.93
36905,14782,1523,3,118.31
36906,14782,619,5,3854.35
36907,14783,1919,4,2728.56
36908,14783,1180,2,3403.33
36909,14783,1335,3,1385.99
36910,14784,861,5,3235.35
36911,14784,131,3,3366.57
36912,14785,620,5,2983.14
36913,14785,1153,4,1838.8
36914,14786,1169,3,469.06
36915,14786,1977,5,2987.66
36916,14787,472,1,692.46
36917,14787,1158,5,3218.83
36918,14787,353,4,3480.85
36919,14788,865,4,2455.86
36920,14789,1503,2,3868.9
36921,14789,110,3,1944.48
36922,14789,115,3,4104.14
36923,14790,770,4,1755.13
36924,14790,411,5,4984.22
36925,14791,359,4,4464.57
36926,14791,1867,2,2289.03
36927,14792,1223,5,2330.58
36928,14793,1839,5,3768.65
36929,14793,1149,4,4334.54
36930,14794,813,2,818.22
36931,14794,1279,2,2423.46
36932,14794,1623,2,4345.73
36933,14794,440,2,4235.09
36934,14795,838,4,1447.17
36935,14796,38,5,3283.97
36936,14796,1443,4,1395.23
36937,14796,1236,1,4026.43
36938,14797,620,3,2983.14
36939,14797,1582,3,1472.47
36940,14797,214,2,3316.61
36941,14797,1492,2,1366.11
36942,14798,855,3,3214.76
36943,14798,691,1,1313.66
36944,14799,445,1,4082.97
36945,14799,1017,5,4136.88
36946,14800,1424,2,2904.08
36947,14801,1848,5,587.45
36948,14801,135,1,4248.92
36949,14801,1626,4,3411.47
36950,14802,865,5,2455.86
36951,14802,1400,3,1999.62
36952,14803,1912,1,4495.58
36953,14804,1883,4,692.17
36954,14805,164,4,3555.06
36955,14805,1941,2,4341.05
36956,14805,1812,3,3491.85
36957,14806,1162,2,260.62
36958,14807,1764,2,2524.19
36959,14807,1223,3,2330.58
36960,14807,1361,2,3854.62
36961,14807,671,2,3517.29
36962,14808,390,3,671.81
36963,14808,1351,4,2214.53
36964,14809,556,5,1367.56
36965,14809,1921,2,78.32
36966,14809,1708,5,319.73
36967,14809,261,3,3359.97
36968,14810,1021,5,3684.3
36969,14811,1102,2,4297.06
36970,14811,390,3,734.47
36971,14811,1101,4,3605.83
36972,14811,807,5,4677.52
36973,14812,1475,4,4831.22
36974,14812,1630,1,1099.71
36975,14812,431,1,3294.77
36976,14812,1775,3,3513.61
36977,14813,1411,2,3246.16
36978,14813,309,4,417.72
36979,14813,1037,5,1378.52
36980,14814,1678,3,1955.0
36981,14815,244,2,3907.13
36982,14815,754,2,1620.48
36983,14816,1265,4,2890.04
36984,14816,400,3,2445.98
36985,14817,1593,4,4053.1
36986,14818,1629,2,787.94
36987,14818,799,3,4047.46
36988,14818,1627,2,4970.08
36989,14818,900,5,3184.82
36990,14819,1894,2,3051.86
36991,14819,1590,1,3842.98
36992,14819,1277,1,3223.63
36993,14820,1342,4,2958.39
36994,14820,1627,4,4970.08
36995,14820,1276,5,4775.49
36996,14820,1871,5,2643.42
36997,14821,200,5,1216.73
36998,14821,1312,2,3510.23
36999,14821,1988,5,785.21
37000,14821,537,1,4518.79
37001,14822,173,4,3873.68
37002,14822,1373,3,3734.91
37003,14822,1945,5,4845.83
37004,14823,762,5,2037.05
37005,14823,45,5,3512.85
37006,14823,453,4,4545.91
37007,14824,376,5,1550.37
37008,14824,643,4,2769.11
37009,14824,1238,3,4582.12
37010,14824,918,3,709.61
37011,14825,1166,1,4077.28
37012,14826,1312,1,3510.23
37013,14826,1198,1,4266.62
37014,14826,1551,1,1989.93
37015,14827,1478,5,3702.99
37016,14828,1359,1,3802.52
37017,14828,918,5,709.61
37018,14828,1020,2,3188.65
37019,14828,407,1,2291.87
37020,14829,1009,5,4331.92
37021,14829,1700,2,54.4
37022,14830,1391,2,2097.4
37023,14830,150,5,4729.13
37024,14830,840,1,1015.94
37025,14830,1445,3,1133.09
37026,14831,1587,5,2097.91
37027,14831,200,3,1145.78
37028,14831,430,3,4669.64
37029,14832,1499,2,4052.38
37030,14832,727,4,1141.07
37031,14832,1421,1,4859.69
37032,14833,1121,4,421.04
37033,14834,289,5,2450.56
37034,14835,1002,1,2015.72
37035,14835,1023,1,3542.41
37036,14835,384,2,2813.82
37037,14836,246,1,1278.44
37038,14837,216,5,1418.05
37039,14837,1865,2,1242.91
37040,14837,994,1,3999.58
37041,14837,1913,4,1742.43
37042,14838,1651,5,1559.53
37043,14838,394,5,2677.79
37044,14838,1854,1,4400.58
37045,14838,168,5,3008.4
37046,14839,1827,1,1992.86
37047,14839,795,4,2034.25
37048,14839,1871,1,2643.42
37049,14839,613,3,1703.51
37050,14840,430,3,4669.64
37051,14840,1158,2,3218.83
37052,14841,418,4,4483.51
37053,14841,387,4,2102.22
37054,14841,209,5,3655.89
37055,14841,402,5,4111.73
37056,14842,825,2,4366.02
37057,14842,1041,1,2917.36
37058,14842,1648,3,3395.42
37059,14842,1153,1,1838.8
37060,14843,317,1,2321.21
37061,14843,1730,4,1575.07
37062,14843,1575,2,4759.72
37063,14844,1,4,17.71
37064,14845,81,2,4873.64
37065,14845,212,3,803.2
37066,14845,475,2,1709.61
37067,14846,1499,4,4052.38
37068,14847,1217,4,778.06
37069,14847,1140,5,143.75
37070,14847,624,4,563.65
37071,14848,1926,2,3156.81
37072,14849,701,1,2326.65
37073,14849,1041,1,2917.36
37074,14850,29,1,4104.81
37075,14850,83,4,1742.41
37076,14850,164,1,3555.06
37077,14851,1205,1,4545.17
37078,14851,100,2,4008.93
37079,14851,1097,5,542.09
37080,14852,1834,5,3953.74
37081,14853,480,4,2773.31
37082,14853,354,3,1420.94
37083,14853,248,2,2859.5
37084,14854,1154,2,872.87
37085,14855,776,4,142.47
37086,14855,1946,2,1059.73
37087,14855,1472,1,396.71
37088,14856,1093,4,3916.92
37089,14856,1795,1,1258.44
37090,14856,705,1,4232.36
37091,14856,1380,4,3721.35
37092,14857,803,1,4544.47
37093,14857,1512,1,2907.98
37094,14858,690,4,3071.04
37095,14858,984,5,3382.2
37096,14858,1775,2,3513.61
37097,14858,18,5,4216.14
37098,14859,1679,4,1438.31
37099,14860,1728,5,2467.09
37100,14860,852,3,51.74
37101,14860,621,3,784.63
37102,14861,60,3,431.38
37103,14861,966,5,406.68
37104,14861,387,1,2453.3
37105,14862,481,5,976.31
37106,14862,927,4,3677.85
37107,14862,750,5,2618.93
37108,14863,198,5,1266.5
37109,14863,1909,3,4460.6
37110,14863,6,5,518.13
37111,14863,1161,2,2524.21
37112,14864,423,1,1441.03
37113,14864,455,5,3822.19
37114,14865,1373,1,3028.38
37115,14865,1322,2,1937.72
37116,14865,183,1,2951.85
37117,14866,1849,4,218.72
37118,14867,700,2,728.03
37119,14867,634,1,3390.51
37120,14867,298,3,2819.48
37121,14868,1386,2,2939.5
37122,14868,526,4,1644.34
37123,14869,1292,2,4546.08
37124,14869,1908,4,2628.01
37125,14870,1984,4,808.92
37126,14870,1145,1,3804.92
37127,14871,92,3,4458.7
37128,14871,85,2,1381.91
37129,14871,359,2,3909.08
37130,14871,1622,1,1265.63
37131,14872,745,1,2780.97
37132,14872,384,5,2487.32
37133,14872,575,3,332.75
37134,14873,780,5,4982.09
37135,14873,827,2,4598.87
37136,14873,506,4,4793.43
37137,14874,926,1,3865.4
37138,14874,498,3,435.81
37139,14874,1040,2,852.31
37140,14874,715,5,1345.17
37141,14875,1202,2,3015.22
37142,14875,1838,2,479.39
37143,14876,1365,4,782.66
37144,14877,246,4,1278.44
37145,14878,1162,2,260.62
37146,14878,1122,1,246.03
37147,14879,1111,2,2376.45
37148,14880,1092,1,166.85
37149,14881,135,2,4248.92
37150,14881,1028,3,1758.23
37151,14881,1915,5,3122.45
37152,14881,1724,5,2941.61
37153,14882,670,5,4951.0
37154,14882,1650,1,2182.84
37155,14883,1902,2,171.38
37156,14884,1456,4,3421.86
37157,14884,500,1,1122.63
37158,14885,681,3,2163.86
37159,14886,1344,5,1792.55
37160,14886,870,1,2586.71
37161,14887,385,4,4309.91
37162,14888,1740,4,2678.81
37163,14888,365,3,3968.22
37164,14889,805,4,287.96
37165,14889,1266,4,501.14
37166,14889,256,5,1529.79
37167,14889,316,2,4165.3
37168,14890,869,3,1049.71
37169,14891,1985,4,4565.54
37170,14891,1714,1,972.34
37171,14891,1405,5,894.37
37172,14892,1771,2,3405.76
37173,14893,448,5,1305.83
37174,14893,32,5,3938.64
37175,14893,732,1,2943.65
37176,14894,506,4,4793.43
37177,14895,1482,5,1374.53
37178,14895,64,2,2594.71
37179,14895,286,2,4223.99
37180,14895,1638,5,1905.98
37181,14896,1121,1,421.04
37182,14897,493,1,488.29
37183,14897,726,5,1412.38
37184,14897,1260,4,3252.12
37185,14897,117,2,2741.14
37186,14898,714,5,4198.07
37187,14898,1929,3,3451.12
37188,14898,1540,1,3898.12
37189,14898,512,4,2081.26
37190,14899,1750,4,4149.38
37191,14899,1256,2,3632.6
37192,14899,476,5,480.09
37193,14899,101,5,4125.78
37194,14900,1215,4,579.15
37195,14900,1989,5,2713.54
37196,14900,1543,1,1601.34
37197,14901,293,3,3047.2
37198,14901,904,2,4894.55
37199,14901,1444,2,4381.89
37200,14901,730,4,1785.47
37201,14902,1899,5,4748.11
37202,14902,717,1,1550.32
37203,14903,1965,4,4683.28
37204,14903,1737,5,2900.19
37205,14903,716,1,1935.49
37206,14904,1370,2,1021.39
37207,14904,170,3,2609.26
37208,14904,1667,1,2977.83
37209,14904,1748,3,573.19
37210,14905,924,5,407.23
37211,14905,816,3,1041.73
37212,14906,57,4,4705.04
37213,14906,583,2,2344.29
37214,14907,22,1,3253.77
37215,14907,1790,4,4394.84
37216,14907,613,2,1703.51
37217,14908,580,3,4091.23
37218,14908,1617,5,1107.75
37219,14908,1923,3,2992.74
37220,14909,87,5,2762.02
37221,14909,935,5,1506.93
37222,14909,641,3,2560.87
37223,14910,31,5,127.27
37224,14910,1359,3,3802.52
37225,14910,39,3,4972.54
37226,14911,687,3,343.32
37227,14911,1616,5,3567.75
37228,14911,1385,3,3672.34
37229,14911,73,1,700.9
37230,14912,54,5,238.81
37231,14912,511,2,2708.16
37232,14912,1865,1,1266.02
37233,14913,1439,1,3491.49
37234,14913,1505,4,3850.64
37235,14913,86,4,1479.15
37236,14914,1696,4,979.19
37237,14914,262,3,323.67
37238,14914,326,2,1904.09
37239,14914,1598,5,2617.76
37240,14915,80,2,3663.41
37241,14915,1405,5,894.37
37242,14916,1120,1,3248.65
37243,14916,702,1,3418.37
37244,14916,965,4,1691.03
37245,14917,882,4,2446.15
37246,14918,1972,1,4088.97
37247,14918,356,2,4465.31
37248,14919,1153,1,1838.8
37249,14919,720,2,2189.31
37250,14920,1565,4,3779.56
37251,14920,319,5,572.19
37252,14920,427,3,470.41
37253,14921,1952,2,2454.26
37254,14921,1108,5,2593.33
37255,14922,1431,3,2705.27
37256,14922,1191,1,2506.31
37257,14922,945,1,1660.23
37258,14922,1487,5,2148.84
37259,14923,319,4,684.29
37260,14923,1841,4,3295.24
37261,14923,1666,4,1107.86
37262,14924,1305,2,1337.98
37263,14925,1830,4,1574.79
37264,14926,284,3,434.25
37265,14926,1819,5,118.88
37266,14927,1583,1,3561.74
37267,14927,1501,1,469.78
37268,14927,1891,4,3352.26
37269,14927,1260,4,3252.12
37270,14928,984,5,2907.75
37271,14929,1380,3,3022.25
37272,14929,876,1,4735.67
37273,14930,1118,5,3713.21
37274,14931,515,3,4246.45
37275,14931,1965,1,4683.28
37276,14931,1773,2,2075.06
37277,14932,1778,5,3654.41
37278,14932,149,3,708.87
37279,14932,1689,1,4055.41
37280,14932,322,3,1128.18
37281,14933,721,5,79.61
37282,14934,629,5,3437.25
37283,14935,20,4,3466.81
37284,14935,65,1,2718.42
37285,14935,259,2,3788.75
37286,14935,1049,5,4572.88
37287,14936,1026,5,3231.42
37288,14936,511,3,2708.16
37289,14936,1546,3,3706.04
37290,14937,332,4,4663.2
37291,14937,1428,3,894.34
37292,14937,551,3,318.01
37293,14937,230,3,977.72
37294,14938,929,3,3441.33
37295,14938,41,3,4483.86
37296,14939,1289,2,720.98
37297,14940,1086,2,4700.28
37298,14941,444,1,4232.65
37299,14941,1776,5,776.73
37300,14941,1392,4,4601.48
37301,14941,128,5,4039.76
37302,14942,497,5,572.94
37303,14942,1246,1,403.1
37304,14942,298,2,3203.67
37305,14942,430,3,4669.64
37306,14943,197,4,124.38
37307,14944,1707,5,341.01
37308,14944,557,4,2749.62
37309,14944,1571,2,3828.97
37310,14945,682,3,4710.39
37311,14945,1270,3,4109.19
37312,14945,1479,1,772.64
37313,14945,1037,5,1567.44
37314,14946,89,4,65.93
37315,14946,623,1,4260.78
37316,14946,1790,3,4394.84
37317,14947,756,5,4290.25
37318,14947,11,5,3907.36
37319,14948,1713,5,3233.67
37320,14949,1429,1,4518.66
37321,14949,709,1,1968.3
37322,14949,1130,4,2324.01
37323,14949,1261,4,2089.43
37324,14950,164,5,3555.06
37325,14950,468,2,2051.12
37326,14950,1672,5,459.75
37327,14951,317,3,2700.01
37328,14951,1749,2,433.44
37329,14951,573,1,1933.49
37330,14952,1826,5,64.33
37331,14952,1638,1,1666.95
37332,14952,1237,5,3949.17
37333,14953,786,4,272.44
37334,14953,1704,1,4825.0
37335,14953,1907,4,431.07
37336,14953,460,1,4443.01
37337,14954,1834,5,3953.74
37338,14954,1723,1,4323.91
37339,14954,106,2,833.52
37340,14954,1883,4,692.17
37341,14955,245,1,4956.68
37342,14955,467,3,3451.65
37343,14955,1571,5,3828.97
37344,14955,1967,3,3118.21
37345,14956,1428,5,1023.73
37346,14956,1558,1,2317.69
37347,14956,1630,4,1099.71
37348,14956,1427,3,2180.98
37349,14957,510,5,2391.24
37350,14958,91,5,1342.66
37351,14958,1074,3,1090.35
37352,14958,529,5,2017.88
37353,14959,1045,5,912.33
37354,14959,389,2,825.04
37355,14960,1257,1,2706.51
37356,14960,474,1,2019.11
37357,14960,1792,3,4603.45
37358,14961,761,5,1097.43
37359,14961,1862,4,3083.03
37360,14961,295,4,2319.63
37361,14962,1606,3,2436.74
37362,14962,1397,5,1925.16
37363,14963,1916,2,69.6
37364,14963,204,1,4051.48
37365,14963,432,1,4230.98
37366,14964,620,1,2983.14
37367,14964,1072,1,4913.65
37368,14965,845,1,4661.49
37369,14965,495,2,1994.41
37370,14966,1131,2,2929.98
37371,14967,1407,2,3721.74
37372,14967,233,4,314.31
37373,14967,55,5,411.13
37374,14967,521,5,2322.31
37375,14968,189,3,2961.0
37376,14968,1351,1,2338.18
37377,14968,1098,2,4970.86
37378,14969,46,3,1485.51
37379,14970,670,3,4951.0
37380,14970,1958,4,4221.55
37381,14971,1177,4,3460.99
37382,14972,1611,2,3365.34
37383,14972,1161,2,2876.69
37384,14972,1534,4,1497.27
37385,14972,1671,4,2466.95
37386,14973,34,3,2908.0
37387,14973,176,3,4490.57
37388,14973,825,1,4366.02
37389,14973,1678,4,2297.44
37390,14974,799,5,3755.76
37391,14974,1680,5,1224.93
37392,14975,150,4,4729.13
37393,14975,1425,1,2344.86
37394,14976,879,2,449.66
37395,14977,696,1,2853.81
37396,14977,1417,4,3166.92
37397,14977,714,4,4198.07
37398,14978,96,3,4327.74
37399,14978,215,4,1855.51
37400,14978,830,4,1158.94
37401,14979,1395,5,2500.5
37402,14979,707,4,1194.29
37403,14979,1605,2,4362.29
37404,14980,1042,5,3030.16
37405,14980,1730,2,1575.07
37406,14980,1805,5,2631.43
37407,14981,620,2,2761.27
37408,14981,475,2,2104.97
37409,14981,1938,1,2662.45
37410,14982,139,1,4993.88
37411,14983,1998,3,2882.81
37412,14984,812,3,4370.79
37413,14984,1004,1,4068.39
37414,14984,237,4,1615.24
37415,14985,1104,1,1809.95
37416,14986,545,1,2400.63
37417,14986,1896,1,2418.5
37418,14986,64,1,2594.71
37419,14986,1795,3,1036.08
37420,14987,1673,4,3620.34
37421,14988,864,5,1153.96
37422,14989,1429,5,4518.66
37423,14989,394,3,2677.79
37424,14989,1364,2,1734.96
37425,14989,1073,3,1327.8
37426,14990,340,3,3028.53
37427,14990,944,3,314.92
37428,14990,959,1,1519.27
37429,14990,996,3,2795.3
37430,14991,361,1,102.54
37431,14991,1039,5,1550.6
37432,14991,319,3,684.29
37433,14992,526,2,1644.34
37434,14992,783,3,41.05
37435,14992,1838,2,455.43
37436,14993,525,4,585.54
37437,14993,1071,3,2170.33
37438,14993,407,2,2031.4
37439,14993,1417,5,3166.92
37440,14994,662,4,1537.86
37441,14994,1336,1,3168.5
37442,14994,598,1,298.55
37443,14995,1615,3,2853.97
37444,14995,669,4,3129.58
37445,14995,671,2,4268.05
37446,14995,1037,3,1567.44
37447,14996,371,5,1990.52
37448,14996,407,5,2291.87
37449,14996,1639,3,280.07
37450,14997,1575,1,4346.54
37451,14997,1068,3,1499.27
37452,14997,1421,3,4859.69
37453,14997,1948,3,406.31
37454,14998,1472,2,396.71
37455,14998,886,1,1634.05
37456,14998,1616,1,3567.75
37457,14999,190,5,845.16
37458,14999,1628,5,4748.71
37459,14999,525,5,585.54
37460,14999,613,3,1703.51
37461,15000,1532,2,4771.9
37462,15000,536,1,2265.43
37463,15000,147,5,2788.08
37464,15000,1104,5,2160.59
