order_id,order_date,customer_id,status
1,2025-08-27 10:49:00,466,Completed
2,2026-04-04 10:16:00,89,Pending
3,2026-06-01 08:53:00,298,Cancelled
4,2025-04-04 06:41:00,380,Completed
5,2025-02-25 10:53:00,430,Pending
6,2026-02-24 23:24:00,65,Completed
7,2025-10-28 12:53:00,126,Pending
8,2025-05-11 19:01:00,409,Cancelled
9,2025-12-02 01:02:00,63,Pending
10,2025-06-28 02:46:00,194,Pending
11,2025-01-24 18:43:00,269,Completed
12,2025-10-12 02:47:00,301,Completed
13,2025-07-24 03:36:00,155,Pending
14,2025-08-02 08:21:00,397,Cancelled
15,2025-08-13 06:41:00,158,Pending
16,2026-05-28 05:40:00,282,Completed
17,2025-12-17 20:15:00,164,Completed
18,2025-10-16 03:52:00,484,Pending
19,2025-04-11 10:42:00,453,Pending
20,2026-07-22 15:15:00,139,Pending
21,2026-01-03 07:19:00,296,Completed
22,2025-12-21 23:51:00,93,Completed
23,2025-06-07 11:53:00,433,Completed
24,2026-07-16 09:39:00,357,Completed
25,2026-05-31 17:10:00,54,Completed
26,2025-10-12 03:05:00,72,Completed
27,2026-02-27 01:27:00,56,Pending
28,2025-11-23 09:57:00,196,Cancelled
29,2025-12-02 10:11:00,30,Completed
30,2026-08-01 18:58:00,367,Completed
31,2025-12-07 04:08:00,428,Pending
32,2025-07-28 03:10:00,22,Completed
33,2025-07-05 02:51:00,73,Cancelled
34,2026-04-28 10:20:00,497,Completed
35,2026-03-12 09:04:00,292,Completed
36,2026-05-23 14:34:00,352,Pending
37,2025-01-05 20:43:00,139,Pending
38,2026-08-22 08:24:00,131,Cancelled
39,2025-05-02 17:46:00,302,Pending
40,2026-03-31 10:16:00,64,Completed
41,2025-04-16 06:46:00,360,Completed
42,2025-02-16 06:17:00,301,Completed
43,2026-06-16 18:14:00,451,Completed
44,2026-01-05 09:25:00,412,Cancelled
45,2026-02-12 14:52:00,345,Completed
46,2026-02-09 17:25:00,438,Completed
47,2025-05-05 18:07:00,76,Cancelled
48,2025-09-30 06:13:00,491,Pending
49,2025-02-06 16:00:00,396,Completed
50,2025-05-25 20:16:00,97,Pending
51,2025-12-22 23:57:00,500,Pending
52,2025-09-23 00:24:00,429,Cancelled
53,2025-05-18 04:00:00,361,Completed
54,2026-02-23 12:51:00,445,Completed
55,2026-03-24 17:16:00,383,Completed
56,2025-02-20 00:00:00,300,Pending
57,2025-12-31 06:57:00,379,Completed
58,2026-04-29 22:29:00,39,Pending
59,2025-05-13 17:42:00,77,Pending
60,2025-07-01 20:07:00,350,Completed
61,2026-04-09 16:33:00,331,Cancelled
62,2026-06-15 15:56:00,39,Completed
63,2025-01-19 02:58:00,227,Pending
64,2025-05-24 19:32:00,112,Pending
65,2026-02-09 07:06:00,477,Completed
66,2025-05-17 20:57:00,289,Completed
67,2025-02-03 04:28:00,314,Pending
68,2026-07-15 21:51:00,248,Completed
69,2025-01-14 12:36:00,164,Completed
70,2025-08-15 21:15:00,214,Completed
71,2026-04-02 13:36:00,139,Pending
72,2025-03-28 15:40:00,86,Completed
73,2026-03-30 05:51:00,165,Completed
74,2025-10-16 14:06:00,223,Cancelled
75,2026-03-10 22:59:00,338,Pending
76,2026-03-29 15:33:00,272,Pending
77,2025-01-05 01:37:00,200,Completed
78,2025-08-15 06:28:00,407,Completed
79,2026-07-05 20:51:00,256,Completed
80,2025-03-07 08:35:00,473,Pending
81,2025-09-23 09:14:00,34,Pending
82,2026-07-26 14:17:00,96,Completed
83,2026-05-21 00:54:00,180,Pending
84,2025-12-29 13:02:00,455,Pending
85,2026-07-26 04:41:00,4,Completed
86,2025-03-16 02:52:00,484,Completed
87,2026-08-13 01:56:00,97,Completed
88,2026-03-28 16:37:00,435,Completed
89,2025-08-27 05:09:00,336,Completed
90,2026-05-10 18:45:00,100,Completed
91,2026-02-13 07:52:00,401,Completed
92,2025-11-21 16:48:00,180,Pending
93,2025-05-29 00:47:00,319,Completed
94,2025-09-27 14:49:00,496,Completed
95,2026-01-03 03:41:00,279,Pending
96,2026-04-14 01:13:00,74,Completed
97,2026-01-25 19:22:00,167,Completed
98,2026-06-25 16:52:00,488,Completed
99,2025-08-01 05:46:00,39,Completed
100,2026-01-26 21:38:00,333,Pending
101,2026-05-17 16:53:00,484,Cancelled
102,2025-04-13 07:25:00,220,Pending
103,2026-07-27 11:45:00,21,Completed
104,2026-04-24 15:41:00,317,Cancelled
105,2026-07-24 14:57:00,220,Completed
106,2025-03-05 11:50:00,46,Completed
107,2025-06-13 08:42:00,378,Cancelled
108,2025-08-27 09:03:00,302,Cancelled
109,2026-04-20 15:45:00,114,Completed
110,2026-02-26 14:21:00,244,Completed
111,2025-11-03 02:06:00,126,Pending
112,2025-08-24 07:24:00,26,Completed
113,2026-08-17 01:39:00,136,Completed
114,2025-04-15 02:09:00,408,Completed
115,2025-07-07 13:54:00,331,Completed
116,2026-06-03 23:14:00,89,Pending
117,2025-03-15 11:55:00,326,Cancelled
118,2026-03-19 19:36:00,474,Pending
119,2026-03-04 08:51:00,113,Completed
120,2025-07-02 06:36:00,11,Completed
121,2025-05-24 11:49:00,323,Cancelled
122,2025-10-06 10:16:00,70,Completed
123,2026-01-18 07:32:00,43,Completed
124,2026-01-31 10:11:00,28,Pending
125,2025-07-01 18:10:00,224,Completed
126,2025-05-19 23:32:00,68,Pending
127,2026-03-16 14:34:00,39,Pending
128,2025-10-10 12:42:00,66,Completed
129,2025-07-25 19:43:00,303,Pending
130,2026-03-28 03:36:00,358,Cancelled
131,2026-06-11 14:22:00,141,Completed
132,2026-08-02 19:30:00,350,Completed
133,2026-04-05 05:06:00,302,Completed
134,2025-11-19 09:46:00,227,Completed
135,2026-07-16 06:20:00,308,Completed
136,2026-06-07 20:40:00,227,Pending
137,2025-04-30 11:50:00,139,Completed
138,2025-12-21 01:44:00,237,Completed
139,2025-02-04 13:28:00,129,Pending
140,2026-01-24 12:12:00,160,Completed
141,2026-05-22 08:27:00,123,Completed
142,2026-04-22 11:11:00,246,Completed
143,2025-07-24 03:22:00,430,Completed
144,2025-02-14 21:27:00,367,Completed
145,2025-06-10 11:03:00,467,Completed
146,2025-05-04 07:18:00,420,Completed
147,2025-07-13 20:39:00,440,Completed
148,2026-06-18 04:20:00,68,Completed
149,2025-09-05 04:13:00,496,Pending
150,2025-10-29 08:06:00,473,Completed
151,2025-04-14 20:36:00,35,Cancelled
152,2026-01-01 21:42:00,47,Cancelled
153,2025-08-24 07:44:00,327,Completed
154,2026-06-01 21:46:00,302,Completed
155,2025-07-18 16:43:00,396,Cancelled
156,2026-03-22 20:28:00,180,Completed
157,2025-05-24 08:57:00,483,Completed
158,2026-07-13 17:36:00,82,Pending
159,2025-08-01 11:43:00,179,Completed
160,2026-06-23 15:21:00,292,Completed
161,2025-03-14 00:51:00,409,Pending
162,2026-03-08 00:18:00,106,Pending
163,2025-09-27 00:08:00,83,Completed
164,2026-07-13 02:08:00,7,Completed
165,2025-07-20 15:48:00,375,Completed
166,2025-09-16 07:16:00,160,Completed
167,2026-02-21 04:50:00,445,Completed
168,2026-05-09 01:13:00,406,Completed
169,2026-07-06 19:07:00,177,Completed
170,2025-06-05 21:40:00,85,Completed
171,2026-07-05 17:38:00,415,Completed
172,2025-08-25 19:01:00,213,Completed
173,2025-06-04 22:27:00,352,Completed
174,2026-07-03 10:01:00,346,Pending
175,2025-08-07 13:42:00,367,Cancelled
176,2025-04-24 09:17:00,460,Completed
177,2025-03-16 16:14:00,293,Completed
178,2026-04-08 02:19:00,256,Cancelled
179,2025-10-17 10:59:00,273,Completed
180,2025-11-11 13:39:00,149,Pending
181,2025-04-28 05:07:00,250,Completed
182,2025-04-18 05:11:00,444,Completed
183,2026-08-03 11:59:00,223,Completed
184,2026-03-25 20:00:00,296,Cancelled
185,2026-05-01 14:44:00,214,Completed
186,2025-08-01 00:33:00,205,Completed
187,2025-10-01 08:19:00,287,Completed
188,2025-05-02 02:22:00,381,Pending
189,2026-06-22 01:43:00,20,Completed
190,2026-07-06 14:03:00,366,Completed
191,2025-08-19 19:39:00,426,Completed
192,2025-08-11 11:43:00,401,Completed
193,2026-06-07 18:41:00,376,Completed
194,2025-12-25 06:58:00,474,Completed
195,2025-02-02 20:44:00,332,Completed
196,2026-07-14 04:55:00,352,Pending
197,2025-04-07 17:16:00,446,Completed
198,2025-11-03 22:54:00,283,Cancelled
199,2026-06-29 10:31:00,169,Completed
200,2025-03-20 06:06:00,212,Completed
201,2025-03-03 20:37:00,75,Completed
202,2026-02-14 05:55:00,51,Completed
203,2025-10-05 21:45:00,355,Completed
204,2025-04-29 08:24:00,284,Completed
205,2026-04-28 15:45:00,44,Completed
206,2026-03-24 10:34:00,418,Completed
207,2025-04-01 09:53:00,169,Pending
208,2026-06-30 23:48:00,410,Completed
209,2026-05-03 16:02:00,471,Completed
210,2025-06-08 05:32:00,425,Pending
211,2025-03-08 13:22:00,370,Pending
212,2025-03-31 10:12:00,426,Completed
213,2025-10-19 21:38:00,455,Cancelled
214,2025-05-19 02:11:00,482,Pending
215,2025-10-05 19:01:00,213,Cancelled
216,2025-08-14 11:07:00,188,Completed
217,2026-01-17 06:58:00,53,Completed
218,2026-01-18 08:33:00,72,Completed
219,2026-02-28 22:49:00,132,Pending
220,2025-01-20 21:51:00,234,Completed
221,2025-04-04 20:39:00,266,Completed
222,2025-04-07 20:51:00,283,Completed
223,2025-03-20 23:25:00,362,Cancelled
224,2026-08-21 08:18:00,400,Completed
225,2026-05-27 22:42:00,179,Completed
226,2026-05-03 01:54:00,33,Completed
227,2026-01-03 11:51:00,78,Completed
228,2026-01-15 08:00:00,310,Completed
229,2025-08-22 10:52:00,27,Completed
230,2026-04-23 03:29:00,368,Completed
231,2025-08-07 01:55:00,342,Completed
232,2026-06-10 17:45:00,435,Completed
233,2025-12-20 01:05:00,177,Completed
234,2025-03-07 03:50:00,171,Completed
235,2025-01-17 00:22:00,106,Pending
236,2026-02-05 10:35:00,473,Completed
237,2026-07-05 06:00:00,292,Pending
238,2025-09-26 18:49:00,396,Completed
239,2026-01-18 20:10:00,455,Completed
240,2026-07-30 13:46:00,89,Cancelled
241,2026-04-05 14:42:00,390,Pending
242,2025-07-18 15:45:00,101,Completed
243,2026-03-07 20:49:00,361,Completed
244,2026-02-28 07:31:00,169,Completed
245,2025-03-21 05:39:00,389,Completed
246,2025-07-19 16:14:00,137,Completed
247,2026-06-15 06:32:00,383,Completed
248,2026-08-11 19:58:00,138,Completed
249,2026-05-13 09:36:00,235,Completed
250,2026-06-04 11:24:00,268,Completed
251,2025-05-02 22:13:00,197,Completed
252,2026-05-08 03:55:00,211,Pending
253,2025-02-10 13:26:00,55,Pending
254,2026-02-08 11:00:00,270,Completed
255,2025-02-27 08:03:00,217,Completed
256,2025-06-26 03:38:00,466,Completed
257,2025-12-07 22:54:00,127,Completed
258,2025-12-21 12:31:00,441,Completed
259,2026-04-06 06:45:00,17,Cancelled
260,2026-03-07 00:02:00,335,Cancelled
261,2025-05-27 15:51:00,433,Cancelled
262,2026-07-05 19:13:00,490,Completed
263,2026-02-20 20:33:00,33,Pending
264,2026-07-09 02:25:00,126,Completed
265,2026-01-29 16:54:00,346,Completed
266,2026-07-17 20:55:00,355,Cancelled
267,2025-05-30 13:09:00,11,Cancelled
268,2026-01-11 14:42:00,113,Cancelled
269,2025-02-28 14:22:00,265,Completed
270,2025-02-06 07:08:00,113,Completed
271,2025-07-06 09:49:00,447,Completed
272,2026-08-01 15:05:00,2,Completed
273,2025-02-25 16:54:00,462,Cancelled
274,2026-05-22 02:04:00,488,Pending
275,2025-12-10 03:45:00,418,Cancelled
276,2025-11-21 11:31:00,73,Completed
277,2025-07-20 16:01:00,18,Cancelled
278,2025-12-07 04:08:00,267,Completed
279,2026-01-03 04:47:00,311,Completed
280,2026-02-28 05:04:00,261,Cancelled
281,2025-10-25 16:23:00,491,Pending
282,2026-07-23 09:31:00,152,Cancelled
283,2025-03-09 13:59:00,340,Completed
284,2025-06-20 12:50:00,127,Cancelled
285,2025-12-05 19:44:00,177,Completed
286,2026-03-11 07:31:00,23,Cancelled
287,2025-10-17 22:17:00,460,Cancelled
288,2025-05-05 16:37:00,196,Pending
289,2025-01-18 03:51:00,49,Pending
290,2026-07-29 13:26:00,82,Cancelled
291,2025-12-11 01:37:00,240,Completed
292,2025-09-28 17:44:00,167,Pending
293,2025-07-30 02:25:00,266,Completed
294,2026-08-08 06:55:00,361,Completed
295,2025-05-05 07:57:00,262,Cancelled
296,2025-08-11 21:38:00,198,Cancelled
297,2025-01-28 17:33:00,51,Completed
298,2025-10-04 07:06:00,14,Cancelled
299,2026-06-09 21:25:00,125,Cancelled
300,2025-12-08 20:22:00,11,Pending
301,2026-02-01 00:35:00,473,Completed
302,2026-02-16 18:32:00,271,Pending
303,2025-05-25 18:24:00,30,Completed
304,2026-04-05 01:41:00,191,Pending
305,2026-01-02 17:12:00,10,Completed
306,2025-08-25 05:54:00,82,Pending
307,2025-11-08 19:59:00,132,Cancelled
308,2025-06-12 01:20:00,15,Completed
309,2026-02-03 07:02:00,91,Pending
310,2025-09-16 17:20:00,47,Pending
311,2026-07-19 15:50:00,212,Completed
312,2026-05-31 05:46:00,187,Completed
313,2026-07-01 21:17:00,20,Cancelled
314,2025-06-16 15:46:00,15,Completed
315,2025-09-03 09:20:00,476,Pending
316,2025-09-05 16:08:00,257,Cancelled
317,2026-06-04 22:09:00,411,Pending
318,2025-10-14 02:23:00,252,Completed
319,2026-07-17 14:54:00,206,Pending
320,2025-02-21 22:54:00,67,Completed
321,2025-02-27 04:52:00,463,Cancelled
322,2025-12-30 11:56:00,372,Completed
323,2026-06-24 17:25:00,2,Completed
324,2026-01-12 15:11:00,84,Cancelled
325,2026-01-26 06:33:00,170,Pending
326,2025-03-28 15:21:00,415,Completed
327,2025-12-14 06:15:00,237,Completed
328,2025-05-18 16:11:00,318,Completed
329,2026-03-06 06:55:00,31,Completed
330,2026-08-17 05:27:00,57,Pending
331,2026-03-17 02:23:00,232,Completed
332,2026-03-06 11:45:00,279,Pending
333,2026-04-27 00:51:00,312,Completed
334,2025-09-16 04:32:00,402,Cancelled
335,2026-02-11 02:50:00,230,Completed
336,2025-06-16 05:27:00,138,Completed
337,2026-01-31 17:43:00,300,Cancelled
338,2026-02-04 05:02:00,475,Pending
339,2025-03-15 03:34:00,203,Completed
340,2025-02-18 03:14:00,13,Completed
341,2026-06-29 17:35:00,7,Completed
342,2025-08-30 19:00:00,379,Completed
343,2025-05-21 01:29:00,120,Completed
344,2026-06-01 18:06:00,500,Completed
345,2025-06-13 12:47:00,500,Cancelled
346,2026-01-07 07:55:00,137,Pending
347,2025-12-01 21:24:00,367,Completed
348,2025-05-28 11:13:00,306,Pending
349,2025-07-04 07:20:00,280,Completed
350,2026-06-29 12:50:00,159,Pending
351,2026-02-08 12:41:00,463,Pending
352,2025-07-31 06:36:00,331,Pending
353,2026-07-19 08:16:00,124,Pending
354,2025-12-17 03:13:00,22,Cancelled
355,2026-07-03 06:47:00,120,Pending
356,2026-06-08 14:22:00,446,Completed
357,2025-11-12 15:18:00,380,Completed
358,2025-04-18 13:46:00,242,Cancelled
359,2026-03-19 02:54:00,159,Completed
360,2026-03-10 04:42:00,60,Pending
361,2025-12-26 21:32:00,202,Completed
362,2026-06-24 10:37:00,86,Pending
363,2025-07-18 14:01:00,433,Completed
364,2025-09-24 06:58:00,459,Completed
365,2025-05-06 00:21:00,38,Completed
366,2026-05-19 04:27:00,22,Pending
367,2025-12-25 09:15:00,164,Pending
368,2025-03-07 17:11:00,303,Completed
369,2026-02-11 08:31:00,328,Cancelled
370,2025-01-12 07:46:00,100,Completed
371,2025-07-11 10:31:00,171,Completed
372,2026-08-18 22:24:00,385,Cancelled
373,2025-06-15 19:09:00,189,Completed
374,2026-05-10 11:49:00,419,Completed
375,2026-02-21 22:12:00,228,Completed
376,2025-04-23 09:56:00,154,Pending
377,2025-08-03 20:31:00,124,Pending
378,2026-07-29 13:12:00,9,Completed
379,2025-02-07 14:13:00,306,Completed
380,2026-05-18 08:41:00,471,Pending
381,2025-04-19 23:39:00,112,Completed
382,2025-12-05 17:57:00,412,Pending
383,2026-04-21 14:29:00,34,Completed
384,2026-06-08 15:22:00,212,Pending
385,2025-01-15 12:45:00,188,Completed
386,2025-06-11 08:48:00,421,Pending
387,2025-03-21 07:13:00,55,Cancelled
388,2025-02-19 15:09:00,275,Completed
389,2025-01-12 11:20:00,22,Completed
390,2026-08-16 18:47:00,340,Cancelled
391,2025-08-02 06:07:00,401,Completed
392,2026-08-09 06:48:00,277,Completed
393,2025-07-29 11:47:00,321,Completed
394,2025-02-10 15:04:00,366,Completed
395,2025-09-11 13:13:00,269,Completed
396,2025-07-17 11:24:00,395,Completed
397,2025-08-19 03:51:00,50,Completed
398,2026-03-06 23:30:00,106,Completed
399,2025-11-12 08:30:00,122,Pending
400,2025-02-04 05:57:00,82,Pending
401,2025-09-26 00:24:00,24,Completed
402,2026-02-20 05:39:00,489,Pending
403,2026-04-03 01:44:00,260,Pending
404,2025-07-11 01:25:00,236,Completed
405,2026-02-08 02:47:00,291,Pending
406,2025-05-16 19:41:00,232,Completed
407,2025-01-06 06:18:00,321,Completed
408,2026-05-21 02:40:00,256,Completed
409,2025-06-16 06:16:00,62,Completed
410,2025-01-15 08:07:00,297,Pending
411,2025-06-26 05:15:00,319,Cancelled
412,2026-02-25 01:20:00,398,Completed
413,2025-04-23 20:28:00,340,Cancelled
414,2026-05-22 05:19:00,192,Pending
415,2026-06-16 15:28:00,457,Pending
416,2026-01-15 16:32:00,427,Completed
417,2025-08-08 00:26:00,469,Cancelled
418,2025-01-21 18:02:00,361,Completed
419,2025-07-17 10:45:00,447,Completed
420,2025-06-05 04:28:00,86,Cancelled
421,2025-06-28 12:08:00,402,Completed
422,2026-04-18 15:18:00,419,Completed
423,2025-04-12 15:56:00,446,Cancelled
424,2026-01-23 21:50:00,389,Completed
425,2025-04-04 16:22:00,239,Completed
426,2025-09-01 10:30:00,203,Pending
427,2026-07-06 02:24:00,117,Completed
428,2025-04-04 20:18:00,5,Pending
429,2025-12-07 11:50:00,101,Pending
430,2025-05-15 03:39:00,465,Completed
431,2025-01-09 13:01:00,42,Pending
432,2026-04-30 18:32:00,208,Pending
433,2026-03-03 08:08:00,71,Pending
434,2025-05-08 17:34:00,51,Completed
435,2025-11-09 22:14:00,239,Cancelled
436,2026-04-12 09:43:00,181,Cancelled
437,2026-05-31 22:54:00,339,Completed
438,2025-05-05 12:43:00,51,Completed
439,2026-06-29 19:32:00,292,Pending
440,2025-10-27 09:50:00,388,Pending
441,2026-05-10 20:05:00,238,Pending
442,2025-04-25 13:45:00,425,Pending
443,2026-03-19 21:16:00,9,Completed
444,2025-09-30 13:59:00,50,Completed
445,2025-02-23 16:22:00,497,Completed
446,2025-02-19 04:29:00,110,Completed
447,2025-05-12 23:09:00,74,Cancelled
448,2026-05-01 19:49:00,16,Completed
449,2025-05-27 08:12:00,175,Completed
450,2026-01-29 06:52:00,274,Completed
451,2025-08-18 05:39:00,23,Cancelled
452,2025-10-13 01:23:00,324,Pending
453,2026-07-17 19:52:00,306,Completed
454,2025-10-13 13:49:00,252,Completed
455,2025-01-10 23:40:00,246,Pending
456,2025-05-27 19:25:00,25,Pending
457,2025-09-21 11:03:00,103,Pending
458,2026-06-11 01:11:00,405,Cancelled
459,2025-04-17 09:48:00,236,Completed
460,2026-06-11 11:30:00,200,Completed
461,2026-03-31 09:45:00,92,Completed
462,2026-07-29 16:30:00,59,Pending
463,2025-09-10 16:10:00,284,Completed
464,2026-03-16 09:19:00,452,Cancelled
465,2026-02-04 07:51:00,377,Completed
466,2026-06-17 17:13:00,37,Completed
467,2025-07-25 05:55:00,442,Completed
468,2025-03-31 07:35:00,428,Cancelled
469,2026-05-14 20:57:00,176,Cancelled
470,2026-01-18 06:48:00,203,Pending
471,2026-04-23 08:24:00,455,Cancelled
472,2025-01-17 11:03:00,46,Pending
473,2025-01-14 18:43:00,266,Pending
474,2025-06-22 01:56:00,31,Pending
475,2026-06-11 21:20:00,426,Completed
476,2025-10-05 04:08:00,169,Cancelled
477,2026-08-23 05:37:00,41,Cancelled
478,2026-02-16 08:14:00,353,Pending
479,2026-01-23 11:17:00,135,Completed
480,2025-02-18 23:04:00,399,Completed
481,2025-01-15 12:09:00,484,Completed
482,2025-01-02 16:17:00,146,Completed
483,2025-09-28 22:57:00,306,Completed
484,2025-09-21 23:43:00,456,Completed
485,2026-02-25 06:58:00,60,Completed
486,2025-08-14 06:35:00,454,Cancelled
487,2025-05-29 02:23:00,273,Completed
488,2026-06-02 08:58:00,91,Pending
489,2026-01-25 06:41:00,374,Completed
490,2026-06-21 00:29:00,193,Pending
491,2025-04-18 04:35:00,438,Completed
492,2025-09-20 12:41:00,243,Completed
493,2026-02-01 07:40:00,344,Pending
494,2026-06-02 14:29:00,143,Completed
495,2026-06-25 20:46:00,225,Completed
496,2026-01-11 06:44:00,257,Completed
497,2026-07-01 13:29:00,333,Cancelled
498,2025-09-26 11:52:00,111,Pending
499,2025-08-06 14:59:00,491,Cancelled
500,2025-03-16 22:05:00,62,Completed
501,2026-08-03 13:17:00,401,Pending
502,2026-03-22 06:31:00,232,Completed
503,2026-01-01 14:03:00,399,Completed
504,2025-04-15 09:24:00,78,Completed
505,2026-03-04 01:31:00,60,Pending
506,2025-10-05 23:31:00,107,Completed
507,2025-05-24 05:18:00,48,Cancelled
508,2026-02-05 09:02:00,247,Completed
509,2026-01-04 16:50:00,261,Completed
510,2026-05-13 09:25:00,27,Completed
511,2026-07-25 05:34:00,19,Completed
512,2025-07-01 12:50:00,428,Pending
513,2025-03-06 22:14:00,381,Pending
514,2026-04-22 10:12:00,83,Pending
515,2026-05-18 20:15:00,474,Completed
516,2026-04-26 22:57:00,204,Pending
517,2026-02-12 04:36:00,492,Completed
518,2025-07-15 08:32:00,493,Completed
519,2025-06-12 20:01:00,53,Completed
520,2025-01-20 14:48:00,249,Completed
521,2025-09-16 23:45:00,329,Completed
522,2025-01-27 11:55:00,185,Cancelled
523,2025-08-20 14:53:00,98,Pending
524,2025-06-30 22:30:00,150,Pending
525,2025-02-09 20:24:00,124,Pending
526,2026-05-12 18:41:00,43,Completed
527,2025-03-07 15:34:00,257,Pending
528,2026-07-07 11:57:00,484,Pending
529,2026-06-21 12:07:00,444,Completed
530,2025-02-11 15:36:00,10,Completed
531,2026-03-18 13:07:00,118,Completed
532,2026-08-20 23:02:00,369,Completed
533,2026-02-17 06:14:00,407,Completed
534,2025-12-07 23:39:00,115,Pending
535,2025-01-16 12:20:00,289,Completed
536,2025-04-30 03:40:00,436,Completed
537,2026-04-20 05:43:00,52,Completed
538,2025-11-30 10:59:00,407,Pending
539,2026-02-18 18:39:00,106,Completed
540,2026-06-11 16:22:00,391,Completed
541,2025-05-24 12:32:00,264,Completed
542,2026-06-12 18:17:00,352,Pending
543,2026-04-08 01:54:00,213,Cancelled
544,2026-05-04 15:35:00,59,Completed
545,2026-05-15 11:17:00,275,Completed
546,2025-09-03 20:50:00,286,Completed
547,2025-10-18 15:10:00,330,Completed
548,2026-05-25 17:59:00,212,Completed
549,2025-02-19 02:54:00,147,Pending
550,2026-03-20 07:07:00,458,Completed
551,2025-05-21 16:04:00,485,Cancelled
552,2026-01-25 11:21:00,427,Cancelled
553,2025-07-11 00:24:00,75,Completed
554,2026-04-23 14:04:00,424,Completed
555,2026-01-04 07:36:00,279,Pending
556,2026-03-23 14:54:00,455,Pending
557,2025-06-15 22:46:00,391,Pending
558,2026-08-03 20:32:00,459,Cancelled
559,2025-07-29 15:24:00,428,Completed
560,2026-01-21 07:36:00,181,Completed
561,2025-02-22 20:46:00,286,Completed
562,2026-05-18 11:07:00,75,Cancelled
563,2025-03-25 14:15:00,185,Completed
564,2026-07-09 01:37:00,475,Completed
565,2025-10-07 11:24:00,189,Completed
566,2025-03-24 01:13:00,406,Completed
567,2025-09-26 16:51:00,495,Pending
568,2025-07-08 11:28:00,184,Completed
569,2025-05-26 04:53:00,496,Completed
570,2026-07-25 17:48:00,431,Cancelled
571,2025-02-17 21:18:00,317,Completed
572,2026-07-11 22:42:00,353,Pending
573,2026-07-10 20:08:00,466,Completed
574,2025-02-13 17:18:00,84,Cancelled
575,2026-06-23 09:23:00,256,Completed
576,2026-04-08 01:47:00,340,Pending
577,2026-08-11 15:27:00,113,Completed
578,2026-03-15 09:39:00,224,Completed
579,2025-10-28 06:26:00,328,Cancelled
580,2026-03-30 01:42:00,204,Completed
581,2025-06-08 19:08:00,292,Completed
582,2026-03-07 10:23:00,256,Cancelled
583,2026-03-19 15:22:00,403,Completed
584,2026-04-27 12:18:00,144,Completed
585,2025-01-08 16:50:00,415,Completed
586,2025-03-13 05:07:00,23,Pending
587,2026-05-03 07:06:00,33,Completed
588,2026-03-21 09:03:00,155,Completed
589,2025-11-06 13:45:00,122,Completed
590,2025-04-03 12:44:00,129,Cancelled
591,2026-05-29 14:18:00,343,Pending
592,2026-06-18 15:01:00,267,Cancelled
593,2025-05-26 22:24:00,477,Pending
594,2025-12-11 04:54:00,325,Cancelled
595,2025-03-07 05:42:00,451,Completed
596,2025-05-12 21:50:00,182,Pending
597,2026-01-28 14:49:00,144,Completed
598,2025-09-13 12:09:00,173,Completed
599,2025-10-09 05:56:00,311,Completed
600,2025-11-25 02:00:00,431,Completed
601,2025-03-20 07:07:00,335,Pending
602,2026-01-29 05:12:00,311,Pending
603,2026-03-09 19:29:00,309,Completed
604,2025-02-06 15:33:00,459,Completed
605,2025-02-27 04:48:00,238,Completed
606,2025-01-27 22:57:00,14,Completed
607,2025-02-19 19:39:00,175,Pending
608,2026-03-27 19:39:00,1,Pending
609,2026-02-21 11:29:00,55,Completed
610,2025-02-05 08:48:00,385,Cancelled
611,2025-06-11 05:16:00,450,Pending
612,2025-08-23 13:19:00,319,Cancelled
613,2026-02-27 19:35:00,6,Pending
614,2026-02-24 05:07:00,264,Completed
615,2026-07-17 07:55:00,238,Completed
616,2025-06-24 02:21:00,185,Pending
617,2025-08-17 07:32:00,328,Completed
618,2025-11-24 21:41:00,39,Completed
619,2025-02-06 21:40:00,478,Completed
620,2025-05-14 20:47:00,159,Completed
621,2025-08-26 02:43:00,359,Completed
622,2025-10-31 11:24:00,185,Completed
623,2026-06-10 04:49:00,459,Pending
624,2025-01-25 16:33:00,30,Completed
625,2025-07-10 14:25:00,243,Completed
626,2025-03-02 07:51:00,280,Cancelled
627,2026-01-06 18:10:00,269,Pending
628,2025-07-27 19:04:00,132,Completed
629,2026-03-15 05:23:00,344,Completed
630,2026-04-20 22:21:00,109,Pending
631,2025-12-29 05:17:00,110,Completed
632,2025-12-12 17:58:00,417,Pending
633,2025-09-06 02:43:00,33,Completed
634,2025-12-02 13:45:00,77,Cancelled
635,2026-08-16 16:46:00,192,Completed
636,2025-09-29 04:40:00,37,Completed
637,2026-04-19 07:23:00,151,Completed
638,2026-02-19 16:23:00,254,Completed
639,2025-08-26 16:29:00,466,Pending
640,2025-10-26 10:49:00,387,Pending
641,2025-06-11 02:28:00,68,Completed
642,2026-05-14 03:23:00,204,Pending
643,2025-12-28 22:39:00,67,Completed
644,2025-05-25 10:55:00,307,Pending
645,2025-05-09 10:17:00,354,Pending
646,2026-07-07 16:57:00,98,Completed
647,2025-12-20 03:18:00,238,Completed
648,2025-04-18 08:20:00,269,Pending
649,2026-01-27 02:32:00,6,Pending
650,2025-09-06 04:22:00,83,Completed
651,2026-02-23 14:50:00,13,Pending
652,2026-07-04 11:57:00,495,Completed
653,2026-04-24 03:13:00,231,Completed
654,2026-03-06 11:35:00,104,Pending
655,2025-10-11 18:49:00,197,Cancelled
656,2025-06-23 01:49:00,75,Completed
657,2025-07-25 13:03:00,319,Pending
658,2025-04-17 22:49:00,69,Completed
659,2026-06-08 11:33:00,57,Completed
660,2025-03-07 00:34:00,484,Completed
661,2025-11-07 03:49:00,39,Completed
662,2025-11-15 02:41:00,157,Completed
663,2026-01-25 21:29:00,329,Pending
664,2026-01-04 20:33:00,256,Pending
665,2026-02-13 16:55:00,162,Completed
666,2025-12-06 23:13:00,27,Completed
667,2025-03-02 20:24:00,134,Completed
668,2026-08-01 01:16:00,253,Cancelled
669,2026-04-06 01:58:00,62,Completed
670,2026-04-22 19:16:00,317,Completed
671,2025-08-05 09:02:00,401,Cancelled
672,2025-05-04 06:48:00,18,Pending
673,2025-10-25 22:18:00,80,Completed
674,2026-06-20 23:59:00,64,Completed
675,2026-07-06 02:20:00,159,Completed
676,2026-07-11 19:03:00,331,Completed
677,2025-03-15 13:40:00,188,Completed
678,2025-08-13 20:17:00,217,Completed
679,2025-09-11 22:55:00,361,Completed
680,2026-06-15 22:27:00,352,Completed
681,2025-01-18 22:44:00,481,Cancelled
682,2025-03-25 05:10:00,212,Completed
683,2025-06-12 22:21:00,491,Completed
684,2025-08-12 04:44:00,168,Pending
685,2025-07-15 16:03:00,46,Pending
686,2025-04-18 12:34:00,390,Completed
687,2026-02-15 05:01:00,89,Completed
688,2025-08-20 09:26:00,14,Pending
689,2025-01-22 17:50:00,411,Pending
690,2025-04-23 12:53:00,373,Completed
691,2025-01-28 13:26:00,494,Cancelled
692,2025-01-29 10:02:00,405,Cancelled
693,2025-08-19 04:03:00,464,Completed
694,2026-05-29 04:13:00,320,Completed
695,2026-03-16 21:33:00,201,Cancelled
696,2025-12-14 18:12:00,1,Completed
697,2026-06-19 23:16:00,395,Cancelled
698,2025-10-03 13:40:00,28,Completed
699,2026-01-07 03:41:00,353,Completed
700,2025-06-16 18:33:00,323,Completed
701,2025-01-07 13:29:00,454,Pending
702,2025-03-02 23:25:00,494,Pending
703,2025-08-06 17:37:00,203,Completed
704,2025-05-15 22:20:00,286,Completed
705,2025-12-30 19:17:00,425,Completed
706,2025-09-27 11:19:00,185,Completed
707,2026-04-23 01:26:00,180,Completed
708,2025-09-01 05:17:00,419,Pending
709,2025-07-26 02:32:00,218,Pending
710,2025-06-16 02:05:00,348,Pending
711,2025-08-18 09:11:00,461,Pending
712,2025-08-29 10:12:00,233,Pending
713,2025-07-22 07:43:00,121,Completed
714,2025-04-30 08:18:00,285,Completed
715,2026-07-24 10:54:00,281,Completed
716,2026-07-24 12:17:00,207,Pending
717,2025-08-24 04:44:00,456,Pending
718,2025-12-10 10:43:00,370,Cancelled
719,2026-01-11 05:24:00,466,Pending
720,2025-12-12 01:12:00,34,Completed
721,2025-06-10 13:54:00,329,Cancelled
722,2025-07-19 23:49:00,360,Completed
723,2026-05-22 21:49:00,301,Completed
724,2025-02-09 11:30:00,13,Completed
725,2025-06-06 18:34:00,55,Completed
726,2025-04-14 07:21:00,38,Completed
727,2025-03-12 04:29:00,355,Completed
728,2025-05-08 06:29:00,97,Cancelled
729,2025-04-29 20:56:00,10,Pending
730,2025-05-04 03:46:00,377,Completed
731,2025-09-13 21:12:00,273,Completed
732,2025-05-19 06:46:00,190,Completed
733,2026-01-13 10:37:00,198,Pending
734,2025-06-08 03:32:00,401,Cancelled
735,2026-08-15 16:17:00,365,Completed
736,2025-10-31 05:59:00,399,Completed
737,2026-06-29 14:23:00,301,Completed
738,2026-03-21 02:04:00,328,Completed
739,2025-05-12 07:58:00,62,Cancelled
740,2026-06-03 17:56:00,223,Pending
741,2026-08-13 11:23:00,173,Completed
742,2026-04-19 18:17:00,492,Cancelled
743,2025-02-08 20:21:00,118,Completed
744,2026-08-03 02:16:00,403,Pending
745,2025-05-26 09:44:00,344,Pending
746,2025-05-18 12:55:00,186,Completed
747,2025-07-04 04:55:00,166,Cancelled
748,2026-06-01 16:52:00,367,Completed
749,2026-04-05 16:21:00,71,Completed
750,2026-08-06 06:20:00,35,Pending
751,2025-04-17 18:29:00,381,Cancelled
752,2025-01-14 22:05:00,90,Completed
753,2025-02-04 04:15:00,304,Completed
754,2025-09-24 16:32:00,142,Completed
755,2026-05-07 19:44:00,436,Completed
756,2026-01-02 11:50:00,36,Pending
757,2025-02-09 00:22:00,10,Pending
758,2025-01-24 14:19:00,480,Completed
759,2026-07-03 02:46:00,209,Completed
760,2026-01-23 23:24:00,46,Cancelled
761,2025-09-17 03:30:00,265,Completed
762,2025-08-01 23:51:00,416,Pending
763,2025-09-03 00:15:00,292,Completed
764,2026-04-15 06:00:00,114,Completed
765,2026-06-25 20:52:00,379,Completed
766,2025-02-08 03:55:00,1,Pending
767,2025-12-31 21:48:00,178,Pending
768,2025-01-23 08:04:00,493,Cancelled
769,2026-08-10 03:15:00,267,Completed
770,2025-05-22 21:12:00,84,Pending
771,2026-05-20 08:24:00,449,Completed
772,2025-08-29 18:19:00,236,Completed
773,2025-11-27 10:00:00,154,Pending
774,2025-06-08 19:11:00,421,Cancelled
775,2025-12-13 06:24:00,154,Completed
776,2025-08-29 03:39:00,111,Cancelled
777,2026-01-19 12:56:00,427,Completed
778,2026-06-14 08:04:00,343,Pending
779,2026-03-18 14:02:00,381,Pending
780,2025-09-25 11:27:00,120,Pending
781,2025-03-13 03:14:00,446,Completed
782,2025-02-11 00:22:00,189,Completed
783,2026-08-06 15:40:00,406,Cancelled
784,2026-05-07 02:11:00,72,Completed
785,2025-08-30 18:41:00,133,Completed
786,2025-05-06 14:21:00,175,Completed
787,2026-01-07 04:00:00,126,Completed
788,2025-01-15 16:04:00,159,Pending
789,2026-04-02 13:45:00,332,Pending
790,2026-02-10 20:09:00,433,Completed
791,2025-04-13 12:15:00,85,Pending
792,2025-03-06 06:06:00,123,Cancelled
793,2026-08-17 10:53:00,406,Completed
794,2025-05-31 13:15:00,213,Pending
795,2025-02-23 09:50:00,107,Pending
796,2026-06-26 00:58:00,230,Completed
797,2025-04-05 09:39:00,245,Completed
798,2025-01-26 22:46:00,250,Pending
799,2026-07-09 07:02:00,347,Pending
800,2026-04-09 08:43:00,89,Pending
801,2025-05-06 05:28:00,169,Completed
802,2025-02-07 15:59:00,163,Pending
803,2025-07-12 17:02:00,54,Completed
804,2025-06-28 00:59:00,316,Completed
805,2025-04-18 08:40:00,338,Completed
806,2025-01-28 12:11:00,5,Pending
807,2025-02-16 04:22:00,283,Completed
808,2026-03-25 12:20:00,343,Completed
809,2025-01-31 01:28:00,410,Completed
810,2025-10-06 03:54:00,17,Completed
811,2025-06-09 07:30:00,178,Completed
812,2025-01-10 22:52:00,251,Pending
813,2025-06-23 13:44:00,311,Completed
814,2026-02-24 21:18:00,296,Completed
815,2026-04-15 18:53:00,193,Pending
816,2025-06-20 20:06:00,251,Completed
817,2025-07-28 21:07:00,212,Completed
818,2025-05-07 20:51:00,402,Completed
819,2026-01-01 14:53:00,21,Completed
820,2025-11-28 13:36:00,196,Completed
821,2026-07-14 03:13:00,175,Completed
822,2025-11-06 13:13:00,115,Completed
823,2026-06-21 09:34:00,82,Completed
824,2026-01-10 10:08:00,474,Pending
825,2025-12-19 16:21:00,196,Pending
826,2025-07-26 21:45:00,11,Completed
827,2025-03-05 08:49:00,103,Completed
828,2025-09-26 05:13:00,282,Completed
829,2026-07-24 08:32:00,210,Cancelled
830,2026-05-27 22:42:00,493,Completed
831,2025-12-23 05:22:00,266,Completed
832,2025-09-21 02:53:00,350,Completed
833,2026-08-19 09:34:00,80,Cancelled
834,2026-04-25 10:38:00,374,Cancelled
835,2025-07-30 11:45:00,458,Completed
836,2026-08-17 04:28:00,69,Completed
837,2026-08-04 06:19:00,489,Pending
838,2025-11-14 09:35:00,426,Completed
839,2025-07-08 02:10:00,266,Completed
840,2025-01-08 10:27:00,286,Completed
841,2026-02-06 07:10:00,361,Completed
842,2026-07-08 13:30:00,438,Completed
843,2025-02-05 14:12:00,352,Completed
844,2025-06-19 16:44:00,242,Pending
845,2026-08-23 13:45:00,56,Pending
846,2025-03-30 02:38:00,427,Completed
847,2026-02-03 04:28:00,229,Completed
848,2026-07-22 19:40:00,429,Pending
849,2026-05-04 08:11:00,153,Cancelled
850,2026-03-08 05:00:00,421,Completed
851,2026-02-12 20:59:00,424,Completed
852,2025-11-24 00:12:00,221,Completed
853,2025-03-22 11:38:00,341,Pending
854,2025-08-08 08:42:00,330,Cancelled
855,2026-03-19 03:50:00,417,Pending
856,2026-07-05 16:28:00,18,Pending
857,2025-05-24 12:53:00,172,Completed
858,2025-12-08 13:06:00,243,Pending
859,2025-09-26 02:25:00,264,Completed
860,2025-12-31 12:02:00,371,Completed
861,2025-11-12 17:32:00,151,Pending
862,2026-02-24 07:45:00,409,Completed
863,2025-04-25 03:30:00,170,Pending
864,2025-09-27 10:22:00,385,Completed
865,2025-12-01 03:43:00,228,Pending
866,2025-12-16 16:11:00,290,Completed
867,2025-02-15 12:03:00,400,Completed
868,2025-07-29 03:28:00,175,Completed
869,2026-03-05 05:10:00,108,Completed
870,2025-07-17 06:54:00,444,Pending
871,2026-04-24 04:39:00,122,Pending
872,2025-05-31 07:17:00,150,Pending
873,2025-12-16 14:08:00,220,Completed
874,2025-11-03 16:11:00,363,Completed
875,2025-06-17 03:44:00,182,Cancelled
876,2025-08-04 05:05:00,136,Cancelled
877,2026-07-15 11:09:00,109,Completed
878,2026-08-06 13:57:00,42,Completed
879,2026-05-03 10:00:00,401,Completed
880,2025-12-13 18:16:00,147,Cancelled
881,2026-05-21 09:11:00,102,Pending
882,2025-08-22 07:54:00,373,Completed
883,2026-06-11 20:39:00,465,Completed
884,2026-03-09 10:54:00,259,Pending
885,2025-09-09 20:46:00,408,Pending
886,2025-04-02 09:01:00,376,Completed
887,2026-04-06 17:01:00,14,Completed
888,2025-02-16 22:43:00,235,Cancelled
889,2025-04-22 20:52:00,6,Completed
890,2025-03-08 20:59:00,459,Pending
891,2025-10-02 04:58:00,294,Completed
892,2026-03-07 10:31:00,185,Completed
893,2026-05-13 18:49:00,424,Completed
894,2025-03-20 17:25:00,60,Completed
895,2026-04-27 04:49:00,326,Pending
896,2025-05-27 16:19:00,76,Completed
897,2025-07-08 03:48:00,406,Pending
898,2025-03-22 16:22:00,337,Cancelled
899,2026-02-08 11:50:00,92,Pending
900,2026-02-23 04:22:00,485,Completed
901,2025-09-01 08:08:00,465,Pending
902,2025-10-03 05:13:00,454,Pending
903,2026-08-08 01:20:00,14,Completed
904,2025-06-23 22:00:00,191,Completed
905,2025-10-25 22:32:00,301,Completed
906,2025-11-27 02:48:00,3,Pending
907,2026-06-20 06:06:00,238,Cancelled
908,2026-07-20 08:29:00,23,Completed
909,2026-02-23 13:13:00,276,Completed
910,2026-02-23 13:42:00,95,Cancelled
911,2026-07-20 08:14:00,211,Pending
912,2026-04-21 04:57:00,287,Completed
913,2025-06-18 18:16:00,499,Completed
914,2025-07-02 03:03:00,132,Completed
915,2026-07-27 13:59:00,71,Completed
916,2026-04-20 02:19:00,438,Completed
917,2025-04-18 08:29:00,257,Completed
918,2025-03-31 03:21:00,22,Cancelled
919,2026-04-04 23:55:00,116,Completed
920,2025-05-06 23:22:00,406,Completed
921,2026-05-16 02:50:00,402,Completed
922,2026-01-08 02:44:00,328,Cancelled
923,2026-05-11 20:38:00,404,Completed
924,2025-04-11 03:05:00,482,Completed
925,2025-12-02 02:53:00,497,Cancelled
926,2025-02-17 17:46:00,119,Completed
927,2026-04-07 12:11:00,176,Pending
928,2025-03-30 21:47:00,122,Pending
929,2025-11-04 16:59:00,500,Completed
930,2026-03-13 00:39:00,7,Pending
931,2025-06-11 11:31:00,283,Pending
932,2025-01-05 06:09:00,249,Completed
933,2026-05-11 01:14:00,175,Completed
934,2025-07-25 18:55:00,265,Completed
935,2025-11-28 00:00:00,66,Completed
936,2026-03-17 13:31:00,331,Completed
937,2026-05-31 02:14:00,482,Completed
938,2025-06-04 21:25:00,260,Completed
939,2025-07-26 23:10:00,90,Pending
940,2025-12-25 19:47:00,457,Completed
941,2026-03-21 13:36:00,23,Cancelled
942,2025-10-10 06:30:00,106,Cancelled
943,2026-05-01 05:46:00,344,Completed
944,2025-12-31 12:19:00,57,Completed
945,2026-06-17 23:19:00,197,Completed
946,2026-06-27 05:44:00,115,Completed
947,2025-12-22 15:49:00,130,Completed
948,2026-03-25 10:28:00,69,Completed
949,2026-04-19 08:42:00,403,Cancelled
950,2025-06-13 07:02:00,35,Completed
951,2026-06-27 08:53:00,465,Cancelled
952,2025-01-15 06:32:00,355,Completed
953,2026-07-27 11:49:00,144,Completed
954,2026-04-05 00:59:00,455,Pending
955,2025-06-12 11:35:00,38,Completed
956,2025-11-12 23:45:00,249,Pending
957,2025-01-28 20:33:00,110,Cancelled
958,2026-03-28 16:16:00,64,Completed
959,2026-08-17 12:35:00,19,Completed
960,2026-04-07 21:09:00,312,Pending
961,2025-09-13 12:29:00,381,Completed
962,2025-11-11 01:25:00,5,Pending
963,2025-03-26 01:19:00,159,Completed
964,2025-05-19 09:48:00,178,Completed
965,2026-03-05 09:06:00,48,Completed
966,2025-07-19 16:42:00,464,Completed
967,2026-04-30 23:08:00,323,Completed
968,2025-10-25 10:34:00,276,Completed
969,2026-03-20 11:15:00,131,Completed
970,2025-12-07 00:43:00,371,Completed
971,2025-05-26 01:07:00,406,Cancelled
972,2025-12-04 19:23:00,28,Pending
973,2026-01-25 16:46:00,484,Cancelled
974,2025-05-23 00:44:00,75,Pending
975,2026-08-04 12:45:00,335,Completed
976,2025-09-29 21:34:00,162,Completed
977,2025-04-27 04:56:00,364,Completed
978,2026-07-23 07:46:00,342,Pending
979,2025-09-01 13:48:00,55,Pending
980,2025-08-01 02:59:00,37,Completed
981,2025-11-13 22:33:00,310,Pending
982,2025-02-02 12:43:00,123,Cancelled
983,2025-03-10 12:06:00,451,Completed
984,2025-04-04 20:10:00,298,Pending
985,2025-09-13 07:37:00,40,Completed
986,2025-11-21 15:30:00,409,Completed
987,2026-03-18 17:53:00,356,Completed
988,2026-06-18 21:23:00,484,Completed
989,2025-02-28 23:50:00,413,Completed
990,2025-11-28 20:16:00,412,Completed
991,2026-08-09 19:11:00,24,Completed
992,2026-01-06 17:21:00,35,Completed
993,2026-01-01 04:39:00,418,Completed
994,2025-08-01 07:37:00,406,Cancelled
995,2025-07-05 05:18:00,368,Pending
996,2026-06-07 01:03:00,408,Cancelled
997,2026-01-26 23:55:00,163,Completed
998,2025-07-05 23:30:00,461,Completed
999,2025-06-23 20:58:00,321,Completed
1000,2025-04-21 13:35:00,184,Pending
1001,2026-04-29 21:12:00,311,Cancelled
1002,2025-05-01 06:44:00,80,Pending
1003,2025-06-15 16:52:00,21,Pending
1004,2026-06-03 21:47:00,337,Cancelled
1005,2025-10-28 05:59:00,218,Pending
1006,2025-07-08 23:53:00,306,Pending
1007,2026-04-14 13:06:00,135,Completed
1008,2025-10-09 18:21:00,82,Pending
1009,2025-03-04 22:26:00,444,Pending
1010,2025-10-09 12:07:00,366,Cancelled
1011,2025-04-08 01:08:00,41,Completed
1012,2026-08-24 00:45:00,300,Cancelled
1013,2025-07-13 07:53:00,447,Completed
1014,2025-11-03 08:53:00,411,Pending
1015,2025-11-21 04:17:00,262,Completed
1016,2025-07-27 10:28:00,51,Completed
1017,2026-04-12 04:38:00,151,Cancelled
1018,2025-02-27 13:31:00,271,Pending
1019,2025-02-19 06:19:00,401,Completed
1020,2025-07-02 02:31:00,206,Completed
1021,2025-10-15 16:32:00,435,Completed
1022,2025-05-09 17:28:00,275,Pending
1023,2025-07-16 19:55:00,58,Pending
1024,2025-07-19 12:42:00,448,Completed
1025,2025-08-24 23:19:00,451,Pending
1026,2025-08-07 10:48:00,84,Completed
1027,2025-03-24 01:08:00,76,Pending
1028,2025-11-03 19:56:00,317,Completed
1029,2025-08-07 05:43:00,221,Completed
1030,2025-10-07 21:32:00,215,Pending
1031,2025-06-09 06:35:00,333,Completed
1032,2025-06-06 04:00:00,135,Completed
1033,2026-05-25 00:36:00,404,Completed
1034,2025-04-20 18:48:00,287,Completed
1035,2026-07-20 22:25:00,166,Completed
1036,2026-02-24 22:49:00,129,Completed
1037,2025-10-11 12:38:00,309,Completed
1038,2025-09-21 11:43:00,360,Completed
1039,2025-12-11 00:52:00,497,Cancelled
1040,2025-04-08 00:54:00,365,Pending
1041,2025-01-28 20:35:00,441,Pending
1042,2025-12-03 14:28:00,396,Pending
1043,2026-07-24 08:10:00,500,Cancelled
1044,2025-02-02 21:03:00,386,Completed
1045,2025-04-19 20:53:00,454,Completed
1046,2026-01-07 03:13:00,339,Completed
1047,2026-05-09 16:45:00,225,Pending
1048,2025-04-08 14:28:00,359,Pending
1049,2026-05-17 00:50:00,245,Cancelled
1050,2025-10-18 07:54:00,169,Completed
1051,2025-02-15 02:03:00,120,Pending
1052,2026-06-05 05:38:00,8,Pending
1053,2026-06-29 04:29:00,433,Pending
1054,2025-07-08 23:41:00,369,Completed
1055,2026-07-25 15:16:00,305,Cancelled
1056,2026-08-05 13:49:00,465,Pending
1057,2026-01-18 09:29:00,72,Cancelled
1058,2026-07-16 08:53:00,330,Completed
1059,2026-01-24 15:37:00,88,Pending
1060,2026-03-18 02:55:00,119,Pending
1061,2026-01-22 01:30:00,5,Cancelled
1062,2025-01-20 19:52:00,83,Pending
1063,2025-10-10 06:38:00,110,Completed
1064,2025-07-29 18:50:00,148,Completed
1065,2025-01-25 13:54:00,81,Completed
1066,2026-08-06 07:27:00,76,Completed
1067,2025-05-03 11:28:00,60,Pending
1068,2026-07-14 07:25:00,181,Pending
1069,2025-10-29 02:10:00,269,Completed
1070,2025-12-28 10:50:00,212,Pending
1071,2025-07-04 03:57:00,211,Completed
1072,2025-12-22 21:01:00,303,Cancelled
1073,2025-01-14 16:51:00,270,Completed
1074,2025-07-05 23:25:00,75,Completed
1075,2025-07-10 08:10:00,24,Pending
1076,2026-04-17 20:38:00,59,Completed
1077,2025-01-20 20:34:00,198,Completed
1078,2026-04-10 07:24:00,385,Completed
1079,2025-03-02 17:45:00,424,Pending
1080,2026-05-26 22:57:00,335,Completed
1081,2025-05-22 20:21:00,451,Completed
1082,2025-06-03 12:50:00,316,Completed
1083,2025-09-23 11:56:00,423,Cancelled
1084,2025-12-06 16:06:00,378,Pending
1085,2025-07-08 13:51:00,169,Cancelled
1086,2026-06-24 06:55:00,341,Completed
1087,2025-11-30 07:51:00,161,Completed
1088,2025-01-12 01:45:00,180,Cancelled
1089,2025-08-05 05:26:00,140,Completed
1090,2025-03-20 14:28:00,357,Completed
1091,2026-07-03 16:46:00,464,Completed
1092,2026-08-12 13:48:00,292,Completed
1093,2025-01-07 03:31:00,34,Pending
1094,2025-05-17 18:21:00,479,Completed
1095,2026-02-08 09:22:00,301,Pending
1096,2025-11-22 19:49:00,249,Pending
1097,2025-12-03 02:39:00,455,Completed
1098,2025-01-16 12:56:00,325,Pending
1099,2026-06-01 00:48:00,180,Completed
1100,2026-08-03 09:36:00,207,Pending
1101,2025-02-16 11:04:00,248,Cancelled
1102,2026-07-03 05:02:00,83,Completed
1103,2026-03-22 08:04:00,54,Pending
1104,2026-06-22 06:46:00,317,Cancelled
1105,2026-05-11 02:06:00,217,Pending
1106,2025-08-05 08:35:00,480,Pending
1107,2026-01-11 06:43:00,341,Completed
1108,2025-11-19 13:00:00,197,Completed
1109,2026-01-02 15:15:00,81,Pending
1110,2026-02-27 03:09:00,431,Cancelled
1111,2025-09-06 13:34:00,363,Completed
1112,2026-08-03 00:20:00,295,Completed
1113,2026-08-14 20:19:00,2,Pending
1114,2026-06-05 04:05:00,118,Pending
1115,2025-09-05 08:15:00,242,Completed
1116,2025-12-25 15:28:00,491,Completed
1117,2025-08-07 19:26:00,28,Cancelled
1118,2025-05-20 02:59:00,152,Completed
1119,2025-04-07 10:25:00,251,Completed
1120,2025-05-31 00:55:00,199,Pending
1121,2026-08-17 08:22:00,101,Pending
1122,2025-11-26 13:30:00,354,Cancelled
1123,2025-01-07 23:03:00,265,Completed
1124,2026-05-30 17:20:00,139,Completed
1125,2026-04-23 21:04:00,120,Pending
1126,2026-04-16 11:14:00,335,Completed
1127,2025-09-15 14:16:00,439,Completed
1128,2026-02-13 20:04:00,499,Completed
1129,2025-07-05 16:47:00,434,Completed
1130,2025-01-29 08:36:00,213,Completed
1131,2026-02-02 04:07:00,308,Completed
1132,2025-11-25 11:40:00,192,Pending
1133,2025-10-03 01:31:00,263,Completed
1134,2026-05-02 08:50:00,262,Cancelled
1135,2025-04-07 06:16:00,287,Cancelled
1136,2026-01-04 15:20:00,275,Pending
1137,2025-11-13 14:51:00,439,Cancelled
1138,2025-10-23 00:06:00,42,Completed
1139,2025-01-30 19:41:00,38,Completed
1140,2025-09-06 13:38:00,351,Pending
1141,2025-02-24 22:02:00,148,Completed
1142,2026-06-07 12:45:00,387,Completed
1143,2025-07-04 15:46:00,56,Completed
1144,2025-10-26 07:31:00,439,Pending
1145,2025-08-25 13:42:00,362,Pending
1146,2025-01-09 13:06:00,422,Completed
1147,2025-09-01 18:43:00,381,Completed
1148,2026-04-05 14:38:00,57,Pending
1149,2025-07-07 19:24:00,285,Completed
1150,2026-04-24 06:51:00,209,Pending
1151,2026-04-03 16:04:00,312,Pending
1152,2025-02-10 03:25:00,81,Completed
1153,2025-07-14 05:48:00,430,Completed
1154,2025-09-01 06:12:00,494,Completed
1155,2025-07-05 21:53:00,136,Cancelled
1156,2025-07-11 11:46:00,103,Completed
1157,2025-07-28 19:40:00,463,Pending
1158,2026-05-26 09:49:00,494,Cancelled
1159,2026-03-03 21:13:00,145,Pending
1160,2026-05-01 09:18:00,103,Completed
1161,2026-03-01 14:28:00,312,Completed
1162,2026-04-27 02:39:00,366,Pending
1163,2025-12-15 19:38:00,436,Completed
1164,2025-06-06 12:10:00,307,Completed
1165,2026-06-27 07:42:00,13,Completed
1166,2025-01-12 07:22:00,32,Pending
1167,2025-11-15 03:52:00,436,Cancelled
1168,2025-01-20 12:21:00,316,Pending
1169,2025-03-12 09:12:00,144,Completed
1170,2025-03-20 21:56:00,350,Pending
1171,2025-09-25 18:18:00,134,Completed
1172,2026-08-04 18:20:00,214,Completed
1173,2026-02-23 06:01:00,269,Completed
1174,2025-12-24 18:49:00,400,Pending
1175,2025-11-02 01:47:00,193,Completed
1176,2025-03-13 22:31:00,357,Cancelled
1177,2026-07-13 11:17:00,396,Pending
1178,2026-06-08 00:22:00,133,Cancelled
1179,2025-10-11 05:29:00,83,Cancelled
1180,2025-06-08 03:45:00,133,Completed
1181,2025-11-24 16:53:00,500,Pending
1182,2025-08-16 10:51:00,402,Cancelled
1183,2026-04-27 15:05:00,266,Completed
1184,2026-03-23 10:06:00,398,Completed
1185,2025-06-27 21:03:00,98,Completed
1186,2025-01-18 09:25:00,467,Completed
1187,2026-08-17 20:01:00,15,Completed
1188,2026-03-11 18:05:00,335,Completed
1189,2026-07-02 16:10:00,393,Completed
1190,2026-08-06 21:35:00,411,Completed
1191,2025-11-07 11:15:00,292,Completed
1192,2026-02-23 14:23:00,26,Pending
1193,2025-05-25 20:12:00,286,Pending
1194,2026-05-13 05:31:00,135,Completed
1195,2025-05-23 21:56:00,393,Cancelled
1196,2026-04-05 22:15:00,182,Completed
1197,2026-06-03 17:20:00,441,Pending
1198,2025-02-28 05:41:00,141,Pending
1199,2026-01-20 19:05:00,19,Completed
1200,2025-01-22 13:07:00,411,Completed
1201,2025-06-07 10:11:00,99,Completed
1202,2025-02-07 16:38:00,249,Completed
1203,2025-02-23 14:10:00,169,Completed
1204,2025-09-12 11:37:00,417,Pending
1205,2025-08-05 17:29:00,379,Completed
1206,2025-08-31 06:18:00,371,Pending
1207,2025-04-02 04:54:00,339,Completed
1208,2025-04-21 02:22:00,383,Pending
1209,2025-01-16 10:18:00,437,Completed
1210,2026-04-26 04:19:00,421,Completed
1211,2025-11-01 12:25:00,213,Completed
1212,2025-05-16 15:53:00,397,Completed
1213,2026-06-22 10:08:00,10,Completed
1214,2026-06-06 01:47:00,405,Pending
1215,2025-01-25 18:42:00,15,Completed
1216,2026-05-19 19:22:00,116,Completed
1217,2025-04-18 00:32:00,491,Completed
1218,2026-01-19 11:54:00,135,Completed
1219,2026-04-07 13:39:00,40,Completed
1220,2025-01-25 02:03:00,431,Completed
1221,2025-03-29 12:48:00,91,Completed
1222,2025-01-07 05:03:00,279,Completed
1223,2025-04-10 19:43:00,343,Pending
1224,2025-05-06 05:17:00,65,Completed
1225,2026-02-15 03:51:00,347,Completed
1226,2026-06-16 06:38:00,108,Pending
1227,2026-04-03 11:11:00,35,Completed
1228,2025-09-02 19:49:00,416,Completed
1229,2025-02-21 23:56:00,485,Cancelled
1230,2025-12-26 15:03:00,183,Completed
1231,2025-11-17 17:17:00,217,Pending
1232,2026-03-26 23:46:00,305,Completed
1233,2025-06-24 00:09:00,44,Cancelled
1234,2025-05-19 21:24:00,112,Pending
1235,2026-03-06 17:50:00,51,Completed
1236,2026-05-18 19:58:00,170,Completed
1237,2026-04-11 01:50:00,310,Pending
1238,2025-04-21 19:03:00,428,Completed
1239,2025-02-26 09:10:00,470,Pending
1240,2025-03-09 09:56:00,248,Pending
1241,2026-05-13 04:08:00,39,Completed
1242,2025-06-24 07:08:00,54,Pending
1243,2025-11-29 12:34:00,337,Completed
1244,2026-04-19 06:55:00,366,Pending
1245,2026-03-28 22:02:00,94,Completed
1246,2025-02-18 19:12:00,311,Completed
1247,2026-04-29 03:09:00,414,Completed
1248,2025-11-26 22:48:00,7,Completed
1249,2026-01-04 05:07:00,116,Completed
1250,2026-06-30 05:18:00,454,Pending
1251,2025-12-04 17:41:00,272,Completed
1252,2025-12-01 01:21:00,281,Completed
1253,2025-06-16 04:26:00,401,Completed
1254,2025-09-28 01:42:00,116,Completed
1255,2025-08-30 00:31:00,208,Cancelled
1256,2026-06-21 02:02:00,271,Cancelled
1257,2026-04-18 03:48:00,262,Pending
1258,2026-05-31 21:52:00,322,Pending
1259,2025-09-01 08:38:00,224,Completed
1260,2025-04-06 07:18:00,128,Cancelled
1261,2025-11-23 15:00:00,379,Completed
1262,2026-03-23 09:42:00,250,Completed
1263,2025-02-18 09:12:00,126,Completed
1264,2025-04-29 16:14:00,154,Pending
1265,2025-10-22 03:20:00,192,Completed
1266,2025-09-02 12:25:00,57,Completed
1267,2025-07-12 15:25:00,4,Completed
1268,2026-02-20 06:30:00,498,Completed
1269,2025-11-17 17:02:00,374,Cancelled
1270,2025-04-13 05:11:00,1,Cancelled
1271,2026-07-02 12:58:00,32,Cancelled
1272,2025-04-27 08:35:00,378,Completed
1273,2025-09-24 01:00:00,162,Completed
1274,2026-08-13 08:42:00,448,Cancelled
1275,2025-12-15 15:11:00,398,Pending
1276,2025-03-19 11:47:00,121,Completed
1277,2026-03-29 08:09:00,322,Pending
1278,2025-11-13 13:30:00,242,Pending
1279,2025-02-21 13:51:00,343,Completed
1280,2026-07-11 09:39:00,476,Pending
1281,2025-09-12 01:56:00,467,Completed
1282,2025-09-27 18:44:00,15,Completed
1283,2026-04-09 22:57:00,333,Pending
1284,2025-09-11 21:38:00,468,Completed
1285,2025-07-20 02:31:00,176,Completed
1286,2026-05-08 04:45:00,167,Cancelled
1287,2025-11-01 18:49:00,306,Pending
1288,2026-05-26 05:36:00,354,Completed
1289,2025-04-27 16:33:00,479,Completed
1290,2025-08-25 07:34:00,369,Completed
1291,2026-03-17 08:10:00,438,Cancelled
1292,2025-07-14 16:02:00,484,Completed
1293,2025-07-30 18:59:00,498,Completed
1294,2025-05-09 09:28:00,226,Pending
1295,2026-02-18 07:33:00,280,Cancelled
1296,2025-11-19 19:18:00,460,Completed
1297,2026-07-16 14:48:00,211,Completed
1298,2025-05-03 11:22:00,336,Pending
1299,2025-06-08 20:03:00,427,Completed
1300,2025-01-20 09:00:00,445,Completed
1301,2025-09-25 07:09:00,28,Pending
1302,2025-02-20 19:56:00,276,Completed
1303,2025-08-15 21:44:00,493,Pending
1304,2025-03-12 15:19:00,87,Completed
1305,2025-06-27 15:18:00,236,Cancelled
1306,2025-09-04 13:07:00,452,Pending
1307,2026-07-04 18:36:00,118,Completed
1308,2025-07-31 16:59:00,302,Completed
1309,2025-07-24 17:17:00,1,Completed
1310,2026-03-18 11:16:00,470,Completed
1311,2026-08-04 05:20:00,338,Pending
1312,2025-01-15 22:39:00,457,Pending
1313,2025-08-11 09:59:00,107,Completed
1314,2026-03-08 00:02:00,160,Pending
1315,2026-01-11 17:45:00,447,Pending
1316,2025-06-21 18:39:00,202,Completed
1317,2026-02-14 00:44:00,165,Pending
1318,2025-02-27 19:03:00,84,Pending
1319,2025-11-01 22:31:00,399,Cancelled
1320,2026-08-18 03:19:00,55,Completed
1321,2025-09-10 03:02:00,246,Pending
1322,2026-07-31 23:23:00,37,Completed
1323,2026-08-01 01:43:00,219,Completed
1324,2026-08-22 11:24:00,437,Completed
1325,2025-12-21 18:52:00,280,Completed
1326,2025-03-06 11:23:00,138,Completed
1327,2025-11-17 16:09:00,203,Pending
1328,2026-02-19 03:22:00,463,Completed
1329,2025-12-31 02:03:00,466,Completed
1330,2025-09-13 15:31:00,19,Completed
1331,2025-02-12 08:23:00,306,Completed
1332,2026-01-30 06:38:00,362,Completed
1333,2025-02-19 03:02:00,392,Cancelled
1334,2025-02-11 15:00:00,187,Cancelled
1335,2026-03-08 01:21:00,240,Completed
1336,2025-03-07 02:42:00,423,Pending
1337,2025-09-03 16:51:00,435,Completed
1338,2025-07-24 22:49:00,130,Pending
1339,2026-04-28 02:52:00,55,Cancelled
1340,2026-07-11 03:27:00,291,Pending
1341,2025-09-01 12:39:00,325,Completed
1342,2025-12-03 12:52:00,318,Pending
1343,2026-07-19 02:17:00,115,Pending
1344,2026-01-09 04:49:00,360,Completed
1345,2025-02-28 18:03:00,60,Pending
1346,2025-12-10 23:04:00,354,Completed
1347,2025-03-19 09:13:00,326,Completed
1348,2025-10-15 09:33:00,439,Completed
1349,2026-07-31 13:48:00,227,Completed
1350,2025-08-18 23:26:00,318,Pending
1351,2025-05-07 19:26:00,402,Completed
1352,2025-10-05 04:18:00,143,Completed
1353,2026-07-19 05:03:00,214,Completed
1354,2025-07-24 12:53:00,59,Completed
1355,2025-08-04 01:18:00,184,Pending
1356,2025-11-29 03:53:00,334,Completed
1357,2026-05-30 03:15:00,281,Completed
1358,2025-11-25 01:27:00,405,Completed
1359,2026-06-06 19:47:00,57,Completed
1360,2025-08-05 14:02:00,326,Completed
1361,2026-07-04 17:38:00,62,Cancelled
1362,2026-05-18 16:37:00,454,Completed
1363,2025-11-11 17:14:00,70,Pending
1364,2025-06-07 05:59:00,254,Completed
1365,2025-06-02 13:36:00,189,Cancelled
1366,2025-11-18 20:50:00,237,Pending
1367,2025-08-04 05:54:00,36,Completed
1368,2025-02-24 22:03:00,154,Cancelled
1369,2025-12-19 17:16:00,399,Cancelled
1370,2025-03-14 21:59:00,426,Pending
1371,2025-09-16 02:10:00,394,Completed
1372,2026-04-11 09:55:00,318,Pending
1373,2025-04-03 10:34:00,349,Completed
1374,2025-04-05 16:23:00,409,Pending
1375,2026-01-23 22:37:00,459,Completed
1376,2026-05-15 00:01:00,139,Cancelled
1377,2025-09-18 01:28:00,164,Completed
1378,2025-10-03 01:40:00,497,Cancelled
1379,2026-03-03 06:23:00,39,Completed
1380,2025-09-21 10:34:00,461,Pending
1381,2025-01-06 00:52:00,368,Completed
1382,2025-10-20 16:27:00,476,Cancelled
1383,2026-01-27 02:29:00,492,Completed
1384,2026-07-10 09:01:00,299,Completed
1385,2026-02-05 04:16:00,393,Completed
1386,2025-10-20 04:43:00,378,Completed
1387,2025-09-02 00:06:00,313,Cancelled
1388,2025-12-02 14:42:00,177,Pending
1389,2026-06-13 06:25:00,222,Completed
1390,2025-11-28 01:01:00,315,Pending
1391,2025-01-17 13:00:00,457,Cancelled
1392,2026-05-04 08:00:00,280,Pending
1393,2025-06-04 05:09:00,96,Cancelled
1394,2025-02-22 13:48:00,192,Completed
1395,2025-05-09 21:48:00,16,Completed
1396,2025-09-20 22:05:00,104,Pending
1397,2025-06-18 22:19:00,114,Pending
1398,2025-04-22 07:23:00,457,Cancelled
1399,2026-01-14 14:09:00,371,Pending
1400,2026-07-31 02:06:00,161,Completed
1401,2025-04-08 08:36:00,286,Completed
1402,2026-07-28 08:24:00,404,Completed
1403,2025-11-13 09:40:00,37,Completed
1404,2025-04-29 19:30:00,82,Completed
1405,2026-05-15 15:23:00,189,Pending
1406,2026-03-27 14:07:00,86,Completed
1407,2025-10-23 17:06:00,206,Completed
1408,2026-02-06 17:10:00,183,Completed
1409,2026-03-16 11:46:00,159,Completed
1410,2026-03-10 01:14:00,383,Completed
1411,2026-01-01 03:50:00,425,Completed
1412,2025-11-23 13:32:00,445,Completed
1413,2025-09-16 12:28:00,265,Completed
1414,2026-07-24 19:52:00,444,Pending
1415,2026-06-08 06:46:00,75,Completed
1416,2025-07-16 02:46:00,325,Completed
1417,2025-11-26 00:42:00,425,Completed
1418,2025-10-06 01:19:00,337,Completed
1419,2026-07-12 03:00:00,183,Completed
1420,2026-05-20 11:03:00,351,Cancelled
1421,2026-02-24 04:37:00,378,Completed
1422,2026-08-13 00:39:00,113,Completed
1423,2026-04-18 09:50:00,403,Completed
1424,2025-06-15 07:20:00,325,Completed
1425,2025-06-05 20:54:00,183,Pending
1426,2025-07-02 10:48:00,296,Pending
1427,2025-08-25 10:49:00,102,Completed
1428,2025-08-22 13:07:00,479,Cancelled
1429,2025-07-04 18:54:00,295,Completed
1430,2025-03-10 12:06:00,374,Completed
1431,2026-03-22 03:18:00,213,Completed
1432,2026-08-09 12:01:00,177,Completed
1433,2025-01-22 20:37:00,310,Completed
1434,2025-02-27 19:49:00,388,Completed
1435,2026-08-22 07:07:00,395,Pending
1436,2025-12-25 02:08:00,282,Completed
1437,2025-08-28 18:18:00,227,Completed
1438,2025-10-17 05:27:00,126,Completed
1439,2026-06-02 18:40:00,92,Completed
1440,2025-08-26 04:42:00,100,Completed
1441,2025-03-13 02:10:00,400,Completed
1442,2026-01-22 00:13:00,308,Completed
1443,2025-01-13 19:22:00,336,Completed
1444,2025-05-23 13:07:00,358,Cancelled
1445,2026-05-22 06:29:00,414,Completed
1446,2025-08-21 16:05:00,394,Completed
1447,2026-03-14 23:31:00,492,Completed
1448,2025-11-14 12:59:00,206,Completed
1449,2025-07-08 09:57:00,190,Completed
1450,2026-07-28 01:16:00,177,Completed
1451,2025-02-04 21:23:00,379,Pending
1452,2025-08-27 07:52:00,102,Completed
1453,2026-06-08 07:45:00,272,Pending
1454,2026-01-20 03:40:00,297,Completed
1455,2026-04-09 19:12:00,426,Pending
1456,2025-06-26 06:37:00,231,Cancelled
1457,2026-01-25 05:04:00,305,Pending
1458,2025-01-04 19:48:00,238,Completed
1459,2025-05-01 22:18:00,244,Completed
1460,2025-10-13 02:20:00,73,Completed
1461,2026-03-04 07:20:00,371,Completed
1462,2025-06-17 13:40:00,423,Completed
1463,2025-10-16 10:59:00,476,Cancelled
1464,2026-04-20 16:22:00,194,Pending
1465,2025-10-20 15:08:00,130,Cancelled
1466,2025-11-27 23:24:00,113,Completed
1467,2025-02-22 10:32:00,262,Pending
1468,2025-05-30 12:49:00,287,Pending
1469,2025-05-05 06:24:00,143,Completed
1470,2025-01-13 16:38:00,242,Pending
1471,2025-05-14 22:04:00,288,Pending
1472,2026-06-13 23:20:00,443,Pending
1473,2025-10-08 10:54:00,210,Pending
1474,2025-12-12 09:42:00,445,Completed
1475,2026-07-31 00:10:00,70,Cancelled
1476,2026-01-25 17:47:00,116,Completed
1477,2026-06-04 23:21:00,463,Cancelled
1478,2026-04-05 04:14:00,439,Completed
1479,2025-10-18 00:28:00,57,Completed
1480,2025-05-05 18:16:00,463,Pending
1481,2026-06-16 10:39:00,485,Completed
1482,2026-02-23 18:37:00,248,Completed
1483,2025-06-22 14:09:00,370,Completed
1484,2025-04-05 07:09:00,409,Completed
1485,2025-10-20 04:40:00,40,Cancelled
1486,2026-05-31 11:27:00,202,Pending
1487,2026-03-05 16:06:00,416,Completed
1488,2025-05-05 12:28:00,335,Completed
1489,2025-10-20 20:53:00,244,Completed
1490,2025-10-19 07:45:00,220,Cancelled
1491,2026-07-09 14:04:00,378,Completed
1492,2025-01-19 10:19:00,154,Pending
1493,2025-01-12 16:21:00,235,Completed
1494,2025-05-01 21:41:00,86,Completed
1495,2025-07-27 22:45:00,144,Cancelled
1496,2025-08-24 21:24:00,442,Cancelled
1497,2026-03-09 14:54:00,66,Completed
1498,2025-03-06 17:31:00,406,Completed
1499,2026-08-08 05:21:00,425,Pending
1500,2025-01-14 23:32:00,343,Pending
1501,2026-06-29 04:49:00,383,Pending
1502,2025-04-06 03:42:00,259,Completed
1503,2025-12-10 16:45:00,160,Completed
1504,2025-07-28 18:40:00,25,Completed
1505,2025-11-21 11:05:00,82,Completed
1506,2026-03-31 20:06:00,153,Completed
1507,2025-07-20 03:12:00,424,Completed
1508,2025-02-02 01:22:00,418,Completed
1509,2026-05-08 20:00:00,173,Completed
1510,2025-01-25 06:21:00,132,Completed
1511,2025-09-06 15:23:00,302,Completed
1512,2025-12-31 13:08:00,221,Completed
1513,2025-01-14 09:11:00,348,Completed
1514,2025-09-27 12:33:00,483,Pending
1515,2026-04-15 22:50:00,194,Completed
1516,2026-03-18 09:14:00,316,Completed
1517,2026-06-14 21:43:00,325,Cancelled
1518,2025-09-12 15:38:00,224,Pending
1519,2026-03-12 04:49:00,261,Completed
1520,2026-01-03 12:34:00,383,Completed
1521,2025-11-13 14:33:00,352,Pending
1522,2025-07-12 21:49:00,162,Completed
1523,2025-09-14 07:23:00,297,Completed
1524,2026-07-04 05:09:00,134,Pending
1525,2025-08-31 02:03:00,442,Pending
1526,2026-03-21 17:29:00,150,Pending
1527,2026-03-18 13:45:00,23,Completed
1528,2026-01-22 14:55:00,23,Pending
1529,2025-07-11 08:09:00,432,Pending
1530,2026-04-26 02:43:00,291,Completed
1531,2025-07-19 02:14:00,184,Pending
1532,2025-07-11 18:04:00,402,Completed
1533,2025-12-31 00:52:00,156,Cancelled
1534,2025-06-04 09:13:00,347,Completed
1535,2025-12-20 02:22:00,330,Pending
1536,2025-01-01 05:55:00,314,Cancelled
1537,2025-08-14 02:47:00,70,Cancelled
1538,2026-05-11 07:36:00,246,Completed
1539,2026-05-04 11:08:00,48,Pending
1540,2026-05-25 23:35:00,308,Completed
1541,2025-02-12 18:46:00,282,Pending
1542,2026-08-07 05:03:00,492,Completed
1543,2025-10-21 13:19:00,85,Completed
1544,2026-04-21 01:24:00,242,Completed
1545,2025-08-19 20:10:00,75,Completed
1546,2026-08-12 05:06:00,311,Cancelled
1547,2025-07-04 07:50:00,459,Completed
1548,2026-05-28 06:04:00,91,Completed
1549,2025-04-07 09:59:00,324,Pending
1550,2026-04-08 11:00:00,364,Cancelled
1551,2025-04-23 15:03:00,83,Pending
1552,2025-05-30 08:10:00,335,Pending
1553,2025-02-17 13:02:00,471,Cancelled
1554,2026-07-31 06:24:00,425,Completed
1555,2026-08-15 17:16:00,449,Completed
1556,2025-11-15 17:34:00,56,Completed
1557,2025-09-25 02:54:00,350,Completed
1558,2026-02-14 09:18:00,299,Completed
1559,2025-12-17 04:24:00,108,Completed
1560,2025-06-07 06:03:00,161,Pending
1561,2026-07-10 19:45:00,183,Completed
1562,2025-04-16 16:46:00,303,Completed
1563,2026-01-19 20:46:00,225,Completed
1564,2025-07-06 17:09:00,185,Completed
1565,2025-08-09 03:11:00,27,Cancelled
1566,2026-04-01 04:47:00,22,Cancelled
1567,2026-01-25 06:51:00,45,Completed
1568,2025-04-07 01:02:00,309,Completed
1569,2026-01-07 09:51:00,426,Completed
1570,2025-10-04 14:12:00,19,Completed
1571,2025-09-04 15:07:00,337,Completed
1572,2025-11-19 16:12:00,177,Completed
1573,2025-07-25 05:28:00,149,Completed
1574,2026-05-21 22:41:00,3,Completed
1575,2026-04-11 10:31:00,415,Completed
1576,2026-04-16 07:17:00,173,Pending
1577,2025-10-12 00:00:00,348,Pending
1578,2026-04-20 17:31:00,410,Completed
1579,2025-05-25 06:36:00,365,Pending
1580,2026-04-26 22:24:00,304,Pending
1581,2026-03-01 08:27:00,315,Completed
1582,2026-07-26 22:14:00,450,Pending
1583,2025-08-23 19:11:00,186,Completed
1584,2025-05-27 09:37:00,223,Pending
1585,2025-02-20 00:25:00,239,Completed
1586,2025-01-10 11:03:00,380,Completed
1587,2025-10-11 18:12:00,314,Completed
1588,2025-07-01 13:49:00,266,Completed
1589,2025-12-13 22:12:00,384,Completed
1590,2026-03-08 19:58:00,418,Cancelled
1591,2025-02-09 16:19:00,434,Pending
1592,2025-07-28 18:56:00,468,Cancelled
1593,2025-08-12 16:46:00,166,Completed
1594,2026-01-11 15:30:00,186,Completed
1595,2025-01-01 14:47:00,62,Completed
1596,2025-06-03 19:22:00,309,Pending
1597,2026-02-27 11:52:00,299,Pending
1598,2025-01-01 08:12:00,395,Completed
1599,2025-08-27 19:54:00,98,Completed
1600,2026-06-06 14:38:00,3,Completed
1601,2026-03-12 16:19:00,302,Completed
1602,2025-10-15 06:39:00,355,Pending
1603,2026-02-07 10:48:00,127,Completed
1604,2025-11-21 20:50:00,209,Completed
1605,2025-12-01 17:07:00,407,Completed
1606,2025-01-21 20:51:00,433,Completed
1607,2025-10-03 07:29:00,241,Completed
1608,2026-01-18 12:55:00,177,Cancelled
1609,2025-03-11 01:16:00,137,Pending
1610,2025-10-14 22:02:00,371,Completed
1611,2025-09-28 18:36:00,262,Cancelled
1612,2026-06-16 15:02:00,330,Completed
1613,2025-09-20 13:52:00,361,Completed
1614,2025-07-28 12:46:00,296,Completed
1615,2025-05-20 01:37:00,435,Completed
1616,2025-02-11 13:15:00,83,Completed
1617,2025-04-12 08:55:00,4,Cancelled
1618,2025-03-27 00:33:00,297,Pending
1619,2026-01-16 15:55:00,96,Cancelled
1620,2025-01-01 12:04:00,327,Cancelled
1621,2025-07-23 14:28:00,350,Completed
1622,2026-01-30 01:24:00,442,Completed
1623,2026-07-16 15:41:00,128,Completed
1624,2026-03-02 21:53:00,270,Completed
1625,2026-02-15 08:35:00,165,Completed
1626,2026-06-02 21:27:00,204,Cancelled
1627,2026-07-18 01:44:00,255,Pending
1628,2026-08-19 10:20:00,397,Cancelled
1629,2025-08-14 02:45:00,100,Pending
1630,2026-01-26 23:40:00,271,Pending
1631,2025-12-20 09:50:00,215,Pending
1632,2026-03-03 12:13:00,282,Completed
1633,2025-12-25 19:07:00,179,Pending
1634,2025-07-04 07:02:00,476,Completed
1635,2026-05-29 18:36:00,346,Completed
1636,2025-12-04 00:18:00,341,Cancelled
1637,2025-10-30 21:28:00,131,Cancelled
1638,2025-07-13 07:07:00,450,Completed
1639,2025-05-30 12:58:00,408,Completed
1640,2025-01-02 05:52:00,449,Completed
1641,2025-10-02 14:43:00,66,Completed
1642,2025-01-03 10:32:00,271,Pending
1643,2025-01-22 04:38:00,195,Pending
1644,2026-07-30 21:58:00,123,Cancelled
1645,2025-11-17 17:32:00,4,Completed
1646,2025-05-29 16:08:00,259,Completed
1647,2026-01-07 12:58:00,141,Completed
1648,2025-10-18 06:19:00,293,Pending
1649,2025-12-21 23:04:00,359,Pending
1650,2026-08-14 20:53:00,73,Completed
1651,2025-08-29 11:32:00,213,Completed
1652,2026-06-16 22:00:00,3,Cancelled
1653,2026-02-06 21:05:00,284,Pending
1654,2025-07-21 08:45:00,54,Pending
1655,2025-10-02 01:13:00,3,Cancelled
1656,2026-08-19 12:57:00,157,Completed
1657,2025-07-22 13:17:00,74,Pending
1658,2026-08-09 12:02:00,497,Completed
1659,2025-04-30 23:16:00,430,Completed
1660,2025-02-27 03:54:00,266,Completed
1661,2025-08-30 14:37:00,304,Pending
1662,2025-03-05 13:09:00,297,Cancelled
1663,2026-07-12 00:01:00,8,Completed
1664,2025-07-14 18:18:00,462,Completed
1665,2026-01-14 07:12:00,257,Completed
1666,2025-11-12 11:30:00,293,Pending
1667,2026-04-09 07:55:00,302,Completed
1668,2025-04-19 10:46:00,349,Completed
1669,2025-02-14 06:43:00,289,Cancelled
1670,2025-02-12 20:21:00,249,Pending
1671,2026-02-05 17:48:00,154,Cancelled
1672,2025-06-08 10:54:00,351,Pending
1673,2026-08-03 05:55:00,25,Pending
1674,2026-06-13 00:26:00,191,Completed
1675,2025-02-11 10:03:00,364,Pending
1676,2026-04-06 00:00:00,400,Completed
1677,2025-01-02 13:00:00,469,Pending
1678,2025-07-08 15:02:00,54,Completed
1679,2025-08-07 21:54:00,65,Completed
1680,2025-05-08 11:00:00,207,Pending
1681,2025-04-03 05:20:00,489,Completed
1682,2025-07-08 14:12:00,260,Completed
1683,2025-01-03 11:08:00,341,Completed
1684,2026-02-08 19:50:00,403,Completed
1685,2026-06-08 19:22:00,229,Completed
1686,2025-03-30 05:34:00,313,Completed
1687,2025-06-16 15:29:00,315,Completed
1688,2026-05-09 17:28:00,70,Completed
1689,2026-05-20 11:38:00,208,Pending
1690,2026-05-15 18:47:00,373,Completed
1691,2025-05-26 14:57:00,241,Pending
1692,2026-07-16 19:39:00,446,Completed
1693,2025-02-01 01:01:00,281,Pending
1694,2025-12-24 00:53:00,174,Completed
1695,2026-01-13 13:24:00,424,Completed
1696,2026-02-18 11:38:00,145,Pending
1697,2025-11-27 16:57:00,201,Completed
1698,2026-07-27 06:42:00,415,Pending
1699,2025-05-16 06:30:00,124,Completed
1700,2025-11-10 23:55:00,32,Pending
1701,2026-06-22 02:24:00,386,Completed
1702,2026-03-28 13:39:00,409,Completed
1703,2026-02-18 04:31:00,297,Pending
1704,2025-01-28 04:00:00,138,Completed
1705,2026-02-22 04:25:00,257,Completed
1706,2025-07-01 08:57:00,164,Completed
1707,2025-09-30 11:08:00,131,Pending
1708,2025-01-19 10:45:00,170,Pending
1709,2026-06-13 23:25:00,330,Pending
1710,2025-08-09 11:58:00,208,Completed
1711,2026-02-05 22:30:00,373,Completed
1712,2025-01-09 03:35:00,305,Completed
1713,2025-07-12 09:11:00,252,Completed
1714,2025-01-26 15:17:00,161,Completed
1715,2026-05-21 21:20:00,197,Completed
1716,2026-03-07 08:51:00,354,Cancelled
1717,2025-11-07 09:02:00,68,Completed
1718,2026-08-22 11:00:00,2,Completed
1719,2025-07-04 14:46:00,17,Cancelled
1720,2025-02-04 19:24:00,407,Completed
1721,2025-04-24 21:20:00,390,Completed
1722,2026-07-30 08:15:00,196,Completed
1723,2025-09-19 10:48:00,41,Pending
1724,2025-05-04 17:29:00,297,Cancelled
1725,2026-03-29 23:32:00,445,Completed
1726,2025-10-11 03:35:00,220,Pending
1727,2026-04-08 23:18:00,480,Cancelled
1728,2025-09-04 00:21:00,107,Completed
1729,2025-01-04 03:45:00,375,Completed
1730,2026-01-12 19:08:00,86,Pending
1731,2025-05-07 16:42:00,67,Cancelled
1732,2026-01-11 13:56:00,329,Completed
1733,2025-10-03 09:09:00,420,Pending
1734,2026-02-08 19:51:00,352,Cancelled
1735,2025-10-27 12:23:00,46,Completed
1736,2026-08-11 18:35:00,234,Completed
1737,2025-01-29 06:01:00,318,Pending
1738,2025-03-03 03:13:00,396,Pending
1739,2026-01-26 15:34:00,273,Completed
1740,2025-10-03 05:34:00,368,Completed
1741,2025-12-21 10:44:00,259,Completed
1742,2025-07-06 02:00:00,353,Completed
1743,2025-04-04 11:05:00,362,Cancelled
1744,2025-02-11 09:00:00,429,Completed
1745,2026-04-10 20:22:00,340,Pending
1746,2025-09-11 08:43:00,254,Completed
1747,2026-06-13 09:00:00,453,Completed
1748,2026-06-25 22:20:00,402,Pending
1749,2025-11-10 19:00:00,373,Cancelled
1750,2025-10-25 04:45:00,228,Completed
1751,2025-06-16 21:29:00,66,Cancelled
1752,2025-04-28 01:32:00,248,Completed
1753,2026-05-28 12:07:00,163,Cancelled
1754,2025-04-12 23:42:00,12,Cancelled
1755,2025-10-25 11:41:00,47,Completed
1756,2025-02-20 22:18:00,216,Completed
1757,2026-08-13 23:57:00,159,Pending
1758,2025-04-23 19:03:00,473,Cancelled
1759,2026-03-06 12:49:00,188,Completed
1760,2025-01-17 05:48:00,243,Completed
1761,2026-07-14 20:21:00,495,Completed
1762,2026-05-11 03:50:00,1,Completed
1763,2025-12-23 19:10:00,89,Completed
1764,2026-02-15 04:00:00,56,Pending
1765,2025-09-26 19:40:00,366,Cancelled
1766,2025-03-08 19:21:00,438,Pending
1767,2026-08-03 17:26:00,452,Completed
1768,2026-07-16 14:39:00,314,Completed
1769,2025-04-16 19:57:00,356,Cancelled
1770,2026-02-22 21:11:00,430,Cancelled
1771,2025-02-11 21:48:00,219,Cancelled
1772,2025-06-20 03:16:00,480,Completed
1773,2025-04-20 23:25:00,352,Completed
1774,2025-06-22 21:42:00,316,Completed
1775,2026-07-15 09:34:00,22,Completed
1776,2026-07-07 18:30:00,235,Completed
1777,2026-05-31 22:46:00,460,Cancelled
1778,2025-01-10 00:09:00,357,Pending
1779,2025-05-16 11:59:00,476,Completed
1780,2026-04-06 08:38:00,185,Cancelled
1781,2025-06-26 09:31:00,129,Pending
1782,2025-01-28 06:55:00,206,Cancelled
1783,2025-02-23 17:15:00,159,Pending
1784,2025-02-27 15:09:00,251,Pending
1785,2025-09-15 00:03:00,366,Pending
1786,2025-10-21 14:04:00,110,Completed
1787,2025-05-23 14:17:00,75,Completed
1788,2026-03-17 05:44:00,447,Pending
1789,2026-06-07 09:11:00,1,Pending
1790,2025-06-25 04:44:00,436,Pending
1791,2026-01-10 13:45:00,251,Completed
1792,2025-08-01 08:17:00,321,Completed
1793,2025-10-16 13:55:00,175,Completed
1794,2026-06-21 22:39:00,176,Cancelled
1795,2026-02-14 10:07:00,326,Pending
1796,2025-04-12 22:55:00,104,Completed
1797,2026-03-14 10:50:00,115,Completed
1798,2025-06-22 05:09:00,282,Completed
1799,2026-06-18 08:45:00,294,Pending
1800,2026-02-23 21:15:00,314,Pending
1801,2025-03-24 23:17:00,100,Completed
1802,2025-07-02 13:37:00,185,Pending
1803,2026-02-07 08:00:00,66,Cancelled
1804,2026-07-02 02:16:00,293,Completed
1805,2026-04-07 23:40:00,221,Pending
1806,2025-11-11 15:20:00,95,Pending
1807,2026-02-06 10:18:00,5,Completed
1808,2025-03-07 23:09:00,228,Pending
1809,2026-01-03 17:10:00,285,Pending
1810,2026-07-03 04:33:00,161,Pending
1811,2025-05-19 17:37:00,73,Completed
1812,2025-01-31 09:03:00,57,Completed
1813,2025-06-04 21:00:00,52,Completed
1814,2025-02-13 06:06:00,253,Completed
1815,2026-05-22 15:32:00,131,Completed
1816,2025-06-02 22:33:00,153,Completed
1817,2025-01-24 00:13:00,321,Completed
1818,2025-06-01 22:28:00,40,Completed
1819,2025-02-27 06:29:00,86,Completed
1820,2026-05-31 21:30:00,83,Completed
1821,2025-01-24 04:02:00,40,Completed
1822,2026-04-07 22:21:00,182,Pending
1823,2025-12-07 09:52:00,351,Completed
1824,2025-07-28 05:34:00,457,Completed
1825,2025-02-24 07:41:00,371,Completed
1826,2026-03-15 05:45:00,436,Completed
1827,2026-01-05 14:57:00,294,Completed
1828,2025-03-15 09:34:00,331,Pending
1829,2025-12-25 22:52:00,482,Pending
1830,2025-09-16 12:59:00,352,Pending
1831,2025-08-07 17:32:00,392,Completed
1832,2026-02-21 17:26:00,4,Cancelled
1833,2026-01-14 03:20:00,398,Completed
1834,2025-10-30 17:59:00,248,Pending
1835,2026-07-03 11:08:00,159,Completed
1836,2025-09-24 23:37:00,326,Completed
1837,2026-01-06 04:04:00,196,Cancelled
1838,2025-03-01 13:21:00,123,Completed
1839,2025-09-10 22:38:00,211,Completed
1840,2026-05-18 20:52:00,70,Cancelled
1841,2026-07-12 16:33:00,319,Cancelled
1842,2026-08-11 11:46:00,93,Completed
1843,2026-05-17 23:55:00,364,Completed
1844,2026-01-28 13:45:00,211,Cancelled
1845,2026-08-23 01:12:00,86,Pending
1846,2025-01-27 08:52:00,164,Completed
1847,2025-12-04 18:04:00,176,Cancelled
1848,2026-04-09 07:30:00,384,Completed
1849,2026-06-17 18:42:00,450,Completed
1850,2025-09-17 06:50:00,459,Completed
1851,2025-07-29 03:22:00,368,Pending
1852,2025-01-18 18:52:00,387,Completed
1853,2025-04-03 02:23:00,77,Completed
1854,2026-03-10 18:25:00,67,Pending
1855,2025-03-16 13:12:00,146,Pending
1856,2025-05-09 16:29:00,251,Pending
1857,2025-12-10 15:32:00,303,Completed
1858,2026-06-17 02:27:00,51,Completed
1859,2025-02-25 16:40:00,153,Pending
1860,2025-11-13 13:17:00,379,Completed
1861,2026-06-26 15:46:00,428,Pending
1862,2025-03-02 05:36:00,225,Completed
1863,2026-07-14 09:59:00,203,Pending
1864,2025-01-14 11:32:00,62,Completed
1865,2025-03-23 13:41:00,227,Completed
1866,2026-01-31 13:34:00,248,Completed
1867,2025-08-10 01:49:00,9,Completed
1868,2026-05-25 06:04:00,36,Completed
1869,2026-04-02 17:29:00,10,Pending
1870,2026-01-03 14:40:00,290,Pending
1871,2025-11-28 11:22:00,289,Completed
1872,2025-06-18 15:22:00,81,Cancelled
1873,2025-04-07 17:19:00,144,Cancelled
1874,2026-03-05 05:49:00,121,Cancelled
1875,2026-01-26 02:03:00,121,Pending
1876,2025-07-28 13:43:00,315,Pending
1877,2025-04-09 15:24:00,391,Completed
1878,2026-06-08 19:35:00,101,Completed
1879,2026-07-29 21:37:00,106,Pending
1880,2025-06-12 08:22:00,43,Completed
1881,2025-12-11 23:26:00,116,Pending
1882,2026-03-27 01:03:00,402,Completed
1883,2026-03-02 07:23:00,343,Cancelled
1884,2025-11-04 14:45:00,242,Pending
1885,2025-05-24 19:27:00,203,Completed
1886,2025-08-28 14:19:00,275,Cancelled
1887,2025-09-07 21:48:00,424,Completed
1888,2025-09-24 12:17:00,201,Completed
1889,2026-05-30 16:21:00,424,Completed
1890,2025-10-05 11:27:00,176,Pending
1891,2025-05-18 23:50:00,196,Pending
1892,2025-03-31 14:33:00,45,Cancelled
1893,2026-05-11 02:03:00,322,Completed
1894,2025-02-14 00:29:00,285,Completed
1895,2026-01-31 08:50:00,342,Pending
1896,2025-05-02 06:18:00,71,Completed
1897,2026-07-11 22:39:00,84,Pending
1898,2025-07-20 23:58:00,172,Cancelled
1899,2026-04-16 10:41:00,118,Cancelled
1900,2026-08-01 11:19:00,201,Pending
1901,2025-10-20 03:05:00,172,Completed
1902,2026-01-04 19:41:00,309,Pending
1903,2025-05-24 16:58:00,139,Completed
1904,2025-01-27 01:19:00,349,Completed
1905,2025-01-15 01:23:00,403,Pending
1906,2026-07-21 05:05:00,479,Completed
1907,2025-10-26 00:48:00,219,Pending
1908,2025-07-10 12:05:00,302,Completed
1909,2026-05-19 13:47:00,116,Completed
1910,2025-01-18 11:48:00,434,Completed
1911,2026-02-24 19:19:00,433,Completed
1912,2026-02-10 00:15:00,183,Completed
1913,2026-05-23 21:47:00,328,Completed
1914,2025-04-09 23:29:00,114,Cancelled
1915,2025-06-10 12:16:00,157,Pending
1916,2025-02-07 16:57:00,243,Completed
1917,2025-10-10 14:57:00,429,Completed
1918,2026-01-05 17:29:00,407,Cancelled
1919,2025-03-13 13:45:00,315,Cancelled
1920,2025-08-05 06:16:00,324,Cancelled
1921,2025-10-24 14:54:00,76,Completed
1922,2025-11-21 20:53:00,495,Completed
1923,2026-03-26 19:38:00,495,Pending
1924,2025-02-10 16:47:00,230,Cancelled
1925,2026-01-04 05:23:00,431,Completed
1926,2026-07-17 17:27:00,465,Pending
1927,2026-01-20 11:32:00,108,Pending
1928,2026-07-10 17:46:00,448,Pending
1929,2025-12-28 22:12:00,11,Cancelled
1930,2025-07-26 06:45:00,89,Cancelled
1931,2026-03-23 20:11:00,180,Completed
1932,2026-03-17 04:39:00,395,Completed
1933,2025-05-23 12:53:00,357,Completed
1934,2025-03-07 09:23:00,351,Completed
1935,2026-07-13 12:10:00,491,Pending
1936,2025-10-30 09:01:00,252,Completed
1937,2026-05-16 12:18:00,396,Pending
1938,2026-06-05 17:35:00,464,Completed
1939,2025-06-13 08:04:00,412,Pending
1940,2025-01-20 06:53:00,43,Completed
1941,2025-02-26 09:32:00,271,Completed
1942,2026-08-13 13:52:00,292,Completed
1943,2026-01-03 18:12:00,20,Completed
1944,2026-08-17 06:35:00,398,Completed
1945,2025-04-01 17:05:00,181,Cancelled
1946,2025-02-03 05:50:00,397,Cancelled
1947,2026-01-19 05:12:00,280,Completed
1948,2025-12-12 12:38:00,111,Completed
1949,2026-05-04 11:28:00,359,Pending
1950,2025-02-14 05:48:00,13,Completed
1951,2025-03-29 07:52:00,290,Pending
1952,2025-01-09 15:57:00,276,Completed
1953,2025-01-06 02:02:00,311,Completed
1954,2026-03-11 11:50:00,434,Completed
1955,2025-10-07 04:40:00,465,Completed
1956,2026-01-06 02:50:00,405,Cancelled
1957,2026-02-15 08:36:00,450,Completed
1958,2026-07-18 08:39:00,400,Completed
1959,2026-03-12 21:01:00,1,Cancelled
1960,2025-03-20 08:49:00,181,Pending
1961,2026-02-17 06:32:00,131,Pending
1962,2026-03-31 20:01:00,428,Pending
1963,2025-10-15 17:35:00,186,Completed
1964,2025-02-24 15:04:00,119,Completed
1965,2025-05-12 05:27:00,75,Pending
1966,2025-03-12 09:38:00,145,Completed
1967,2025-04-12 16:55:00,270,Cancelled
1968,2026-04-16 16:55:00,392,Completed
1969,2025-10-26 09:41:00,85,Pending
1970,2026-01-12 03:36:00,104,Completed
1971,2026-01-22 04:35:00,119,Cancelled
1972,2026-04-16 12:11:00,46,Completed
1973,2025-09-18 12:54:00,474,Completed
1974,2025-03-30 19:43:00,306,Completed
1975,2025-11-12 15:28:00,316,Completed
1976,2025-01-26 22:55:00,309,Completed
1977,2026-02-21 11:04:00,394,Completed
1978,2026-01-06 12:09:00,476,Cancelled
1979,2026-05-14 02:28:00,455,Cancelled
1980,2025-12-29 17:09:00,340,Pending
1981,2026-03-11 02:23:00,489,Completed
1982,2026-06-23 10:31:00,199,Completed
1983,2025-01-17 01:41:00,187,Cancelled
1984,2026-01-13 20:31:00,148,Pending
1985,2026-04-02 18:15:00,427,Completed
1986,2025-01-06 08:24:00,168,Completed
1987,2025-09-24 16:34:00,306,Cancelled
1988,2025-12-14 23:15:00,346,Pending
1989,2026-08-16 02:46:00,130,Pending
1990,2025-06-14 09:08:00,372,Cancelled
1991,2026-08-21 05:18:00,406,Pending
1992,2026-03-05 04:28:00,260,Completed
1993,2025-06-22 07:39:00,66,Completed
1994,2026-08-17 05:11:00,247,Pending
1995,2026-08-01 10:42:00,225,Pending
1996,2026-07-08 10:52:00,210,Pending
1997,2025-03-13 16:19:00,91,Pending
1998,2025-08-20 04:11:00,493,Pending
1999,2025-10-22 18:14:00,426,Pending
2000,2025-10-09 16:57:00,151,Cancelled
2001,2025-12-22 02:46:00,269,Completed
2002,2025-05-06 20:08:00,175,Pending
2003,2026-08-14 11:51:00,145,Completed
2004,2025-02-01 04:35:00,57,Completed
2005,2025-07-05 20:24:00,268,Cancelled
2006,2026-01-13 09:15:00,47,Completed
2007,2025-03-15 06:30:00,128,Completed
2008,2026-05-02 23:26:00,442,Completed
2009,2025-04-28 15:55:00,194,Completed
2010,2026-03-12 15:11:00,374,Completed
2011,2026-01-17 12:39:00,91,Pending
2012,2025-07-29 11:48:00,467,Cancelled
2013,2025-06-19 04:06:00,148,Pending
2014,2025-12-08 22:37:00,207,Completed
2015,2026-07-30 23:58:00,288,Pending
2016,2025-01-15 23:45:00,498,Cancelled
2017,2025-10-13 20:09:00,362,Cancelled
2018,2025-07-18 04:23:00,415,Cancelled
2019,2025-08-07 22:40:00,51,Completed
2020,2026-04-13 23:15:00,132,Cancelled
2021,2026-03-14 23:46:00,261,Pending
2022,2025-03-24 05:30:00,361,Completed
2023,2025-10-17 09:56:00,233,Completed
2024,2025-02-06 15:12:00,277,Cancelled
2025,2025-06-10 10:03:00,411,Pending
2026,2025-01-14 17:44:00,237,Completed
2027,2026-04-17 00:25:00,75,Completed
2028,2025-09-25 14:43:00,120,Completed
2029,2026-07-20 10:46:00,404,Completed
2030,2025-09-10 18:56:00,76,Pending
2031,2025-12-10 00:12:00,90,Completed
2032,2025-08-27 06:14:00,209,Pending
2033,2025-10-24 12:11:00,47,Cancelled
2034,2026-06-21 18:50:00,8,Completed
2035,2025-03-18 16:22:00,224,Cancelled
2036,2026-04-12 12:31:00,328,Completed
2037,2025-11-16 22:31:00,62,Completed
2038,2025-09-24 17:46:00,439,Completed
2039,2025-07-17 17:14:00,474,Completed
2040,2026-08-11 14:41:00,369,Completed
2041,2025-12-05 07:41:00,121,Pending
2042,2025-06-13 17:31:00,89,Cancelled
2043,2026-06-11 04:08:00,317,Completed
2044,2025-04-26 02:04:00,374,Completed
2045,2025-10-30 04:40:00,321,Completed
2046,2025-09-21 06:12:00,425,Completed
2047,2026-05-28 02:00:00,485,Completed
2048,2026-05-20 06:34:00,380,Completed
2049,2025-06-29 13:34:00,426,Completed
2050,2025-09-07 04:24:00,400,Cancelled
2051,2026-04-20 09:43:00,480,Pending
2052,2025-10-13 12:04:00,121,Completed
2053,2025-04-24 15:46:00,45,Pending
2054,2026-07-01 12:49:00,408,Completed
2055,2025-12-27 08:22:00,119,Completed
2056,2025-09-04 03:11:00,148,Pending
2057,2026-08-21 07:38:00,229,Completed
2058,2025-02-13 19:38:00,196,Completed
2059,2026-06-24 01:01:00,355,Pending
2060,2025-05-15 21:29:00,147,Pending
2061,2025-06-18 01:12:00,57,Pending
2062,2025-11-03 18:04:00,492,Cancelled
2063,2025-05-15 21:21:00,82,Pending
2064,2026-04-23 08:21:00,322,Cancelled
2065,2025-01-07 17:54:00,255,Completed
2066,2025-01-01 01:31:00,307,Completed
2067,2025-03-07 17:37:00,167,Pending
2068,2026-07-07 06:40:00,18,Completed
2069,2025-02-24 03:26:00,434,Pending
2070,2025-10-28 14:04:00,21,Completed
2071,2026-02-09 14:12:00,389,Completed
2072,2026-07-15 13:27:00,193,Completed
2073,2025-12-20 21:49:00,150,Pending
2074,2025-12-13 04:31:00,389,Completed
2075,2025-02-20 22:12:00,198,Completed
2076,2026-06-02 23:52:00,289,Completed
2077,2025-04-14 16:27:00,394,Completed
2078,2025-12-23 08:10:00,418,Completed
2079,2026-06-05 10:29:00,419,Pending
2080,2026-03-13 23:39:00,354,Completed
2081,2025-01-10 02:17:00,297,Pending
2082,2025-12-13 09:34:00,64,Cancelled
2083,2026-05-30 01:35:00,394,Completed
2084,2026-03-27 19:46:00,309,Cancelled
2085,2025-09-08 22:54:00,127,Pending
2086,2025-05-21 20:02:00,382,Completed
2087,2025-01-28 12:06:00,307,Completed
2088,2025-07-10 16:19:00,86,Pending
2089,2026-04-24 17:00:00,110,Completed
2090,2026-04-14 09:09:00,258,Pending
2091,2025-07-14 01:00:00,51,Pending
2092,2026-07-02 21:26:00,460,Completed
2093,2025-05-12 20:07:00,62,Pending
2094,2026-04-03 04:49:00,345,Cancelled
2095,2025-11-24 04:47:00,468,Completed
2096,2026-04-17 17:54:00,213,Pending
2097,2026-04-25 18:36:00,449,Cancelled
2098,2026-05-22 22:27:00,179,Pending
2099,2026-03-01 00:19:00,309,Pending
2100,2025-01-01 13:44:00,20,Pending
2101,2026-01-22 22:10:00,46,Completed
2102,2025-01-08 07:03:00,150,Completed
2103,2025-06-21 00:11:00,343,Pending
2104,2025-01-15 06:27:00,32,Completed
2105,2025-09-14 04:39:00,27,Pending
2106,2025-11-02 08:08:00,128,Pending
2107,2025-05-31 01:50:00,275,Pending
2108,2026-06-16 12:10:00,217,Pending
2109,2025-04-14 09:40:00,142,Cancelled
2110,2026-05-17 13:56:00,153,Completed
2111,2025-10-19 15:59:00,76,Completed
2112,2026-05-27 05:43:00,310,Completed
2113,2025-06-13 09:54:00,384,Completed
2114,2025-12-12 13:54:00,422,Completed
2115,2025-07-08 23:21:00,86,Completed
2116,2025-03-31 22:48:00,351,Completed
2117,2025-11-17 10:15:00,313,Completed
2118,2026-07-14 19:36:00,219,Pending
2119,2025-01-03 13:17:00,179,Completed
2120,2025-04-24 11:57:00,392,Cancelled
2121,2025-10-15 10:21:00,71,Completed
2122,2025-12-21 10:54:00,394,Cancelled
2123,2026-07-13 16:56:00,200,Cancelled
2124,2026-03-14 07:05:00,220,Cancelled
2125,2026-03-06 06:13:00,101,Pending
2126,2025-04-16 09:29:00,47,Completed
2127,2026-07-31 20:24:00,339,Completed
2128,2025-10-05 21:22:00,172,Pending
2129,2025-07-25 18:42:00,407,Completed
2130,2026-07-16 02:57:00,472,Completed
2131,2025-08-30 03:38:00,361,Pending
2132,2025-09-08 00:36:00,420,Completed
2133,2025-03-01 05:11:00,268,Completed
2134,2025-09-13 16:39:00,229,Completed
2135,2025-07-31 13:31:00,390,Completed
2136,2026-05-21 14:49:00,267,Pending
2137,2025-04-01 21:08:00,130,Pending
2138,2026-02-10 16:31:00,151,Cancelled
2139,2026-06-07 07:24:00,386,Pending
2140,2025-04-19 03:50:00,150,Completed
2141,2026-04-12 07:39:00,181,Pending
2142,2025-12-03 02:18:00,173,Completed
2143,2025-03-15 20:58:00,187,Completed
2144,2025-12-04 12:03:00,186,Completed
2145,2026-03-04 05:17:00,67,Completed
2146,2025-12-03 07:08:00,374,Completed
2147,2026-04-08 00:02:00,61,Cancelled
2148,2025-10-18 03:22:00,473,Pending
2149,2026-04-27 02:46:00,164,Completed
2150,2025-06-04 10:17:00,414,Cancelled
2151,2025-08-08 17:41:00,262,Pending
2152,2025-07-06 16:06:00,22,Pending
2153,2026-07-09 01:36:00,443,Cancelled
2154,2025-04-20 23:11:00,280,Completed
2155,2026-04-07 22:45:00,8,Completed
2156,2025-10-24 16:22:00,486,Completed
2157,2025-03-13 19:55:00,47,Pending
2158,2025-08-12 22:20:00,408,Completed
2159,2025-03-27 09:01:00,318,Pending
2160,2025-11-22 18:29:00,354,Cancelled
2161,2026-06-20 18:42:00,409,Pending
2162,2026-02-17 09:10:00,91,Cancelled
2163,2025-01-14 23:44:00,257,Completed
2164,2025-01-24 09:36:00,7,Completed
2165,2025-03-17 07:45:00,410,Pending
2166,2026-03-01 07:17:00,70,Pending
2167,2025-12-03 13:18:00,290,Completed
2168,2025-03-24 08:37:00,25,Pending
2169,2026-04-20 22:47:00,286,Completed
2170,2025-10-25 22:35:00,162,Completed
2171,2026-07-25 22:25:00,463,Completed
2172,2025-05-07 03:54:00,295,Completed
2173,2026-08-15 09:20:00,442,Completed
2174,2025-03-30 21:42:00,168,Completed
2175,2025-04-28 21:44:00,75,Completed
2176,2026-06-16 23:42:00,7,Pending
2177,2025-06-20 04:41:00,98,Completed
2178,2026-04-15 21:31:00,422,Completed
2179,2026-01-05 10:01:00,402,Completed
2180,2025-04-15 02:12:00,399,Pending
2181,2025-09-22 22:31:00,15,Completed
2182,2026-03-08 09:08:00,160,Completed
2183,2025-03-12 06:58:00,228,Completed
2184,2026-03-26 08:57:00,111,Completed
2185,2026-03-15 06:10:00,104,Pending
2186,2026-01-31 13:07:00,94,Pending
2187,2026-07-17 08:01:00,219,Completed
2188,2026-02-25 19:45:00,88,Completed
2189,2025-09-16 04:07:00,321,Completed
2190,2025-06-14 01:35:00,270,Pending
2191,2026-07-31 16:23:00,430,Pending
2192,2025-02-01 14:27:00,189,Completed
2193,2025-12-05 12:22:00,150,Cancelled
2194,2025-09-17 19:06:00,226,Completed
2195,2025-05-05 11:57:00,190,Pending
2196,2026-03-27 12:59:00,105,Completed
2197,2025-10-04 15:13:00,210,Cancelled
2198,2026-05-07 11:56:00,341,Completed
2199,2025-01-17 13:53:00,41,Completed
2200,2025-12-24 16:19:00,228,Pending
2201,2025-11-22 11:33:00,318,Cancelled
2202,2025-09-24 07:42:00,69,Completed
2203,2025-11-12 08:38:00,44,Pending
2204,2026-07-18 07:37:00,392,Completed
2205,2025-03-17 07:57:00,454,Pending
2206,2025-02-25 09:34:00,330,Completed
2207,2026-08-08 08:51:00,171,Pending
2208,2025-08-22 03:32:00,352,Completed
2209,2026-03-24 17:19:00,6,Completed
2210,2026-05-08 19:51:00,188,Pending
2211,2026-05-25 20:37:00,268,Cancelled
2212,2025-10-23 08:22:00,320,Completed
2213,2025-07-04 14:31:00,350,Completed
2214,2026-08-18 05:52:00,214,Pending
2215,2026-06-05 21:46:00,355,Cancelled
2216,2026-07-15 15:00:00,14,Completed
2217,2025-04-18 11:37:00,171,Completed
2218,2025-11-17 14:56:00,120,Completed
2219,2025-07-05 02:37:00,350,Completed
2220,2025-09-02 13:21:00,404,Completed
2221,2026-01-22 21:40:00,170,Completed
2222,2025-08-04 15:31:00,300,Completed
2223,2026-02-26 04:04:00,431,Completed
2224,2026-03-07 06:02:00,325,Cancelled
2225,2025-03-03 19:31:00,376,Completed
2226,2025-01-30 11:47:00,424,Completed
2227,2026-01-29 11:29:00,239,Completed
2228,2026-04-17 18:09:00,179,Completed
2229,2026-05-07 08:13:00,432,Pending
2230,2025-11-03 00:57:00,146,Pending
2231,2025-12-13 18:09:00,358,Cancelled
2232,2026-05-29 11:28:00,145,Completed
2233,2026-04-15 05:56:00,66,Completed
2234,2025-03-04 15:06:00,103,Completed
2235,2025-08-02 19:17:00,243,Completed
2236,2025-10-15 15:01:00,98,Pending
2237,2025-01-05 15:41:00,455,Completed
2238,2025-07-02 19:41:00,331,Cancelled
2239,2025-01-14 06:05:00,433,Completed
2240,2026-05-14 05:53:00,273,Completed
2241,2025-07-31 15:23:00,451,Pending
2242,2026-01-12 10:15:00,39,Completed
2243,2025-01-05 18:13:00,455,Completed
2244,2026-01-02 23:08:00,175,Completed
2245,2026-04-15 01:15:00,288,Completed
2246,2026-05-30 17:34:00,451,Completed
2247,2025-12-16 18:16:00,299,Completed
2248,2025-11-23 02:12:00,491,Cancelled
2249,2026-04-20 14:16:00,420,Cancelled
2250,2025-03-06 14:27:00,304,Pending
2251,2025-06-11 01:40:00,381,Completed
2252,2026-01-31 06:47:00,216,Pending
2253,2025-03-24 05:04:00,29,Cancelled
2254,2026-01-31 08:41:00,319,Cancelled
2255,2026-05-05 23:37:00,49,Completed
2256,2025-09-25 02:39:00,310,Completed
2257,2025-03-06 05:23:00,365,Cancelled
2258,2026-03-05 06:04:00,261,Cancelled
2259,2025-09-21 02:09:00,51,Pending
2260,2025-07-01 20:31:00,154,Pending
2261,2025-05-03 08:11:00,462,Pending
2262,2025-02-28 01:13:00,419,Pending
2263,2025-06-15 12:49:00,132,Pending
2264,2026-05-10 17:39:00,356,Completed
2265,2025-05-26 10:55:00,45,Completed
2266,2025-03-15 18:14:00,46,Pending
2267,2025-09-23 01:48:00,332,Completed
2268,2026-04-14 22:52:00,433,Pending
2269,2025-03-22 07:47:00,410,Pending
2270,2026-07-22 04:06:00,120,Completed
2271,2026-02-14 05:15:00,476,Completed
2272,2025-04-08 02:14:00,151,Pending
2273,2026-01-31 19:50:00,401,Completed
2274,2025-03-14 22:55:00,155,Pending
2275,2026-06-21 12:02:00,248,Completed
2276,2026-01-09 15:20:00,405,Pending
2277,2026-02-03 00:17:00,208,Completed
2278,2025-07-24 00:12:00,316,Pending
2279,2025-04-03 04:13:00,457,Completed
2280,2026-08-17 17:55:00,35,Completed
2281,2025-06-15 17:17:00,84,Completed
2282,2025-03-16 08:37:00,368,Completed
2283,2026-08-17 15:46:00,389,Cancelled
2284,2025-05-07 01:55:00,331,Cancelled
2285,2025-06-13 10:58:00,380,Pending
2286,2025-02-04 10:29:00,120,Completed
2287,2026-04-21 18:21:00,236,Completed
2288,2025-07-09 08:56:00,23,Completed
2289,2025-01-11 00:31:00,373,Cancelled
2290,2025-10-05 06:14:00,139,Completed
2291,2026-06-11 16:50:00,37,Completed
2292,2026-01-11 20:00:00,119,Cancelled
2293,2026-06-18 20:42:00,463,Completed
2294,2025-10-16 09:41:00,174,Completed
2295,2025-11-27 19:29:00,344,Completed
2296,2026-02-02 19:32:00,135,Completed
2297,2025-05-31 13:23:00,152,Pending
2298,2026-03-15 17:44:00,4,Completed
2299,2026-08-15 08:37:00,489,Completed
2300,2025-03-03 14:04:00,351,Completed
2301,2026-02-22 04:11:00,200,Cancelled
2302,2025-01-30 18:53:00,451,Pending
2303,2026-03-15 03:39:00,432,Cancelled
2304,2025-04-28 18:57:00,162,Completed
2305,2025-03-30 15:07:00,470,Completed
2306,2025-02-01 01:03:00,403,Completed
2307,2025-09-08 23:47:00,74,Pending
2308,2025-12-20 03:33:00,421,Completed
2309,2025-04-30 16:23:00,115,Completed
2310,2025-12-31 04:22:00,221,Completed
2311,2025-03-18 04:21:00,96,Completed
2312,2025-01-01 00:13:00,148,Completed
2313,2025-01-08 13:18:00,174,Completed
2314,2026-05-23 01:40:00,337,Pending
2315,2025-09-08 13:48:00,189,Completed
2316,2025-01-21 23:37:00,113,Completed
2317,2025-08-31 07:36:00,383,Pending
2318,2025-09-02 09:18:00,456,Pending
2319,2025-01-04 12:56:00,195,Cancelled
2320,2025-07-01 20:01:00,375,Completed
2321,2025-07-03 12:15:00,354,Completed
2322,2025-10-11 08:05:00,244,Completed
2323,2025-05-27 03:21:00,84,Pending
2324,2026-07-20 19:06:00,234,Pending
2325,2025-09-27 03:53:00,6,Pending
2326,2025-05-01 19:49:00,422,Pending
2327,2025-04-28 19:53:00,275,Pending
2328,2026-07-20 18:49:00,128,Cancelled
2329,2025-07-26 05:22:00,161,Cancelled
2330,2026-06-12 15:13:00,312,Completed
2331,2025-02-17 06:42:00,302,Cancelled
2332,2026-07-09 09:06:00,64,Pending
2333,2026-04-07 08:42:00,59,Pending
2334,2025-08-14 04:07:00,371,Pending
2335,2025-04-14 06:57:00,88,Cancelled
2336,2026-01-09 10:42:00,490,Pending
2337,2025-04-01 17:52:00,394,Completed
2338,2025-02-23 13:21:00,88,Pending
2339,2025-05-14 23:06:00,373,Completed
2340,2025-04-02 00:36:00,57,Completed
2341,2025-12-30 19:13:00,102,Cancelled
2342,2026-07-24 21:24:00,314,Completed
2343,2025-11-06 12:55:00,188,Completed
2344,2026-02-07 14:41:00,32,Completed
2345,2026-04-11 22:10:00,52,Completed
2346,2025-06-08 14:59:00,322,Completed
2347,2025-11-03 03:02:00,314,Pending
2348,2025-03-05 13:37:00,301,Cancelled
2349,2025-08-04 10:28:00,477,Completed
2350,2025-07-09 12:08:00,430,Completed
2351,2026-08-21 10:50:00,229,Completed
2352,2026-07-13 08:22:00,462,Completed
2353,2026-02-25 13:06:00,283,Completed
2354,2026-01-27 15:44:00,403,Completed
2355,2025-03-31 08:22:00,431,Completed
2356,2026-06-08 23:43:00,168,Completed
2357,2025-02-03 15:27:00,225,Pending
2358,2025-11-14 14:12:00,179,Pending
2359,2026-02-13 17:19:00,149,Pending
2360,2025-06-18 13:06:00,125,Pending
2361,2026-06-28 01:46:00,140,Completed
2362,2025-12-02 18:03:00,356,Completed
2363,2026-04-16 16:41:00,471,Cancelled
2364,2026-01-11 14:14:00,406,Completed
2365,2026-01-16 02:03:00,353,Completed
2366,2026-07-25 17:36:00,220,Pending
2367,2025-09-26 02:17:00,138,Completed
2368,2025-06-21 10:18:00,45,Cancelled
2369,2025-01-24 18:10:00,241,Completed
2370,2025-01-19 11:47:00,431,Completed
2371,2026-04-13 19:49:00,392,Cancelled
2372,2026-07-01 13:46:00,240,Cancelled
2373,2025-10-18 15:29:00,195,Pending
2374,2025-04-12 01:20:00,92,Pending
2375,2025-09-20 05:38:00,350,Completed
2376,2025-09-16 22:30:00,352,Completed
2377,2026-05-29 03:12:00,54,Pending
2378,2026-03-08 13:31:00,254,Cancelled
2379,2026-07-06 01:58:00,436,Cancelled
2380,2026-01-17 20:18:00,406,Completed
2381,2026-06-23 03:10:00,482,Cancelled
2382,2026-05-23 00:45:00,269,Pending
2383,2025-05-30 05:00:00,143,Pending
2384,2026-02-26 15:50:00,79,Completed
2385,2025-06-23 06:04:00,136,Cancelled
2386,2026-04-02 14:34:00,183,Completed
2387,2026-01-12 20:56:00,473,Completed
2388,2025-12-15 02:39:00,155,Completed
2389,2025-08-28 23:26:00,12,Pending
2390,2025-04-17 09:48:00,217,Completed
2391,2025-03-06 07:52:00,470,Pending
2392,2025-06-02 22:47:00,412,Cancelled
2393,2025-05-21 04:42:00,63,Pending
2394,2026-07-31 13:46:00,438,Pending
2395,2025-11-18 11:11:00,195,Completed
2396,2026-04-09 14:28:00,495,Completed
2397,2026-01-17 18:31:00,25,Completed
2398,2025-01-18 07:16:00,231,Pending
2399,2025-03-25 17:40:00,40,Completed
2400,2026-04-12 19:23:00,279,Completed
2401,2025-10-09 08:45:00,457,Completed
2402,2026-01-09 20:22:00,192,Pending
2403,2025-04-14 10:40:00,19,Pending
2404,2025-11-27 23:40:00,231,Completed
2405,2025-04-20 23:35:00,337,Completed
2406,2026-05-28 18:07:00,363,Pending
2407,2025-06-20 04:05:00,117,Completed
2408,2025-07-15 18:21:00,451,Pending
2409,2026-08-13 21:01:00,417,Cancelled
2410,2025-10-16 08:44:00,145,Pending
2411,2026-07-16 02:40:00,399,Completed
2412,2026-03-14 10:18:00,7,Completed
2413,2025-10-19 10:25:00,482,Completed
2414,2025-10-01 23:08:00,25,Completed
2415,2025-02-26 00:53:00,102,Completed
2416,2025-11-02 05:04:00,355,Pending
2417,2025-03-02 08:47:00,381,Completed
2418,2026-05-11 17:10:00,372,Pending
2419,2025-01-04 13:53:00,382,Completed
2420,2025-03-16 02:14:00,118,Pending
2421,2026-04-11 09:31:00,426,Completed
2422,2026-06-27 10:37:00,127,Completed
2423,2026-05-17 11:09:00,363,Completed
2424,2025-05-20 07:42:00,234,Completed
2425,2026-06-06 17:37:00,409,Cancelled
2426,2025-06-21 18:01:00,111,Pending
2427,2026-04-04 00:01:00,236,Completed
2428,2026-07-06 15:20:00,119,Pending
2429,2025-06-05 17:24:00,458,Cancelled
2430,2025-12-27 00:49:00,477,Completed
2431,2026-02-02 19:05:00,244,Cancelled
2432,2026-05-15 21:11:00,482,Cancelled
2433,2025-05-11 14:34:00,384,Completed
2434,2026-04-24 02:19:00,137,Completed
2435,2026-05-29 00:03:00,367,Completed
2436,2026-07-25 08:55:00,298,Cancelled
2437,2025-04-07 16:49:00,39,Completed
2438,2026-07-27 04:49:00,125,Pending
2439,2025-04-18 07:32:00,138,Cancelled
2440,2025-01-02 22:52:00,459,Completed
2441,2025-06-10 10:36:00,424,Pending
2442,2026-07-23 03:13:00,160,Completed
2443,2025-01-26 11:07:00,419,Completed
2444,2026-01-12 08:03:00,116,Completed
2445,2025-04-14 10:59:00,325,Pending
2446,2025-10-05 14:16:00,381,Completed
2447,2025-08-20 07:24:00,446,Cancelled
2448,2025-06-22 15:53:00,184,Completed
2449,2026-03-04 23:25:00,22,Cancelled
2450,2025-01-08 03:58:00,378,Cancelled
2451,2026-08-21 05:09:00,59,Cancelled
2452,2025-05-08 21:57:00,324,Pending
2453,2026-05-25 14:07:00,418,Cancelled
2454,2025-10-11 12:14:00,222,Completed
2455,2025-01-02 20:58:00,456,Completed
2456,2026-06-12 01:27:00,414,Completed
2457,2026-02-20 11:22:00,411,Pending
2458,2025-01-14 13:40:00,384,Completed
2459,2026-05-09 15:01:00,126,Completed
2460,2025-11-30 06:55:00,9,Pending
2461,2026-03-25 21:52:00,413,Completed
2462,2026-06-29 17:36:00,8,Cancelled
2463,2026-06-28 13:03:00,194,Completed
2464,2026-02-04 15:13:00,302,Pending
2465,2025-07-31 22:54:00,400,Completed
2466,2026-08-05 06:08:00,197,Completed
2467,2025-04-27 18:19:00,300,Pending
2468,2026-02-09 01:52:00,417,Pending
2469,2025-11-08 08:24:00,452,Pending
2470,2025-08-12 06:27:00,487,Cancelled
2471,2025-03-24 06:20:00,326,Cancelled
2472,2026-01-10 02:26:00,144,Pending
2473,2025-07-07 02:18:00,290,Pending
2474,2025-08-12 17:48:00,51,Completed
2475,2025-09-26 03:34:00,219,Pending
2476,2025-02-27 12:15:00,477,Completed
2477,2026-02-25 15:51:00,85,Pending
2478,2025-11-26 18:44:00,324,Completed
2479,2025-07-18 11:02:00,415,Completed
2480,2026-06-14 15:59:00,37,Completed
2481,2025-02-28 15:10:00,407,Completed
2482,2025-06-22 07:31:00,307,Cancelled
2483,2025-03-14 11:59:00,8,Completed
2484,2026-07-22 07:35:00,331,Completed
2485,2025-03-04 05:54:00,71,Pending
2486,2025-08-02 20:57:00,200,Completed
2487,2026-07-26 21:42:00,442,Completed
2488,2026-08-06 01:15:00,175,Completed
2489,2026-05-31 14:16:00,414,Completed
2490,2025-09-29 10:33:00,174,Pending
2491,2026-02-11 14:13:00,278,Pending
2492,2026-04-02 13:13:00,94,Completed
2493,2026-06-21 09:00:00,204,Completed
2494,2025-03-10 16:05:00,375,Completed
2495,2025-01-24 02:28:00,70,Completed
2496,2026-05-21 06:08:00,384,Cancelled
2497,2025-01-01 20:11:00,214,Pending
2498,2025-03-24 06:36:00,14,Completed
2499,2026-04-09 22:00:00,267,Completed
2500,2025-04-18 04:36:00,316,Completed
2501,2026-08-06 16:28:00,17,Completed
2502,2025-04-13 03:33:00,493,Cancelled
2503,2026-03-20 04:46:00,52,Pending
2504,2025-09-25 03:11:00,452,Completed
2505,2025-02-22 07:15:00,255,Completed
2506,2026-06-19 16:13:00,122,Completed
2507,2025-09-20 06:37:00,408,Pending
2508,2025-09-14 10:47:00,32,Pending
2509,2026-01-01 11:50:00,107,Cancelled
2510,2026-07-22 09:36:00,63,Completed
2511,2026-04-27 06:47:00,90,Completed
2512,2025-08-04 14:00:00,160,Completed
2513,2026-03-29 16:24:00,325,Cancelled
2514,2025-11-18 02:15:00,436,Completed
2515,2025-04-13 13:51:00,50,Pending
2516,2026-08-07 16:34:00,164,Pending
2517,2026-01-09 03:11:00,239,Cancelled
2518,2026-03-01 15:45:00,88,Completed
2519,2026-04-08 04:53:00,340,Cancelled
2520,2026-06-18 16:08:00,125,Pending
2521,2025-08-24 00:54:00,171,Pending
2522,2025-05-16 01:06:00,211,Completed
2523,2025-07-06 10:14:00,156,Completed
2524,2025-06-07 04:48:00,160,Pending
2525,2025-09-10 12:37:00,475,Completed
2526,2025-08-08 20:47:00,365,Completed
2527,2025-06-16 01:10:00,243,Completed
2528,2026-03-03 21:27:00,381,Pending
2529,2025-04-22 02:05:00,296,Cancelled
2530,2025-11-03 22:05:00,128,Completed
2531,2025-05-07 03:55:00,300,Cancelled
2532,2025-06-04 11:55:00,275,Cancelled
2533,2025-12-03 19:28:00,496,Completed
2534,2025-02-28 20:12:00,339,Pending
2535,2025-01-16 03:17:00,95,Completed
2536,2025-11-07 08:49:00,81,Pending
2537,2026-01-12 13:38:00,401,Completed
2538,2025-11-30 16:44:00,485,Pending
2539,2025-10-19 12:21:00,95,Completed
2540,2025-01-29 06:03:00,138,Cancelled
2541,2026-08-10 23:20:00,463,Completed
2542,2026-04-11 18:58:00,270,Pending
2543,2026-05-28 02:58:00,381,Completed
2544,2025-11-08 21:36:00,261,Completed
2545,2026-06-30 20:00:00,330,Pending
2546,2025-06-15 14:00:00,280,Completed
2547,2026-02-18 12:59:00,344,Pending
2548,2025-01-03 12:12:00,103,Completed
2549,2026-01-05 02:02:00,113,Pending
2550,2025-11-10 14:46:00,234,Completed
2551,2025-01-10 22:32:00,254,Cancelled
2552,2025-08-06 06:28:00,478,Completed
2553,2025-09-04 09:59:00,267,Completed
2554,2025-10-20 10:09:00,452,Completed
2555,2026-06-11 11:31:00,359,Pending
2556,2025-06-18 10:49:00,349,Pending
2557,2025-03-09 17:59:00,198,Completed
2558,2025-12-29 23:48:00,30,Completed
2559,2025-02-05 09:14:00,336,Completed
2560,2026-01-14 09:05:00,103,Cancelled
2561,2025-11-14 09:02:00,400,Cancelled
2562,2025-06-15 21:18:00,294,Pending
2563,2025-05-20 07:38:00,213,Pending
2564,2025-11-18 03:51:00,461,Completed
2565,2026-04-13 06:02:00,247,Completed
2566,2025-12-24 14:24:00,409,Completed
2567,2025-03-15 11:16:00,465,Completed
2568,2025-04-13 19:54:00,412,Completed
2569,2025-02-01 01:09:00,40,Pending
2570,2026-08-04 21:05:00,248,Pending
2571,2025-11-23 13:20:00,68,Completed
2572,2026-04-17 09:38:00,222,Completed
2573,2025-10-11 18:42:00,59,Completed
2574,2025-10-11 13:08:00,6,Cancelled
2575,2026-07-24 07:09:00,33,Completed
2576,2026-06-06 12:34:00,305,Pending
2577,2025-06-19 11:18:00,53,Pending
2578,2025-03-19 05:07:00,138,Completed
2579,2026-06-04 00:07:00,311,Completed
2580,2025-10-16 00:57:00,421,Completed
2581,2025-09-21 23:45:00,170,Completed
2582,2025-09-04 18:29:00,469,Completed
2583,2025-03-22 13:10:00,166,Cancelled
2584,2025-03-12 07:47:00,46,Completed
2585,2026-01-17 20:58:00,17,Pending
2586,2025-07-05 18:43:00,392,Pending
2587,2026-07-16 23:15:00,16,Completed
2588,2025-08-30 22:55:00,87,Completed
2589,2026-02-01 19:15:00,463,Pending
2590,2025-11-23 17:53:00,480,Pending
2591,2026-01-11 22:56:00,272,Pending
2592,2025-12-14 20:56:00,481,Cancelled
2593,2026-03-09 02:57:00,236,Pending
2594,2026-01-22 02:46:00,357,Completed
2595,2026-01-20 04:49:00,322,Pending
2596,2025-07-30 07:47:00,482,Completed
2597,2025-06-15 21:34:00,110,Completed
2598,2026-05-06 10:38:00,229,Cancelled
2599,2025-09-10 06:25:00,240,Cancelled
2600,2026-03-25 21:23:00,165,Completed
2601,2025-02-11 04:42:00,44,Completed
2602,2026-03-12 17:28:00,298,Completed
2603,2025-11-28 02:40:00,449,Pending
2604,2026-02-18 13:24:00,487,Completed
2605,2026-02-01 15:23:00,124,Completed
2606,2025-03-27 21:15:00,227,Completed
2607,2025-02-18 06:44:00,325,Completed
2608,2025-07-15 15:13:00,71,Completed
2609,2025-11-03 02:53:00,286,Completed
2610,2026-01-16 07:58:00,335,Pending
2611,2025-12-03 05:34:00,224,Completed
2612,2026-08-10 18:54:00,457,Cancelled
2613,2025-06-14 11:44:00,116,Cancelled
2614,2026-02-02 13:12:00,290,Completed
2615,2026-05-23 17:04:00,478,Completed
2616,2026-05-16 10:33:00,310,Completed
2617,2025-10-21 08:40:00,401,Pending
2618,2025-07-02 06:11:00,117,Completed
2619,2025-07-03 16:19:00,160,Completed
2620,2026-05-03 13:00:00,185,Completed
2621,2025-04-04 06:26:00,156,Pending
2622,2026-02-21 05:33:00,360,Completed
2623,2025-07-11 10:16:00,425,Completed
2624,2025-06-23 18:07:00,13,Completed
2625,2026-04-24 09:39:00,425,Completed
2626,2025-02-24 03:09:00,473,Completed
2627,2025-09-17 00:46:00,33,Completed
2628,2025-06-06 02:21:00,159,Completed
2629,2025-03-10 18:10:00,421,Completed
2630,2025-12-09 11:26:00,251,Completed
2631,2026-08-04 03:56:00,17,Completed
2632,2025-08-12 23:29:00,91,Completed
2633,2025-12-15 13:54:00,481,Completed
2634,2026-08-14 06:25:00,251,Cancelled
2635,2025-02-03 05:19:00,131,Completed
2636,2025-11-16 08:28:00,416,Cancelled
2637,2025-04-21 09:06:00,141,Completed
2638,2025-11-16 14:35:00,463,Pending
2639,2026-08-01 18:31:00,158,Pending
2640,2026-02-12 12:16:00,199,Completed
2641,2026-06-21 20:58:00,499,Cancelled
2642,2025-04-19 05:33:00,476,Cancelled
2643,2025-01-13 00:08:00,280,Completed
2644,2026-08-23 02:39:00,49,Completed
2645,2026-01-18 02:00:00,397,Completed
2646,2025-04-12 01:36:00,52,Completed
2647,2025-12-15 19:57:00,125,Pending
2648,2025-08-25 22:10:00,305,Completed
2649,2026-07-15 23:01:00,323,Pending
2650,2025-08-05 21:12:00,307,Cancelled
2651,2026-03-21 06:33:00,129,Completed
2652,2025-09-02 09:53:00,350,Completed
2653,2025-04-18 17:02:00,276,Pending
2654,2025-02-02 20:29:00,22,Completed
2655,2026-07-08 02:25:00,188,Pending
2656,2025-09-23 20:17:00,158,Pending
2657,2025-07-11 21:35:00,81,Cancelled
2658,2025-01-21 23:07:00,345,Pending
2659,2026-05-16 02:41:00,487,Completed
2660,2025-01-06 22:03:00,244,Completed
2661,2025-12-08 01:54:00,115,Completed
2662,2025-07-30 15:27:00,322,Completed
2663,2025-10-23 23:23:00,75,Completed
2664,2025-03-05 03:56:00,141,Pending
2665,2025-09-28 11:36:00,219,Completed
2666,2025-07-15 06:19:00,87,Completed
2667,2025-07-05 15:35:00,334,Completed
2668,2025-10-25 01:58:00,388,Completed
2669,2026-01-03 16:46:00,414,Completed
2670,2025-07-07 09:44:00,62,Pending
2671,2025-01-20 21:26:00,3,Cancelled
2672,2026-05-13 08:56:00,212,Completed
2673,2026-03-16 08:29:00,484,Cancelled
2674,2025-06-21 06:38:00,433,Pending
2675,2025-10-28 12:28:00,99,Pending
2676,2026-01-25 03:44:00,335,Pending
2677,2025-12-28 12:18:00,52,Pending
2678,2025-06-04 18:27:00,464,Completed
2679,2025-02-14 11:07:00,14,Completed
2680,2026-07-01 21:24:00,159,Completed
2681,2026-08-03 09:09:00,72,Completed
2682,2025-10-08 05:01:00,110,Pending
2683,2025-09-26 13:30:00,49,Completed
2684,2026-01-21 20:49:00,90,Completed
2685,2025-12-16 20:11:00,453,Pending
2686,2026-02-02 08:08:00,315,Pending
2687,2026-01-27 10:24:00,34,Completed
2688,2026-06-03 00:45:00,214,Completed
2689,2025-10-20 06:56:00,361,Completed
2690,2026-05-13 19:57:00,22,Completed
2691,2026-05-23 22:45:00,378,Completed
2692,2025-02-18 08:49:00,323,Completed
2693,2025-02-23 20:14:00,20,Completed
2694,2025-12-28 08:18:00,436,Completed
2695,2025-10-14 12:10:00,268,Completed
2696,2026-07-22 10:07:00,437,Completed
2697,2025-04-27 02:24:00,67,Completed
2698,2026-01-20 08:22:00,375,Completed
2699,2026-07-24 02:29:00,70,Completed
2700,2025-02-17 02:31:00,46,Cancelled
2701,2025-09-29 06:17:00,422,Pending
2702,2025-11-02 13:41:00,273,Completed
2703,2025-01-12 01:16:00,456,Cancelled
2704,2025-05-23 22:58:00,38,Completed
2705,2025-06-19 13:28:00,215,Completed
2706,2025-06-17 05:25:00,287,Completed
2707,2025-04-04 22:18:00,129,Pending
2708,2026-01-23 06:51:00,476,Pending
2709,2026-05-15 19:48:00,399,Cancelled
2710,2025-01-13 15:13:00,316,Pending
2711,2025-01-04 14:10:00,140,Pending
2712,2026-01-28 20:03:00,372,Completed
2713,2025-10-26 02:36:00,364,Pending
2714,2025-06-23 06:55:00,205,Pending
2715,2025-04-06 04:33:00,217,Pending
2716,2026-01-17 16:37:00,264,Pending
2717,2025-12-26 07:41:00,357,Completed
2718,2025-09-22 00:31:00,263,Completed
2719,2026-07-24 08:24:00,103,Completed
2720,2025-03-31 07:00:00,381,Pending
2721,2025-05-01 13:49:00,183,Completed
2722,2025-12-28 08:08:00,414,Completed
2723,2025-08-29 10:10:00,295,Pending
2724,2026-04-15 21:55:00,3,Completed
2725,2025-08-04 16:24:00,4,Cancelled
2726,2025-08-17 03:35:00,446,Completed
2727,2026-07-21 04:00:00,354,Completed
2728,2026-04-03 09:49:00,120,Completed
2729,2025-12-29 06:21:00,371,Completed
2730,2026-01-25 23:39:00,12,Pending
2731,2026-01-30 03:06:00,440,Pending
2732,2025-07-29 04:54:00,432,Cancelled
2733,2026-07-04 08:06:00,492,Completed
2734,2025-06-07 03:45:00,131,Completed
2735,2025-08-13 18:52:00,13,Completed
2736,2026-06-18 03:35:00,350,Cancelled
2737,2026-04-19 22:15:00,435,Completed
2738,2025-11-03 15:52:00,199,Cancelled
2739,2025-03-14 12:51:00,244,Cancelled
2740,2025-09-03 01:41:00,225,Completed
2741,2025-03-09 12:44:00,106,Completed
2742,2026-03-07 02:45:00,306,Completed
2743,2026-03-26 17:51:00,478,Pending
2744,2025-07-30 12:09:00,315,Completed
2745,2025-05-16 15:22:00,465,Completed
2746,2026-04-01 22:57:00,165,Cancelled
2747,2025-08-15 09:22:00,191,Pending
2748,2025-06-04 08:58:00,83,Completed
2749,2025-08-08 17:04:00,472,Pending
2750,2026-03-31 17:56:00,234,Completed
2751,2025-08-31 16:56:00,380,Completed
2752,2026-08-20 20:29:00,403,Completed
2753,2025-10-10 03:45:00,484,Completed
2754,2025-11-22 05:27:00,259,Cancelled
2755,2026-02-12 05:38:00,48,Pending
2756,2025-08-31 09:20:00,297,Completed
2757,2025-11-09 04:58:00,221,Cancelled
2758,2025-12-04 15:15:00,35,Completed
2759,2025-03-11 23:30:00,92,Cancelled
2760,2025-07-23 05:26:00,190,Completed
2761,2026-03-03 21:59:00,129,Completed
2762,2025-04-28 09:00:00,436,Pending
2763,2025-05-01 19:09:00,449,Cancelled
2764,2025-05-07 05:59:00,164,Pending
2765,2025-07-21 08:52:00,481,Completed
2766,2026-05-30 03:49:00,117,Completed
2767,2025-09-22 21:17:00,282,Cancelled
2768,2025-05-08 10:03:00,75,Completed
2769,2026-06-27 00:15:00,132,Pending
2770,2026-08-02 13:31:00,132,Completed
2771,2025-01-19 15:26:00,112,Pending
2772,2026-04-18 20:16:00,372,Completed
2773,2026-03-19 07:59:00,24,Cancelled
2774,2025-06-10 09:21:00,181,Completed
2775,2026-08-17 23:28:00,335,Pending
2776,2025-11-26 22:35:00,452,Completed
2777,2026-03-08 07:17:00,457,Completed
2778,2025-03-02 18:38:00,79,Cancelled
2779,2025-06-05 08:58:00,129,Pending
2780,2025-02-22 00:23:00,327,Completed
2781,2026-08-15 20:26:00,401,Pending
2782,2025-12-03 15:44:00,189,Completed
2783,2025-08-21 04:02:00,197,Completed
2784,2025-05-14 12:50:00,326,Cancelled
2785,2025-09-04 05:55:00,260,Completed
2786,2025-09-17 23:12:00,44,Completed
2787,2026-06-18 18:13:00,433,Cancelled
2788,2026-01-10 23:38:00,121,Completed
2789,2026-06-09 16:13:00,289,Pending
2790,2025-05-24 22:43:00,443,Pending
2791,2025-03-14 03:24:00,332,Completed
2792,2025-08-30 14:13:00,343,Pending
2793,2025-10-20 03:20:00,105,Pending
2794,2025-08-23 07:25:00,311,Completed
2795,2025-07-31 16:55:00,141,Completed
2796,2026-05-07 16:09:00,498,Cancelled
2797,2026-06-10 06:32:00,483,Completed
2798,2026-05-16 01:33:00,18,Completed
2799,2026-05-06 10:25:00,109,Completed
2800,2026-02-12 07:43:00,205,Completed
2801,2025-02-20 13:21:00,350,Cancelled
2802,2025-10-20 17:22:00,417,Completed
2803,2025-12-28 08:23:00,453,Cancelled
2804,2025-07-08 20:19:00,63,Completed
2805,2025-11-30 21:24:00,354,Completed
2806,2026-07-04 00:53:00,386,Completed
2807,2026-05-27 19:45:00,263,Completed
2808,2025-10-20 18:36:00,290,Completed
2809,2026-06-29 01:21:00,189,Completed
2810,2025-12-18 13:47:00,290,Completed
2811,2026-08-03 21:53:00,443,Completed
2812,2025-07-29 06:37:00,233,Completed
2813,2026-01-29 15:15:00,291,Completed
2814,2026-05-23 21:40:00,422,Pending
2815,2026-06-11 06:33:00,436,Completed
2816,2026-05-15 19:08:00,230,Completed
2817,2025-03-21 05:26:00,39,Cancelled
2818,2025-04-25 12:54:00,494,Completed
2819,2026-02-05 10:45:00,294,Completed
2820,2026-06-13 18:39:00,416,Completed
2821,2025-01-09 01:40:00,344,Pending
2822,2025-01-02 19:41:00,73,Pending
2823,2026-08-04 16:27:00,456,Completed
2824,2025-09-07 17:14:00,486,Cancelled
2825,2025-07-08 16:56:00,143,Pending
2826,2026-03-29 01:19:00,452,Completed
2827,2025-12-17 04:57:00,495,Pending
2828,2025-11-18 12:15:00,499,Pending
2829,2026-06-07 07:41:00,363,Cancelled
2830,2025-06-28 22:44:00,355,Completed
2831,2025-04-20 17:36:00,208,Pending
2832,2026-05-13 06:06:00,296,Pending
2833,2025-10-14 07:24:00,262,Cancelled
2834,2025-09-22 16:48:00,319,Completed
2835,2025-04-28 00:10:00,405,Cancelled
2836,2026-04-30 16:35:00,337,Pending
2837,2025-07-20 19:00:00,84,Completed
2838,2026-01-07 13:00:00,187,Completed
2839,2025-10-30 21:33:00,72,Pending
2840,2025-08-16 09:57:00,234,Completed
2841,2025-09-08 10:59:00,497,Completed
2842,2026-02-04 07:33:00,439,Cancelled
2843,2025-01-27 21:51:00,469,Completed
2844,2026-02-24 09:39:00,122,Pending
2845,2025-03-08 14:20:00,315,Completed
2846,2025-11-08 14:45:00,240,Completed
2847,2025-04-14 06:52:00,29,Completed
2848,2026-01-06 15:38:00,177,Pending
2849,2025-11-11 10:57:00,68,Completed
2850,2025-04-04 07:09:00,266,Pending
2851,2026-04-30 05:34:00,480,Completed
2852,2025-01-16 06:08:00,69,Completed
2853,2026-01-13 11:20:00,109,Pending
2854,2025-12-26 17:06:00,131,Completed
2855,2025-08-06 06:55:00,46,Completed
2856,2025-08-06 18:06:00,119,Completed
2857,2025-03-23 22:31:00,317,Pending
2858,2025-08-26 04:39:00,373,Pending
2859,2025-02-21 22:01:00,162,Completed
2860,2026-05-07 14:40:00,47,Completed
2861,2026-03-13 05:05:00,317,Cancelled
2862,2026-02-07 01:35:00,107,Pending
2863,2026-08-03 18:18:00,295,Completed
2864,2026-08-06 05:02:00,333,Completed
2865,2025-10-20 06:39:00,199,Completed
2866,2026-01-19 02:53:00,437,Completed
2867,2025-11-25 19:36:00,345,Pending
2868,2025-11-18 22:07:00,348,Cancelled
2869,2025-07-10 10:22:00,256,Completed
2870,2026-04-23 02:35:00,202,Cancelled
2871,2025-09-12 20:46:00,36,Pending
2872,2026-07-29 08:00:00,354,Completed
2873,2025-12-19 08:31:00,202,Pending
2874,2026-01-06 03:27:00,32,Completed
2875,2025-11-10 08:00:00,83,Cancelled
2876,2025-03-09 16:44:00,351,Pending
2877,2026-01-24 08:22:00,147,Pending
2878,2026-04-08 12:14:00,45,Completed
2879,2025-05-19 05:12:00,280,Completed
2880,2026-01-29 21:08:00,300,Completed
2881,2025-12-23 13:00:00,434,Completed
2882,2025-06-05 05:16:00,487,Completed
2883,2026-06-16 17:31:00,89,Pending
2884,2026-01-31 05:17:00,303,Cancelled
2885,2025-05-12 11:56:00,464,Cancelled
2886,2025-11-05 19:05:00,138,Pending
2887,2026-05-18 19:47:00,204,Completed
2888,2026-05-15 18:34:00,351,Pending
2889,2025-03-27 23:43:00,118,Completed
2890,2025-10-23 19:08:00,134,Completed
2891,2026-07-06 03:41:00,401,Completed
2892,2025-02-19 12:38:00,364,Pending
2893,2025-12-01 07:44:00,388,Pending
2894,2025-07-27 02:15:00,329,Cancelled
2895,2025-11-07 01:29:00,98,Completed
2896,2025-08-31 20:54:00,8,Completed
2897,2025-01-18 00:13:00,373,Pending
2898,2026-05-05 12:04:00,305,Cancelled
2899,2025-08-11 00:52:00,357,Completed
2900,2025-04-18 07:07:00,399,Pending
2901,2025-07-24 21:27:00,229,Pending
2902,2025-03-26 20:15:00,353,Completed
2903,2025-02-05 20:52:00,488,Completed
2904,2025-04-23 14:19:00,304,Cancelled
2905,2025-11-18 14:18:00,325,Completed
2906,2025-06-12 21:20:00,71,Cancelled
2907,2026-05-14 01:29:00,113,Completed
2908,2025-04-02 23:35:00,117,Completed
2909,2025-12-20 12:10:00,16,Completed
2910,2025-08-15 05:35:00,350,Completed
2911,2026-05-16 15:26:00,400,Completed
2912,2025-01-01 23:09:00,490,Pending
2913,2025-04-02 07:51:00,406,Completed
2914,2026-06-10 20:14:00,110,Pending
2915,2026-08-10 20:29:00,366,Completed
2916,2025-09-16 13:36:00,141,Completed
2917,2025-05-30 21:00:00,492,Cancelled
2918,2025-01-20 19:20:00,104,Cancelled
2919,2025-11-19 05:36:00,2,Completed
2920,2025-08-09 21:05:00,146,Completed
2921,2025-09-26 03:36:00,358,Completed
2922,2025-01-15 12:58:00,363,Completed
2923,2025-09-19 16:32:00,77,Completed
2924,2026-02-04 15:59:00,450,Pending
2925,2026-04-27 07:55:00,165,Completed
2926,2025-10-08 06:39:00,299,Completed
2927,2026-07-17 21:53:00,199,Pending
2928,2026-03-17 17:45:00,226,Cancelled
2929,2026-05-20 19:43:00,46,Cancelled
2930,2025-12-31 18:27:00,338,Completed
2931,2025-07-02 18:02:00,408,Completed
2932,2025-04-25 03:34:00,239,Completed
2933,2026-01-26 00:32:00,486,Completed
2934,2026-07-05 03:24:00,212,Cancelled
2935,2026-01-31 16:39:00,143,Pending
2936,2025-09-24 06:22:00,393,Completed
2937,2026-03-29 13:40:00,186,Pending
2938,2026-05-24 23:09:00,3,Completed
2939,2026-07-20 04:24:00,63,Completed
2940,2025-07-11 09:47:00,190,Completed
2941,2025-05-08 06:14:00,63,Pending
2942,2025-01-26 03:31:00,373,Completed
2943,2025-09-01 02:57:00,21,Cancelled
2944,2026-05-31 14:52:00,70,Completed
2945,2026-04-17 13:41:00,464,Pending
2946,2026-04-19 20:47:00,69,Completed
2947,2025-09-19 10:03:00,447,Pending
2948,2025-06-08 10:58:00,168,Completed
2949,2026-08-17 18:05:00,115,Completed
2950,2026-05-18 08:46:00,227,Completed
2951,2026-08-02 00:23:00,255,Completed
2952,2026-05-28 19:10:00,324,Pending
2953,2025-12-12 19:37:00,143,Completed
2954,2025-02-23 03:20:00,429,Completed
2955,2026-02-23 21:53:00,260,Pending
2956,2025-06-04 01:10:00,437,Cancelled
2957,2026-01-11 17:58:00,241,Completed
2958,2026-07-09 17:02:00,174,Completed
2959,2026-03-20 12:33:00,58,Completed
2960,2026-01-24 18:03:00,33,Pending
2961,2025-12-02 23:00:00,245,Completed
2962,2025-12-09 14:26:00,388,Completed
2963,2026-03-19 00:58:00,24,Cancelled
2964,2025-10-25 22:00:00,303,Cancelled
2965,2025-07-21 05:13:00,182,Completed
2966,2025-02-23 22:17:00,63,Pending
2967,2026-04-16 05:07:00,143,Completed
2968,2026-02-23 00:35:00,341,Pending
2969,2025-07-27 13:08:00,221,Pending
2970,2025-05-12 06:12:00,31,Completed
2971,2026-06-16 18:06:00,485,Pending
2972,2025-08-04 00:22:00,373,Completed
2973,2025-09-12 08:31:00,380,Completed
2974,2026-07-25 02:34:00,334,Completed
2975,2025-05-10 01:11:00,323,Completed
2976,2026-06-29 05:40:00,472,Completed
2977,2025-11-10 09:30:00,367,Completed
2978,2025-12-29 04:38:00,304,Completed
2979,2026-02-21 12:02:00,485,Cancelled
2980,2026-03-02 07:57:00,266,Completed
2981,2025-10-16 12:35:00,147,Completed
2982,2026-01-04 16:32:00,425,Pending
2983,2025-06-16 09:59:00,374,Pending
2984,2025-01-10 15:43:00,395,Pending
2985,2026-03-04 08:17:00,462,Completed
2986,2025-04-10 13:39:00,299,Completed
2987,2026-08-16 09:06:00,292,Pending
2988,2025-09-10 06:34:00,96,Completed
2989,2026-05-14 17:03:00,283,Cancelled
2990,2025-02-06 19:36:00,89,Completed
2991,2026-02-26 17:18:00,80,Cancelled
2992,2026-07-04 07:22:00,206,Cancelled
2993,2025-05-21 11:00:00,371,Completed
2994,2025-01-05 14:13:00,99,Pending
2995,2025-12-10 12:35:00,249,Completed
2996,2025-10-13 15:15:00,176,Cancelled
2997,2026-01-29 09:24:00,455,Pending
2998,2025-04-10 13:51:00,91,Cancelled
2999,2026-08-01 03:23:00,310,Completed
3000,2025-11-28 15:11:00,446,Completed
3001,2026-05-19 22:44:00,299,Pending
3002,2026-06-22 03:07:00,480,Completed
3003,2025-04-07 07:03:00,311,Completed
3004,2025-12-08 00:56:00,369,Completed
3005,2025-12-22 08:03:00,230,Cancelled
3006,2025-01-02 15:22:00,230,Completed
3007,2026-08-16 07:44:00,45,Completed
3008,2025-10-12 05:52:00,78,Completed
3009,2025-10-07 22:24:00,370,Completed
3010,2025-10-29 13:38:00,486,Completed
3011,2026-06-02 21:58:00,327,Pending
3012,2025-11-23 00:59:00,392,Pending
3013,2026-04-23 20:23:00,222,Completed
3014,2025-03-14 04:14:00,180,Completed
3015,2025-07-06 08:27:00,451,Completed
3016,2026-03-02 05:56:00,15,Pending
3017,2026-02-04 03:51:00,360,Pending
3018,2025-10-04 23:51:00,167,Completed
3019,2025-09-01 13:11:00,36,Completed
3020,2026-07-31 09:04:00,406,Completed
3021,2025-07-10 16:40:00,321,Completed
3022,2025-06-13 19:43:00,411,Completed
3023,2025-04-03 19:03:00,444,Completed
3024,2026-05-14 23:52:00,415,Completed
3025,2026-02-28 13:57:00,204,Cancelled
3026,2025-05-23 16:59:00,244,Completed
3027,2026-02-21 18:07:00,134,Completed
3028,2026-08-20 04:50:00,170,Cancelled
3029,2026-05-06 02:25:00,289,Pending
3030,2025-06-11 19:09:00,285,Cancelled
3031,2025-03-02 15:35:00,96,Completed
3032,2026-07-24 05:43:00,122,Pending
3033,2026-07-16 10:48:00,27,Pending
3034,2025-08-22 04:56:00,116,Completed
3035,2025-12-12 10:25:00,58,Completed
3036,2026-05-04 11:03:00,41,Completed
3037,2026-07-19 04:09:00,354,Pending
3038,2025-02-28 17:34:00,305,Pending
3039,2026-07-10 22:38:00,388,Pending
3040,2025-10-01 15:54:00,339,Cancelled
3041,2026-03-17 09:54:00,443,Completed
3042,2025-01-10 03:06:00,336,Completed
3043,2025-10-08 07:52:00,140,Completed
3044,2025-01-07 13:35:00,219,Pending
3045,2025-04-15 12:13:00,76,Cancelled
3046,2025-07-18 10:55:00,125,Completed
3047,2026-05-22 15:20:00,37,Completed
3048,2025-04-25 15:15:00,179,Completed
3049,2026-02-09 04:52:00,132,Completed
3050,2025-10-22 23:42:00,241,Pending
3051,2025-12-26 10:12:00,318,Pending
3052,2025-04-14 13:38:00,476,Completed
3053,2026-03-27 17:36:00,432,Pending
3054,2025-11-21 14:07:00,148,Completed
3055,2026-02-06 08:30:00,428,Completed
3056,2025-10-29 19:37:00,255,Completed
3057,2026-07-15 02:16:00,451,Completed
3058,2025-04-16 16:03:00,223,Completed
3059,2025-03-21 10:43:00,373,Completed
3060,2025-05-14 12:07:00,89,Cancelled
3061,2025-12-17 09:46:00,107,Completed
3062,2026-07-07 15:42:00,422,Completed
3063,2026-07-04 01:45:00,42,Completed
3064,2026-01-31 00:16:00,84,Completed
3065,2025-07-06 10:40:00,208,Completed
3066,2025-08-08 02:24:00,58,Cancelled
3067,2026-07-12 20:56:00,7,Completed
3068,2026-04-26 17:55:00,54,Pending
3069,2026-04-09 12:38:00,231,Pending
3070,2026-08-07 02:50:00,195,Cancelled
3071,2026-02-08 18:36:00,424,Completed
3072,2026-03-13 07:40:00,186,Completed
3073,2025-06-27 16:22:00,79,Completed
3074,2025-09-22 22:39:00,68,Pending
3075,2025-03-13 14:19:00,416,Cancelled
3076,2026-01-07 12:50:00,459,Cancelled
3077,2025-06-20 11:14:00,367,Completed
3078,2025-07-25 18:26:00,301,Completed
3079,2025-11-22 11:40:00,67,Completed
3080,2026-06-10 06:48:00,126,Completed
3081,2026-05-17 11:47:00,421,Completed
3082,2026-07-25 01:48:00,143,Pending
3083,2026-07-23 04:49:00,460,Completed
3084,2026-02-25 15:37:00,404,Completed
3085,2025-08-19 00:05:00,476,Completed
3086,2025-10-06 15:27:00,312,Completed
3087,2025-12-08 14:52:00,439,Pending
3088,2025-10-19 12:53:00,309,Completed
3089,2026-02-03 12:21:00,255,Completed
3090,2025-08-03 12:17:00,381,Completed
3091,2025-09-09 06:37:00,404,Cancelled
3092,2025-09-02 06:11:00,179,Cancelled
3093,2026-06-23 16:15:00,123,Pending
3094,2026-07-25 02:13:00,315,Pending
3095,2025-02-26 02:39:00,184,Completed
3096,2025-09-14 02:52:00,418,Completed
3097,2026-01-10 06:40:00,450,Completed
3098,2025-08-20 08:04:00,268,Completed
3099,2025-04-30 14:58:00,6,Completed
3100,2025-12-03 10:06:00,29,Completed
3101,2026-03-20 23:27:00,210,Completed
3102,2025-02-13 03:30:00,165,Cancelled
3103,2025-02-15 05:50:00,42,Cancelled
3104,2025-04-29 22:11:00,438,Completed
3105,2026-04-01 20:52:00,446,Completed
3106,2025-05-09 00:04:00,57,Cancelled
3107,2025-11-24 17:21:00,339,Completed
3108,2025-03-12 08:45:00,327,Pending
3109,2025-11-03 06:17:00,147,Completed
3110,2025-03-30 00:35:00,402,Completed
3111,2026-02-13 17:40:00,355,Pending
3112,2025-06-13 21:44:00,199,Completed
3113,2025-08-09 02:07:00,241,Completed
3114,2025-05-08 13:27:00,412,Completed
3115,2025-05-20 16:00:00,301,Completed
3116,2026-07-19 20:52:00,81,Pending
3117,2026-04-29 02:39:00,261,Completed
3118,2025-03-16 21:57:00,45,Pending
3119,2025-11-07 07:08:00,205,Pending
3120,2025-11-10 05:27:00,85,Completed
3121,2025-04-18 08:11:00,141,Pending
3122,2025-07-06 19:42:00,386,Pending
3123,2025-09-05 23:58:00,380,Completed
3124,2025-09-13 01:01:00,66,Completed
3125,2025-09-29 04:17:00,240,Pending
3126,2025-12-05 09:24:00,167,Completed
3127,2025-06-07 13:13:00,168,Completed
3128,2025-02-05 14:02:00,136,Completed
3129,2025-09-01 16:25:00,47,Cancelled
3130,2026-06-24 15:53:00,248,Completed
3131,2026-06-27 00:14:00,252,Pending
3132,2026-02-22 01:41:00,320,Completed
3133,2026-05-15 15:05:00,112,Pending
3134,2025-04-21 12:17:00,214,Completed
3135,2025-11-13 01:27:00,121,Completed
3136,2025-04-05 09:50:00,142,Pending
3137,2025-09-27 08:02:00,216,Completed
3138,2026-03-11 17:47:00,208,Completed
3139,2025-12-08 17:15:00,304,Pending
3140,2026-02-17 15:01:00,68,Completed
3141,2025-05-16 00:10:00,442,Completed
3142,2025-06-16 01:15:00,432,Completed
3143,2026-03-08 10:25:00,191,Completed
3144,2025-06-21 12:56:00,427,Completed
3145,2025-01-10 02:45:00,129,Pending
3146,2025-08-22 01:40:00,38,Completed
3147,2026-08-05 13:29:00,32,Pending
3148,2025-01-31 11:57:00,394,Completed
3149,2026-02-18 19:53:00,328,Completed
3150,2026-05-01 21:03:00,402,Completed
3151,2025-12-08 09:12:00,91,Cancelled
3152,2025-10-03 20:33:00,202,Cancelled
3153,2025-05-19 12:09:00,317,Cancelled
3154,2026-01-07 04:15:00,458,Completed
3155,2026-06-20 09:13:00,41,Cancelled
3156,2026-05-12 02:41:00,236,Pending
3157,2025-07-12 05:40:00,131,Completed
3158,2026-01-20 06:17:00,295,Pending
3159,2026-03-20 04:40:00,246,Completed
3160,2026-05-27 11:49:00,141,Completed
3161,2025-09-08 17:15:00,77,Completed
3162,2025-09-05 08:32:00,11,Completed
3163,2025-04-29 13:18:00,429,Pending
3164,2025-08-21 11:08:00,461,Pending
3165,2026-04-20 10:42:00,180,Completed
3166,2025-09-09 01:52:00,308,Cancelled
3167,2025-12-01 13:25:00,417,Pending
3168,2025-11-16 04:51:00,211,Cancelled
3169,2026-05-17 15:13:00,38,Completed
3170,2025-10-18 04:37:00,436,Completed
3171,2026-08-03 15:50:00,26,Completed
3172,2025-06-29 00:19:00,347,Pending
3173,2025-10-25 07:55:00,458,Cancelled
3174,2025-12-07 12:31:00,334,Pending
3175,2025-04-14 11:17:00,460,Pending
3176,2025-06-01 08:17:00,396,Completed
3177,2026-01-29 12:02:00,478,Completed
3178,2025-01-18 22:30:00,413,Completed
3179,2025-12-18 20:56:00,344,Completed
3180,2025-09-18 21:12:00,321,Completed
3181,2025-11-09 17:52:00,332,Cancelled
3182,2026-05-21 08:18:00,409,Cancelled
3183,2026-08-02 17:01:00,242,Completed
3184,2026-03-20 09:50:00,330,Completed
3185,2025-11-20 23:41:00,490,Completed
3186,2025-03-04 07:05:00,50,Cancelled
3187,2025-11-27 20:46:00,474,Pending
3188,2025-12-21 03:23:00,113,Cancelled
3189,2026-05-01 03:30:00,455,Completed
3190,2025-01-21 07:56:00,100,Completed
3191,2025-11-28 16:21:00,245,Pending
3192,2026-02-19 16:43:00,257,Pending
3193,2025-08-11 15:46:00,236,Pending
3194,2026-02-24 01:18:00,122,Completed
3195,2026-01-04 00:04:00,393,Completed
3196,2025-06-05 06:22:00,444,Completed
3197,2025-09-05 01:55:00,133,Pending
3198,2025-10-11 14:49:00,99,Completed
3199,2025-06-29 00:30:00,285,Cancelled
3200,2025-05-16 23:49:00,141,Completed
3201,2025-06-20 00:22:00,218,Completed
3202,2025-12-30 15:03:00,279,Pending
3203,2026-03-03 23:36:00,265,Completed
3204,2026-02-22 13:57:00,23,Cancelled
3205,2025-04-16 19:54:00,430,Completed
3206,2025-11-07 14:56:00,44,Completed
3207,2026-07-04 04:44:00,396,Pending
3208,2025-01-29 14:53:00,148,Completed
3209,2025-01-30 08:30:00,481,Cancelled
3210,2026-04-23 22:44:00,299,Cancelled
3211,2026-03-05 13:58:00,307,Completed
3212,2025-08-09 03:43:00,325,Cancelled
3213,2026-06-10 05:05:00,252,Completed
3214,2025-11-30 14:08:00,360,Cancelled
3215,2026-02-03 14:20:00,450,Completed
3216,2026-02-10 17:20:00,392,Completed
3217,2025-02-18 17:18:00,436,Completed
3218,2025-10-26 19:58:00,482,Completed
3219,2026-08-23 22:25:00,253,Pending
3220,2026-04-04 06:02:00,40,Pending
3221,2025-07-02 18:19:00,89,Pending
3222,2025-10-25 13:18:00,456,Completed
3223,2026-03-13 15:33:00,10,Completed
3224,2026-05-11 04:39:00,117,Pending
3225,2026-02-25 10:17:00,263,Pending
3226,2026-07-08 03:39:00,241,Pending
3227,2025-05-25 20:42:00,466,Completed
3228,2026-06-30 06:03:00,16,Completed
3229,2025-10-25 18:28:00,271,Cancelled
3230,2025-06-21 23:08:00,463,Completed
3231,2026-01-07 16:19:00,405,Completed
3232,2025-11-05 22:32:00,161,Completed
3233,2026-08-01 23:37:00,416,Cancelled
3234,2025-07-18 06:23:00,37,Pending
3235,2026-05-17 16:46:00,231,Completed
3236,2025-12-18 12:37:00,148,Completed
3237,2026-07-09 16:03:00,223,Pending
3238,2026-03-06 11:35:00,293,Completed
3239,2026-01-27 16:58:00,119,Completed
3240,2026-04-28 19:46:00,343,Cancelled
3241,2026-05-08 20:34:00,228,Cancelled
3242,2026-07-16 09:39:00,243,Completed
3243,2026-04-21 22:30:00,309,Completed
3244,2025-11-12 02:23:00,364,Completed
3245,2026-04-09 02:12:00,105,Completed
3246,2025-06-26 15:13:00,192,Cancelled
3247,2025-05-13 01:41:00,13,Pending
3248,2026-08-01 02:59:00,297,Pending
3249,2026-08-02 20:47:00,318,Completed
3250,2025-05-04 13:30:00,225,Completed
3251,2025-01-21 07:42:00,493,Completed
3252,2025-05-04 23:32:00,392,Completed
3253,2025-06-16 14:22:00,220,Completed
3254,2026-05-24 11:35:00,237,Completed
3255,2025-12-17 22:08:00,51,Cancelled
3256,2025-01-26 06:29:00,295,Pending
3257,2025-06-03 03:18:00,171,Completed
3258,2025-10-25 22:57:00,166,Completed
3259,2025-12-12 13:00:00,107,Completed
3260,2025-08-23 22:20:00,470,Completed
3261,2025-03-09 11:48:00,372,Completed
3262,2025-05-01 08:28:00,303,Pending
3263,2026-01-07 23:13:00,106,Completed
3264,2026-07-09 13:49:00,191,Cancelled
3265,2025-07-21 23:32:00,47,Completed
3266,2025-03-12 03:44:00,231,Completed
3267,2026-03-19 23:16:00,168,Completed
3268,2025-05-22 06:56:00,375,Completed
3269,2025-06-24 23:06:00,154,Pending
3270,2026-08-13 03:03:00,297,Completed
3271,2026-04-25 23:55:00,69,Pending
3272,2026-08-03 11:05:00,32,Pending
3273,2025-04-25 02:51:00,204,Cancelled
3274,2025-02-01 09:13:00,134,Completed
3275,2026-07-24 17:25:00,79,Cancelled
3276,2026-05-28 11:30:00,295,Completed
3277,2025-06-22 22:37:00,127,Completed
3278,2025-06-04 01:53:00,170,Completed
3279,2026-05-21 16:57:00,24,Cancelled
3280,2025-09-08 17:57:00,155,Completed
3281,2025-11-25 00:21:00,282,Pending
3282,2026-02-16 09:04:00,194,Completed
3283,2025-01-12 08:08:00,204,Pending
3284,2026-04-13 16:15:00,449,Completed
3285,2026-07-29 05:25:00,46,Completed
3286,2025-04-27 12:30:00,318,Completed
3287,2025-11-24 23:23:00,331,Completed
3288,2025-02-21 05:39:00,2,Pending
3289,2026-08-19 20:08:00,281,Cancelled
3290,2026-03-30 13:02:00,248,Completed
3291,2026-05-29 08:42:00,431,Completed
3292,2025-03-15 08:25:00,121,Pending
3293,2025-06-03 11:40:00,100,Pending
3294,2026-06-06 23:43:00,417,Completed
3295,2025-03-03 07:32:00,406,Completed
3296,2026-04-09 16:32:00,372,Pending
3297,2025-11-10 16:38:00,132,Completed
3298,2026-03-28 20:09:00,447,Completed
3299,2025-08-26 19:47:00,48,Completed
3300,2025-04-15 23:06:00,283,Completed
3301,2026-05-18 09:32:00,265,Cancelled
3302,2026-06-25 15:49:00,302,Pending
3303,2026-03-12 18:58:00,493,Completed
3304,2026-04-05 16:18:00,251,Completed
3305,2025-10-16 19:52:00,352,Pending
3306,2026-04-26 21:55:00,124,Completed
3307,2026-05-17 11:24:00,360,Pending
3308,2025-05-15 17:23:00,371,Completed
3309,2026-01-25 18:18:00,255,Completed
3310,2025-10-02 21:58:00,450,Pending
3311,2026-03-22 02:00:00,20,Completed
3312,2025-08-09 02:16:00,200,Completed
3313,2026-05-07 21:51:00,196,Completed
3314,2026-02-05 08:55:00,15,Completed
3315,2026-04-19 03:30:00,216,Pending
3316,2025-02-09 13:47:00,330,Pending
3317,2026-03-29 05:51:00,300,Completed
3318,2025-02-06 02:56:00,113,Pending
3319,2026-06-18 01:38:00,353,Pending
3320,2026-01-05 01:50:00,165,Completed
3321,2026-06-04 13:00:00,175,Pending
3322,2025-07-24 06:15:00,197,Pending
3323,2025-06-08 05:00:00,193,Completed
3324,2026-03-07 19:36:00,172,Cancelled
3325,2026-02-13 19:35:00,116,Completed
3326,2026-02-08 01:29:00,217,Completed
3327,2026-02-14 14:39:00,30,Completed
3328,2025-04-24 12:26:00,281,Pending
3329,2026-01-25 01:30:00,196,Completed
3330,2025-04-10 07:37:00,147,Pending
3331,2025-05-09 00:35:00,380,Pending
3332,2026-02-21 13:51:00,128,Pending
3333,2026-04-14 14:57:00,246,Pending
3334,2025-09-22 12:33:00,35,Pending
3335,2025-07-03 04:56:00,385,Pending
3336,2026-02-07 17:57:00,202,Completed
3337,2025-10-19 05:13:00,126,Completed
3338,2025-11-18 09:04:00,393,Completed
3339,2025-11-27 12:02:00,258,Completed
3340,2025-03-13 21:29:00,345,Cancelled
3341,2025-08-12 20:33:00,400,Cancelled
3342,2025-08-02 11:46:00,217,Completed
3343,2025-02-06 22:22:00,18,Cancelled
3344,2026-02-25 13:14:00,60,Pending
3345,2025-09-01 00:31:00,358,Pending
3346,2026-07-21 14:02:00,227,Completed
3347,2026-05-25 00:59:00,101,Completed
3348,2025-02-14 09:34:00,417,Completed
3349,2025-06-18 10:33:00,331,Completed
3350,2025-12-28 13:30:00,232,Completed
3351,2026-07-27 17:12:00,8,Completed
3352,2025-12-01 00:37:00,157,Pending
3353,2026-08-05 01:38:00,134,Completed
3354,2025-11-15 21:58:00,422,Completed
3355,2026-07-03 02:29:00,44,Completed
3356,2025-02-28 22:36:00,429,Completed
3357,2026-04-19 09:09:00,159,Completed
3358,2025-09-12 10:22:00,369,Pending
3359,2025-10-22 10:15:00,434,Pending
3360,2025-04-16 08:30:00,81,Completed
3361,2025-01-26 00:31:00,391,Completed
3362,2026-02-16 14:54:00,9,Completed
3363,2025-05-23 20:10:00,189,Completed
3364,2025-04-03 00:43:00,58,Completed
3365,2026-03-26 16:24:00,421,Completed
3366,2025-04-23 07:57:00,343,Completed
3367,2025-06-01 11:29:00,158,Completed
3368,2025-11-08 20:33:00,495,Pending
3369,2026-06-11 21:22:00,300,Completed
3370,2025-12-16 13:08:00,493,Pending
3371,2025-07-18 15:26:00,396,Completed
3372,2025-02-28 22:43:00,66,Pending
3373,2025-06-10 01:27:00,182,Pending
3374,2025-11-15 09:31:00,149,Completed
3375,2025-07-01 23:51:00,350,Pending
3376,2026-05-03 04:58:00,338,Completed
3377,2026-03-03 22:35:00,399,Completed
3378,2025-02-05 16:41:00,246,Completed
3379,2025-12-04 01:53:00,347,Completed
3380,2026-02-28 06:05:00,480,Pending
3381,2025-10-27 13:07:00,332,Completed
3382,2026-07-05 23:03:00,176,Completed
3383,2026-05-09 22:02:00,257,Completed
3384,2026-03-12 14:18:00,175,Completed
3385,2025-10-25 22:25:00,404,Pending
3386,2026-04-08 16:26:00,500,Completed
3387,2026-02-22 12:10:00,248,Completed
3388,2026-01-22 21:17:00,99,Completed
3389,2026-03-29 00:47:00,385,Cancelled
3390,2025-07-29 19:19:00,423,Completed
3391,2026-06-18 12:36:00,322,Pending
3392,2025-04-18 06:45:00,57,Pending
3393,2026-03-29 10:17:00,349,Pending
3394,2026-08-23 08:03:00,47,Pending
3395,2025-09-13 07:20:00,388,Completed
3396,2026-01-03 01:44:00,321,Pending
3397,2025-02-27 15:59:00,194,Pending
3398,2026-05-28 18:08:00,284,Completed
3399,2025-08-17 19:27:00,100,Completed
3400,2025-08-05 02:13:00,65,Completed
3401,2025-09-07 19:59:00,182,Pending
3402,2026-04-23 02:46:00,458,Pending
3403,2025-05-25 13:02:00,309,Completed
3404,2025-11-30 15:25:00,132,Completed
3405,2026-02-19 09:44:00,224,Completed
3406,2025-10-21 16:55:00,198,Pending
3407,2025-09-26 10:25:00,489,Pending
3408,2025-05-25 16:48:00,415,Pending
3409,2026-02-03 12:43:00,123,Completed
3410,2025-06-24 01:06:00,119,Completed
3411,2025-06-03 13:09:00,414,Completed
3412,2025-08-12 21:37:00,385,Pending
3413,2026-01-12 10:02:00,261,Completed
3414,2025-09-11 03:13:00,81,Pending
3415,2025-07-15 01:36:00,127,Completed
3416,2025-03-21 16:38:00,110,Pending
3417,2025-10-13 04:06:00,364,Completed
3418,2026-07-07 15:05:00,245,Completed
3419,2025-05-17 22:32:00,25,Completed
3420,2026-08-19 12:38:00,188,Completed
3421,2025-07-09 01:11:00,239,Completed
3422,2026-02-13 06:29:00,195,Completed
3423,2025-03-20 13:52:00,433,Pending
3424,2026-02-16 03:54:00,498,Pending
3425,2025-08-02 22:13:00,34,Completed
3426,2026-02-25 05:20:00,115,Pending
3427,2025-11-19 13:57:00,21,Pending
3428,2025-02-17 11:06:00,174,Pending
3429,2026-06-09 18:12:00,235,Completed
3430,2026-06-08 04:47:00,368,Completed
3431,2025-10-04 07:37:00,424,Cancelled
3432,2026-03-19 10:30:00,284,Completed
3433,2025-11-22 09:52:00,246,Completed
3434,2025-07-29 09:42:00,324,Completed
3435,2026-05-19 00:58:00,197,Completed
3436,2025-01-22 09:51:00,217,Completed
3437,2025-05-07 22:03:00,367,Cancelled
3438,2026-01-08 01:02:00,335,Pending
3439,2025-06-10 02:52:00,77,Pending
3440,2025-11-14 00:42:00,5,Completed
3441,2025-12-15 07:16:00,449,Cancelled
3442,2026-01-29 04:47:00,63,Pending
3443,2025-10-06 10:21:00,384,Cancelled
3444,2025-08-13 15:35:00,349,Cancelled
3445,2026-01-04 07:58:00,361,Completed
3446,2026-05-01 05:43:00,9,Completed
3447,2026-05-05 16:10:00,479,Completed
3448,2026-04-29 05:16:00,173,Pending
3449,2026-01-29 19:18:00,465,Pending
3450,2025-07-12 08:40:00,185,Completed
3451,2026-02-15 21:15:00,26,Completed
3452,2025-11-01 20:15:00,142,Cancelled
3453,2025-06-21 13:35:00,254,Cancelled
3454,2025-04-10 15:30:00,417,Completed
3455,2026-01-10 03:45:00,308,Pending
3456,2025-03-26 10:49:00,146,Completed
3457,2025-06-25 20:05:00,278,Completed
3458,2026-02-12 11:09:00,109,Completed
3459,2026-06-08 12:29:00,128,Completed
3460,2025-05-14 19:21:00,124,Completed
3461,2026-04-07 02:58:00,93,Pending
3462,2026-04-18 03:58:00,89,Completed
3463,2026-07-05 19:44:00,378,Completed
3464,2025-07-07 09:46:00,56,Completed
3465,2025-06-10 19:41:00,226,Pending
3466,2025-12-27 06:58:00,60,Pending
3467,2026-01-11 23:48:00,393,Pending
3468,2026-07-06 13:41:00,177,Pending
3469,2025-08-02 15:36:00,294,Pending
3470,2026-07-23 06:47:00,243,Completed
3471,2026-01-18 00:53:00,212,Completed
3472,2025-05-04 18:54:00,428,Completed
3473,2025-05-23 05:04:00,196,Pending
3474,2025-10-11 05:27:00,433,Completed
3475,2025-11-11 20:34:00,404,Pending
3476,2025-02-15 08:28:00,262,Completed
3477,2025-03-19 21:39:00,211,Completed
3478,2025-08-16 16:36:00,313,Completed
3479,2025-02-11 14:53:00,275,Completed
3480,2026-05-05 23:00:00,300,Completed
3481,2025-08-31 00:17:00,215,Pending
3482,2026-07-29 06:32:00,77,Completed
3483,2025-05-01 05:42:00,345,Pending
3484,2026-07-02 21:53:00,447,Pending
3485,2026-08-05 22:54:00,182,Completed
3486,2025-11-15 12:57:00,408,Pending
3487,2025-03-26 07:34:00,177,Completed
3488,2025-12-08 19:18:00,360,Pending
3489,2026-04-17 08:37:00,87,Completed
3490,2025-07-13 10:39:00,125,Completed
3491,2025-04-01 20:15:00,402,Completed
3492,2025-01-01 05:45:00,492,Pending
3493,2025-09-30 06:11:00,358,Cancelled
3494,2026-02-26 11:48:00,44,Completed
3495,2026-03-15 12:55:00,30,Completed
3496,2025-07-17 23:40:00,410,Cancelled
3497,2026-03-22 09:50:00,226,Completed
3498,2026-08-13 18:20:00,355,Completed
3499,2025-08-25 18:34:00,344,Cancelled
3500,2026-04-27 11:21:00,69,Completed
3501,2026-01-28 00:07:00,294,Cancelled
3502,2025-02-20 04:13:00,62,Completed
3503,2026-03-13 11:41:00,150,Completed
3504,2025-11-01 08:05:00,459,Completed
3505,2025-02-21 23:49:00,243,Completed
3506,2026-06-05 14:47:00,318,Completed
3507,2025-10-05 05:12:00,152,Completed
3508,2026-05-23 05:20:00,327,Completed
3509,2026-08-02 03:45:00,399,Completed
3510,2026-07-31 07:00:00,8,Completed
3511,2026-01-03 20:48:00,202,Completed
3512,2026-05-16 14:56:00,411,Completed
3513,2025-01-11 00:12:00,386,Completed
3514,2026-01-19 08:37:00,314,Completed
3515,2026-05-14 13:59:00,193,Completed
3516,2025-12-11 13:48:00,43,Completed
3517,2026-04-20 08:36:00,42,Pending
3518,2025-07-13 05:51:00,243,Completed
3519,2026-03-19 08:23:00,193,Pending
3520,2026-01-12 14:46:00,301,Completed
3521,2026-01-01 19:02:00,30,Completed
3522,2026-06-03 08:21:00,409,Completed
3523,2025-09-01 16:12:00,396,Completed
3524,2025-01-05 03:04:00,81,Pending
3525,2025-11-28 21:23:00,422,Pending
3526,2026-01-08 22:06:00,326,Completed
3527,2025-11-10 10:44:00,153,Pending
3528,2025-02-01 13:09:00,403,Completed
3529,2025-12-30 04:03:00,454,Completed
3530,2025-04-25 16:10:00,457,Cancelled
3531,2025-03-26 11:09:00,275,Pending
3532,2025-10-26 19:24:00,370,Completed
3533,2026-03-06 20:11:00,181,Completed
3534,2026-07-11 14:46:00,148,Completed
3535,2026-02-21 01:28:00,371,Pending
3536,2025-04-27 12:28:00,199,Pending
3537,2026-02-06 10:30:00,365,Cancelled
3538,2025-03-02 08:48:00,378,Pending
3539,2025-03-21 16:35:00,358,Cancelled
3540,2025-04-19 08:50:00,313,Pending
3541,2025-10-18 05:45:00,308,Completed
3542,2025-12-13 11:24:00,429,Completed
3543,2025-05-12 02:45:00,95,Completed
3544,2025-02-02 07:02:00,476,Pending
3545,2025-04-24 07:55:00,340,Completed
3546,2026-03-03 23:46:00,361,Completed
3547,2026-03-29 12:06:00,92,Pending
3548,2025-09-21 02:15:00,89,Completed
3549,2025-12-07 13:09:00,277,Completed
3550,2025-08-24 00:27:00,457,Completed
3551,2026-05-14 07:45:00,68,Pending
3552,2025-12-25 22:33:00,313,Cancelled
3553,2025-02-05 16:30:00,9,Pending
3554,2025-05-06 05:57:00,194,Pending
3555,2026-04-05 08:19:00,247,Pending
3556,2026-05-08 18:34:00,143,Cancelled
3557,2025-10-12 11:23:00,476,Completed
3558,2026-03-11 07:59:00,161,Pending
3559,2026-01-16 21:48:00,454,Completed
3560,2025-11-30 18:42:00,99,Pending
3561,2026-01-18 22:28:00,298,Cancelled
3562,2026-06-14 17:49:00,242,Pending
3563,2026-07-23 13:45:00,28,Completed
3564,2026-07-23 04:13:00,85,Completed
3565,2025-08-03 04:12:00,214,Completed
3566,2025-08-13 21:20:00,51,Completed
3567,2026-05-02 02:39:00,420,Cancelled
3568,2026-04-12 04:25:00,455,Pending
3569,2025-08-03 19:56:00,426,Completed
3570,2025-11-19 09:00:00,429,Completed
3571,2025-10-14 18:07:00,456,Pending
3572,2025-11-15 19:04:00,408,Pending
3573,2026-05-03 15:18:00,40,Completed
3574,2025-09-28 15:56:00,94,Pending
3575,2026-08-03 15:51:00,400,Pending
3576,2025-08-26 23:49:00,339,Completed
3577,2026-03-10 06:56:00,168,Completed
3578,2025-01-13 20:25:00,205,Completed
3579,2026-04-15 00:33:00,368,Cancelled
3580,2025-05-10 12:57:00,11,Completed
3581,2025-10-27 00:31:00,349,Completed
3582,2026-01-23 11:05:00,258,Completed
3583,2026-06-20 17:58:00,210,Completed
3584,2025-09-01 09:38:00,345,Pending
3585,2025-02-21 08:30:00,332,Cancelled
3586,2025-08-13 14:36:00,217,Pending
3587,2025-04-02 18:22:00,389,Pending
3588,2026-07-21 18:51:00,386,Completed
3589,2025-09-18 01:28:00,458,Pending
3590,2026-03-01 05:24:00,290,Completed
3591,2025-01-19 21:59:00,133,Cancelled
3592,2025-11-27 06:39:00,327,Cancelled
3593,2025-07-01 00:44:00,37,Pending
3594,2025-02-06 22:08:00,184,Completed
3595,2025-07-16 07:09:00,300,Completed
3596,2025-02-10 10:13:00,311,Pending
3597,2026-06-02 15:08:00,451,Completed
3598,2025-09-11 20:33:00,10,Completed
3599,2026-01-10 01:14:00,216,Completed
3600,2026-06-17 18:09:00,259,Completed
3601,2025-09-24 05:41:00,418,Pending
3602,2026-02-23 00:16:00,135,Completed
3603,2026-01-09 10:41:00,95,Pending
3604,2025-11-08 07:18:00,254,Pending
3605,2026-06-21 22:43:00,290,Completed
3606,2025-11-19 00:09:00,480,Cancelled
3607,2026-05-11 19:11:00,315,Cancelled
3608,2025-10-11 22:35:00,221,Completed
3609,2025-03-07 22:05:00,227,Cancelled
3610,2025-03-27 21:50:00,126,Pending
3611,2026-08-17 21:09:00,183,Completed
3612,2025-11-28 07:31:00,262,Completed
3613,2025-06-18 13:38:00,273,Pending
3614,2025-01-20 02:49:00,117,Completed
3615,2025-10-26 00:00:00,382,Completed
3616,2026-03-19 06:04:00,429,Pending
3617,2026-04-17 21:26:00,210,Completed
3618,2026-07-04 14:30:00,183,Pending
3619,2025-07-12 19:21:00,464,Completed
3620,2025-12-06 01:15:00,232,Completed
3621,2025-01-22 14:15:00,139,Completed
3622,2025-12-06 02:25:00,245,Completed
3623,2025-04-18 20:00:00,186,Pending
3624,2025-04-26 14:48:00,472,Cancelled
3625,2025-01-01 20:06:00,317,Completed
3626,2026-02-14 18:58:00,104,Completed
3627,2026-03-08 05:31:00,309,Completed
3628,2026-05-07 10:35:00,435,Pending
3629,2025-02-12 10:49:00,476,Pending
3630,2025-12-04 04:17:00,47,Completed
3631,2025-12-06 10:29:00,29,Pending
3632,2025-03-19 17:22:00,387,Completed
3633,2025-01-23 08:36:00,452,Pending
3634,2025-10-30 05:55:00,137,Completed
3635,2025-11-24 03:36:00,491,Completed
3636,2025-12-01 04:03:00,200,Completed
3637,2026-08-24 00:31:00,153,Completed
3638,2025-09-07 10:19:00,66,Completed
3639,2026-05-26 01:18:00,300,Pending
3640,2026-06-16 13:52:00,477,Pending
3641,2026-05-04 23:52:00,395,Completed
3642,2026-01-14 08:45:00,419,Pending
3643,2025-12-17 04:48:00,238,Completed
3644,2025-01-27 16:25:00,18,Pending
3645,2026-08-20 23:04:00,367,Cancelled
3646,2026-08-16 04:32:00,117,Pending
3647,2025-10-16 15:58:00,389,Completed
3648,2026-07-08 14:33:00,170,Pending
3649,2025-06-04 23:34:00,324,Cancelled
3650,2025-03-07 10:31:00,350,Completed
3651,2025-05-12 23:17:00,144,Completed
3652,2025-05-14 04:42:00,457,Completed
3653,2025-09-24 00:44:00,179,Completed
3654,2025-05-26 20:45:00,36,Pending
3655,2025-07-25 11:00:00,410,Completed
3656,2026-03-25 05:40:00,13,Pending
3657,2026-08-15 05:59:00,181,Completed
3658,2025-09-15 19:49:00,395,Completed
3659,2025-08-02 22:00:00,369,Cancelled
3660,2025-07-30 05:41:00,219,Cancelled
3661,2025-07-23 19:32:00,48,Completed
3662,2025-05-19 22:33:00,21,Completed
3663,2025-08-20 10:25:00,66,Completed
3664,2026-03-26 10:04:00,407,Completed
3665,2025-05-03 18:26:00,288,Completed
3666,2025-06-30 16:09:00,113,Cancelled
3667,2026-06-23 07:54:00,137,Pending
3668,2026-07-02 14:56:00,410,Completed
3669,2026-06-03 08:59:00,356,Pending
3670,2026-07-27 00:15:00,363,Pending
3671,2026-06-20 06:22:00,465,Pending
3672,2025-04-09 11:36:00,459,Completed
3673,2026-08-07 18:13:00,359,Completed
3674,2025-04-14 19:55:00,163,Completed
3675,2025-03-12 03:02:00,268,Completed
3676,2026-03-16 08:00:00,54,Pending
3677,2026-01-01 18:52:00,38,Pending
3678,2026-08-04 23:47:00,333,Completed
3679,2025-11-04 18:45:00,195,Completed
3680,2025-08-20 14:30:00,157,Pending
3681,2026-03-12 10:02:00,500,Pending
3682,2025-11-21 05:49:00,489,Pending
3683,2026-03-30 10:52:00,293,Completed
3684,2026-08-16 19:35:00,296,Pending
3685,2026-06-27 17:20:00,181,Pending
3686,2025-02-02 23:59:00,484,Cancelled
3687,2026-02-05 10:11:00,39,Completed
3688,2025-12-24 04:14:00,190,Completed
3689,2025-02-20 07:37:00,2,Pending
3690,2026-01-27 09:13:00,227,Completed
3691,2025-03-29 00:29:00,392,Pending
3692,2025-03-18 01:54:00,252,Pending
3693,2025-10-17 20:07:00,436,Completed
3694,2025-10-20 02:34:00,216,Completed
3695,2025-12-27 23:48:00,208,Cancelled
3696,2026-05-03 03:56:00,332,Cancelled
3697,2026-07-24 19:48:00,438,Completed
3698,2026-01-26 02:48:00,311,Completed
3699,2025-09-22 09:03:00,71,Completed
3700,2025-07-22 17:34:00,105,Completed
3701,2026-04-27 21:56:00,337,Cancelled
3702,2025-03-24 14:13:00,191,Pending
3703,2026-07-11 04:52:00,317,Pending
3704,2026-05-19 16:17:00,326,Completed
3705,2025-11-15 21:59:00,50,Completed
3706,2025-02-13 02:53:00,294,Completed
3707,2025-08-30 16:55:00,268,Pending
3708,2025-08-26 14:58:00,10,Pending
3709,2026-06-28 12:02:00,381,Completed
3710,2025-11-04 17:09:00,281,Completed
3711,2025-09-16 04:41:00,329,Completed
3712,2026-06-12 04:01:00,475,Completed
3713,2025-10-31 17:25:00,415,Completed
3714,2025-03-26 05:31:00,265,Cancelled
3715,2026-07-24 04:42:00,308,Completed
3716,2026-04-09 14:57:00,246,Pending
3717,2026-07-09 04:47:00,423,Pending
3718,2025-08-29 08:35:00,224,Cancelled
3719,2025-01-23 11:19:00,327,Completed
3720,2026-02-15 01:50:00,375,Completed
3721,2026-07-03 10:24:00,29,Completed
3722,2026-06-07 04:24:00,122,Pending
3723,2025-03-21 22:04:00,297,Completed
3724,2025-03-04 18:43:00,429,Pending
3725,2025-12-09 10:42:00,11,Completed
3726,2025-10-18 01:02:00,462,Pending
3727,2025-12-19 00:13:00,392,Completed
3728,2025-06-25 12:15:00,148,Completed
3729,2026-07-11 04:12:00,71,Pending
3730,2025-01-20 07:42:00,191,Completed
3731,2025-08-28 03:58:00,481,Completed
3732,2026-02-22 20:41:00,359,Cancelled
3733,2026-03-06 20:42:00,198,Pending
3734,2026-04-04 00:13:00,173,Completed
3735,2026-03-05 04:34:00,463,Completed
3736,2026-05-01 00:29:00,352,Completed
3737,2025-05-08 04:09:00,331,Pending
3738,2025-03-20 13:16:00,183,Pending
3739,2025-04-28 09:18:00,367,Pending
3740,2025-06-22 07:11:00,91,Cancelled
3741,2026-03-09 18:03:00,356,Completed
3742,2026-06-22 07:48:00,408,Pending
3743,2025-02-12 22:46:00,429,Completed
3744,2026-06-25 06:15:00,204,Completed
3745,2025-09-16 17:21:00,22,Cancelled
3746,2025-02-26 02:43:00,103,Pending
3747,2025-05-08 07:17:00,53,Cancelled
3748,2025-07-21 23:14:00,149,Completed
3749,2025-01-26 15:31:00,96,Cancelled
3750,2026-06-07 02:42:00,36,Completed
3751,2025-01-20 02:21:00,370,Pending
3752,2025-02-27 02:53:00,396,Pending
3753,2026-07-11 01:51:00,416,Pending
3754,2025-11-28 10:48:00,285,Pending
3755,2025-04-04 12:22:00,38,Completed
3756,2026-07-18 16:50:00,73,Completed
3757,2025-01-09 16:31:00,168,Completed
3758,2026-08-24 10:18:00,166,Completed
3759,2026-06-16 11:21:00,39,Pending
3760,2025-12-17 01:24:00,42,Completed
3761,2026-03-14 05:54:00,222,Cancelled
3762,2025-01-07 22:17:00,467,Pending
3763,2025-04-04 22:10:00,496,Pending
3764,2025-06-18 11:40:00,195,Pending
3765,2026-01-26 12:28:00,496,Completed
3766,2025-06-16 23:39:00,489,Pending
3767,2025-02-07 00:15:00,399,Pending
3768,2025-01-31 22:57:00,388,Pending
3769,2026-04-24 19:49:00,7,Pending
3770,2026-03-13 22:34:00,176,Completed
3771,2025-11-05 11:43:00,182,Completed
3772,2025-10-16 09:41:00,10,Completed
3773,2026-08-09 22:10:00,304,Completed
3774,2026-04-25 17:02:00,209,Completed
3775,2026-03-21 08:20:00,91,Pending
3776,2025-12-25 02:51:00,146,Pending
3777,2025-10-23 05:09:00,86,Completed
3778,2026-02-12 09:09:00,242,Completed
3779,2026-05-10 09:20:00,189,Pending
3780,2025-04-23 18:02:00,126,Completed
3781,2025-01-19 22:45:00,170,Pending
3782,2026-07-26 21:33:00,345,Pending
3783,2025-03-12 10:12:00,430,Completed
3784,2025-04-02 18:59:00,87,Completed
3785,2025-05-03 13:53:00,82,Completed
3786,2025-04-01 06:56:00,296,Cancelled
3787,2025-03-01 03:50:00,129,Completed
3788,2026-04-02 15:56:00,282,Pending
3789,2025-01-02 19:30:00,26,Pending
3790,2026-04-16 09:37:00,445,Cancelled
3791,2025-08-03 05:52:00,463,Completed
3792,2025-12-21 23:43:00,3,Pending
3793,2026-04-23 17:59:00,147,Cancelled
3794,2025-06-01 14:09:00,50,Completed
3795,2025-09-10 07:16:00,289,Completed
3796,2026-04-01 19:25:00,196,Completed
3797,2025-10-11 03:37:00,376,Completed
3798,2026-03-06 16:34:00,466,Completed
3799,2026-01-11 10:53:00,165,Pending
3800,2026-05-07 22:36:00,369,Completed
3801,2025-05-20 22:36:00,136,Pending
3802,2026-03-21 07:54:00,122,Completed
3803,2026-08-21 20:42:00,452,Cancelled
3804,2025-06-14 06:27:00,341,Pending
3805,2025-02-13 17:13:00,66,Completed
3806,2026-02-25 06:25:00,378,Completed
3807,2026-05-17 06:51:00,400,Cancelled
3808,2026-03-15 12:03:00,37,Pending
3809,2025-09-30 05:47:00,112,Completed
3810,2026-01-24 04:59:00,174,Cancelled
3811,2025-08-28 15:57:00,239,Cancelled
3812,2025-09-26 10:13:00,283,Completed
3813,2025-07-07 17:41:00,190,Completed
3814,2026-03-10 15:58:00,106,Completed
3815,2025-06-27 17:18:00,447,Cancelled
3816,2026-08-02 13:02:00,417,Completed
3817,2026-06-09 08:07:00,254,Completed
3818,2026-04-09 21:37:00,187,Completed
3819,2026-01-02 17:26:00,74,Completed
3820,2026-03-25 00:34:00,67,Pending
3821,2025-12-04 07:41:00,266,Completed
3822,2025-04-10 19:09:00,455,Pending
3823,2025-12-14 01:58:00,293,Completed
3824,2025-03-31 15:06:00,181,Completed
3825,2025-12-30 21:27:00,95,Completed
3826,2025-01-11 22:36:00,487,Completed
3827,2026-02-20 01:03:00,139,Completed
3828,2025-12-09 21:22:00,200,Pending
3829,2026-06-28 05:57:00,286,Pending
3830,2026-04-29 00:44:00,221,Completed
3831,2025-12-06 22:01:00,2,Pending
3832,2026-07-25 08:27:00,248,Completed
3833,2025-04-01 18:03:00,80,Pending
3834,2026-02-05 04:05:00,160,Cancelled
3835,2025-04-21 05:01:00,456,Pending
3836,2025-10-30 07:47:00,75,Completed
3837,2025-03-16 07:49:00,461,Completed
3838,2025-03-20 13:37:00,66,Completed
3839,2025-11-27 20:33:00,412,Completed
3840,2025-12-13 09:33:00,329,Completed
3841,2026-01-29 16:48:00,182,Pending
3842,2026-05-18 15:31:00,92,Completed
3843,2025-12-15 20:29:00,72,Cancelled
3844,2026-02-22 17:17:00,143,Completed
3845,2025-11-30 16:22:00,84,Cancelled
3846,2025-02-24 18:47:00,22,Pending
3847,2025-03-10 10:46:00,465,Cancelled
3848,2026-03-12 01:16:00,146,Completed
3849,2025-05-24 21:38:00,101,Completed
3850,2025-09-26 06:37:00,322,Pending
3851,2026-02-05 09:17:00,47,Pending
3852,2025-12-04 17:39:00,245,Completed
3853,2025-10-24 21:27:00,272,Completed
3854,2026-02-02 08:13:00,322,Pending
3855,2025-06-18 07:53:00,252,Pending
3856,2025-09-10 01:09:00,145,Completed
3857,2026-02-16 09:31:00,496,Pending
3858,2025-06-19 22:32:00,73,Completed
3859,2026-04-22 07:36:00,122,Cancelled
3860,2026-08-24 21:12:00,217,Completed
3861,2025-05-24 22:09:00,474,Completed
3862,2026-08-01 04:08:00,435,Completed
3863,2026-07-22 18:34:00,339,Completed
3864,2025-08-08 13:22:00,391,Completed
3865,2026-08-13 01:57:00,467,Completed
3866,2025-01-13 01:21:00,300,Completed
3867,2026-03-06 11:16:00,381,Cancelled
3868,2026-07-13 11:49:00,487,Cancelled
3869,2026-03-21 12:11:00,316,Completed
3870,2025-02-07 08:15:00,406,Completed
3871,2026-05-01 12:39:00,123,Completed
3872,2026-04-22 15:27:00,380,Completed
3873,2025-03-02 09:36:00,126,Cancelled
3874,2025-12-16 22:26:00,207,Completed
3875,2026-07-17 04:29:00,24,Completed
3876,2026-06-08 18:38:00,265,Completed
3877,2026-05-18 17:24:00,467,Completed
3878,2025-08-20 02:39:00,246,Cancelled
3879,2026-08-18 23:26:00,486,Pending
3880,2026-04-19 10:37:00,438,Completed
3881,2026-03-27 10:58:00,498,Completed
3882,2025-04-01 12:12:00,152,Completed
3883,2026-07-17 01:40:00,408,Completed
3884,2026-08-14 14:03:00,365,Completed
3885,2025-01-24 04:17:00,72,Completed
3886,2025-11-04 05:59:00,497,Pending
3887,2025-09-27 12:19:00,470,Completed
3888,2025-07-25 08:50:00,357,Pending
3889,2026-04-20 01:22:00,345,Cancelled
3890,2025-02-16 00:01:00,248,Pending
3891,2026-06-07 15:42:00,457,Cancelled
3892,2026-02-25 19:13:00,500,Pending
3893,2025-09-16 14:47:00,427,Cancelled
3894,2025-03-04 09:28:00,354,Pending
3895,2026-02-21 15:36:00,50,Completed
3896,2025-10-12 15:47:00,416,Completed
3897,2025-05-01 02:14:00,351,Completed
3898,2026-04-18 17:35:00,64,Completed
3899,2026-03-14 01:21:00,387,Completed
3900,2025-10-15 19:21:00,294,Cancelled
3901,2026-06-11 06:58:00,153,Completed
3902,2025-05-30 22:43:00,143,Cancelled
3903,2025-03-06 20:02:00,297,Pending
3904,2026-07-14 20:35:00,62,Completed
3905,2025-04-24 10:16:00,146,Completed
3906,2026-08-19 20:58:00,57,Pending
3907,2026-02-07 05:35:00,383,Completed
3908,2025-05-23 10:33:00,82,Pending
3909,2025-09-04 12:32:00,76,Completed
3910,2025-04-21 00:18:00,33,Cancelled
3911,2025-12-21 11:53:00,136,Completed
3912,2026-03-24 11:58:00,477,Pending
3913,2026-03-14 13:37:00,377,Completed
3914,2026-04-02 03:37:00,416,Cancelled
3915,2026-07-19 08:15:00,402,Cancelled
3916,2025-07-24 15:48:00,351,Pending
3917,2025-02-28 12:02:00,134,Pending
3918,2025-05-11 02:50:00,153,Cancelled
3919,2025-01-21 01:18:00,399,Pending
3920,2025-12-15 17:26:00,460,Pending
3921,2025-10-11 22:18:00,216,Completed
3922,2025-05-18 06:30:00,36,Completed
3923,2026-02-02 07:18:00,384,Pending
3924,2025-06-02 07:28:00,216,Completed
3925,2025-07-30 08:14:00,269,Pending
3926,2025-09-28 07:40:00,96,Completed
3927,2026-01-14 19:04:00,450,Completed
3928,2025-06-11 07:23:00,231,Completed
3929,2026-03-16 13:34:00,125,Completed
3930,2026-03-15 10:10:00,280,Completed
3931,2025-02-13 15:18:00,323,Pending
3932,2026-01-11 22:09:00,182,Cancelled
3933,2025-07-09 20:48:00,27,Pending
3934,2026-07-24 20:57:00,138,Completed
3935,2025-10-10 16:36:00,325,Completed
3936,2026-07-24 22:10:00,409,Completed
3937,2025-05-18 02:37:00,310,Pending
3938,2025-08-02 14:53:00,280,Completed
3939,2026-05-29 00:17:00,459,Completed
3940,2026-06-10 11:23:00,231,Pending
3941,2026-03-29 18:11:00,67,Completed
3942,2025-06-10 09:12:00,12,Completed
3943,2026-01-26 11:55:00,414,Pending
3944,2026-02-23 14:18:00,40,Cancelled
3945,2025-06-21 04:12:00,208,Completed
3946,2025-03-28 08:11:00,424,Cancelled
3947,2026-04-22 00:05:00,235,Cancelled
3948,2026-06-17 01:55:00,345,Completed
3949,2026-04-05 13:34:00,398,Cancelled
3950,2026-07-07 18:23:00,498,Cancelled
3951,2025-07-19 22:59:00,48,Completed
3952,2026-08-11 06:05:00,79,Completed
3953,2025-02-24 17:32:00,65,Completed
3954,2025-09-25 11:43:00,482,Completed
3955,2026-01-18 03:13:00,40,Completed
3956,2026-02-07 01:14:00,114,Pending
3957,2025-11-11 14:39:00,288,Pending
3958,2025-09-19 12:50:00,217,Completed
3959,2025-04-10 18:44:00,36,Completed
3960,2026-04-06 12:34:00,462,Completed
3961,2025-06-30 19:16:00,490,Completed
3962,2026-01-28 03:21:00,321,Completed
3963,2025-06-07 16:21:00,429,Pending
3964,2025-04-17 15:25:00,467,Completed
3965,2025-03-07 09:57:00,67,Pending
3966,2025-12-14 05:02:00,438,Completed
3967,2026-05-13 22:12:00,120,Pending
3968,2026-03-12 20:22:00,453,Completed
3969,2025-05-16 04:36:00,390,Cancelled
3970,2025-12-07 08:59:00,443,Completed
3971,2025-04-30 05:02:00,320,Completed
3972,2025-09-02 06:12:00,134,Cancelled
3973,2025-04-08 02:47:00,405,Cancelled
3974,2026-06-19 15:41:00,458,Completed
3975,2025-12-30 10:54:00,182,Completed
3976,2026-04-26 15:11:00,368,Completed
3977,2026-05-19 01:03:00,485,Completed
3978,2025-09-01 06:46:00,461,Completed
3979,2026-08-06 05:52:00,253,Completed
3980,2025-11-05 17:38:00,342,Pending
3981,2025-04-25 13:20:00,483,Completed
3982,2026-03-11 22:48:00,37,Pending
3983,2026-07-03 03:55:00,491,Pending
3984,2025-08-25 05:31:00,16,Completed
3985,2025-10-30 18:49:00,236,Cancelled
3986,2025-11-07 09:00:00,41,Pending
3987,2025-06-05 04:35:00,117,Completed
3988,2026-07-31 23:38:00,477,Completed
3989,2025-01-26 03:58:00,324,Completed
3990,2025-08-30 05:30:00,321,Completed
3991,2026-04-17 05:52:00,311,Completed
3992,2025-09-13 12:05:00,354,Pending
3993,2025-03-18 03:51:00,420,Completed
3994,2025-05-22 10:55:00,50,Pending
3995,2025-02-26 17:58:00,418,Pending
3996,2025-07-10 21:14:00,122,Completed
3997,2025-09-09 11:06:00,311,Completed
3998,2025-10-04 16:17:00,252,Pending
3999,2026-07-05 08:01:00,93,Cancelled
4000,2025-03-10 18:11:00,404,Completed
4001,2025-05-13 04:20:00,90,Completed
4002,2025-06-09 14:55:00,147,Pending
4003,2025-09-25 08:24:00,55,Pending
4004,2026-02-02 22:37:00,341,Completed
4005,2025-11-02 20:39:00,252,Completed
4006,2025-11-08 03:05:00,92,Completed
4007,2025-12-11 09:37:00,279,Completed
4008,2026-07-02 18:25:00,54,Completed
4009,2026-08-09 21:08:00,336,Pending
4010,2025-04-10 09:50:00,36,Pending
4011,2026-01-11 22:49:00,332,Completed
4012,2025-06-26 05:01:00,116,Pending
4013,2026-07-23 20:58:00,375,Completed
4014,2025-01-10 00:42:00,428,Cancelled
4015,2025-04-24 02:34:00,279,Pending
4016,2026-08-16 11:43:00,208,Completed
4017,2026-01-08 13:13:00,462,Pending
4018,2025-08-07 17:14:00,70,Cancelled
4019,2025-03-07 23:22:00,364,Pending
4020,2025-01-07 12:11:00,34,Completed
4021,2025-06-13 00:58:00,275,Completed
4022,2026-05-12 23:42:00,24,Completed
4023,2025-08-23 20:02:00,60,Pending
4024,2025-09-27 17:27:00,105,Completed
4025,2025-09-16 09:43:00,324,Completed
4026,2025-01-12 03:18:00,370,Completed
4027,2026-03-31 22:07:00,424,Pending
4028,2026-08-18 17:05:00,415,Completed
4029,2025-06-22 07:28:00,458,Completed
4030,2025-03-28 13:35:00,315,Pending
4031,2025-12-06 04:41:00,297,Cancelled
4032,2025-08-16 19:55:00,477,Cancelled
4033,2026-08-23 05:49:00,185,Completed
4034,2026-05-01 03:42:00,259,Cancelled
4035,2026-03-01 05:20:00,140,Completed
4036,2026-06-28 12:14:00,300,Cancelled
4037,2026-08-19 00:33:00,388,Pending
4038,2026-03-30 21:07:00,145,Completed
4039,2025-07-10 22:12:00,108,Completed
4040,2025-05-01 15:54:00,254,Pending
4041,2026-07-14 11:32:00,295,Pending
4042,2026-06-10 23:33:00,455,Completed
4043,2025-09-04 14:57:00,316,Completed
4044,2026-04-04 12:25:00,401,Cancelled
4045,2025-05-02 04:22:00,455,Completed
4046,2025-09-25 20:06:00,351,Pending
4047,2026-03-06 23:21:00,315,Pending
4048,2025-04-16 12:43:00,43,Completed
4049,2026-02-22 10:15:00,127,Cancelled
4050,2025-04-13 17:20:00,8,Completed
4051,2025-06-22 09:47:00,43,Completed
4052,2025-04-14 11:24:00,401,Completed
4053,2025-10-30 21:49:00,167,Pending
4054,2025-04-01 20:05:00,62,Completed
4055,2025-06-04 00:35:00,269,Cancelled
4056,2025-07-15 20:01:00,350,Pending
4057,2025-09-27 18:40:00,348,Completed
4058,2026-02-14 23:45:00,481,Completed
4059,2025-08-06 19:29:00,494,Pending
4060,2026-01-14 16:12:00,221,Completed
4061,2026-06-26 02:23:00,139,Completed
4062,2025-01-18 01:12:00,201,Completed
4063,2025-08-14 07:51:00,282,Completed
4064,2025-09-20 18:08:00,394,Completed
4065,2026-07-12 23:41:00,352,Pending
4066,2025-08-23 14:27:00,442,Completed
4067,2025-12-17 04:20:00,119,Cancelled
4068,2026-08-17 18:34:00,101,Completed
4069,2026-08-21 02:17:00,393,Completed
4070,2025-11-25 00:43:00,263,Completed
4071,2025-01-19 01:24:00,215,Completed
4072,2025-07-28 22:00:00,386,Completed
4073,2025-10-04 11:37:00,173,Completed
4074,2025-05-28 02:49:00,433,Completed
4075,2025-10-29 21:03:00,92,Cancelled
4076,2025-08-28 22:27:00,215,Completed
4077,2025-06-03 19:49:00,73,Pending
4078,2025-10-02 21:59:00,219,Completed
4079,2026-08-18 04:08:00,319,Completed
4080,2025-06-23 22:35:00,322,Completed
4081,2025-10-24 09:32:00,143,Pending
4082,2025-06-29 01:32:00,9,Pending
4083,2026-02-28 21:08:00,491,Cancelled
4084,2026-06-20 08:00:00,2,Pending
4085,2025-03-27 05:40:00,93,Pending
4086,2025-04-01 14:35:00,323,Cancelled
4087,2025-12-12 07:00:00,55,Completed
4088,2026-02-08 00:43:00,417,Pending
4089,2025-04-10 09:41:00,477,Completed
4090,2026-07-08 20:41:00,129,Completed
4091,2026-02-19 07:52:00,190,Completed
4092,2026-02-06 17:46:00,134,Completed
4093,2026-04-05 17:53:00,117,Completed
4094,2025-06-25 17:57:00,5,Completed
4095,2026-02-22 20:54:00,128,Completed
4096,2026-05-14 16:09:00,50,Completed
4097,2026-07-08 11:13:00,402,Pending
4098,2026-05-30 02:54:00,398,Pending
4099,2025-05-28 14:52:00,140,Pending
4100,2026-07-11 04:15:00,297,Completed
4101,2025-11-13 11:33:00,194,Cancelled
4102,2025-11-23 16:12:00,207,Completed
4103,2025-02-08 05:32:00,195,Pending
4104,2025-10-14 00:55:00,107,Completed
4105,2026-04-20 01:34:00,140,Pending
4106,2026-05-29 23:14:00,272,Pending
4107,2025-11-28 05:14:00,322,Completed
4108,2025-02-08 05:40:00,450,Completed
4109,2025-01-09 18:56:00,369,Completed
4110,2025-12-25 18:57:00,350,Cancelled
4111,2026-03-19 11:30:00,136,Pending
4112,2025-03-16 08:50:00,421,Cancelled
4113,2025-01-17 09:39:00,291,Pending
4114,2026-01-09 17:29:00,407,Completed
4115,2026-03-30 16:05:00,446,Completed
4116,2026-04-25 04:18:00,69,Pending
4117,2026-05-02 03:06:00,222,Completed
4118,2026-05-24 09:01:00,362,Completed
4119,2025-01-04 18:21:00,303,Pending
4120,2025-12-20 23:24:00,99,Completed
4121,2026-04-11 14:04:00,46,Completed
4122,2026-06-16 10:42:00,140,Completed
4123,2025-04-07 22:03:00,223,Completed
4124,2026-04-08 19:59:00,373,Completed
4125,2026-08-23 16:35:00,45,Completed
4126,2025-01-23 06:56:00,466,Pending
4127,2026-02-08 11:31:00,44,Completed
4128,2026-01-08 05:17:00,475,Completed
4129,2026-03-06 05:08:00,378,Completed
4130,2025-06-15 08:09:00,191,Completed
4131,2026-08-02 21:40:00,4,Pending
4132,2025-08-08 02:26:00,334,Pending
4133,2026-04-04 04:39:00,500,Completed
4134,2025-06-16 07:19:00,141,Completed
4135,2026-03-30 12:32:00,47,Completed
4136,2025-10-23 07:13:00,457,Cancelled
4137,2026-05-17 18:14:00,417,Completed
4138,2025-10-07 23:03:00,431,Cancelled
4139,2025-10-05 08:29:00,306,Pending
4140,2026-04-26 00:30:00,184,Completed
4141,2025-06-26 09:54:00,403,Completed
4142,2025-10-30 05:41:00,188,Pending
4143,2026-03-20 11:25:00,46,Completed
4144,2025-03-08 01:48:00,184,Completed
4145,2025-01-10 12:06:00,186,Completed
4146,2025-01-19 07:54:00,386,Completed
4147,2025-09-16 20:59:00,192,Pending
4148,2026-04-16 22:47:00,432,Pending
4149,2025-10-12 06:39:00,347,Completed
4150,2025-03-07 05:25:00,372,Completed
4151,2025-02-26 22:15:00,276,Completed
4152,2026-05-11 23:39:00,217,Completed
4153,2025-11-15 07:51:00,52,Completed
4154,2025-11-30 01:57:00,58,Completed
4155,2026-08-08 08:10:00,128,Pending
4156,2026-01-30 22:36:00,499,Completed
4157,2025-12-28 05:28:00,41,Completed
4158,2026-07-14 06:50:00,299,Pending
4159,2026-08-14 19:26:00,234,Cancelled
4160,2025-01-24 21:50:00,280,Cancelled
4161,2025-10-01 13:12:00,215,Completed
4162,2025-07-10 04:47:00,495,Pending
4163,2026-03-28 10:54:00,267,Completed
4164,2026-06-20 17:11:00,310,Pending
4165,2025-10-16 17:49:00,454,Completed
4166,2026-03-03 07:59:00,34,Cancelled
4167,2025-01-31 08:18:00,190,Pending
4168,2025-07-07 19:38:00,462,Completed
4169,2025-06-25 21:49:00,443,Cancelled
4170,2025-07-17 06:51:00,490,Completed
4171,2025-11-25 07:07:00,352,Completed
4172,2025-07-26 15:59:00,427,Completed
4173,2026-05-07 18:02:00,144,Pending
4174,2026-07-15 07:38:00,10,Completed
4175,2025-06-05 21:58:00,231,Pending
4176,2025-12-08 15:28:00,44,Completed
4177,2026-06-19 02:44:00,446,Pending
4178,2025-11-13 06:46:00,400,Completed
4179,2025-04-13 18:05:00,124,Completed
4180,2025-07-03 09:02:00,192,Cancelled
4181,2026-04-20 23:46:00,237,Completed
4182,2025-11-24 21:08:00,150,Cancelled
4183,2026-05-01 07:02:00,477,Cancelled
4184,2026-03-13 16:15:00,253,Pending
4185,2025-07-25 02:38:00,284,Completed
4186,2025-09-21 00:18:00,22,Pending
4187,2025-07-07 00:52:00,396,Pending
4188,2025-07-26 07:34:00,86,Pending
4189,2025-08-05 11:22:00,45,Completed
4190,2025-03-28 11:52:00,45,Completed
4191,2025-09-01 09:30:00,455,Completed
4192,2025-08-09 00:39:00,56,Completed
4193,2026-03-17 09:44:00,241,Completed
4194,2026-05-02 17:06:00,418,Cancelled
4195,2026-06-29 04:21:00,363,Completed
4196,2026-03-18 22:00:00,83,Pending
4197,2025-09-20 19:34:00,215,Completed
4198,2026-04-01 10:01:00,216,Completed
4199,2025-10-16 11:37:00,223,Pending
4200,2026-01-12 07:56:00,294,Completed
4201,2025-06-10 22:15:00,292,Completed
4202,2025-12-06 08:02:00,207,Cancelled
4203,2025-04-03 10:00:00,279,Completed
4204,2025-03-04 17:29:00,103,Pending
4205,2026-07-13 11:17:00,450,Completed
4206,2025-03-07 19:08:00,112,Completed
4207,2026-05-16 11:55:00,401,Completed
4208,2025-08-06 03:55:00,127,Pending
4209,2026-02-27 23:53:00,200,Completed
4210,2025-07-04 10:27:00,71,Completed
4211,2025-04-26 19:28:00,338,Completed
4212,2026-08-08 02:18:00,397,Completed
4213,2026-08-24 00:16:00,192,Pending
4214,2025-02-03 16:46:00,148,Completed
4215,2026-05-12 11:37:00,414,Completed
4216,2026-04-29 01:44:00,497,Completed
4217,2025-01-17 23:34:00,49,Completed
4218,2025-05-06 13:07:00,335,Pending
4219,2025-11-12 05:37:00,16,Pending
4220,2025-12-11 19:06:00,59,Completed
4221,2025-09-15 15:06:00,255,Pending
4222,2026-08-15 07:07:00,5,Pending
4223,2026-03-21 20:15:00,438,Pending
4224,2026-07-17 23:34:00,220,Completed
4225,2025-09-09 22:44:00,404,Cancelled
4226,2025-07-16 05:24:00,74,Pending
4227,2026-06-15 03:11:00,444,Pending
4228,2026-03-01 03:07:00,71,Pending
4229,2025-05-29 17:54:00,6,Pending
4230,2026-06-09 04:08:00,326,Completed
4231,2026-03-18 21:05:00,316,Pending
4232,2025-09-18 16:13:00,117,Completed
4233,2026-06-12 09:32:00,222,Completed
4234,2026-02-10 00:59:00,190,Pending
4235,2025-02-15 01:48:00,219,Completed
4236,2025-11-03 09:27:00,419,Pending
4237,2026-06-02 11:49:00,179,Pending
4238,2026-01-19 21:09:00,230,Completed
4239,2025-10-18 20:31:00,432,Completed
4240,2025-04-13 16:25:00,45,Completed
4241,2026-04-05 00:17:00,52,Pending
4242,2026-08-14 19:20:00,170,Completed
4243,2025-11-12 07:25:00,441,Completed
4244,2026-05-12 00:17:00,20,Completed
4245,2026-07-21 16:03:00,331,Completed
4246,2026-05-21 03:13:00,419,Completed
4247,2025-02-12 08:56:00,295,Cancelled
4248,2025-04-20 23:59:00,500,Pending
4249,2025-03-06 23:43:00,235,Pending
4250,2025-06-27 18:22:00,466,Completed
4251,2025-12-10 21:31:00,179,Completed
4252,2025-12-31 04:46:00,405,Pending
4253,2025-11-10 23:03:00,34,Completed
4254,2025-06-03 06:06:00,210,Completed
4255,2025-08-10 22:05:00,138,Completed
4256,2025-06-09 10:05:00,197,Cancelled
4257,2026-03-24 21:29:00,261,Cancelled
4258,2025-12-16 03:50:00,360,Completed
4259,2025-06-23 21:26:00,315,Completed
4260,2025-07-19 10:50:00,40,Completed
4261,2026-02-27 19:51:00,63,Cancelled
4262,2026-05-01 16:46:00,237,Pending
4263,2025-04-11 02:17:00,70,Completed
4264,2025-03-05 04:38:00,233,Completed
4265,2026-04-02 21:10:00,186,Pending
4266,2026-02-08 15:37:00,239,Completed
4267,2026-07-28 22:31:00,224,Completed
4268,2025-07-15 19:16:00,369,Completed
4269,2025-12-13 17:23:00,445,Completed
4270,2026-07-05 14:46:00,298,Completed
4271,2025-03-15 06:20:00,70,Pending
4272,2025-07-15 03:43:00,238,Cancelled
4273,2026-02-26 15:01:00,333,Pending
4274,2026-01-29 12:44:00,499,Completed
4275,2026-04-30 03:00:00,266,Completed
4276,2026-03-18 15:00:00,379,Completed
4277,2025-04-13 19:29:00,349,Completed
4278,2026-02-19 23:22:00,393,Completed
4279,2025-09-04 09:41:00,164,Completed
4280,2025-06-26 07:32:00,4,Completed
4281,2025-12-03 15:58:00,237,Completed
4282,2025-09-12 06:09:00,469,Pending
4283,2025-05-22 02:16:00,491,Completed
4284,2025-04-22 23:02:00,139,Pending
4285,2025-01-03 04:16:00,386,Completed
4286,2025-12-28 00:17:00,266,Pending
4287,2025-11-10 08:14:00,309,Cancelled
4288,2025-03-31 13:41:00,258,Completed
4289,2026-01-04 19:30:00,213,Cancelled
4290,2026-01-22 17:25:00,261,Completed
4291,2026-07-07 15:57:00,18,Pending
4292,2026-02-07 06:33:00,313,Completed
4293,2025-05-20 14:45:00,434,Pending
4294,2025-03-19 02:08:00,203,Completed
4295,2025-04-24 08:40:00,268,Completed
4296,2026-07-21 04:34:00,374,Completed
4297,2025-08-25 15:55:00,184,Completed
4298,2025-01-18 06:43:00,45,Pending
4299,2025-06-07 12:21:00,327,Completed
4300,2025-07-28 01:09:00,249,Pending
4301,2025-07-10 20:32:00,196,Completed
4302,2026-08-03 07:43:00,74,Completed
4303,2025-04-26 02:16:00,442,Completed
4304,2026-07-01 02:53:00,476,Pending
4305,2025-11-22 02:16:00,498,Pending
4306,2026-08-14 14:42:00,482,Completed
4307,2025-02-23 07:23:00,287,Pending
4308,2026-04-17 17:39:00,460,Completed
4309,2026-08-23 21:41:00,232,Pending
4310,2025-12-18 11:20:00,102,Pending
4311,2025-10-03 11:49:00,40,Cancelled
4312,2025-03-12 12:39:00,473,Pending
4313,2025-09-06 18:47:00,24,Cancelled
4314,2026-04-18 19:46:00,42,Pending
4315,2025-05-11 15:47:00,13,Pending
4316,2025-12-08 14:19:00,431,Pending
4317,2026-08-21 21:55:00,302,Pending
4318,2025-01-29 09:12:00,273,Pending
4319,2025-12-30 12:37:00,409,Pending
4320,2025-02-01 18:18:00,264,Completed
4321,2025-05-24 02:34:00,251,Completed
4322,2026-03-15 09:02:00,291,Pending
4323,2026-03-23 14:51:00,222,Completed
4324,2026-01-13 07:03:00,179,Pending
4325,2025-12-09 19:32:00,477,Completed
4326,2025-02-01 13:21:00,219,Completed
4327,2026-03-26 18:41:00,141,Completed
4328,2025-08-24 10:25:00,37,Cancelled
4329,2026-04-26 13:10:00,67,Pending
4330,2026-03-11 04:46:00,33,Completed
4331,2026-08-10 08:23:00,306,Completed
4332,2025-03-04 13:01:00,386,Completed
4333,2026-08-24 00:21:00,232,Completed
4334,2025-07-30 09:30:00,57,Completed
4335,2025-05-06 21:55:00,414,Completed
4336,2025-11-17 07:21:00,235,Completed
4337,2026-01-11 15:54:00,337,Completed
4338,2025-01-12 03:52:00,144,Completed
4339,2026-01-06 19:09:00,164,Completed
4340,2025-07-09 00:29:00,133,Completed
4341,2025-07-24 19:13:00,308,Completed
4342,2026-06-21 23:47:00,394,Pending
4343,2025-12-26 05:44:00,145,Pending
4344,2026-08-01 09:55:00,76,Pending
4345,2025-12-06 09:24:00,103,Completed
4346,2026-02-03 00:11:00,420,Cancelled
4347,2025-11-10 03:48:00,206,Cancelled
4348,2025-04-27 14:29:00,88,Completed
4349,2025-05-14 19:41:00,464,Completed
4350,2025-03-09 22:33:00,431,Pending
4351,2026-08-03 00:03:00,442,Cancelled
4352,2026-02-16 19:38:00,155,Completed
4353,2025-06-21 09:52:00,159,Completed
4354,2025-12-08 02:03:00,291,Completed
4355,2025-04-07 08:29:00,108,Completed
4356,2025-04-20 18:18:00,242,Pending
4357,2026-06-10 09:59:00,266,Completed
4358,2025-04-24 00:47:00,19,Completed
4359,2025-07-04 19:45:00,344,Pending
4360,2025-09-28 02:40:00,3,Completed
4361,2025-04-16 14:31:00,227,Pending
4362,2025-06-03 06:05:00,188,Completed
4363,2025-08-20 20:38:00,86,Completed
4364,2026-07-21 21:50:00,164,Cancelled
4365,2026-07-27 14:19:00,236,Completed
4366,2025-08-27 05:29:00,465,Cancelled
4367,2025-10-13 07:31:00,158,Completed
4368,2025-02-16 14:09:00,128,Completed
4369,2025-08-16 19:42:00,458,Pending
4370,2026-05-12 04:10:00,222,Completed
4371,2025-07-03 06:12:00,480,Completed
4372,2026-04-10 17:17:00,245,Completed
4373,2026-04-10 19:32:00,455,Pending
4374,2025-10-05 17:00:00,213,Pending
4375,2025-11-12 17:41:00,427,Completed
4376,2026-01-26 10:11:00,384,Cancelled
4377,2026-08-08 00:19:00,358,Cancelled
4378,2025-10-31 00:59:00,274,Completed
4379,2026-08-15 15:44:00,353,Pending
4380,2025-06-15 06:50:00,356,Completed
4381,2025-05-31 02:22:00,210,Cancelled
4382,2025-08-17 16:20:00,67,Completed
4383,2025-10-09 19:53:00,261,Pending
4384,2025-06-23 18:15:00,433,Completed
4385,2026-01-01 07:46:00,239,Completed
4386,2025-08-17 11:06:00,482,Completed
4387,2026-06-08 01:34:00,216,Completed
4388,2025-09-28 06:39:00,426,Cancelled
4389,2025-09-01 22:52:00,311,Pending
4390,2025-10-08 23:47:00,469,Completed
4391,2025-07-19 14:20:00,357,Cancelled
4392,2025-09-17 07:52:00,389,Pending
4393,2026-03-23 17:00:00,456,Pending
4394,2026-04-29 03:01:00,457,Completed
4395,2025-02-16 17:38:00,357,Pending
4396,2026-07-13 16:50:00,255,Cancelled
4397,2025-10-06 07:11:00,190,Completed
4398,2025-11-20 16:44:00,316,Pending
4399,2026-02-07 20:56:00,318,Completed
4400,2025-12-07 19:06:00,211,Completed
4401,2026-02-16 19:53:00,360,Completed
4402,2025-10-02 00:18:00,498,Completed
4403,2026-06-04 23:12:00,106,Pending
4404,2026-01-02 20:38:00,402,Pending
4405,2025-12-02 22:29:00,21,Completed
4406,2025-10-22 05:14:00,303,Completed
4407,2025-10-16 13:36:00,380,Pending
4408,2026-01-02 03:38:00,141,Pending
4409,2025-01-15 00:37:00,377,Completed
4410,2026-04-27 07:15:00,474,Completed
4411,2025-05-24 13:35:00,446,Pending
4412,2025-03-19 01:28:00,347,Completed
4413,2025-06-06 16:35:00,374,Completed
4414,2025-11-08 11:57:00,327,Cancelled
4415,2026-07-04 06:41:00,184,Completed
4416,2026-01-05 02:50:00,293,Cancelled
4417,2026-04-14 16:20:00,247,Pending
4418,2025-11-28 16:22:00,1,Pending
4419,2025-01-24 23:10:00,490,Completed
4420,2025-06-24 00:42:00,210,Cancelled
4421,2025-05-03 18:58:00,187,Completed
4422,2025-06-05 07:19:00,239,Completed
4423,2026-07-09 15:38:00,182,Completed
4424,2025-12-17 08:47:00,382,Completed
4425,2025-11-19 11:18:00,393,Completed
4426,2025-01-05 03:16:00,116,Completed
4427,2026-07-31 17:00:00,34,Cancelled
4428,2025-03-29 09:05:00,108,Pending
4429,2026-03-05 17:39:00,25,Completed
4430,2025-01-01 05:23:00,296,Pending
4431,2025-11-04 15:54:00,380,Completed
4432,2026-07-19 20:53:00,177,Completed
4433,2025-10-22 07:14:00,298,Pending
4434,2026-02-07 07:06:00,425,Completed
4435,2025-04-10 22:31:00,53,Pending
4436,2025-08-20 17:15:00,139,Pending
4437,2026-02-05 14:51:00,47,Completed
4438,2025-02-16 17:44:00,129,Pending
4439,2025-10-04 22:12:00,315,Pending
4440,2025-08-24 14:36:00,47,Completed
4441,2025-10-28 22:22:00,59,Pending
4442,2025-01-29 10:39:00,251,Cancelled
4443,2026-07-02 13:50:00,325,Completed
4444,2026-08-10 19:14:00,335,Pending
4445,2025-09-11 06:40:00,333,Cancelled
4446,2025-07-27 00:17:00,14,Completed
4447,2025-03-27 15:20:00,394,Completed
4448,2025-02-04 04:57:00,84,Completed
4449,2025-09-06 23:41:00,48,Pending
4450,2026-01-23 20:08:00,283,Completed
4451,2026-05-16 04:23:00,146,Completed
4452,2026-07-14 08:30:00,362,Completed
4453,2026-02-21 18:39:00,154,Completed
4454,2025-09-07 23:17:00,461,Pending
4455,2026-08-10 10:35:00,210,Completed
4456,2026-08-09 22:56:00,184,Cancelled
4457,2026-06-22 12:31:00,334,Cancelled
4458,2026-01-15 22:05:00,32,Completed
4459,2025-10-29 06:44:00,2,Completed
4460,2026-02-10 02:22:00,239,Completed
4461,2025-10-09 08:01:00,80,Completed
4462,2026-05-13 09:08:00,224,Pending
4463,2026-07-29 20:53:00,90,Completed
4464,2026-08-02 16:07:00,51,Cancelled
4465,2026-04-12 06:59:00,214,Cancelled
4466,2025-06-18 14:37:00,465,Cancelled
4467,2025-01-01 20:20:00,243,Pending
4468,2026-08-01 14:52:00,172,Completed
4469,2026-06-17 05:22:00,401,Completed
4470,2026-06-05 06:49:00,77,Completed
4471,2026-07-28 19:13:00,164,Pending
4472,2025-05-24 05:12:00,296,Completed
4473,2026-03-02 07:29:00,60,Pending
4474,2025-06-16 15:31:00,134,Completed
4475,2025-01-13 17:44:00,437,Cancelled
4476,2025-11-06 16:18:00,324,Completed
4477,2025-06-13 12:23:00,428,Completed
4478,2026-06-21 06:52:00,8,Cancelled
4479,2026-01-04 13:18:00,412,Cancelled
4480,2025-06-20 05:24:00,52,Completed
4481,2025-10-10 06:27:00,222,Completed
4482,2026-05-13 21:54:00,488,Completed
4483,2026-07-20 11:22:00,247,Completed
4484,2025-03-15 20:47:00,68,Pending
4485,2025-09-14 20:44:00,57,Pending
4486,2025-05-14 14:22:00,339,Pending
4487,2025-10-29 01:57:00,313,Completed
4488,2025-11-06 20:31:00,98,Cancelled
4489,2025-08-16 16:56:00,305,Cancelled
4490,2026-03-03 20:16:00,253,Pending
4491,2026-04-23 10:25:00,407,Pending
4492,2025-01-14 22:14:00,251,Pending
4493,2025-02-03 20:15:00,475,Completed
4494,2025-04-08 11:07:00,432,Pending
4495,2025-01-17 00:06:00,132,Pending
4496,2025-05-14 20:28:00,430,Completed
4497,2025-11-30 08:18:00,236,Completed
4498,2026-06-13 21:29:00,496,Completed
4499,2025-12-21 22:28:00,19,Completed
4500,2025-03-05 16:08:00,422,Pending
4501,2025-12-14 13:50:00,217,Completed
4502,2026-01-12 06:49:00,307,Pending
4503,2026-03-27 21:32:00,49,Pending
4504,2026-03-15 01:10:00,451,Completed
4505,2025-10-29 00:58:00,197,Cancelled
4506,2026-03-06 09:39:00,441,Completed
4507,2026-03-26 21:31:00,493,Completed
4508,2025-12-03 15:38:00,401,Pending
4509,2025-02-02 01:50:00,80,Cancelled
4510,2025-08-27 08:13:00,74,Completed
4511,2025-01-02 06:44:00,69,Pending
4512,2025-02-15 13:46:00,67,Cancelled
4513,2026-04-30 10:32:00,454,Pending
4514,2026-03-23 08:19:00,145,Completed
4515,2026-03-19 11:58:00,139,Completed
4516,2025-08-18 17:00:00,38,Pending
4517,2025-07-21 19:36:00,433,Completed
4518,2025-06-24 22:55:00,362,Cancelled
4519,2025-06-19 23:19:00,467,Completed
4520,2025-05-23 14:21:00,258,Completed
4521,2025-04-01 09:49:00,360,Cancelled
4522,2026-06-25 03:19:00,258,Cancelled
4523,2026-06-15 00:19:00,294,Pending
4524,2026-07-23 03:56:00,306,Pending
4525,2025-03-30 11:13:00,442,Completed
4526,2025-03-19 01:04:00,282,Completed
4527,2025-09-15 07:02:00,412,Completed
4528,2026-02-10 17:26:00,200,Completed
4529,2025-06-28 15:39:00,110,Completed
4530,2025-01-11 20:17:00,26,Completed
4531,2025-11-03 16:10:00,78,Completed
4532,2025-04-27 10:23:00,257,Completed
4533,2025-06-13 15:51:00,406,Completed
4534,2025-05-26 14:12:00,168,Completed
4535,2025-09-29 06:18:00,263,Completed
4536,2025-01-08 01:43:00,446,Completed
4537,2026-05-24 06:14:00,443,Completed
4538,2025-08-19 00:10:00,314,Completed
4539,2026-07-28 23:55:00,252,Completed
4540,2026-01-30 18:53:00,421,Completed
4541,2025-08-07 18:39:00,401,Completed
4542,2025-06-04 15:21:00,137,Completed
4543,2026-07-09 13:47:00,117,Pending
4544,2025-07-10 18:12:00,492,Pending
4545,2026-07-07 00:04:00,269,Completed
4546,2025-12-31 16:04:00,148,Cancelled
4547,2025-03-08 11:03:00,229,Completed
4548,2026-08-16 07:42:00,120,Completed
4549,2025-06-18 01:33:00,133,Completed
4550,2025-02-26 22:00:00,188,Completed
4551,2025-06-10 01:44:00,303,Pending
4552,2025-01-08 05:28:00,457,Completed
4553,2026-07-02 09:26:00,203,Completed
4554,2025-01-21 03:20:00,91,Pending
4555,2026-07-25 15:39:00,3,Completed
4556,2026-07-06 04:17:00,410,Cancelled
4557,2025-05-07 05:38:00,226,Cancelled
4558,2026-05-22 07:20:00,418,Completed
4559,2025-06-22 02:39:00,441,Completed
4560,2026-03-05 08:25:00,60,Completed
4561,2025-08-27 01:47:00,249,Completed
4562,2025-03-25 01:35:00,230,Completed
4563,2026-07-09 21:10:00,185,Pending
4564,2025-08-29 19:15:00,378,Pending
4565,2025-10-08 13:58:00,151,Completed
4566,2025-01-17 00:29:00,71,Completed
4567,2025-01-28 13:50:00,117,Pending
4568,2026-08-21 13:36:00,332,Completed
4569,2026-07-16 12:09:00,32,Completed
4570,2025-08-16 03:23:00,86,Completed
4571,2026-05-24 04:57:00,391,Completed
4572,2025-02-09 03:12:00,269,Completed
4573,2026-08-22 00:23:00,179,Cancelled
4574,2025-09-23 16:08:00,286,Pending
4575,2026-03-29 00:26:00,250,Completed
4576,2025-01-02 07:18:00,45,Pending
4577,2025-03-13 14:01:00,162,Pending
4578,2026-07-02 17:40:00,193,Completed
4579,2026-02-15 23:02:00,480,Completed
4580,2025-07-09 09:14:00,70,Completed
4581,2025-02-25 00:00:00,470,Completed
4582,2026-06-01 07:08:00,317,Pending
4583,2025-03-25 17:49:00,415,Completed
4584,2025-09-14 01:28:00,176,Pending
4585,2025-10-19 21:55:00,51,Completed
4586,2026-01-31 15:57:00,187,Completed
4587,2025-09-06 19:35:00,438,Cancelled
4588,2025-12-07 22:26:00,324,Completed
4589,2025-11-30 09:37:00,449,Completed
4590,2025-11-16 08:47:00,98,Completed
4591,2025-09-08 05:14:00,261,Pending
4592,2025-12-26 15:36:00,72,Pending
4593,2026-07-29 06:49:00,416,Completed
4594,2025-02-06 14:27:00,462,Cancelled
4595,2025-05-28 03:17:00,28,Completed
4596,2025-05-03 13:18:00,193,Completed
4597,2026-06-15 23:48:00,240,Pending
4598,2025-10-15 04:24:00,351,Pending
4599,2025-12-19 08:12:00,271,Completed
4600,2026-03-30 10:52:00,485,Completed
4601,2025-06-05 14:56:00,272,Completed
4602,2025-10-04 15:16:00,350,Completed
4603,2025-08-04 20:56:00,127,Completed
4604,2025-06-18 08:42:00,428,Pending
4605,2026-01-12 18:03:00,111,Cancelled
4606,2025-08-16 01:06:00,230,Cancelled
4607,2026-08-14 03:33:00,382,Completed
4608,2025-11-14 05:53:00,486,Completed
4609,2026-01-07 01:17:00,266,Completed
4610,2025-05-12 02:44:00,495,Completed
4611,2026-03-12 03:07:00,333,Completed
4612,2026-08-03 05:57:00,496,Completed
4613,2025-07-26 20:30:00,380,Completed
4614,2025-06-19 19:17:00,389,Completed
4615,2026-06-19 19:28:00,93,Completed
4616,2025-04-26 14:29:00,356,Completed
4617,2026-05-12 08:49:00,318,Pending
4618,2026-07-13 02:21:00,146,Cancelled
4619,2025-02-12 15:24:00,32,Completed
4620,2025-06-10 14:58:00,411,Completed
4621,2026-02-26 16:39:00,42,Pending
4622,2025-07-12 17:05:00,34,Cancelled
4623,2025-05-10 17:28:00,132,Pending
4624,2025-07-03 10:50:00,240,Pending
4625,2025-04-26 05:17:00,315,Cancelled
4626,2026-06-23 01:17:00,129,Completed
4627,2026-02-13 17:09:00,266,Cancelled
4628,2025-11-07 07:50:00,213,Completed
4629,2025-03-28 17:42:00,467,Pending
4630,2025-06-18 10:13:00,385,Pending
4631,2025-09-06 09:13:00,465,Pending
4632,2026-08-20 07:42:00,48,Pending
4633,2025-11-27 11:43:00,485,Completed
4634,2025-09-21 14:42:00,104,Completed
4635,2025-06-28 09:34:00,101,Cancelled
4636,2025-06-06 08:00:00,7,Completed
4637,2025-09-24 00:02:00,187,Cancelled
4638,2025-11-09 06:26:00,232,Pending
4639,2025-02-27 02:49:00,5,Completed
4640,2025-06-25 07:22:00,141,Completed
4641,2025-11-09 12:25:00,68,Completed
4642,2025-02-19 04:51:00,271,Completed
4643,2026-08-14 00:51:00,33,Completed
4644,2026-06-07 14:16:00,412,Completed
4645,2025-05-04 05:38:00,477,Completed
4646,2025-05-02 09:35:00,115,Pending
4647,2025-09-18 21:15:00,187,Pending
4648,2025-09-03 01:31:00,69,Pending
4649,2026-02-03 01:16:00,432,Completed
4650,2025-03-17 05:27:00,434,Cancelled
4651,2025-05-25 08:34:00,196,Cancelled
4652,2025-01-15 22:22:00,349,Completed
4653,2025-08-17 22:28:00,322,Completed
4654,2026-02-13 23:21:00,234,Pending
4655,2026-05-06 11:39:00,6,Completed
4656,2025-04-25 14:18:00,425,Pending
4657,2026-05-06 00:03:00,438,Completed
4658,2026-08-11 18:49:00,493,Cancelled
4659,2026-05-16 14:11:00,426,Pending
4660,2026-06-04 18:10:00,52,Pending
4661,2026-07-10 14:10:00,43,Cancelled
4662,2025-10-01 23:40:00,70,Pending
4663,2025-06-30 23:48:00,411,Pending
4664,2025-12-21 00:38:00,484,Cancelled
4665,2026-01-17 15:54:00,238,Completed
4666,2025-12-08 23:49:00,286,Completed
4667,2025-02-03 08:14:00,70,Completed
4668,2025-06-18 23:12:00,99,Pending
4669,2025-03-20 19:51:00,171,Completed
4670,2025-01-02 11:46:00,413,Completed
4671,2026-03-14 11:48:00,146,Cancelled
4672,2026-01-10 12:29:00,50,Pending
4673,2026-08-09 03:30:00,216,Cancelled
4674,2025-01-18 21:15:00,358,Completed
4675,2025-10-19 02:10:00,35,Pending
4676,2025-09-20 07:09:00,243,Cancelled
4677,2025-03-09 14:24:00,465,Completed
4678,2026-03-17 22:06:00,426,Completed
4679,2025-07-25 01:50:00,228,Completed
4680,2025-11-23 06:03:00,393,Completed
4681,2025-01-29 07:06:00,318,Completed
4682,2026-03-15 22:43:00,453,Cancelled
4683,2025-09-27 03:40:00,448,Completed
4684,2025-05-24 20:20:00,108,Cancelled
4685,2026-05-27 01:59:00,141,Completed
4686,2025-09-14 09:16:00,179,Completed
4687,2025-03-21 16:46:00,467,Completed
4688,2025-05-06 01:16:00,153,Completed
4689,2025-05-28 04:33:00,362,Pending
4690,2026-05-17 10:49:00,385,Completed
4691,2025-03-04 13:38:00,73,Pending
4692,2026-06-28 09:11:00,48,Completed
4693,2026-03-18 20:22:00,440,Pending
4694,2025-02-02 07:18:00,85,Completed
4695,2026-08-24 10:06:00,113,Completed
4696,2025-02-18 23:55:00,20,Completed
4697,2025-05-16 20:58:00,260,Completed
4698,2025-12-25 18:52:00,432,Completed
4699,2026-02-02 13:46:00,81,Completed
4700,2025-08-22 03:07:00,49,Completed
4701,2025-04-10 17:49:00,480,Pending
4702,2025-12-01 20:26:00,146,Cancelled
4703,2026-08-18 08:11:00,418,Completed
4704,2026-05-29 06:17:00,397,Completed
4705,2026-03-23 11:26:00,409,Pending
4706,2026-03-16 15:04:00,467,Completed
4707,2026-01-19 15:26:00,289,Completed
4708,2026-08-20 01:48:00,243,Completed
4709,2025-07-09 22:34:00,71,Completed
4710,2026-08-04 14:11:00,159,Completed
4711,2026-06-01 18:42:00,154,Completed
4712,2025-06-12 06:52:00,189,Completed
4713,2025-04-01 14:32:00,112,Pending
4714,2026-04-18 13:33:00,71,Completed
4715,2025-04-14 17:22:00,173,Pending
4716,2025-02-13 07:25:00,493,Pending
4717,2025-12-22 16:38:00,3,Completed
4718,2026-02-03 07:52:00,411,Completed
4719,2025-11-14 15:06:00,25,Completed
4720,2026-04-29 09:15:00,28,Pending
4721,2026-02-26 10:20:00,408,Cancelled
4722,2026-05-14 16:01:00,206,Completed
4723,2025-03-18 23:04:00,41,Completed
4724,2025-12-21 17:51:00,491,Cancelled
4725,2026-05-09 02:57:00,325,Completed
4726,2026-07-15 13:24:00,59,Pending
4727,2025-10-04 14:09:00,53,Pending
4728,2026-06-23 04:04:00,313,Cancelled
4729,2026-07-18 18:45:00,430,Cancelled
4730,2025-04-21 18:45:00,218,Pending
4731,2025-11-01 09:49:00,284,Completed
4732,2025-10-01 10:00:00,131,Completed
4733,2026-03-12 09:42:00,287,Cancelled
4734,2025-04-20 19:12:00,62,Completed
4735,2025-05-30 08:14:00,249,Pending
4736,2025-12-04 20:55:00,229,Completed
4737,2026-03-26 16:54:00,391,Completed
4738,2026-05-07 06:09:00,427,Completed
4739,2026-02-11 05:45:00,4,Completed
4740,2025-09-22 09:48:00,499,Completed
4741,2026-07-27 09:14:00,143,Completed
4742,2026-07-07 21:34:00,172,Pending
4743,2025-04-11 04:11:00,337,Completed
4744,2025-04-07 18:12:00,368,Completed
4745,2025-06-22 20:33:00,495,Pending
4746,2025-09-07 20:49:00,337,Completed
4747,2026-08-20 10:20:00,32,Completed
4748,2026-03-01 02:58:00,344,Pending
4749,2025-02-04 23:11:00,376,Pending
4750,2026-03-13 22:45:00,481,Completed
4751,2026-04-09 11:27:00,86,Completed
4752,2025-06-22 06:21:00,252,Completed
4753,2025-06-10 05:33:00,162,Pending
4754,2025-05-20 12:05:00,426,Completed
4755,2025-06-06 05:33:00,462,Pending
4756,2025-03-27 05:51:00,301,Completed
4757,2025-07-13 14:23:00,158,Pending
4758,2025-12-03 08:47:00,340,Cancelled
4759,2025-05-22 00:08:00,377,Completed
4760,2025-09-19 14:12:00,148,Pending
4761,2025-04-06 19:42:00,23,Completed
4762,2025-04-28 19:20:00,163,Pending
4763,2025-02-16 12:36:00,108,Cancelled
4764,2025-09-20 13:12:00,166,Pending
4765,2025-12-07 13:17:00,341,Completed
4766,2025-03-17 08:42:00,217,Cancelled
4767,2025-06-15 13:10:00,352,Completed
4768,2025-12-04 00:17:00,445,Pending
4769,2025-11-14 13:41:00,370,Cancelled
4770,2026-01-26 12:48:00,395,Completed
4771,2025-08-29 15:42:00,275,Completed
4772,2026-08-10 13:22:00,52,Completed
4773,2025-08-30 09:27:00,467,Pending
4774,2025-09-21 08:05:00,436,Completed
4775,2025-06-17 06:47:00,128,Pending
4776,2026-07-18 20:15:00,407,Cancelled
4777,2025-02-20 00:42:00,243,Completed
4778,2025-07-02 22:19:00,61,Pending
4779,2025-08-22 04:59:00,197,Completed
4780,2026-03-24 05:01:00,301,Completed
4781,2025-09-05 23:57:00,332,Completed
4782,2025-08-08 20:23:00,469,Pending
4783,2025-06-02 04:07:00,488,Pending
4784,2025-01-04 06:03:00,407,Completed
4785,2026-03-27 06:49:00,431,Pending
4786,2025-06-30 20:26:00,305,Completed
4787,2026-03-02 04:29:00,143,Pending
4788,2025-02-25 05:35:00,179,Completed
4789,2026-07-07 04:13:00,448,Completed
4790,2025-11-13 23:35:00,291,Pending
4791,2025-07-05 22:43:00,166,Cancelled
4792,2025-10-25 07:34:00,418,Cancelled
4793,2026-03-30 23:29:00,3,Completed
4794,2025-06-03 10:49:00,341,Completed
4795,2025-08-01 20:19:00,397,Completed
4796,2026-05-02 20:53:00,56,Pending
4797,2026-02-11 06:56:00,411,Completed
4798,2025-11-17 10:24:00,360,Completed
4799,2025-09-02 16:53:00,468,Completed
4800,2026-07-03 23:05:00,52,Cancelled
4801,2025-08-05 07:23:00,302,Pending
4802,2025-11-03 03:04:00,29,Completed
4803,2026-04-12 23:10:00,36,Pending
4804,2025-10-09 05:21:00,321,Completed
4805,2025-12-11 01:08:00,444,Completed
4806,2025-07-08 23:46:00,211,Completed
4807,2025-06-20 12:54:00,271,Completed
4808,2026-06-06 12:59:00,74,Completed
4809,2025-09-25 22:57:00,398,Pending
4810,2026-07-08 13:49:00,28,Cancelled
4811,2025-12-01 17:40:00,431,Completed
4812,2026-05-28 19:07:00,116,Completed
4813,2025-07-10 04:41:00,278,Pending
4814,2025-02-07 06:26:00,490,Cancelled
4815,2026-05-18 02:46:00,441,Completed
4816,2026-01-26 12:22:00,19,Completed
4817,2026-04-29 23:35:00,311,Pending
4818,2026-06-09 10:11:00,225,Completed
4819,2026-07-11 07:29:00,352,Completed
4820,2026-01-21 05:37:00,108,Completed
4821,2026-02-19 16:02:00,482,Completed
4822,2026-01-03 15:18:00,308,Pending
4823,2026-07-13 09:11:00,436,Completed
4824,2025-03-22 20:57:00,255,Pending
4825,2025-05-27 02:46:00,278,Completed
4826,2025-03-25 08:42:00,108,Completed
4827,2025-04-12 22:50:00,291,Completed
4828,2026-08-13 22:31:00,415,Cancelled
4829,2026-07-16 17:41:00,113,Completed
4830,2026-02-03 17:27:00,484,Completed
4831,2025-12-07 03:30:00,10,Completed
4832,2025-03-25 04:54:00,389,Pending
4833,2025-02-27 00:39:00,326,Completed
4834,2026-06-26 21:35:00,425,Completed
4835,2025-12-24 15:18:00,322,Completed
4836,2025-04-30 04:31:00,395,Completed
4837,2025-02-10 12:52:00,293,Completed
4838,2025-10-03 06:00:00,186,Completed
4839,2025-08-08 00:41:00,102,Completed
4840,2025-11-09 10:11:00,183,Completed
4841,2025-07-02 19:43:00,134,Completed
4842,2026-02-25 10:22:00,51,Pending
4843,2025-06-27 10:18:00,320,Completed
4844,2026-01-16 10:41:00,374,Completed
4845,2026-07-11 09:43:00,491,Cancelled
4846,2026-02-08 08:19:00,356,Completed
4847,2025-11-09 19:42:00,420,Completed
4848,2025-02-12 12:36:00,377,Completed
4849,2025-06-19 05:45:00,165,Completed
4850,2026-07-19 18:45:00,326,Completed
4851,2026-08-10 21:18:00,460,Completed
4852,2025-07-08 14:43:00,483,Completed
4853,2025-06-16 16:31:00,241,Completed
4854,2025-03-14 08:27:00,214,Pending
4855,2026-04-18 15:54:00,395,Completed
4856,2026-07-03 10:36:00,14,Cancelled
4857,2026-08-08 19:32:00,15,Pending
4858,2026-08-05 05:46:00,170,Completed
4859,2025-11-19 18:10:00,133,Pending
4860,2025-03-03 05:50:00,99,Completed
4861,2026-05-25 10:19:00,171,Completed
4862,2025-11-21 03:31:00,162,Completed
4863,2026-04-09 20:27:00,133,Completed
4864,2025-03-03 01:41:00,200,Completed
4865,2025-02-05 08:57:00,229,Completed
4866,2025-09-10 12:43:00,407,Completed
4867,2025-01-15 05:12:00,461,Pending
4868,2025-03-20 09:50:00,198,Completed
4869,2025-07-28 19:21:00,349,Completed
4870,2025-11-13 00:55:00,89,Pending
4871,2025-07-22 01:21:00,206,Cancelled
4872,2025-05-10 06:35:00,232,Completed
4873,2025-10-04 15:37:00,314,Completed
4874,2025-05-18 07:25:00,304,Cancelled
4875,2025-04-14 11:27:00,137,Cancelled
4876,2025-06-01 06:14:00,294,Completed
4877,2025-11-16 11:33:00,125,Pending
4878,2025-10-24 03:44:00,177,Completed
4879,2025-08-01 13:41:00,421,Pending
4880,2026-06-16 10:16:00,5,Completed
4881,2025-10-06 21:07:00,441,Cancelled
4882,2025-07-21 04:02:00,44,Completed
4883,2026-03-28 05:34:00,391,Completed
4884,2025-09-21 11:34:00,386,Completed
4885,2025-02-21 23:50:00,449,Completed
4886,2026-02-13 16:37:00,104,Pending
4887,2025-03-02 20:48:00,349,Completed
4888,2026-07-02 03:02:00,182,Pending
4889,2026-06-23 04:59:00,336,Completed
4890,2026-02-26 08:59:00,127,Cancelled
4891,2025-02-17 02:51:00,87,Cancelled
4892,2025-05-13 22:17:00,29,Cancelled
4893,2025-07-17 03:52:00,195,Completed
4894,2026-01-05 01:20:00,298,Pending
4895,2025-03-07 20:12:00,433,Completed
4896,2025-05-30 03:30:00,164,Pending
4897,2025-01-10 18:04:00,353,Cancelled
4898,2026-05-01 00:34:00,33,Completed
4899,2026-05-22 11:06:00,359,Completed
4900,2025-09-18 16:58:00,127,Completed
4901,2025-06-21 09:14:00,142,Completed
4902,2026-01-10 19:56:00,57,Cancelled
4903,2025-09-01 04:34:00,276,Completed
4904,2025-08-01 22:46:00,468,Completed
4905,2026-05-08 18:29:00,50,Cancelled
4906,2026-06-20 08:12:00,485,Cancelled
4907,2026-01-25 20:17:00,8,Completed
4908,2025-09-21 04:12:00,387,Completed
4909,2025-07-17 10:00:00,326,Pending
4910,2025-11-03 06:37:00,101,Completed
4911,2026-07-01 03:46:00,447,Pending
4912,2025-09-07 11:49:00,161,Pending
4913,2025-07-11 13:59:00,288,Completed
4914,2025-04-19 12:21:00,28,Completed
4915,2026-01-29 16:44:00,303,Completed
4916,2025-12-04 22:26:00,476,Completed
4917,2025-08-11 10:17:00,233,Completed
4918,2025-07-08 17:42:00,328,Completed
4919,2026-07-07 19:59:00,460,Completed
4920,2025-09-09 02:18:00,472,Cancelled
4921,2025-03-28 06:48:00,428,Pending
4922,2025-12-10 10:05:00,9,Pending
4923,2026-04-13 06:50:00,134,Completed
4924,2026-07-18 23:16:00,48,Pending
4925,2025-07-14 17:44:00,360,Completed
4926,2025-01-29 03:08:00,365,Cancelled
4927,2025-05-20 04:58:00,27,Pending
4928,2026-08-08 09:09:00,44,Completed
4929,2025-01-24 23:02:00,19,Completed
4930,2025-12-18 21:20:00,384,Completed
4931,2025-09-16 06:06:00,464,Completed
4932,2026-03-26 09:55:00,423,Completed
4933,2026-02-26 12:08:00,107,Cancelled
4934,2025-11-25 07:08:00,208,Completed
4935,2025-11-27 18:24:00,295,Pending
4936,2026-06-20 07:28:00,47,Completed
4937,2025-01-11 16:19:00,363,Pending
4938,2026-08-24 06:15:00,74,Pending
4939,2026-02-16 12:48:00,434,Completed
4940,2026-03-15 22:04:00,49,Completed
4941,2025-03-25 18:42:00,142,Completed
4942,2025-02-24 13:36:00,298,Completed
4943,2025-04-25 20:55:00,368,Completed
4944,2026-03-19 19:31:00,398,Pending
4945,2026-07-11 09:24:00,403,Completed
4946,2025-03-18 16:07:00,53,Pending
4947,2025-07-19 14:03:00,450,Completed
4948,2026-06-03 10:34:00,40,Cancelled
4949,2025-03-11 01:19:00,424,Pending
4950,2025-09-19 14:16:00,300,Cancelled
4951,2025-12-19 10:10:00,425,Completed
4952,2025-03-26 03:30:00,59,Pending
4953,2025-11-25 13:46:00,429,Cancelled
4954,2026-03-27 00:39:00,426,Completed
4955,2026-01-04 08:11:00,435,Completed
4956,2025-11-07 02:32:00,394,Completed
4957,2026-02-26 22:30:00,129,Pending
4958,2025-04-26 06:22:00,34,Completed
4959,2025-03-27 12:27:00,466,Pending
4960,2026-04-02 05:04:00,254,Completed
4961,2025-10-31 23:14:00,477,Pending
4962,2025-08-16 16:32:00,492,Completed
4963,2025-08-19 15:28:00,147,Pending
4964,2025-07-16 19:03:00,211,Pending
4965,2025-11-04 00:40:00,498,Completed
4966,2025-12-24 22:40:00,128,Completed
4967,2025-06-06 19:48:00,98,Completed
4968,2025-06-16 08:11:00,100,Pending
4969,2025-11-01 19:35:00,60,Completed
4970,2025-05-08 13:01:00,64,Cancelled
4971,2025-04-28 18:13:00,285,Completed
4972,2025-10-10 07:25:00,390,Completed
4973,2025-09-24 12:50:00,255,Completed
4974,2026-01-24 18:02:00,191,Cancelled
4975,2026-06-19 11:52:00,327,Completed
4976,2025-12-20 20:03:00,41,Completed
4977,2025-12-04 12:20:00,423,Completed
4978,2026-07-23 08:01:00,231,Cancelled
4979,2025-05-09 19:35:00,443,Completed
4980,2025-10-08 23:00:00,390,Pending
4981,2025-08-17 01:48:00,54,Pending
4982,2026-03-23 05:16:00,336,Pending
4983,2025-01-07 07:06:00,92,Completed
4984,2025-06-21 13:43:00,281,Pending
4985,2025-02-25 23:22:00,99,Cancelled
4986,2026-01-23 05:40:00,213,Cancelled
4987,2026-01-12 02:20:00,286,Pending
4988,2025-08-25 11:52:00,260,Completed
4989,2025-02-07 04:53:00,343,Pending
4990,2026-06-17 09:32:00,82,Cancelled
4991,2026-02-05 05:13:00,218,Completed
4992,2025-03-21 18:02:00,175,Completed
4993,2026-07-10 12:53:00,124,Completed
4994,2026-01-04 00:27:00,343,Completed
4995,2025-11-11 15:18:00,439,Completed
4996,2025-02-21 08:15:00,41,Completed
4997,2026-02-19 08:49:00,37,Pending
4998,2026-05-12 05:51:00,419,Pending
4999,2025-05-24 17:37:00,142,Completed
5000,2025-04-17 11:48:00,183,Completed
5001,2026-07-08 13:44:00,154,Completed
5002,2025-05-12 20:47:00,205,Pending
5003,2025-09-14 18:33:00,411,Completed
5004,2025-07-29 23:42:00,467,Pending
5005,2025-05-28 03:48:00,289,Completed
5006,2025-03-16 20:51:00,51,Pending
5007,2026-04-10 02:06:00,369,Cancelled
5008,2026-05-16 16:53:00,418,Pending
5009,2025-01-17 08:22:00,478,Pending
5010,2026-06-14 11:36:00,192,Completed
5011,2025-12-13 13:56:00,276,Completed
5012,2026-04-04 06:02:00,15,Pending
5013,2025-03-24 23:26:00,75,Completed
5014,2025-03-17 08:31:00,432,Pending
5015,2025-03-05 03:15:00,106,Cancelled
5016,2026-03-28 03:58:00,183,Pending
5017,2025-12-19 14:26:00,259,Completed
5018,2025-08-03 22:28:00,286,Completed
5019,2025-09-06 00:13:00,50,Pending
5020,2026-06-17 00:33:00,40,Pending
5021,2026-03-16 08:39:00,243,Completed
5022,2025-09-20 01:28:00,313,Cancelled
5023,2025-07-17 12:38:00,35,Completed
5024,2025-02-28 11:10:00,180,Completed
5025,2025-11-18 08:58:00,393,Completed
5026,2025-10-26 17:40:00,319,Completed
5027,2025-03-29 05:39:00,92,Pending
5028,2025-12-25 10:04:00,471,Pending
5029,2026-03-14 22:07:00,200,Completed
5030,2025-04-30 06:56:00,400,Pending
5031,2025-01-13 06:25:00,103,Completed
5032,2025-09-21 20:19:00,370,Completed
5033,2025-10-31 10:13:00,75,Completed
5034,2025-11-23 13:01:00,202,Completed
5035,2025-12-01 16:56:00,353,Completed
5036,2025-05-17 22:48:00,229,Pending
5037,2025-03-18 02:10:00,482,Completed
5038,2025-12-10 22:51:00,423,Cancelled
5039,2026-02-20 02:14:00,301,Pending
5040,2026-01-29 04:41:00,462,Cancelled
5041,2026-03-02 20:24:00,440,Completed
5042,2026-03-02 12:16:00,453,Completed
5043,2025-04-10 03:45:00,364,Completed
5044,2026-04-24 21:57:00,471,Cancelled
5045,2025-07-23 02:39:00,61,Pending
5046,2025-04-02 18:51:00,130,Completed
5047,2026-08-11 18:19:00,32,Completed
5048,2025-05-25 21:36:00,190,Pending
5049,2025-04-15 18:13:00,410,Completed
5050,2026-01-08 00:55:00,251,Pending
5051,2026-05-18 22:16:00,190,Completed
5052,2025-07-30 19:41:00,392,Completed
5053,2025-06-06 00:43:00,142,Pending
5054,2025-01-14 07:32:00,438,Completed
5055,2026-06-27 17:18:00,197,Pending
5056,2026-07-17 19:59:00,11,Completed
5057,2026-02-25 04:20:00,311,Pending
5058,2025-06-30 21:53:00,183,Completed
5059,2025-07-15 16:35:00,111,Pending
5060,2026-03-30 01:27:00,48,Pending
5061,2025-06-17 23:39:00,153,Cancelled
5062,2026-02-15 23:03:00,293,Completed
5063,2025-12-31 01:58:00,28,Pending
5064,2026-03-29 10:54:00,208,Completed
5065,2025-05-01 15:42:00,207,Completed
5066,2026-06-17 18:11:00,311,Completed
5067,2026-06-15 13:25:00,169,Pending
5068,2025-05-22 21:09:00,271,Pending
5069,2025-01-06 12:04:00,304,Completed
5070,2026-08-23 05:22:00,311,Completed
5071,2025-05-10 17:05:00,5,Completed
5072,2026-07-11 07:47:00,460,Pending
5073,2026-03-06 21:16:00,492,Pending
5074,2025-05-27 14:43:00,34,Pending
5075,2025-01-30 08:48:00,369,Cancelled
5076,2025-07-03 20:15:00,468,Completed
5077,2025-10-23 05:13:00,55,Completed
5078,2025-11-08 21:34:00,129,Pending
5079,2025-01-29 03:47:00,358,Completed
5080,2025-11-12 21:40:00,104,Completed
5081,2026-06-01 20:36:00,67,Completed
5082,2025-09-20 20:42:00,61,Completed
5083,2026-07-20 06:41:00,362,Pending
5084,2026-05-10 06:41:00,88,Pending
5085,2025-12-20 10:52:00,489,Completed
5086,2025-03-29 10:16:00,297,Cancelled
5087,2025-08-19 15:56:00,24,Completed
5088,2026-01-30 20:48:00,123,Completed
5089,2025-07-03 08:03:00,335,Pending
5090,2026-03-13 11:09:00,236,Completed
5091,2025-11-27 21:35:00,301,Completed
5092,2025-12-15 12:50:00,59,Completed
5093,2025-02-25 22:48:00,193,Completed
5094,2025-05-05 20:22:00,174,Completed
5095,2025-06-12 22:58:00,359,Pending
5096,2025-02-11 01:16:00,244,Completed
5097,2026-08-10 02:37:00,154,Completed
5098,2025-09-12 02:06:00,277,Pending
5099,2025-07-12 09:21:00,108,Completed
5100,2026-08-08 22:42:00,156,Completed
5101,2025-08-05 21:24:00,428,Pending
5102,2026-05-25 10:36:00,30,Completed
5103,2025-03-22 11:01:00,52,Pending
5104,2025-11-29 22:57:00,34,Completed
5105,2025-12-09 16:55:00,336,Pending
5106,2026-02-17 18:54:00,472,Completed
5107,2026-06-24 13:53:00,99,Completed
5108,2025-05-12 08:52:00,199,Completed
5109,2025-10-14 21:17:00,360,Completed
5110,2025-12-20 21:46:00,136,Completed
5111,2025-04-01 08:57:00,207,Completed
5112,2025-08-02 04:56:00,417,Completed
5113,2025-10-05 13:54:00,50,Pending
5114,2026-02-15 04:35:00,104,Pending
5115,2025-03-06 00:22:00,3,Completed
5116,2026-03-07 00:01:00,123,Completed
5117,2026-03-31 22:09:00,277,Completed
5118,2025-11-19 11:21:00,351,Completed
5119,2025-10-31 05:51:00,155,Completed
5120,2025-05-07 15:49:00,95,Pending
5121,2025-12-27 17:01:00,364,Pending
5122,2025-01-27 12:54:00,495,Completed
5123,2025-05-30 17:30:00,395,Completed
5124,2026-08-13 20:28:00,415,Completed
5125,2025-04-02 13:36:00,75,Completed
5126,2026-03-09 06:42:00,275,Completed
5127,2025-07-23 10:48:00,249,Completed
5128,2026-03-06 14:03:00,80,Pending
5129,2025-12-13 08:26:00,127,Pending
5130,2026-03-20 00:11:00,109,Pending
5131,2026-04-28 09:18:00,51,Pending
5132,2026-04-18 11:04:00,409,Pending
5133,2026-04-19 20:05:00,336,Completed
5134,2026-07-04 16:46:00,221,Completed
5135,2025-08-07 04:04:00,101,Completed
5136,2025-04-05 19:31:00,160,Pending
5137,2025-03-24 22:58:00,437,Completed
5138,2026-05-31 23:55:00,416,Pending
5139,2025-06-25 04:16:00,409,Completed
5140,2025-08-02 04:48:00,15,Completed
5141,2025-06-17 00:35:00,235,Pending
5142,2025-01-06 09:36:00,475,Cancelled
5143,2025-08-18 17:44:00,107,Pending
5144,2025-01-16 18:10:00,86,Pending
5145,2025-11-05 17:08:00,315,Pending
5146,2025-04-12 00:04:00,435,Cancelled
5147,2025-06-30 04:26:00,97,Cancelled
5148,2025-12-22 15:42:00,57,Pending
5149,2025-02-24 00:38:00,37,Completed
5150,2025-08-23 18:09:00,15,Pending
5151,2026-06-23 10:20:00,119,Pending
5152,2026-01-11 17:41:00,308,Completed
5153,2025-11-03 05:31:00,337,Cancelled
5154,2025-05-09 13:37:00,38,Completed
5155,2025-11-13 19:47:00,324,Completed
5156,2025-09-29 05:56:00,307,Cancelled
5157,2025-04-27 06:12:00,391,Completed
5158,2025-04-15 09:22:00,198,Pending
5159,2025-08-05 05:41:00,493,Pending
5160,2025-06-26 16:03:00,122,Pending
5161,2025-03-22 20:46:00,230,Pending
5162,2026-04-21 11:54:00,486,Completed
5163,2025-05-28 23:18:00,272,Completed
5164,2026-01-16 04:13:00,74,Completed
5165,2025-04-23 17:41:00,226,Pending
5166,2025-05-19 04:23:00,211,Pending
5167,2025-11-02 16:01:00,46,Completed
5168,2026-05-29 16:55:00,225,Completed
5169,2025-02-28 19:20:00,65,Completed
5170,2025-02-22 16:33:00,57,Completed
5171,2025-10-08 18:20:00,461,Completed
5172,2025-10-08 08:44:00,153,Cancelled
5173,2026-02-08 17:14:00,498,Completed
5174,2025-09-27 22:45:00,306,Pending
5175,2025-03-11 13:57:00,211,Completed
5176,2025-04-02 02:01:00,20,Completed
5177,2026-01-15 20:04:00,51,Completed
5178,2025-06-12 22:45:00,9,Pending
5179,2026-03-29 14:12:00,53,Completed
5180,2026-04-19 21:31:00,138,Completed
5181,2026-01-06 20:22:00,472,Completed
5182,2025-10-01 04:57:00,73,Pending
5183,2026-02-07 20:39:00,166,Completed
5184,2025-05-11 10:58:00,285,Cancelled
5185,2025-09-09 04:25:00,183,Cancelled
5186,2025-10-17 14:44:00,227,Pending
5187,2025-04-19 23:17:00,127,Pending
5188,2025-06-03 08:31:00,120,Completed
5189,2026-07-16 16:10:00,13,Completed
5190,2026-08-24 17:51:00,482,Completed
5191,2025-02-14 08:00:00,243,Pending
5192,2026-04-07 11:40:00,380,Pending
5193,2026-04-30 04:22:00,394,Completed
5194,2025-09-19 03:59:00,197,Cancelled
5195,2026-04-10 02:25:00,406,Cancelled
5196,2025-12-22 07:48:00,401,Pending
5197,2025-12-27 02:39:00,317,Completed
5198,2025-01-08 10:24:00,226,Completed
5199,2025-06-17 18:18:00,323,Completed
5200,2025-09-22 05:59:00,54,Completed
5201,2025-09-18 12:17:00,43,Cancelled
5202,2026-02-23 23:25:00,212,Completed
5203,2025-02-26 12:37:00,112,Cancelled
5204,2025-03-03 20:27:00,201,Pending
5205,2025-10-24 17:45:00,322,Cancelled
5206,2025-05-23 22:20:00,313,Completed
5207,2025-03-13 19:38:00,468,Pending
5208,2025-05-30 16:55:00,189,Pending
5209,2025-05-31 12:15:00,490,Completed
5210,2025-04-08 21:45:00,98,Completed
5211,2025-04-23 10:51:00,301,Pending
5212,2026-05-12 08:11:00,393,Cancelled
5213,2026-01-22 07:54:00,122,Cancelled
5214,2026-06-05 16:29:00,17,Completed
5215,2025-05-25 23:44:00,65,Completed
5216,2025-10-26 17:13:00,98,Completed
5217,2026-02-26 17:45:00,198,Completed
5218,2025-10-19 16:50:00,293,Completed
5219,2025-11-30 01:50:00,179,Completed
5220,2026-04-24 02:21:00,352,Pending
5221,2026-01-17 14:16:00,75,Completed
5222,2025-09-05 12:37:00,280,Pending
5223,2025-02-11 12:36:00,137,Pending
5224,2025-10-12 01:17:00,176,Completed
5225,2025-01-25 22:38:00,268,Pending
5226,2025-12-09 22:45:00,25,Completed
5227,2025-04-09 12:00:00,35,Completed
5228,2026-03-31 15:59:00,437,Completed
5229,2025-09-28 20:26:00,439,Completed
5230,2025-04-26 18:19:00,305,Completed
5231,2025-11-13 13:21:00,456,Completed
5232,2026-04-28 20:40:00,310,Completed
5233,2025-05-19 04:22:00,478,Pending
5234,2025-01-22 15:35:00,480,Completed
5235,2025-07-10 04:48:00,143,Completed
5236,2025-09-15 07:29:00,49,Completed
5237,2025-12-16 16:56:00,229,Pending
5238,2026-02-17 12:05:00,150,Completed
5239,2026-03-10 15:24:00,212,Cancelled
5240,2026-07-17 18:35:00,436,Completed
5241,2025-02-27 01:10:00,230,Completed
5242,2026-06-02 12:09:00,490,Pending
5243,2026-03-09 15:57:00,434,Completed
5244,2026-02-13 05:13:00,311,Completed
5245,2025-08-25 13:00:00,142,Completed
5246,2026-05-25 14:58:00,103,Completed
5247,2026-07-09 11:57:00,66,Completed
5248,2026-05-17 02:38:00,107,Pending
5249,2025-09-02 11:53:00,55,Completed
5250,2026-07-01 11:15:00,213,Completed
5251,2026-08-04 20:34:00,8,Completed
5252,2025-09-04 23:40:00,484,Completed
5253,2025-10-03 02:52:00,244,Pending
5254,2025-02-12 05:32:00,182,Completed
5255,2025-02-15 15:24:00,153,Completed
5256,2025-08-11 02:46:00,456,Completed
5257,2025-04-03 19:39:00,300,Completed
5258,2025-09-05 19:51:00,172,Cancelled
5259,2026-04-01 23:28:00,196,Pending
5260,2025-05-14 14:01:00,213,Completed
5261,2025-01-21 09:58:00,73,Pending
5262,2026-01-06 22:25:00,117,Cancelled
5263,2025-08-08 00:39:00,280,Pending
5264,2026-07-07 15:24:00,196,Completed
5265,2025-02-20 04:39:00,349,Cancelled
5266,2025-03-07 09:40:00,100,Pending
5267,2025-02-26 02:24:00,24,Pending
5268,2025-10-05 07:20:00,315,Completed
5269,2025-02-16 17:28:00,226,Cancelled
5270,2025-02-04 19:41:00,201,Completed
5271,2025-06-17 19:09:00,395,Cancelled
5272,2025-06-05 14:49:00,489,Pending
5273,2025-07-20 18:01:00,457,Completed
5274,2025-01-28 06:28:00,242,Completed
5275,2026-03-01 21:09:00,380,Completed
5276,2025-11-23 08:24:00,55,Completed
5277,2025-07-22 09:21:00,300,Pending
5278,2025-07-11 06:35:00,333,Pending
5279,2026-06-16 03:53:00,230,Pending
5280,2025-04-16 01:59:00,395,Completed
5281,2026-01-04 11:18:00,254,Completed
5282,2025-09-30 18:10:00,100,Cancelled
5283,2025-01-06 03:19:00,14,Completed
5284,2025-05-02 18:30:00,404,Completed
5285,2026-06-10 02:31:00,239,Completed
5286,2026-03-19 22:04:00,59,Completed
5287,2025-10-11 11:58:00,61,Completed
5288,2026-05-20 06:47:00,364,Pending
5289,2025-12-09 08:55:00,33,Pending
5290,2026-05-09 19:56:00,480,Cancelled
5291,2025-10-30 03:23:00,299,Pending
5292,2025-05-19 11:36:00,207,Completed
5293,2025-01-16 12:21:00,72,Completed
5294,2026-03-11 14:39:00,448,Pending
5295,2025-07-02 00:05:00,434,Completed
5296,2026-05-19 22:14:00,211,Completed
5297,2026-08-08 11:18:00,68,Completed
5298,2025-10-24 15:15:00,144,Completed
5299,2025-11-19 05:28:00,343,Completed
5300,2025-06-30 05:20:00,133,Completed
5301,2025-01-12 15:00:00,471,Completed
5302,2026-01-12 21:50:00,79,Completed
5303,2025-08-31 04:46:00,330,Completed
5304,2026-01-27 19:00:00,60,Completed
5305,2025-11-05 16:15:00,305,Completed
5306,2026-06-17 01:54:00,369,Completed
5307,2025-06-15 07:40:00,264,Completed
5308,2026-02-15 22:31:00,72,Completed
5309,2026-04-11 20:54:00,85,Completed
5310,2025-03-15 10:11:00,23,Pending
5311,2026-06-24 10:58:00,224,Completed
5312,2025-01-12 15:00:00,61,Pending
5313,2026-01-12 10:53:00,164,Pending
5314,2026-04-05 08:00:00,186,Completed
5315,2025-10-03 01:20:00,352,Completed
5316,2026-05-21 07:56:00,276,Completed
5317,2025-05-08 17:38:00,468,Completed
5318,2025-11-01 14:53:00,66,Completed
5319,2025-08-26 22:52:00,482,Pending
5320,2025-03-28 06:03:00,122,Cancelled
5321,2025-02-15 00:40:00,464,Pending
5322,2025-04-09 02:58:00,470,Pending
5323,2025-02-05 03:39:00,477,Cancelled
5324,2025-10-28 23:16:00,499,Completed
5325,2026-03-15 08:34:00,304,Completed
5326,2025-11-29 08:17:00,20,Completed
5327,2026-03-28 15:58:00,73,Pending
5328,2025-11-27 15:26:00,163,Completed
5329,2025-05-04 12:44:00,242,Completed
5330,2026-06-17 07:34:00,392,Completed
5331,2026-01-02 18:18:00,187,Completed
5332,2025-04-23 14:37:00,495,Completed
5333,2026-03-05 21:48:00,293,Completed
5334,2025-07-20 17:18:00,342,Pending
5335,2025-01-24 19:07:00,26,Pending
5336,2025-07-12 11:38:00,486,Completed
5337,2026-04-23 07:10:00,374,Cancelled
5338,2026-05-01 10:37:00,257,Completed
5339,2025-11-30 04:33:00,284,Cancelled
5340,2025-03-18 15:38:00,477,Cancelled
5341,2025-10-01 20:22:00,482,Completed
5342,2025-01-10 02:42:00,202,Completed
5343,2026-07-23 04:18:00,466,Pending
5344,2026-05-31 05:33:00,385,Completed
5345,2026-01-07 07:57:00,485,Cancelled
5346,2025-03-18 15:28:00,98,Completed
5347,2026-04-25 01:37:00,217,Completed
5348,2026-02-01 20:45:00,106,Completed
5349,2026-04-21 21:15:00,28,Pending
5350,2026-04-09 18:07:00,479,Completed
5351,2025-09-30 22:17:00,434,Completed
5352,2025-03-06 15:51:00,41,Completed
5353,2026-05-01 14:38:00,325,Cancelled
5354,2026-02-20 02:52:00,246,Completed
5355,2026-03-25 11:11:00,242,Pending
5356,2025-09-13 00:42:00,238,Cancelled
5357,2025-04-11 03:16:00,468,Pending
5358,2025-02-19 09:55:00,58,Completed
5359,2025-07-31 12:49:00,494,Completed
5360,2025-04-10 21:35:00,304,Completed
5361,2025-10-09 07:50:00,277,Completed
5362,2025-06-17 22:24:00,466,Completed
5363,2025-11-18 06:39:00,245,Completed
5364,2025-09-05 09:52:00,131,Cancelled
5365,2025-04-06 14:54:00,351,Completed
5366,2026-08-11 02:52:00,308,Completed
5367,2025-01-21 04:33:00,106,Pending
5368,2026-02-11 13:17:00,14,Completed
5369,2026-04-29 13:02:00,492,Pending
5370,2025-05-01 02:59:00,484,Cancelled
5371,2026-07-20 17:09:00,325,Completed
5372,2025-10-10 15:24:00,106,Completed
5373,2026-04-09 15:24:00,61,Completed
5374,2025-02-08 17:14:00,346,Completed
5375,2025-03-13 00:22:00,387,Cancelled
5376,2026-03-16 22:42:00,73,Completed
5377,2025-06-08 10:31:00,145,Completed
5378,2026-01-21 09:31:00,28,Cancelled
5379,2025-01-09 11:08:00,291,Completed
5380,2025-02-19 14:46:00,331,Completed
5381,2025-09-13 19:33:00,306,Pending
5382,2025-04-20 09:03:00,114,Completed
5383,2025-03-27 01:46:00,85,Completed
5384,2026-07-11 14:17:00,355,Completed
5385,2026-03-31 06:06:00,150,Completed
5386,2026-08-06 08:20:00,111,Pending
5387,2026-07-22 15:38:00,421,Completed
5388,2025-04-08 21:07:00,67,Completed
5389,2026-06-25 06:22:00,133,Completed
5390,2025-06-15 18:17:00,152,Pending
5391,2026-03-15 02:24:00,165,Pending
5392,2025-12-03 14:36:00,325,Completed
5393,2026-06-11 03:42:00,329,Pending
5394,2025-02-20 19:36:00,454,Pending
5395,2025-10-15 16:10:00,417,Completed
5396,2025-05-24 15:45:00,275,Completed
5397,2025-06-14 21:59:00,108,Cancelled
5398,2025-05-05 20:06:00,216,Completed
5399,2026-03-12 21:14:00,450,Cancelled
5400,2025-05-17 16:37:00,65,Pending
5401,2026-08-06 06:44:00,113,Completed
5402,2026-03-01 21:57:00,499,Pending
5403,2025-04-30 22:03:00,254,Completed
5404,2025-07-09 10:30:00,478,Completed
5405,2025-09-02 02:05:00,459,Completed
5406,2025-11-25 14:18:00,27,Completed
5407,2025-07-14 01:11:00,319,Completed
5408,2026-05-28 04:54:00,67,Pending
5409,2025-07-30 00:18:00,329,Completed
5410,2025-10-30 03:08:00,241,Pending
5411,2026-06-02 20:21:00,382,Completed
5412,2025-10-28 05:31:00,146,Pending
5413,2025-10-25 16:01:00,495,Completed
5414,2025-09-07 08:15:00,82,Cancelled
5415,2026-02-02 13:58:00,465,Completed
5416,2025-03-11 21:16:00,280,Pending
5417,2026-08-08 20:31:00,180,Completed
5418,2025-04-15 19:09:00,200,Completed
5419,2025-12-01 23:58:00,313,Completed
5420,2025-05-15 03:24:00,439,Completed
5421,2026-03-11 12:15:00,423,Completed
5422,2025-02-14 05:58:00,404,Completed
5423,2026-04-30 11:05:00,415,Pending
5424,2025-01-01 09:51:00,207,Completed
5425,2025-06-23 09:24:00,342,Cancelled
5426,2026-07-21 15:55:00,400,Completed
5427,2026-07-23 18:13:00,337,Completed
5428,2025-03-11 00:25:00,301,Cancelled
5429,2025-09-08 06:13:00,169,Pending
5430,2025-08-08 09:17:00,157,Completed
5431,2025-12-12 21:24:00,120,Completed
5432,2025-12-14 21:03:00,119,Completed
5433,2025-01-02 06:53:00,293,Completed
5434,2026-03-19 14:28:00,92,Completed
5435,2025-02-13 17:54:00,101,Completed
5436,2026-04-18 03:18:00,280,Completed
5437,2025-02-14 22:19:00,406,Completed
5438,2025-05-17 03:16:00,64,Completed
5439,2025-11-27 19:13:00,445,Cancelled
5440,2025-01-21 21:33:00,255,Completed
5441,2026-07-31 09:30:00,447,Completed
5442,2026-05-16 09:11:00,286,Completed
5443,2026-08-07 20:52:00,331,Completed
5444,2026-02-28 02:44:00,77,Cancelled
5445,2025-05-05 18:52:00,431,Cancelled
5446,2026-05-03 06:48:00,226,Completed
5447,2026-02-21 14:22:00,66,Completed
5448,2025-07-17 17:36:00,437,Completed
5449,2025-10-06 10:27:00,235,Completed
5450,2026-05-15 02:39:00,366,Cancelled
5451,2026-03-23 12:06:00,379,Completed
5452,2025-06-03 08:01:00,322,Cancelled
5453,2025-12-16 06:11:00,106,Pending
5454,2026-02-18 04:56:00,203,Completed
5455,2025-02-22 12:08:00,86,Completed
5456,2025-03-02 16:46:00,43,Completed
5457,2025-08-09 16:00:00,395,Completed
5458,2025-12-22 09:32:00,370,Pending
5459,2025-04-12 15:54:00,156,Completed
5460,2025-06-01 12:26:00,121,Completed
5461,2026-06-17 14:50:00,485,Completed
5462,2025-12-16 18:58:00,359,Completed
5463,2026-08-23 12:55:00,115,Completed
5464,2026-01-27 07:34:00,88,Completed
5465,2025-12-23 10:10:00,178,Cancelled
5466,2025-07-24 15:34:00,36,Pending
5467,2026-08-23 18:19:00,193,Completed
5468,2026-03-17 11:00:00,498,Pending
5469,2026-03-03 17:27:00,91,Completed
5470,2025-05-06 21:10:00,46,Completed
5471,2025-09-03 17:27:00,64,Pending
5472,2026-06-13 00:44:00,10,Completed
5473,2026-06-16 06:29:00,20,Completed
5474,2025-01-06 15:26:00,476,Completed
5475,2025-08-23 12:30:00,37,Completed
5476,2025-02-12 08:27:00,55,Completed
5477,2026-02-09 02:36:00,375,Completed
5478,2025-11-10 21:58:00,236,Completed
5479,2025-05-20 13:05:00,473,Completed
5480,2026-01-27 22:01:00,248,Pending
5481,2025-03-28 22:41:00,498,Completed
5482,2025-09-16 01:36:00,75,Pending
5483,2025-03-01 05:45:00,277,Completed
5484,2025-05-27 06:45:00,14,Pending
5485,2026-05-26 01:30:00,222,Pending
5486,2025-06-19 23:33:00,377,Completed
5487,2025-11-10 03:01:00,157,Completed
5488,2025-02-19 15:16:00,96,Completed
5489,2025-12-27 03:59:00,222,Cancelled
5490,2025-05-16 15:58:00,392,Completed
5491,2025-10-20 02:39:00,24,Completed
5492,2026-06-13 07:18:00,159,Pending
5493,2026-08-15 23:50:00,23,Completed
5494,2025-11-23 05:26:00,219,Pending
5495,2025-11-14 15:59:00,44,Completed
5496,2025-08-24 10:30:00,171,Pending
5497,2025-08-04 19:55:00,317,Completed
5498,2025-09-04 15:46:00,202,Completed
5499,2026-02-09 10:27:00,317,Completed
5500,2025-07-24 15:56:00,122,Completed
5501,2025-06-10 00:01:00,498,Completed
5502,2026-04-18 04:28:00,95,Completed
5503,2025-01-04 15:37:00,19,Completed
5504,2025-03-24 03:18:00,456,Completed
5505,2026-05-23 23:15:00,90,Completed
5506,2025-04-07 01:33:00,473,Completed
5507,2026-02-16 20:42:00,316,Pending
5508,2026-01-26 13:28:00,252,Cancelled
5509,2025-05-19 10:19:00,386,Completed
5510,2025-08-24 07:06:00,491,Completed
5511,2025-06-30 17:16:00,389,Pending
5512,2026-05-07 23:12:00,454,Completed
5513,2026-04-24 15:44:00,434,Completed
5514,2025-10-11 23:37:00,252,Completed
5515,2025-06-01 23:06:00,100,Completed
5516,2026-08-03 23:05:00,278,Completed
5517,2025-01-02 10:25:00,399,Cancelled
5518,2025-02-22 15:10:00,193,Pending
5519,2026-01-22 16:22:00,185,Completed
5520,2026-04-14 12:31:00,311,Cancelled
5521,2026-06-05 06:13:00,231,Completed
5522,2025-07-11 14:21:00,430,Completed
5523,2026-02-08 07:22:00,169,Completed
5524,2025-06-26 21:52:00,426,Pending
5525,2025-05-04 07:21:00,261,Pending
5526,2026-03-05 23:14:00,260,Cancelled
5527,2026-07-07 22:07:00,93,Completed
5528,2026-03-09 12:50:00,422,Completed
5529,2026-06-16 22:01:00,446,Cancelled
5530,2025-08-16 10:41:00,161,Cancelled
5531,2025-10-14 18:52:00,181,Completed
5532,2026-02-16 07:37:00,83,Pending
5533,2025-04-28 00:38:00,350,Completed
5534,2025-07-05 00:28:00,355,Completed
5535,2025-04-14 10:31:00,155,Pending
5536,2026-04-03 10:22:00,394,Pending
5537,2025-01-02 02:24:00,64,Cancelled
5538,2026-04-15 11:33:00,240,Completed
5539,2025-06-02 07:25:00,11,Cancelled
5540,2025-03-18 13:13:00,94,Cancelled
5541,2026-02-26 12:59:00,351,Completed
5542,2026-03-08 04:16:00,166,Cancelled
5543,2025-12-15 12:52:00,488,Completed
5544,2026-01-16 03:16:00,338,Completed
5545,2025-06-02 11:39:00,33,Cancelled
5546,2025-10-09 19:27:00,382,Completed
5547,2025-09-20 18:53:00,218,Completed
5548,2026-08-07 03:56:00,47,Completed
5549,2026-08-23 22:48:00,96,Pending
5550,2026-08-17 20:52:00,188,Completed
5551,2026-08-21 05:00:00,424,Completed
5552,2026-03-07 01:36:00,269,Cancelled
5553,2026-02-23 12:15:00,47,Completed
5554,2025-06-27 18:31:00,464,Pending
5555,2026-07-30 10:48:00,227,Pending
5556,2025-06-29 11:31:00,355,Pending
5557,2026-03-02 16:14:00,394,Completed
5558,2025-06-01 03:26:00,169,Completed
5559,2025-09-29 06:10:00,153,Completed
5560,2025-12-27 05:31:00,462,Completed
5561,2025-12-08 09:24:00,71,Pending
5562,2026-08-12 12:26:00,358,Pending
5563,2025-07-30 06:59:00,127,Pending
5564,2025-04-24 01:34:00,173,Completed
5565,2025-08-23 13:18:00,427,Pending
5566,2025-06-14 10:27:00,52,Pending
5567,2025-12-22 12:10:00,23,Pending
5568,2026-01-11 03:01:00,246,Pending
5569,2026-05-05 02:30:00,296,Completed
5570,2026-02-15 18:35:00,185,Pending
5571,2026-01-04 13:58:00,428,Pending
5572,2025-08-06 22:29:00,51,Completed
5573,2026-01-07 18:48:00,284,Completed
5574,2026-08-06 20:52:00,377,Completed
5575,2026-01-11 21:37:00,418,Pending
5576,2025-11-05 06:25:00,212,Pending
5577,2026-01-28 12:56:00,280,Completed
5578,2025-05-18 17:05:00,222,Completed
5579,2025-09-06 18:49:00,343,Completed
5580,2025-12-01 01:48:00,190,Completed
5581,2025-02-11 05:50:00,457,Completed
5582,2025-02-20 21:34:00,190,Cancelled
5583,2026-06-11 14:48:00,58,Pending
5584,2025-10-24 10:05:00,356,Cancelled
5585,2025-04-24 12:37:00,12,Completed
5586,2026-07-21 05:22:00,94,Completed
5587,2025-03-15 14:20:00,168,Completed
5588,2026-06-15 19:23:00,204,Pending
5589,2025-05-21 09:45:00,17,Pending
5590,2025-10-04 14:13:00,110,Completed
5591,2026-05-12 20:11:00,487,Pending
5592,2025-04-06 08:15:00,127,Completed
5593,2026-05-13 03:11:00,209,Completed
5594,2026-06-28 09:14:00,443,Completed
5595,2025-11-27 23:48:00,119,Cancelled
5596,2025-12-04 08:15:00,61,Completed
5597,2025-10-19 22:53:00,128,Cancelled
5598,2025-04-19 10:33:00,251,Completed
5599,2025-03-01 03:15:00,48,Pending
5600,2025-04-04 11:57:00,253,Cancelled
5601,2026-08-04 14:28:00,426,Completed
5602,2025-04-27 19:23:00,124,Completed
5603,2025-04-24 12:39:00,62,Completed
5604,2026-03-22 17:20:00,434,Cancelled
5605,2025-12-19 16:33:00,261,Pending
5606,2025-08-20 23:51:00,357,Pending
5607,2025-10-04 21:21:00,284,Completed
5608,2026-03-23 13:07:00,229,Pending
5609,2026-02-09 13:02:00,73,Completed
5610,2025-10-25 21:45:00,305,Pending
5611,2026-06-13 00:12:00,272,Pending
5612,2025-01-11 16:18:00,339,Completed
5613,2025-03-19 05:08:00,200,Completed
5614,2026-01-26 14:54:00,342,Completed
5615,2025-07-28 06:03:00,72,Completed
5616,2025-05-29 04:02:00,246,Completed
5617,2026-04-16 10:39:00,390,Completed
5618,2025-06-02 00:56:00,428,Cancelled
5619,2025-04-05 07:46:00,326,Completed
5620,2025-11-12 19:34:00,188,Completed
5621,2025-04-20 16:39:00,158,Pending
5622,2025-01-18 06:06:00,338,Cancelled
5623,2025-06-23 03:02:00,156,Completed
5624,2025-05-03 16:19:00,275,Completed
5625,2026-01-11 20:26:00,491,Completed
5626,2026-05-18 22:40:00,400,Completed
5627,2025-11-23 15:44:00,386,Completed
5628,2025-03-26 17:30:00,275,Completed
5629,2026-03-19 22:14:00,339,Pending
5630,2025-10-01 17:04:00,349,Pending
5631,2025-01-22 21:10:00,38,Completed
5632,2025-05-17 06:07:00,4,Cancelled
5633,2025-02-24 12:24:00,90,Completed
5634,2026-01-28 09:17:00,85,Pending
5635,2025-07-26 02:48:00,318,Pending
5636,2026-08-04 04:40:00,188,Cancelled
5637,2026-01-15 04:07:00,250,Completed
5638,2026-05-11 16:12:00,435,Pending
5639,2025-03-24 17:29:00,34,Pending
5640,2025-04-23 18:43:00,324,Completed
5641,2026-05-22 16:50:00,389,Pending
5642,2025-11-26 22:52:00,376,Pending
5643,2025-10-22 15:30:00,86,Cancelled
5644,2026-04-15 08:20:00,238,Pending
5645,2025-06-17 13:26:00,473,Completed
5646,2025-07-25 04:56:00,60,Cancelled
5647,2025-07-17 23:50:00,463,Pending
5648,2025-08-16 00:50:00,101,Pending
5649,2025-07-07 01:00:00,262,Completed
5650,2025-01-04 23:55:00,154,Completed
5651,2025-10-02 05:32:00,289,Pending
5652,2026-07-24 05:01:00,164,Completed
5653,2025-12-15 08:28:00,169,Completed
5654,2026-03-08 02:42:00,220,Completed
5655,2025-03-20 08:56:00,245,Pending
5656,2025-12-19 01:23:00,82,Pending
5657,2025-04-22 23:07:00,133,Completed
5658,2025-07-03 23:58:00,242,Completed
5659,2025-02-11 17:40:00,221,Completed
5660,2025-10-22 00:36:00,223,Pending
5661,2026-06-30 11:33:00,163,Pending
5662,2025-05-10 13:09:00,299,Cancelled
5663,2026-03-13 03:39:00,103,Completed
5664,2025-09-21 05:27:00,29,Pending
5665,2025-07-13 20:31:00,135,Pending
5666,2026-02-17 06:51:00,61,Completed
5667,2026-01-11 15:33:00,178,Completed
5668,2026-07-11 22:49:00,269,Completed
5669,2026-08-04 00:57:00,424,Pending
5670,2025-02-02 02:25:00,21,Completed
5671,2025-09-18 09:03:00,434,Pending
5672,2025-07-15 01:07:00,84,Completed
5673,2026-07-30 12:19:00,267,Cancelled
5674,2026-02-25 18:13:00,221,Pending
5675,2025-09-27 05:16:00,275,Pending
5676,2025-04-22 11:52:00,370,Completed
5677,2026-01-02 04:09:00,160,Completed
5678,2026-03-05 05:42:00,340,Completed
5679,2025-11-28 11:28:00,5,Completed
5680,2026-06-30 22:28:00,63,Completed
5681,2025-05-12 00:50:00,128,Completed
5682,2025-08-31 21:31:00,108,Completed
5683,2026-07-26 08:58:00,86,Cancelled
5684,2026-02-18 14:51:00,473,Completed
5685,2026-05-13 18:35:00,107,Completed
5686,2025-06-26 16:51:00,351,Completed
5687,2026-07-06 04:17:00,415,Pending
5688,2025-02-26 04:22:00,66,Pending
5689,2025-06-19 16:11:00,404,Completed
5690,2026-03-24 20:48:00,331,Completed
5691,2026-03-15 20:00:00,377,Pending
5692,2025-12-26 02:27:00,285,Cancelled
5693,2025-02-16 02:19:00,43,Pending
5694,2025-08-11 01:16:00,34,Completed
5695,2026-03-21 17:04:00,280,Completed
5696,2025-10-21 06:51:00,167,Pending
5697,2025-03-14 14:22:00,234,Completed
5698,2026-03-31 00:13:00,248,Completed
5699,2026-04-14 10:18:00,284,Pending
5700,2025-12-09 12:42:00,328,Completed
5701,2025-02-20 12:51:00,237,Pending
5702,2025-04-27 22:33:00,354,Cancelled
5703,2025-08-10 10:40:00,268,Pending
5704,2025-11-17 05:10:00,242,Completed
5705,2025-11-10 08:11:00,411,Pending
5706,2026-02-27 18:27:00,339,Pending
5707,2025-07-12 14:41:00,377,Pending
5708,2026-01-27 04:42:00,28,Completed
5709,2025-03-30 09:57:00,171,Completed
5710,2025-04-01 08:26:00,235,Cancelled
5711,2025-10-01 13:16:00,453,Pending
5712,2026-07-18 14:54:00,449,Pending
5713,2025-02-25 00:42:00,253,Cancelled
5714,2025-07-30 09:03:00,145,Pending
5715,2025-12-16 13:28:00,378,Pending
5716,2025-01-08 13:07:00,230,Pending
5717,2026-06-17 12:31:00,123,Completed
5718,2025-05-01 08:27:00,97,Pending
5719,2025-09-28 00:46:00,456,Completed
5720,2026-03-14 21:14:00,347,Completed
5721,2025-12-23 15:19:00,150,Completed
5722,2025-01-21 18:49:00,383,Completed
5723,2025-09-16 01:55:00,49,Completed
5724,2025-12-04 12:34:00,116,Pending
5725,2026-06-01 06:29:00,411,Cancelled
5726,2026-05-22 09:03:00,279,Cancelled
5727,2026-04-09 19:03:00,457,Pending
5728,2025-10-30 03:28:00,64,Pending
5729,2025-02-10 17:05:00,367,Cancelled
5730,2025-08-14 17:58:00,426,Pending
5731,2026-01-25 04:07:00,52,Completed
5732,2026-05-10 11:39:00,9,Completed
5733,2025-12-19 00:37:00,265,Cancelled
5734,2026-07-11 03:26:00,373,Pending
5735,2025-12-31 05:24:00,257,Pending
5736,2025-09-07 03:27:00,175,Completed
5737,2026-05-07 23:24:00,119,Pending
5738,2025-05-17 06:11:00,413,Completed
5739,2026-06-17 08:36:00,500,Pending
5740,2026-06-29 01:08:00,342,Cancelled
5741,2025-12-19 08:57:00,301,Cancelled
5742,2026-01-09 20:01:00,236,Completed
5743,2025-03-14 22:34:00,446,Completed
5744,2025-03-10 11:01:00,244,Completed
5745,2025-12-01 12:06:00,30,Completed
5746,2026-01-12 15:38:00,223,Cancelled
5747,2026-06-09 02:02:00,407,Completed
5748,2025-11-13 05:42:00,184,Cancelled
5749,2025-04-23 10:42:00,228,Pending
5750,2026-04-02 14:09:00,356,Completed
5751,2026-05-18 04:15:00,32,Cancelled
5752,2025-12-03 10:36:00,290,Completed
5753,2026-02-10 23:12:00,88,Completed
5754,2025-08-09 04:29:00,237,Pending
5755,2025-12-17 02:45:00,21,Completed
5756,2025-11-09 17:40:00,462,Completed
5757,2026-07-14 08:35:00,326,Pending
5758,2025-10-04 05:49:00,113,Completed
5759,2026-07-05 21:04:00,372,Pending
5760,2026-04-15 18:46:00,424,Completed
5761,2025-03-31 01:13:00,316,Completed
5762,2026-07-11 12:26:00,291,Pending
5763,2025-08-24 00:57:00,126,Pending
5764,2025-07-29 21:29:00,444,Completed
5765,2026-07-23 17:15:00,356,Completed
5766,2025-10-18 21:19:00,485,Completed
5767,2025-05-08 16:46:00,169,Pending
5768,2025-11-09 10:03:00,489,Completed
5769,2025-07-15 22:45:00,235,Completed
5770,2026-05-23 12:35:00,213,Pending
5771,2026-05-13 16:53:00,85,Completed
5772,2025-12-28 17:11:00,23,Completed
5773,2025-12-06 19:13:00,293,Completed
5774,2026-07-24 05:36:00,226,Completed
5775,2025-08-26 00:25:00,462,Completed
5776,2025-11-15 11:05:00,157,Completed
5777,2026-01-22 12:49:00,158,Cancelled
5778,2025-05-16 20:17:00,293,Pending
5779,2025-04-03 11:30:00,282,Completed
5780,2026-05-19 01:10:00,106,Cancelled
5781,2026-03-11 05:21:00,24,Completed
5782,2026-06-23 12:45:00,87,Pending
5783,2026-05-26 10:01:00,203,Pending
5784,2026-07-16 01:14:00,84,Pending
5785,2025-11-21 09:22:00,341,Completed
5786,2025-02-08 22:50:00,359,Pending
5787,2025-03-17 05:12:00,418,Completed
5788,2026-03-29 23:47:00,201,Pending
5789,2026-05-08 21:47:00,311,Completed
5790,2025-08-08 13:18:00,356,Pending
5791,2025-07-10 19:30:00,337,Completed
5792,2025-09-23 13:06:00,399,Cancelled
5793,2025-08-11 21:29:00,14,Completed
5794,2025-05-02 22:00:00,304,Completed
5795,2025-01-23 19:42:00,455,Pending
5796,2026-04-07 19:41:00,100,Completed
5797,2025-09-17 16:34:00,496,Completed
5798,2025-11-27 09:18:00,241,Completed
5799,2025-05-12 09:52:00,156,Completed
5800,2025-01-18 00:21:00,63,Completed
5801,2025-08-17 10:30:00,400,Completed
5802,2025-07-05 09:49:00,168,Pending
5803,2026-02-03 21:57:00,123,Completed
5804,2025-05-16 18:21:00,147,Completed
5805,2026-08-21 05:31:00,247,Pending
5806,2025-08-11 20:44:00,247,Pending
5807,2026-03-25 23:37:00,88,Completed
5808,2026-04-26 11:12:00,260,Completed
5809,2025-07-05 05:57:00,134,Pending
5810,2025-12-20 23:13:00,401,Pending
5811,2025-02-11 00:06:00,111,Completed
5812,2025-11-06 10:05:00,166,Completed
5813,2025-12-04 06:48:00,411,Completed
5814,2025-02-14 19:07:00,226,Completed
5815,2026-05-26 18:12:00,456,Completed
5816,2026-07-10 07:16:00,450,Completed
5817,2026-07-12 16:16:00,349,Pending
5818,2025-08-12 16:07:00,342,Pending
5819,2026-03-18 12:01:00,36,Pending
5820,2025-02-03 22:10:00,89,Completed
5821,2026-01-24 08:30:00,221,Completed
5822,2025-07-21 13:00:00,176,Pending
5823,2025-08-01 17:42:00,29,Completed
5824,2025-12-17 11:52:00,192,Completed
5825,2025-03-12 12:21:00,276,Completed
5826,2025-09-04 08:50:00,184,Completed
5827,2025-08-02 17:50:00,391,Completed
5828,2026-05-02 05:33:00,69,Completed
5829,2026-06-01 07:26:00,245,Completed
5830,2026-05-18 17:40:00,245,Cancelled
5831,2026-08-24 21:12:00,121,Completed
5832,2025-06-12 03:43:00,38,Pending
5833,2025-11-23 00:48:00,490,Completed
5834,2026-06-09 15:33:00,467,Completed
5835,2025-05-10 00:22:00,454,Completed
5836,2025-10-02 09:35:00,96,Completed
5837,2025-10-12 06:52:00,57,Completed
5838,2025-11-20 20:44:00,301,Pending
5839,2025-10-04 15:43:00,103,Pending
5840,2025-12-27 11:38:00,311,Completed
5841,2025-09-03 05:33:00,487,Cancelled
5842,2025-06-01 04:58:00,123,Completed
5843,2025-10-03 22:27:00,160,Cancelled
5844,2025-05-10 04:42:00,254,Cancelled
5845,2026-01-13 23:57:00,477,Completed
5846,2026-06-09 09:46:00,421,Completed
5847,2025-07-29 05:44:00,500,Cancelled
5848,2025-06-28 22:50:00,100,Completed
5849,2026-01-01 21:45:00,99,Completed
5850,2025-02-14 11:50:00,467,Pending
5851,2026-07-06 20:14:00,334,Completed
5852,2025-10-22 17:10:00,108,Cancelled
5853,2025-08-02 20:26:00,452,Cancelled
5854,2025-03-09 02:08:00,332,Completed
5855,2026-01-26 16:09:00,347,Completed
5856,2025-06-03 01:19:00,130,Cancelled
5857,2025-12-02 12:04:00,32,Completed
5858,2026-05-09 16:20:00,446,Completed
5859,2026-05-26 09:26:00,339,Completed
5860,2026-08-16 09:11:00,217,Cancelled
5861,2025-12-17 23:12:00,39,Pending
5862,2025-09-23 20:29:00,336,Completed
5863,2025-03-21 14:22:00,271,Completed
5864,2026-02-13 01:07:00,384,Completed
5865,2025-03-19 23:14:00,168,Completed
5866,2026-03-22 01:36:00,43,Pending
5867,2025-02-20 11:24:00,222,Cancelled
5868,2025-10-05 08:34:00,299,Cancelled
5869,2026-03-30 02:02:00,163,Completed
5870,2025-01-11 03:31:00,320,Pending
5871,2025-06-18 15:11:00,380,Pending
5872,2026-03-08 11:02:00,386,Pending
5873,2026-06-03 23:03:00,51,Completed
5874,2025-07-18 17:28:00,292,Completed
5875,2025-07-27 10:20:00,490,Pending
5876,2026-07-23 21:00:00,350,Completed
5877,2025-05-29 17:51:00,74,Completed
5878,2025-12-20 11:48:00,200,Pending
5879,2025-03-02 20:21:00,376,Pending
5880,2025-08-16 04:56:00,244,Cancelled
5881,2025-12-11 05:32:00,379,Pending
5882,2026-05-05 11:24:00,492,Completed
5883,2025-02-28 21:24:00,69,Completed
5884,2025-07-29 19:30:00,349,Pending
5885,2026-03-25 03:09:00,211,Cancelled
5886,2026-05-03 01:11:00,411,Completed
5887,2025-09-01 07:13:00,101,Completed
5888,2025-11-28 21:19:00,253,Completed
5889,2025-02-27 04:14:00,82,Pending
5890,2026-04-11 22:24:00,389,Completed
5891,2026-07-20 07:45:00,340,Completed
5892,2025-09-14 05:14:00,486,Completed
5893,2025-11-12 05:37:00,224,Completed
5894,2025-08-05 09:29:00,499,Completed
5895,2025-04-19 05:58:00,213,Completed
5896,2025-08-14 14:44:00,74,Pending
5897,2025-07-14 04:38:00,439,Completed
5898,2026-05-26 03:23:00,473,Completed
5899,2025-06-10 18:56:00,374,Completed
5900,2025-05-16 14:22:00,420,Completed
5901,2025-01-23 14:39:00,90,Completed
5902,2026-01-16 08:54:00,122,Completed
5903,2025-03-12 23:40:00,308,Cancelled
5904,2025-07-25 03:18:00,329,Completed
5905,2025-03-26 15:12:00,14,Cancelled
5906,2025-09-09 16:15:00,237,Completed
5907,2025-09-20 04:13:00,365,Completed
5908,2025-06-17 16:58:00,270,Pending
5909,2025-08-07 08:52:00,172,Pending
5910,2025-09-02 13:40:00,301,Completed
5911,2025-10-09 02:05:00,464,Pending
5912,2025-04-11 05:51:00,84,Completed
5913,2026-05-03 13:21:00,249,Completed
5914,2026-05-03 23:53:00,355,Cancelled
5915,2025-04-24 04:14:00,219,Completed
5916,2025-09-25 23:22:00,40,Cancelled
5917,2025-03-16 11:32:00,223,Pending
5918,2025-12-13 07:04:00,139,Completed
5919,2026-07-11 08:55:00,399,Completed
5920,2026-04-30 06:32:00,92,Pending
5921,2025-07-31 21:53:00,342,Completed
5922,2026-02-16 22:47:00,337,Cancelled
5923,2025-01-17 09:01:00,177,Completed
5924,2026-05-30 11:40:00,212,Cancelled
5925,2025-04-10 12:54:00,134,Completed
5926,2026-03-19 23:12:00,123,Pending
5927,2025-03-30 09:59:00,99,Pending
5928,2025-02-24 07:51:00,358,Cancelled
5929,2025-10-28 18:16:00,153,Pending
5930,2026-04-01 15:35:00,11,Pending
5931,2025-11-02 17:23:00,336,Pending
5932,2025-09-07 14:26:00,414,Completed
5933,2026-02-22 18:00:00,264,Completed
5934,2025-09-20 04:33:00,333,Completed
5935,2025-04-18 03:40:00,36,Pending
5936,2025-10-30 20:03:00,137,Completed
5937,2025-01-04 19:10:00,488,Completed
5938,2025-01-06 16:27:00,443,Completed
5939,2025-11-28 21:58:00,4,Cancelled
5940,2025-10-13 15:18:00,40,Cancelled
5941,2025-08-15 11:18:00,5,Completed
5942,2025-04-06 21:37:00,37,Pending
5943,2025-06-08 21:47:00,341,Pending
5944,2025-01-07 11:08:00,249,Completed
5945,2025-03-26 21:40:00,428,Completed
5946,2025-06-24 02:03:00,243,Completed
5947,2026-01-20 21:11:00,192,Pending
5948,2026-05-15 19:28:00,99,Cancelled
5949,2026-01-28 06:00:00,481,Completed
5950,2026-01-30 03:41:00,68,Completed
5951,2025-03-09 08:40:00,338,Completed
5952,2026-04-04 16:29:00,203,Completed
5953,2025-02-01 10:24:00,385,Completed
5954,2025-09-07 01:16:00,361,Completed
5955,2025-07-31 22:36:00,162,Cancelled
5956,2025-03-08 23:19:00,48,Pending
5957,2025-01-28 19:41:00,183,Completed
5958,2025-09-03 20:48:00,78,Completed
5959,2026-02-01 11:37:00,99,Completed
5960,2026-03-08 13:49:00,80,Pending
5961,2025-01-13 05:34:00,26,Completed
5962,2025-10-12 22:25:00,170,Completed
5963,2025-11-27 03:43:00,175,Completed
5964,2026-07-10 16:48:00,286,Pending
5965,2025-02-01 02:48:00,207,Pending
5966,2025-04-13 12:08:00,80,Completed
5967,2025-10-25 10:08:00,310,Completed
5968,2025-05-18 19:31:00,332,Cancelled
5969,2025-09-12 15:39:00,402,Pending
5970,2025-10-02 14:49:00,345,Cancelled
5971,2025-02-15 04:21:00,231,Completed
5972,2026-03-11 16:29:00,376,Pending
5973,2025-09-05 16:06:00,240,Pending
5974,2026-01-01 14:51:00,404,Completed
5975,2026-03-15 19:28:00,411,Cancelled
5976,2025-06-11 00:11:00,124,Completed
5977,2026-07-02 23:16:00,388,Pending
5978,2026-07-14 01:13:00,388,Pending
5979,2026-08-14 03:06:00,420,Completed
5980,2026-03-16 01:28:00,50,Completed
5981,2026-03-22 21:04:00,364,Completed
5982,2026-02-28 00:29:00,119,Completed
5983,2025-07-06 17:04:00,103,Pending
5984,2025-04-05 05:25:00,446,Pending
5985,2025-03-18 04:09:00,315,Completed
5986,2025-05-05 14:38:00,389,Completed
5987,2026-08-10 03:27:00,79,Pending
5988,2025-02-02 07:56:00,219,Completed
5989,2025-01-14 14:24:00,329,Pending
5990,2025-12-04 13:02:00,408,Completed
5991,2025-11-08 22:53:00,16,Completed
5992,2025-05-03 03:05:00,224,Completed
5993,2025-10-28 14:37:00,268,Completed
5994,2025-07-01 03:13:00,359,Completed
5995,2026-08-04 16:45:00,385,Completed
5996,2026-05-17 08:51:00,371,Completed
5997,2025-05-13 22:13:00,440,Pending
5998,2025-04-30 20:35:00,142,Completed
5999,2026-07-11 21:19:00,84,Completed
6000,2025-07-13 09:36:00,108,Completed
6001,2026-02-12 21:22:00,196,Pending
6002,2025-03-02 20:54:00,214,Pending
6003,2025-05-24 18:20:00,29,Completed
6004,2025-04-24 11:41:00,420,Pending
6005,2025-01-14 18:21:00,272,Pending
6006,2025-03-15 12:13:00,23,Completed
6007,2026-06-29 11:59:00,495,Completed
6008,2026-07-19 11:28:00,385,Cancelled
6009,2026-08-20 03:47:00,488,Pending
6010,2025-11-13 05:15:00,413,Cancelled
6011,2026-07-19 09:06:00,224,Completed
6012,2025-10-17 16:10:00,352,Cancelled
6013,2026-05-06 10:36:00,280,Pending
6014,2026-08-10 20:15:00,371,Pending
6015,2025-08-25 15:33:00,22,Pending
6016,2025-05-13 18:30:00,204,Completed
6017,2025-08-25 19:39:00,379,Pending
6018,2025-01-08 02:11:00,311,Pending
6019,2026-07-14 08:41:00,362,Completed
6020,2026-02-04 05:13:00,387,Completed
6021,2026-07-09 13:17:00,106,Completed
6022,2026-03-26 22:54:00,108,Pending
6023,2025-02-03 15:11:00,318,Cancelled
6024,2025-09-24 04:25:00,424,Completed
6025,2025-02-07 21:48:00,457,Completed
6026,2025-03-08 04:48:00,294,Pending
6027,2025-02-03 02:26:00,67,Completed
6028,2025-12-27 19:30:00,401,Completed
6029,2025-03-17 05:43:00,14,Completed
6030,2026-02-22 19:39:00,447,Cancelled
6031,2025-11-01 20:01:00,156,Pending
6032,2025-04-02 11:57:00,385,Pending
6033,2026-06-03 16:00:00,333,Completed
6034,2025-03-23 04:32:00,224,Completed
6035,2025-07-14 10:12:00,16,Pending
6036,2025-08-30 09:51:00,1,Completed
6037,2025-03-27 09:11:00,61,Cancelled
6038,2026-03-30 20:57:00,206,Completed
6039,2026-01-05 04:12:00,240,Cancelled
6040,2025-11-18 16:57:00,142,Completed
6041,2025-02-08 20:55:00,18,Cancelled
6042,2025-03-07 02:48:00,37,Completed
6043,2026-01-09 22:20:00,224,Completed
6044,2026-01-23 17:32:00,394,Completed
6045,2026-06-06 22:32:00,35,Completed
6046,2026-04-16 18:11:00,375,Pending
6047,2025-01-27 19:47:00,7,Completed
6048,2025-03-30 07:17:00,19,Completed
6049,2025-02-03 20:09:00,488,Completed
6050,2025-09-05 23:15:00,397,Completed
6051,2026-02-14 11:38:00,69,Pending
6052,2025-08-18 19:17:00,403,Completed
6053,2025-01-23 21:10:00,202,Completed
6054,2026-02-20 17:24:00,328,Cancelled
6055,2025-07-12 09:06:00,366,Completed
6056,2025-09-18 00:58:00,45,Cancelled
6057,2026-01-18 02:59:00,305,Cancelled
6058,2026-08-09 09:59:00,368,Completed
6059,2026-02-19 06:14:00,166,Completed
6060,2025-10-31 00:45:00,438,Completed
6061,2025-12-24 03:50:00,374,Cancelled
6062,2025-09-02 16:41:00,34,Completed
6063,2025-06-17 21:17:00,132,Completed
6064,2025-06-06 03:01:00,145,Completed
6065,2025-10-28 10:36:00,85,Completed
6066,2025-12-21 21:38:00,226,Pending
6067,2025-10-15 00:33:00,269,Completed
6068,2025-11-10 22:59:00,112,Cancelled
6069,2025-03-18 19:36:00,374,Completed
6070,2025-02-01 14:53:00,465,Completed
6071,2025-11-01 14:47:00,92,Pending
6072,2025-07-05 17:27:00,340,Pending
6073,2025-03-22 03:41:00,224,Cancelled
6074,2025-05-22 14:18:00,135,Pending
6075,2026-03-16 23:56:00,130,Pending
6076,2026-02-25 21:35:00,65,Completed
6077,2026-07-17 04:15:00,220,Completed
6078,2026-08-11 07:07:00,86,Pending
6079,2025-02-09 13:18:00,496,Completed
6080,2025-09-09 03:33:00,126,Completed
6081,2025-07-23 00:35:00,373,Pending
6082,2025-07-25 08:11:00,234,Completed
6083,2025-01-14 13:08:00,461,Completed
6084,2025-06-24 05:44:00,386,Completed
6085,2026-05-24 17:36:00,10,Pending
6086,2026-02-23 08:49:00,144,Pending
6087,2026-08-15 08:13:00,459,Completed
6088,2026-01-16 16:20:00,477,Completed
6089,2025-06-17 11:19:00,265,Completed
6090,2026-02-06 20:17:00,174,Completed
6091,2025-05-24 13:03:00,232,Pending
6092,2026-06-07 03:03:00,194,Completed
6093,2025-02-15 09:05:00,329,Completed
6094,2025-02-13 11:42:00,210,Pending
6095,2026-01-25 20:29:00,189,Completed
6096,2025-01-22 19:05:00,5,Cancelled
6097,2025-06-20 13:46:00,213,Cancelled
6098,2025-10-31 08:16:00,367,Cancelled
6099,2025-03-19 04:19:00,367,Completed
6100,2026-05-14 13:29:00,431,Pending
6101,2025-11-29 07:08:00,131,Completed
6102,2026-08-13 21:57:00,2,Pending
6103,2026-07-14 08:15:00,380,Completed
6104,2026-05-26 18:27:00,353,Completed
6105,2025-11-26 14:10:00,446,Pending
6106,2025-04-16 04:09:00,98,Pending
6107,2026-04-22 02:28:00,400,Completed
6108,2025-03-15 19:17:00,272,Completed
6109,2025-03-24 03:27:00,212,Cancelled
6110,2026-03-03 00:29:00,413,Completed
6111,2026-02-18 19:59:00,211,Completed
6112,2025-10-16 10:59:00,249,Pending
6113,2025-01-09 04:43:00,200,Completed
6114,2025-10-06 19:08:00,284,Completed
6115,2025-06-13 16:35:00,333,Cancelled
6116,2026-05-07 04:28:00,65,Pending
6117,2026-05-20 20:24:00,194,Completed
6118,2025-08-30 16:57:00,10,Pending
6119,2025-08-17 22:38:00,304,Pending
6120,2025-05-16 23:35:00,112,Pending
6121,2025-01-31 15:04:00,231,Completed
6122,2026-01-15 07:43:00,83,Pending
6123,2025-08-05 18:50:00,136,Pending
6124,2026-05-31 19:55:00,489,Completed
6125,2026-01-24 21:22:00,176,Pending
6126,2025-05-26 08:37:00,100,Completed
6127,2026-07-16 02:48:00,410,Completed
6128,2026-03-11 02:50:00,157,Pending
6129,2025-07-16 05:40:00,500,Completed
6130,2026-01-13 05:48:00,367,Pending
6131,2025-01-29 06:03:00,400,Completed
6132,2025-09-12 08:54:00,165,Cancelled
6133,2025-10-29 13:21:00,397,Cancelled
6134,2025-09-03 16:30:00,104,Cancelled
6135,2025-01-20 02:04:00,496,Completed
6136,2026-04-23 01:56:00,426,Pending
6137,2025-05-14 07:05:00,327,Pending
6138,2025-08-29 10:49:00,88,Completed
6139,2025-11-18 10:38:00,305,Completed
6140,2026-03-25 18:33:00,124,Cancelled
6141,2025-07-04 03:35:00,109,Cancelled
6142,2026-05-21 10:29:00,364,Cancelled
6143,2026-05-24 08:01:00,168,Completed
6144,2026-02-02 00:41:00,341,Completed
6145,2025-12-16 06:05:00,457,Completed
6146,2025-11-06 19:15:00,224,Completed
6147,2025-08-15 22:28:00,79,Cancelled
6148,2025-03-24 23:38:00,75,Completed
6149,2025-07-04 09:37:00,336,Cancelled
6150,2026-03-29 19:54:00,182,Completed
6151,2025-01-05 21:02:00,176,Cancelled
6152,2025-04-10 09:33:00,466,Completed
6153,2025-06-19 04:15:00,169,Cancelled
6154,2025-05-26 10:39:00,341,Pending
6155,2026-07-07 21:19:00,113,Pending
6156,2025-02-20 06:19:00,239,Completed
6157,2025-07-09 18:01:00,136,Completed
6158,2025-10-30 14:25:00,345,Pending
6159,2026-05-13 08:26:00,90,Completed
6160,2026-06-09 00:24:00,463,Completed
6161,2025-05-24 09:30:00,105,Cancelled
6162,2025-10-21 13:38:00,28,Cancelled
6163,2025-01-23 17:55:00,189,Pending
6164,2026-07-31 12:13:00,453,Cancelled
6165,2026-06-28 23:18:00,185,Pending
6166,2026-06-09 15:25:00,125,Cancelled
6167,2026-01-18 04:04:00,154,Pending
6168,2025-02-19 17:39:00,379,Completed
6169,2026-05-21 14:32:00,130,Cancelled
6170,2025-11-27 23:14:00,447,Cancelled
6171,2026-02-28 07:56:00,187,Pending
6172,2025-04-06 02:41:00,190,Completed
6173,2025-08-18 20:31:00,373,Completed
6174,2025-01-14 04:14:00,50,Pending
6175,2026-06-17 16:54:00,2,Completed
6176,2025-06-09 04:37:00,369,Pending
6177,2025-08-01 00:27:00,280,Completed
6178,2026-03-08 11:38:00,338,Pending
6179,2025-11-13 21:50:00,151,Completed
6180,2025-10-28 08:13:00,311,Pending
6181,2026-08-01 16:56:00,438,Completed
6182,2026-05-10 19:45:00,124,Pending
6183,2025-06-19 22:37:00,134,Cancelled
6184,2025-07-27 17:21:00,56,Completed
6185,2025-01-02 23:39:00,152,Completed
6186,2026-07-29 15:52:00,425,Pending
6187,2025-08-23 17:31:00,60,Cancelled
6188,2025-08-26 10:59:00,66,Completed
6189,2025-04-12 17:17:00,46,Completed
6190,2026-07-03 21:39:00,415,Completed
6191,2026-08-15 01:03:00,495,Pending
6192,2026-04-30 11:08:00,406,Completed
6193,2026-05-14 07:45:00,269,Cancelled
6194,2025-01-18 16:23:00,202,Completed
6195,2026-05-26 02:53:00,3,Pending
6196,2026-03-10 08:01:00,498,Completed
6197,2025-12-14 01:17:00,104,Pending
6198,2025-03-02 08:25:00,250,Completed
6199,2025-01-27 19:35:00,36,Completed
6200,2026-08-08 18:55:00,330,Completed
6201,2025-02-18 03:17:00,17,Cancelled
6202,2026-02-28 19:48:00,346,Pending
6203,2026-07-03 09:52:00,40,Cancelled
6204,2026-03-01 20:13:00,317,Pending
6205,2025-11-09 22:25:00,79,Completed
6206,2025-09-10 08:58:00,392,Pending
6207,2026-05-29 20:16:00,497,Completed
6208,2025-07-24 18:58:00,268,Completed
6209,2026-05-02 17:23:00,106,Cancelled
6210,2026-04-28 10:11:00,15,Completed
6211,2025-10-29 00:40:00,129,Cancelled
6212,2025-03-27 04:29:00,463,Completed
6213,2026-06-07 03:08:00,162,Pending
6214,2025-01-07 07:12:00,183,Pending
6215,2025-08-09 08:58:00,411,Completed
6216,2026-05-11 02:55:00,491,Completed
6217,2025-06-04 19:49:00,58,Pending
6218,2025-08-10 21:01:00,83,Completed
6219,2025-08-10 20:42:00,393,Completed
6220,2025-08-03 08:14:00,410,Pending
6221,2025-12-13 04:32:00,402,Completed
6222,2025-11-24 02:02:00,107,Completed
6223,2025-05-25 21:28:00,22,Cancelled
6224,2026-03-17 12:43:00,271,Pending
6225,2026-08-09 10:28:00,158,Pending
6226,2025-01-24 17:40:00,44,Pending
6227,2025-12-12 15:50:00,121,Completed
6228,2026-03-04 15:47:00,181,Completed
6229,2025-06-29 04:46:00,437,Pending
6230,2025-01-22 03:35:00,21,Cancelled
6231,2026-04-02 01:33:00,312,Cancelled
6232,2026-05-20 17:41:00,182,Completed
6233,2025-10-17 21:17:00,349,Completed
6234,2026-02-09 01:06:00,263,Completed
6235,2026-04-17 19:53:00,342,Pending
6236,2026-05-26 21:28:00,21,Completed
6237,2025-06-30 02:22:00,218,Completed
6238,2025-07-29 01:54:00,201,Completed
6239,2026-05-12 15:56:00,75,Pending
6240,2025-11-04 10:23:00,423,Completed
6241,2026-07-21 22:44:00,66,Completed
6242,2025-10-10 08:47:00,327,Pending
6243,2025-02-13 18:54:00,237,Pending
6244,2026-07-21 09:29:00,153,Completed
6245,2025-03-25 15:46:00,246,Completed
6246,2025-11-05 10:22:00,353,Pending
6247,2026-08-08 06:04:00,428,Pending
6248,2025-03-28 06:51:00,381,Pending
6249,2025-11-29 22:31:00,434,Completed
6250,2025-03-15 00:12:00,39,Cancelled
6251,2025-02-15 09:40:00,425,Completed
6252,2025-05-09 20:55:00,159,Pending
6253,2025-01-02 19:21:00,92,Completed
6254,2025-04-23 00:21:00,117,Completed
6255,2026-03-08 05:54:00,222,Cancelled
6256,2025-09-07 11:29:00,394,Completed
6257,2025-02-03 14:43:00,176,Pending
6258,2025-10-28 11:42:00,209,Cancelled
6259,2025-07-05 21:48:00,353,Completed
6260,2025-07-10 22:01:00,205,Pending
6261,2026-08-15 13:51:00,175,Completed
6262,2026-06-04 09:39:00,273,Cancelled
6263,2026-06-22 01:27:00,57,Completed
6264,2026-06-05 14:55:00,360,Completed
6265,2025-04-10 08:59:00,430,Completed
6266,2025-09-29 10:43:00,444,Cancelled
6267,2025-07-12 13:48:00,267,Completed
6268,2025-01-16 06:55:00,83,Completed
6269,2026-07-23 19:52:00,181,Cancelled
6270,2026-04-28 06:24:00,4,Completed
6271,2025-06-25 21:12:00,399,Cancelled
6272,2026-01-16 06:50:00,314,Completed
6273,2026-02-06 11:14:00,323,Completed
6274,2025-02-03 06:06:00,323,Completed
6275,2026-06-07 14:16:00,359,Pending
6276,2025-12-28 14:50:00,77,Completed
6277,2025-07-28 01:26:00,397,Completed
6278,2025-12-12 03:10:00,68,Pending
6279,2025-10-18 06:32:00,47,Cancelled
6280,2025-01-07 05:27:00,202,Pending
6281,2025-10-28 14:23:00,381,Pending
6282,2025-10-30 17:18:00,201,Completed
6283,2025-10-08 23:45:00,248,Pending
6284,2026-08-09 15:15:00,478,Completed
6285,2025-03-14 21:04:00,132,Completed
6286,2025-03-13 13:44:00,477,Completed
6287,2025-08-24 14:20:00,243,Completed
6288,2025-02-03 17:38:00,211,Completed
6289,2026-07-31 04:00:00,378,Completed
6290,2026-07-04 04:21:00,190,Completed
6291,2025-11-20 12:37:00,145,Completed
6292,2025-10-07 02:14:00,93,Completed
6293,2026-07-17 05:07:00,405,Completed
6294,2025-10-25 03:27:00,422,Completed
6295,2026-05-16 13:40:00,424,Pending
6296,2026-06-07 16:17:00,433,Completed
6297,2026-03-21 23:17:00,327,Cancelled
6298,2026-06-21 12:18:00,205,Completed
6299,2026-01-29 16:33:00,300,Completed
6300,2025-01-13 02:59:00,294,Completed
6301,2025-07-24 14:09:00,410,Completed
6302,2025-12-27 22:37:00,347,Completed
6303,2026-07-11 07:57:00,268,Completed
6304,2026-01-11 20:44:00,227,Completed
6305,2025-04-02 14:18:00,106,Pending
6306,2025-09-28 14:10:00,241,Completed
6307,2025-10-02 10:55:00,368,Completed
6308,2025-05-29 14:21:00,460,Completed
6309,2026-04-18 06:10:00,66,Completed
6310,2026-03-23 04:53:00,285,Pending
6311,2026-05-03 16:20:00,28,Cancelled
6312,2025-08-18 22:06:00,141,Completed
6313,2026-04-20 02:48:00,58,Completed
6314,2026-02-01 17:29:00,277,Completed
6315,2025-01-26 21:38:00,120,Pending
6316,2025-03-31 23:00:00,154,Completed
6317,2026-03-11 23:39:00,298,Completed
6318,2025-09-27 04:08:00,169,Completed
6319,2025-05-03 19:19:00,472,Completed
6320,2026-01-18 21:25:00,84,Completed
6321,2026-02-13 20:20:00,133,Completed
6322,2025-11-07 14:39:00,354,Completed
6323,2025-09-04 18:08:00,116,Completed
6324,2025-04-29 15:39:00,450,Completed
6325,2026-04-16 11:25:00,143,Completed
6326,2025-04-11 15:11:00,360,Completed
6327,2025-01-29 08:07:00,172,Completed
6328,2025-01-21 07:13:00,156,Completed
6329,2026-03-12 02:26:00,500,Pending
6330,2025-03-19 23:06:00,407,Completed
6331,2025-02-05 22:01:00,120,Completed
6332,2025-05-02 04:20:00,249,Pending
6333,2025-03-26 09:26:00,249,Cancelled
6334,2025-12-06 04:56:00,19,Completed
6335,2026-06-29 12:07:00,70,Completed
6336,2025-10-15 17:28:00,352,Pending
6337,2025-05-25 05:21:00,44,Completed
6338,2025-02-05 22:22:00,78,Completed
6339,2025-06-22 03:42:00,58,Pending
6340,2025-11-05 04:53:00,124,Pending
6341,2025-09-03 01:49:00,234,Completed
6342,2025-03-04 10:39:00,30,Completed
6343,2026-01-12 06:02:00,408,Pending
6344,2025-01-29 05:29:00,207,Completed
6345,2025-03-30 09:17:00,454,Completed
6346,2025-07-31 16:05:00,204,Completed
6347,2026-01-12 19:09:00,196,Completed
6348,2026-07-28 09:20:00,5,Cancelled
6349,2025-06-05 10:24:00,57,Completed
6350,2025-01-23 16:19:00,364,Pending
6351,2026-01-16 08:09:00,377,Completed
6352,2025-03-19 04:58:00,68,Pending
6353,2026-05-10 01:25:00,308,Completed
6354,2025-08-16 04:33:00,217,Cancelled
6355,2025-12-01 05:35:00,493,Completed
6356,2025-05-22 03:58:00,12,Pending
6357,2025-03-26 10:47:00,231,Cancelled
6358,2025-04-25 14:59:00,281,Pending
6359,2025-08-12 00:44:00,204,Pending
6360,2025-02-18 09:09:00,464,Cancelled
6361,2026-02-18 14:03:00,126,Completed
6362,2026-01-30 06:28:00,46,Completed
6363,2025-01-04 20:31:00,494,Completed
6364,2025-11-14 06:09:00,259,Completed
6365,2025-05-07 06:25:00,144,Pending
6366,2025-09-13 11:30:00,420,Completed
6367,2026-06-17 03:25:00,80,Completed
6368,2025-01-22 00:20:00,485,Completed
6369,2025-08-16 14:45:00,155,Completed
6370,2025-04-13 12:25:00,471,Pending
6371,2025-05-04 21:48:00,123,Pending
6372,2025-06-17 19:17:00,1,Pending
6373,2025-08-31 21:14:00,101,Pending
6374,2025-05-05 13:19:00,137,Pending
6375,2025-12-02 09:24:00,447,Cancelled
6376,2026-06-07 15:16:00,21,Completed
6377,2026-03-28 07:20:00,388,Pending
6378,2025-08-03 22:06:00,12,Completed
6379,2025-06-01 17:44:00,232,Completed
6380,2025-11-22 21:14:00,440,Cancelled
6381,2025-09-14 05:58:00,15,Pending
6382,2025-04-30 03:18:00,326,Completed
6383,2026-07-10 23:17:00,153,Pending
6384,2026-08-08 13:15:00,411,Pending
6385,2025-05-21 08:59:00,430,Completed
6386,2025-03-16 18:27:00,128,Pending
6387,2025-03-26 03:12:00,117,Completed
6388,2025-10-23 21:08:00,356,Completed
6389,2025-10-02 12:43:00,309,Completed
6390,2025-04-15 06:43:00,453,Cancelled
6391,2025-05-28 00:04:00,493,Pending
6392,2026-03-01 08:37:00,306,Completed
6393,2026-02-23 12:20:00,454,Completed
6394,2025-09-08 08:36:00,415,Pending
6395,2025-03-20 18:02:00,390,Pending
6396,2025-11-02 17:41:00,217,Pending
6397,2025-06-25 14:28:00,308,Completed
6398,2025-02-09 04:58:00,244,Pending
6399,2025-06-19 23:49:00,56,Pending
6400,2025-04-19 02:45:00,470,Completed
6401,2025-06-25 06:22:00,145,Completed
6402,2026-03-20 02:53:00,149,Completed
6403,2026-07-17 15:36:00,485,Completed
6404,2025-11-17 07:06:00,396,Completed
6405,2025-09-19 02:31:00,60,Cancelled
6406,2026-08-12 05:04:00,51,Pending
6407,2026-07-21 10:25:00,191,Completed
6408,2025-03-21 15:50:00,258,Pending
6409,2026-04-03 11:13:00,464,Completed
6410,2025-10-05 21:38:00,302,Completed
6411,2026-04-21 10:47:00,263,Completed
6412,2026-05-03 01:50:00,57,Completed
6413,2026-02-07 12:19:00,493,Completed
6414,2026-07-11 11:28:00,86,Cancelled
6415,2026-08-07 01:37:00,327,Cancelled
6416,2025-02-27 11:16:00,99,Completed
6417,2025-06-08 08:46:00,229,Completed
6418,2026-05-02 19:42:00,60,Completed
6419,2026-07-20 10:59:00,287,Completed
6420,2025-06-09 04:17:00,19,Completed
6421,2026-05-12 23:22:00,341,Cancelled
6422,2025-05-25 00:55:00,170,Completed
6423,2025-06-28 07:53:00,20,Pending
6424,2025-09-22 15:16:00,487,Completed
6425,2026-01-11 03:43:00,98,Completed
6426,2025-06-16 20:52:00,151,Pending
6427,2025-04-11 04:42:00,335,Pending
6428,2025-06-06 00:46:00,327,Cancelled
6429,2025-08-18 17:11:00,487,Pending
6430,2026-06-04 15:56:00,394,Completed
6431,2025-05-20 09:31:00,464,Pending
6432,2026-01-04 17:41:00,34,Completed
6433,2025-07-30 09:35:00,444,Completed
6434,2026-04-20 03:33:00,94,Pending
6435,2025-10-14 12:45:00,407,Completed
6436,2025-12-09 03:46:00,499,Completed
6437,2025-06-27 17:38:00,248,Pending
6438,2026-04-29 07:53:00,199,Cancelled
6439,2025-04-30 14:24:00,369,Completed
6440,2026-01-26 00:38:00,30,Completed
6441,2025-01-06 10:01:00,121,Completed
6442,2026-04-05 11:47:00,139,Pending
6443,2025-10-03 05:42:00,23,Completed
6444,2025-09-21 14:34:00,324,Completed
6445,2026-02-17 07:20:00,268,Completed
6446,2025-12-03 06:41:00,472,Pending
6447,2025-10-19 11:48:00,276,Completed
6448,2025-06-26 17:15:00,372,Completed
6449,2025-07-29 21:00:00,367,Pending
6450,2026-07-01 18:46:00,482,Pending
6451,2026-03-20 13:30:00,459,Pending
6452,2026-02-01 19:40:00,72,Pending
6453,2025-09-22 13:57:00,195,Pending
6454,2025-07-13 11:43:00,392,Pending
6455,2025-11-15 10:00:00,375,Pending
6456,2026-06-08 19:18:00,119,Cancelled
6457,2026-01-29 20:34:00,275,Completed
6458,2025-08-01 19:12:00,25,Completed
6459,2025-09-26 00:04:00,68,Pending
6460,2026-02-16 02:17:00,134,Completed
6461,2026-04-07 02:19:00,386,Pending
6462,2025-01-16 17:04:00,299,Completed
6463,2026-06-16 20:35:00,325,Completed
6464,2025-05-17 05:55:00,83,Pending
6465,2025-12-19 05:22:00,6,Completed
6466,2026-05-16 05:41:00,124,Pending
6467,2026-03-05 20:38:00,38,Pending
6468,2025-10-21 16:13:00,399,Completed
6469,2026-08-24 19:55:00,1,Completed
6470,2025-04-23 15:30:00,270,Completed
6471,2026-03-04 06:29:00,120,Completed
6472,2025-11-28 13:58:00,434,Pending
6473,2025-03-25 23:17:00,401,Completed
6474,2025-10-17 11:55:00,239,Completed
6475,2026-08-08 01:48:00,120,Cancelled
6476,2026-01-18 20:06:00,442,Completed
6477,2025-10-07 12:03:00,130,Completed
6478,2026-08-19 05:02:00,83,Completed
6479,2025-04-03 05:02:00,191,Completed
6480,2025-12-10 14:45:00,299,Completed
6481,2026-06-27 14:19:00,164,Pending
6482,2025-09-10 23:01:00,129,Cancelled
6483,2025-10-01 13:02:00,285,Pending
6484,2025-05-12 09:56:00,257,Completed
6485,2025-11-14 02:35:00,280,Completed
6486,2025-01-15 16:32:00,304,Completed
6487,2025-09-02 15:49:00,29,Pending
6488,2025-10-21 16:17:00,164,Pending
6489,2025-11-07 10:31:00,399,Cancelled
6490,2026-03-04 16:17:00,230,Pending
6491,2026-01-15 22:27:00,453,Completed
6492,2025-03-02 19:46:00,494,Pending
6493,2025-03-12 20:42:00,378,Completed
6494,2025-11-27 03:38:00,470,Completed
6495,2026-01-26 07:59:00,310,Completed
6496,2026-06-06 14:47:00,460,Completed
6497,2026-02-16 13:04:00,182,Pending
6498,2025-04-26 02:43:00,298,Completed
6499,2025-11-25 19:41:00,20,Cancelled
6500,2025-06-29 23:10:00,251,Completed
6501,2026-08-23 07:24:00,396,Completed
6502,2025-04-26 21:13:00,181,Completed
6503,2025-02-19 15:26:00,64,Completed
6504,2025-08-16 17:53:00,5,Cancelled
6505,2026-07-09 17:29:00,376,Completed
6506,2025-10-26 15:05:00,349,Completed
6507,2025-09-29 18:42:00,168,Completed
6508,2026-07-21 01:30:00,279,Completed
6509,2026-05-27 02:14:00,19,Completed
6510,2025-03-07 11:40:00,306,Cancelled
6511,2025-04-21 22:14:00,97,Pending
6512,2026-01-05 02:43:00,146,Pending
6513,2026-04-09 17:22:00,410,Completed
6514,2026-05-23 12:45:00,469,Completed
6515,2026-08-17 23:34:00,415,Completed
6516,2025-07-18 14:55:00,497,Pending
6517,2025-05-10 15:50:00,185,Completed
6518,2026-06-17 20:59:00,494,Cancelled
6519,2026-04-11 01:22:00,306,Completed
6520,2026-02-27 22:00:00,489,Completed
6521,2025-02-05 13:35:00,58,Completed
6522,2026-07-07 03:29:00,265,Cancelled
6523,2025-06-13 02:23:00,292,Completed
6524,2025-06-16 12:32:00,381,Pending
6525,2025-06-29 18:08:00,247,Completed
6526,2025-09-19 01:19:00,201,Completed
6527,2025-04-20 22:49:00,280,Completed
6528,2025-06-28 16:23:00,91,Completed
6529,2025-10-20 02:54:00,198,Completed
6530,2025-01-08 23:52:00,48,Cancelled
6531,2026-02-04 01:04:00,428,Completed
6532,2025-05-24 05:17:00,483,Completed
6533,2025-03-18 05:33:00,129,Pending
6534,2025-03-05 09:43:00,167,Pending
6535,2025-06-23 22:19:00,258,Pending
6536,2025-03-23 09:50:00,406,Pending
6537,2026-01-05 15:45:00,481,Completed
6538,2025-02-20 09:51:00,285,Pending
6539,2025-12-20 22:17:00,202,Completed
6540,2025-02-12 23:49:00,420,Completed
6541,2025-10-03 00:12:00,111,Completed
6542,2025-10-21 11:30:00,171,Pending
6543,2025-08-02 16:14:00,425,Completed
6544,2026-06-07 14:55:00,181,Completed
6545,2026-02-04 20:55:00,352,Cancelled
6546,2025-10-15 18:14:00,401,Completed
6547,2025-03-16 19:02:00,348,Pending
6548,2026-02-09 20:05:00,337,Pending
6549,2025-10-06 13:36:00,179,Cancelled
6550,2025-10-01 11:22:00,320,Completed
6551,2026-02-04 04:21:00,126,Pending
6552,2025-07-14 09:48:00,386,Pending
6553,2026-07-04 12:23:00,360,Completed
6554,2026-08-11 21:22:00,410,Completed
6555,2025-04-29 17:32:00,367,Completed
6556,2025-01-29 02:13:00,201,Completed
6557,2025-03-15 03:56:00,463,Pending
6558,2026-03-06 18:23:00,38,Pending
6559,2025-01-05 10:38:00,247,Completed
6560,2026-02-02 00:04:00,293,Completed
6561,2025-03-21 14:53:00,452,Pending
6562,2025-09-01 18:24:00,327,Pending
6563,2026-07-07 17:46:00,203,Completed
6564,2026-02-23 18:37:00,79,Completed
6565,2026-04-08 22:56:00,288,Completed
6566,2025-06-27 19:12:00,238,Pending
6567,2026-05-03 18:02:00,61,Cancelled
6568,2025-02-05 09:01:00,474,Completed
6569,2025-03-15 19:15:00,291,Pending
6570,2025-08-20 02:29:00,464,Pending
6571,2025-03-07 08:41:00,497,Cancelled
6572,2025-08-13 16:55:00,176,Cancelled
6573,2025-05-10 00:15:00,130,Pending
6574,2025-01-18 08:02:00,154,Pending
6575,2025-01-06 06:29:00,202,Completed
6576,2026-03-02 16:43:00,344,Cancelled
6577,2026-01-12 12:31:00,423,Pending
6578,2025-10-27 12:55:00,22,Pending
6579,2025-04-05 08:47:00,51,Pending
6580,2025-04-18 20:03:00,229,Pending
6581,2025-12-10 04:28:00,149,Completed
6582,2026-07-10 12:01:00,121,Completed
6583,2025-04-25 02:08:00,376,Pending
6584,2025-05-01 23:52:00,390,Completed
6585,2025-08-24 00:31:00,259,Completed
6586,2026-06-28 16:20:00,232,Pending
6587,2026-07-05 01:10:00,340,Completed
6588,2025-06-19 03:52:00,299,Pending
6589,2026-08-08 16:48:00,166,Pending
6590,2025-02-06 01:44:00,52,Pending
6591,2026-06-28 23:21:00,430,Pending
6592,2025-11-08 14:46:00,11,Completed
6593,2025-06-28 23:22:00,330,Completed
6594,2025-12-18 05:09:00,305,Completed
6595,2025-01-07 10:42:00,372,Completed
6596,2025-11-19 21:57:00,497,Completed
6597,2025-10-16 20:48:00,175,Completed
6598,2025-01-28 13:28:00,3,Completed
6599,2026-05-22 21:25:00,470,Completed
6600,2025-03-26 06:32:00,387,Completed
6601,2025-11-02 05:24:00,38,Completed
6602,2025-11-21 15:58:00,453,Pending
6603,2025-11-07 07:52:00,97,Cancelled
6604,2026-08-22 09:32:00,115,Cancelled
6605,2025-02-28 19:25:00,337,Pending
6606,2025-03-02 09:21:00,210,Completed
6607,2026-03-15 11:48:00,82,Completed
6608,2025-12-31 02:48:00,399,Pending
6609,2026-02-07 08:42:00,135,Completed
6610,2025-08-15 14:46:00,172,Completed
6611,2025-02-16 10:59:00,24,Completed
6612,2025-07-15 22:24:00,224,Cancelled
6613,2025-06-27 18:28:00,324,Completed
6614,2026-08-05 12:29:00,351,Cancelled
6615,2025-04-04 17:22:00,417,Completed
6616,2026-04-25 09:42:00,428,Completed
6617,2025-03-17 22:11:00,63,Completed
6618,2025-05-12 22:01:00,403,Cancelled
6619,2026-01-29 14:26:00,117,Completed
6620,2025-05-05 14:34:00,433,Completed
6621,2025-01-31 21:45:00,353,Pending
6622,2025-03-23 13:16:00,293,Completed
6623,2025-11-21 09:56:00,181,Completed
6624,2026-01-22 17:09:00,297,Completed
6625,2025-03-27 23:40:00,17,Completed
6626,2026-06-17 13:00:00,438,Completed
6627,2025-11-30 10:19:00,303,Cancelled
6628,2026-05-27 18:18:00,277,Completed
6629,2025-07-09 18:38:00,73,Completed
6630,2025-05-31 07:27:00,314,Completed
6631,2026-01-06 02:07:00,45,Completed
6632,2026-01-22 23:09:00,207,Cancelled
6633,2026-03-04 23:03:00,42,Pending
6634,2025-08-05 14:12:00,177,Completed
6635,2026-02-15 08:47:00,185,Completed
6636,2026-06-07 10:49:00,263,Completed
6637,2025-03-09 18:26:00,206,Completed
6638,2026-04-21 14:23:00,273,Completed
6639,2025-01-02 00:56:00,57,Completed
6640,2025-05-19 12:11:00,487,Cancelled
6641,2026-08-09 05:02:00,112,Cancelled
6642,2025-08-26 11:55:00,47,Pending
6643,2026-02-20 11:04:00,350,Pending
6644,2025-02-27 11:20:00,492,Cancelled
6645,2025-12-18 08:28:00,185,Completed
6646,2025-02-20 02:33:00,493,Completed
6647,2025-05-28 09:49:00,96,Completed
6648,2025-08-12 23:50:00,123,Completed
6649,2025-07-31 22:05:00,247,Pending
6650,2025-07-25 15:44:00,39,Completed
6651,2025-06-27 04:44:00,152,Pending
6652,2025-12-20 00:08:00,498,Pending
6653,2025-05-27 08:04:00,142,Completed
6654,2026-06-16 07:08:00,195,Completed
6655,2026-05-06 17:40:00,417,Pending
6656,2025-11-21 10:25:00,147,Pending
6657,2025-08-18 08:19:00,237,Pending
6658,2025-02-15 15:14:00,195,Completed
6659,2025-08-26 06:11:00,436,Completed
6660,2025-08-17 00:08:00,450,Completed
6661,2025-10-01 03:36:00,215,Completed
6662,2025-04-20 18:07:00,175,Cancelled
6663,2026-03-15 10:15:00,229,Completed
6664,2025-09-07 14:44:00,387,Completed
6665,2025-10-02 12:32:00,169,Completed
6666,2026-04-12 01:32:00,164,Completed
6667,2025-02-06 07:00:00,299,Pending
6668,2025-11-22 17:25:00,299,Completed
6669,2025-01-17 22:12:00,195,Completed
6670,2025-09-30 22:23:00,427,Pending
6671,2025-05-20 00:02:00,450,Pending
6672,2025-08-05 04:40:00,124,Pending
6673,2026-04-12 21:05:00,346,Completed
6674,2025-12-06 19:06:00,464,Pending
6675,2025-01-03 22:11:00,432,Completed
6676,2026-06-28 03:20:00,85,Completed
6677,2025-03-29 08:16:00,334,Pending
6678,2026-05-27 19:58:00,139,Pending
6679,2025-08-03 14:43:00,468,Cancelled
6680,2025-06-12 21:05:00,337,Completed
6681,2026-08-02 11:40:00,405,Cancelled
6682,2025-02-11 12:45:00,322,Completed
6683,2025-04-04 10:52:00,87,Completed
6684,2026-06-15 12:32:00,267,Completed
6685,2025-05-31 02:44:00,269,Completed
6686,2025-02-24 03:47:00,110,Cancelled
6687,2025-01-08 02:42:00,314,Completed
6688,2025-01-02 15:12:00,168,Pending
6689,2025-04-19 03:26:00,52,Pending
6690,2025-04-16 16:00:00,451,Completed
6691,2026-02-08 15:35:00,262,Completed
6692,2026-05-17 07:42:00,334,Pending
6693,2025-10-11 16:22:00,419,Completed
6694,2026-05-04 16:49:00,361,Cancelled
6695,2026-03-02 12:46:00,477,Completed
6696,2025-02-17 05:26:00,368,Completed
6697,2026-04-12 11:35:00,127,Pending
6698,2025-03-28 19:40:00,211,Pending
6699,2025-03-22 04:51:00,275,Completed
6700,2026-05-31 08:14:00,147,Completed
6701,2026-06-22 06:55:00,487,Completed
6702,2025-04-30 03:53:00,95,Completed
6703,2025-07-25 07:21:00,444,Cancelled
6704,2025-11-29 05:48:00,204,Pending
6705,2026-04-11 04:44:00,157,Pending
6706,2025-02-11 14:29:00,473,Completed
6707,2026-02-05 02:12:00,223,Completed
6708,2026-04-08 06:20:00,259,Completed
6709,2026-02-12 22:45:00,240,Completed
6710,2025-09-02 21:16:00,81,Completed
6711,2025-05-24 06:18:00,28,Cancelled
6712,2025-06-11 15:04:00,15,Completed
6713,2026-03-18 09:40:00,431,Pending
6714,2025-04-08 12:50:00,144,Completed
6715,2026-04-04 23:48:00,12,Completed
6716,2026-03-28 01:43:00,291,Completed
6717,2026-08-02 13:07:00,329,Pending
6718,2025-12-21 18:50:00,232,Completed
6719,2025-10-12 11:49:00,98,Completed
6720,2026-04-14 13:51:00,239,Pending
6721,2025-06-27 01:30:00,234,Completed
6722,2025-11-21 04:43:00,142,Cancelled
6723,2026-02-12 11:03:00,327,Pending
6724,2025-12-16 08:18:00,134,Cancelled
6725,2025-05-23 18:34:00,276,Pending
6726,2026-03-26 09:02:00,358,Pending
6727,2026-03-11 06:31:00,479,Pending
6728,2025-01-08 02:11:00,365,Completed
6729,2025-09-15 12:58:00,81,Pending
6730,2026-08-23 05:01:00,300,Cancelled
6731,2025-05-29 22:16:00,321,Completed
6732,2025-06-10 01:06:00,189,Pending
6733,2025-01-15 22:57:00,259,Completed
6734,2025-02-25 22:09:00,264,Completed
6735,2025-02-09 09:36:00,40,Pending
6736,2025-10-04 07:49:00,139,Completed
6737,2026-04-05 21:01:00,475,Completed
6738,2025-03-16 20:15:00,92,Cancelled
6739,2026-03-29 12:46:00,303,Pending
6740,2025-06-20 03:23:00,370,Completed
6741,2026-03-08 08:22:00,54,Pending
6742,2025-01-23 13:50:00,285,Pending
6743,2026-05-30 14:37:00,211,Pending
6744,2025-02-13 02:32:00,355,Pending
6745,2026-06-24 16:20:00,208,Pending
6746,2026-03-20 10:24:00,213,Completed
6747,2026-03-27 04:16:00,41,Pending
6748,2025-09-07 01:55:00,485,Pending
6749,2026-03-27 01:49:00,256,Completed
6750,2025-01-11 04:03:00,490,Completed
6751,2025-06-06 16:38:00,341,Completed
6752,2025-02-28 05:36:00,130,Completed
6753,2026-04-15 20:32:00,223,Pending
6754,2025-02-25 03:51:00,90,Completed
6755,2025-01-06 21:25:00,66,Completed
6756,2025-01-14 04:46:00,163,Completed
6757,2025-01-23 19:52:00,249,Completed
6758,2026-06-09 03:29:00,314,Pending
6759,2025-02-09 14:08:00,335,Completed
6760,2025-03-07 14:15:00,197,Completed
6761,2025-12-09 08:54:00,398,Pending
6762,2025-12-22 02:19:00,204,Pending
6763,2025-08-31 01:27:00,285,Pending
6764,2025-04-28 10:28:00,409,Completed
6765,2025-02-05 02:47:00,46,Pending
6766,2025-07-27 21:30:00,310,Completed
6767,2026-07-17 04:31:00,294,Pending
6768,2025-06-27 05:50:00,227,Completed
6769,2025-01-17 07:38:00,63,Pending
6770,2026-03-02 08:20:00,92,Cancelled
6771,2026-01-29 05:21:00,491,Completed
6772,2025-08-24 15:59:00,434,Completed
6773,2026-03-08 16:28:00,120,Pending
6774,2026-03-02 08:36:00,10,Pending
6775,2026-01-12 03:36:00,103,Pending
6776,2025-04-29 16:35:00,431,Completed
6777,2025-09-04 07:22:00,84,Completed
6778,2025-02-25 06:53:00,166,Cancelled
6779,2025-10-10 14:26:00,165,Pending
6780,2025-01-20 01:23:00,330,Completed
6781,2026-05-01 16:21:00,125,Pending
6782,2025-03-24 13:42:00,253,Pending
6783,2025-06-06 19:34:00,55,Completed
6784,2026-03-21 08:34:00,351,Completed
6785,2026-07-25 04:23:00,391,Completed
6786,2025-02-20 12:09:00,458,Completed
6787,2026-07-03 19:10:00,189,Pending
6788,2025-04-11 06:06:00,309,Completed
6789,2025-03-28 16:29:00,329,Cancelled
6790,2026-05-05 02:30:00,274,Completed
6791,2025-02-18 01:25:00,400,Pending
6792,2026-02-26 09:16:00,138,Cancelled
6793,2026-03-31 04:09:00,350,Cancelled
6794,2026-05-21 23:34:00,247,Pending
6795,2025-05-31 10:58:00,233,Completed
6796,2025-05-23 12:55:00,100,Pending
6797,2025-05-19 00:10:00,60,Completed
6798,2025-06-09 15:19:00,260,Completed
6799,2025-11-30 17:28:00,330,Pending
6800,2025-07-02 15:26:00,335,Pending
6801,2026-08-03 19:20:00,165,Completed
6802,2025-01-24 19:00:00,383,Pending
6803,2025-04-23 16:20:00,117,Completed
6804,2026-07-20 08:34:00,102,Completed
6805,2025-03-21 00:51:00,232,Completed
6806,2025-02-22 16:48:00,29,Completed
6807,2025-05-13 16:37:00,232,Pending
6808,2025-10-18 01:32:00,78,Cancelled
6809,2025-02-21 03:33:00,32,Completed
6810,2026-05-02 08:46:00,54,Cancelled
6811,2025-09-05 02:44:00,295,Completed
6812,2025-03-24 09:36:00,2,Completed
6813,2025-08-30 03:12:00,264,Pending
6814,2025-07-27 05:02:00,244,Cancelled
6815,2026-01-03 10:45:00,500,Completed
6816,2026-07-06 02:32:00,210,Completed
6817,2025-05-16 23:29:00,211,Cancelled
6818,2025-04-06 03:46:00,23,Completed
6819,2025-10-23 05:51:00,211,Completed
6820,2025-12-27 03:18:00,300,Completed
6821,2025-09-25 03:52:00,220,Completed
6822,2025-05-07 05:50:00,410,Pending
6823,2026-08-03 06:37:00,276,Completed
6824,2025-05-17 03:34:00,102,Completed
6825,2026-06-29 14:12:00,299,Completed
6826,2026-04-24 19:02:00,292,Cancelled
6827,2025-04-15 03:07:00,297,Completed
6828,2026-02-10 05:45:00,170,Completed
6829,2026-02-06 09:27:00,353,Completed
6830,2025-10-24 19:15:00,349,Completed
6831,2025-09-24 18:24:00,132,Completed
6832,2026-04-03 20:56:00,305,Completed
6833,2026-04-15 04:22:00,283,Completed
6834,2025-03-17 12:44:00,447,Completed
6835,2025-09-08 15:34:00,347,Completed
6836,2025-07-05 12:01:00,66,Pending
6837,2025-10-29 07:44:00,471,Cancelled
6838,2025-06-22 11:31:00,357,Cancelled
6839,2025-04-17 11:35:00,434,Pending
6840,2026-06-08 05:55:00,328,Pending
6841,2026-01-10 02:18:00,229,Completed
6842,2026-07-24 02:10:00,448,Completed
6843,2026-06-18 02:05:00,271,Pending
6844,2026-06-13 14:23:00,85,Completed
6845,2026-05-16 14:08:00,23,Cancelled
6846,2026-03-31 02:51:00,371,Completed
6847,2026-08-01 00:00:00,157,Completed
6848,2026-02-12 00:37:00,110,Completed
6849,2026-04-06 21:24:00,246,Completed
6850,2025-09-12 12:15:00,251,Completed
6851,2026-03-22 12:38:00,106,Completed
6852,2025-03-18 16:12:00,25,Pending
6853,2026-08-14 17:43:00,444,Completed
6854,2026-06-04 04:20:00,109,Cancelled
6855,2025-03-17 12:39:00,389,Cancelled
6856,2025-12-03 21:01:00,493,Completed
6857,2025-11-09 02:45:00,315,Completed
6858,2026-08-12 07:23:00,143,Completed
6859,2025-03-12 12:07:00,20,Cancelled
6860,2026-06-25 13:50:00,275,Completed
6861,2025-07-18 00:46:00,377,Pending
6862,2026-01-09 12:50:00,170,Completed
6863,2025-08-12 23:57:00,371,Completed
6864,2026-03-25 04:15:00,259,Completed
6865,2025-09-22 20:56:00,77,Completed
6866,2026-07-30 10:56:00,429,Pending
6867,2026-04-23 11:22:00,225,Completed
6868,2025-05-30 00:33:00,490,Cancelled
6869,2025-06-30 22:24:00,381,Pending
6870,2026-08-06 03:23:00,85,Pending
6871,2026-07-13 01:52:00,164,Completed
6872,2025-01-15 09:40:00,105,Pending
6873,2026-06-13 04:16:00,254,Pending
6874,2025-10-06 08:38:00,38,Completed
6875,2026-07-13 01:00:00,99,Pending
6876,2025-03-15 17:27:00,434,Completed
6877,2025-07-26 05:07:00,83,Pending
6878,2026-03-10 22:48:00,410,Pending
6879,2026-06-03 19:58:00,121,Cancelled
6880,2025-09-08 19:57:00,416,Completed
6881,2025-09-22 06:42:00,57,Completed
6882,2026-01-09 14:58:00,371,Pending
6883,2025-08-26 16:01:00,97,Cancelled
6884,2026-01-07 21:46:00,428,Completed
6885,2025-12-15 18:40:00,172,Cancelled
6886,2026-06-17 13:11:00,158,Cancelled
6887,2026-04-13 13:45:00,146,Cancelled
6888,2025-06-13 06:31:00,203,Completed
6889,2025-03-23 15:26:00,144,Pending
6890,2025-04-06 07:12:00,205,Completed
6891,2025-09-17 10:21:00,353,Pending
6892,2025-04-07 15:12:00,361,Completed
6893,2025-11-16 00:24:00,12,Completed
6894,2026-08-10 08:03:00,417,Completed
6895,2025-01-22 11:48:00,287,Completed
6896,2026-07-05 17:24:00,14,Completed
6897,2025-09-03 20:20:00,62,Pending
6898,2025-04-22 00:24:00,447,Completed
6899,2025-09-03 14:17:00,232,Completed
6900,2025-06-29 02:59:00,190,Completed
6901,2025-12-28 13:37:00,420,Completed
6902,2025-07-10 04:26:00,295,Completed
6903,2026-01-07 17:10:00,215,Cancelled
6904,2025-05-26 17:58:00,37,Pending
6905,2025-05-23 14:34:00,398,Completed
6906,2025-05-16 12:54:00,97,Completed
6907,2025-07-30 09:05:00,487,Cancelled
6908,2025-08-31 17:48:00,123,Completed
6909,2025-06-26 22:15:00,242,Completed
6910,2025-07-19 22:26:00,112,Completed
6911,2026-06-01 03:26:00,318,Completed
6912,2025-05-23 05:53:00,137,Pending
6913,2025-10-31 07:19:00,39,Cancelled
6914,2025-06-20 10:50:00,452,Completed
6915,2025-10-13 02:31:00,460,Completed
6916,2025-06-02 07:40:00,478,Completed
6917,2026-01-28 13:31:00,469,Completed
6918,2025-01-07 04:26:00,351,Pending
6919,2026-05-14 21:26:00,200,Pending
6920,2026-01-11 06:52:00,68,Completed
6921,2026-04-03 08:59:00,110,Cancelled
6922,2025-12-04 22:03:00,337,Completed
6923,2025-02-18 22:54:00,264,Completed
6924,2025-06-22 10:05:00,84,Completed
6925,2025-08-08 08:19:00,239,Completed
6926,2025-11-01 06:12:00,28,Completed
6927,2026-08-20 17:59:00,317,Pending
6928,2025-12-27 02:14:00,282,Cancelled
6929,2026-08-22 17:08:00,230,Cancelled
6930,2026-04-12 10:45:00,59,Cancelled
6931,2025-06-18 22:29:00,318,Pending
6932,2025-11-02 20:05:00,212,Completed
6933,2025-01-20 10:04:00,235,Completed
6934,2026-08-05 17:11:00,21,Completed
6935,2026-06-06 03:55:00,433,Completed
6936,2026-05-17 15:00:00,478,Completed
6937,2025-09-13 01:31:00,26,Completed
6938,2025-10-29 16:03:00,261,Completed
6939,2025-12-12 21:15:00,20,Pending
6940,2026-02-18 12:51:00,397,Completed
6941,2026-08-11 00:08:00,344,Cancelled
6942,2026-07-05 08:21:00,450,Completed
6943,2025-05-06 01:19:00,70,Cancelled
6944,2025-02-12 19:58:00,338,Completed
6945,2026-02-05 17:44:00,329,Pending
6946,2026-07-31 19:23:00,17,Completed
6947,2025-04-06 09:42:00,129,Completed
6948,2025-05-03 05:26:00,426,Pending
6949,2025-10-04 08:05:00,150,Completed
6950,2025-06-09 13:39:00,365,Completed
6951,2025-11-20 21:25:00,104,Completed
6952,2025-02-05 17:14:00,46,Pending
6953,2026-06-14 14:23:00,278,Pending
6954,2025-10-01 02:35:00,486,Completed
6955,2025-09-27 02:23:00,291,Pending
6956,2026-05-21 00:29:00,481,Completed
6957,2025-05-28 16:36:00,79,Cancelled
6958,2025-11-14 03:39:00,98,Pending
6959,2025-06-23 16:50:00,89,Pending
6960,2025-03-03 12:27:00,189,Completed
6961,2025-07-10 07:11:00,311,Completed
6962,2025-01-31 16:23:00,25,Completed
6963,2025-09-03 03:08:00,186,Completed
6964,2025-07-03 04:59:00,146,Cancelled
6965,2026-03-29 20:46:00,226,Pending
6966,2025-04-30 05:02:00,386,Completed
6967,2025-10-01 21:56:00,252,Cancelled
6968,2026-08-15 05:50:00,476,Cancelled
6969,2025-09-12 03:54:00,360,Pending
6970,2025-06-18 11:58:00,178,Completed
6971,2025-04-29 10:20:00,100,Pending
6972,2025-09-08 16:20:00,456,Cancelled
6973,2025-09-27 04:26:00,24,Cancelled
6974,2026-08-06 21:05:00,245,Pending
6975,2025-06-07 19:21:00,402,Completed
6976,2026-01-24 20:09:00,57,Completed
6977,2025-10-29 05:48:00,265,Pending
6978,2026-08-12 08:33:00,207,Completed
6979,2025-07-19 13:34:00,305,Completed
6980,2026-06-30 02:54:00,358,Completed
6981,2025-10-15 10:17:00,405,Completed
6982,2025-10-30 07:45:00,39,Completed
6983,2026-03-30 22:26:00,452,Completed
6984,2026-06-19 19:31:00,21,Completed
6985,2025-07-07 02:44:00,325,Completed
6986,2026-01-22 20:45:00,437,Completed
6987,2026-05-23 21:50:00,57,Completed
6988,2026-05-24 04:21:00,107,Pending
6989,2025-02-09 04:16:00,136,Pending
6990,2026-06-06 10:29:00,445,Pending
6991,2025-02-06 17:42:00,319,Completed
6992,2025-03-28 03:26:00,298,Completed
6993,2026-06-12 10:01:00,323,Pending
6994,2025-07-19 22:52:00,126,Completed
6995,2025-03-03 16:05:00,73,Completed
6996,2026-01-31 17:22:00,492,Cancelled
6997,2026-07-13 05:52:00,305,Cancelled
6998,2025-11-20 10:39:00,483,Pending
6999,2025-08-04 13:10:00,92,Completed
7000,2025-11-11 16:31:00,412,Pending
7001,2025-07-27 17:48:00,379,Pending
7002,2025-06-05 22:35:00,84,Cancelled
7003,2026-06-23 17:12:00,454,Pending
7004,2026-06-15 12:59:00,1,Completed
7005,2025-09-30 16:02:00,97,Completed
7006,2026-07-17 19:56:00,72,Pending
7007,2026-06-15 20:18:00,63,Cancelled
7008,2025-08-04 04:59:00,257,Completed
7009,2025-01-05 05:32:00,381,Completed
7010,2026-04-12 09:05:00,429,Completed
7011,2025-09-20 15:31:00,25,Completed
7012,2025-10-27 20:00:00,45,Pending
7013,2026-02-25 10:21:00,334,Pending
7014,2026-07-11 03:11:00,452,Completed
7015,2026-02-17 23:18:00,237,Completed
7016,2025-09-18 08:40:00,270,Completed
7017,2025-12-24 08:44:00,392,Completed
7018,2025-09-24 15:38:00,292,Completed
7019,2025-12-22 06:57:00,493,Completed
7020,2025-12-09 11:03:00,361,Completed
7021,2025-11-02 10:23:00,415,Pending
7022,2026-05-29 02:06:00,461,Completed
7023,2025-03-23 11:10:00,10,Pending
7024,2026-01-18 02:49:00,460,Cancelled
7025,2026-04-25 21:00:00,482,Completed
7026,2025-11-10 19:16:00,479,Completed
7027,2025-08-14 16:44:00,221,Completed
7028,2026-08-01 19:06:00,463,Cancelled
7029,2026-06-21 18:14:00,269,Completed
7030,2025-07-30 00:50:00,445,Completed
7031,2025-10-09 13:00:00,41,Completed
7032,2025-09-28 19:09:00,174,Completed
7033,2025-09-05 15:23:00,359,Pending
7034,2026-07-03 12:59:00,102,Cancelled
7035,2026-01-30 17:51:00,217,Completed
7036,2025-06-29 23:32:00,268,Pending
7037,2026-03-05 10:14:00,82,Completed
7038,2026-05-06 18:52:00,6,Pending
7039,2025-11-06 11:41:00,118,Completed
7040,2025-01-03 01:17:00,174,Completed
7041,2025-12-22 13:28:00,88,Completed
7042,2025-11-15 17:29:00,306,Completed
7043,2026-03-07 03:31:00,485,Pending
7044,2026-06-21 16:40:00,93,Completed
7045,2025-04-26 11:28:00,250,Completed
7046,2026-08-22 19:24:00,166,Completed
7047,2026-01-23 06:58:00,436,Completed
7048,2025-09-08 21:30:00,4,Completed
7049,2026-03-05 16:40:00,205,Completed
7050,2026-07-17 14:58:00,152,Pending
7051,2025-10-19 11:30:00,48,Pending
7052,2026-08-24 06:11:00,445,Pending
7053,2025-07-12 11:41:00,362,Completed
7054,2026-08-09 19:47:00,207,Completed
7055,2025-07-14 01:03:00,54,Pending
7056,2025-05-04 21:59:00,338,Completed
7057,2025-04-20 07:49:00,86,Cancelled
7058,2025-04-06 14:49:00,459,Completed
7059,2025-11-18 18:48:00,177,Pending
7060,2026-02-05 15:45:00,469,Pending
7061,2026-03-19 20:50:00,324,Completed
7062,2025-04-26 06:03:00,404,Pending
7063,2025-03-11 12:58:00,431,Completed
7064,2026-01-20 22:30:00,14,Pending
7065,2025-03-12 07:46:00,76,Completed
7066,2025-07-26 16:41:00,406,Completed
7067,2025-03-18 04:54:00,37,Completed
7068,2025-09-20 08:46:00,80,Cancelled
7069,2026-05-08 00:57:00,84,Completed
7070,2026-04-22 10:20:00,301,Completed
7071,2026-04-07 08:56:00,421,Pending
7072,2026-04-03 12:30:00,5,Pending
7073,2025-08-29 21:06:00,395,Pending
7074,2025-09-16 23:39:00,42,Completed
7075,2025-09-17 20:45:00,429,Pending
7076,2025-09-25 16:10:00,209,Completed
7077,2025-03-21 05:13:00,110,Completed
7078,2025-01-21 12:22:00,498,Completed
7079,2026-04-02 06:51:00,417,Completed
7080,2025-04-01 11:32:00,161,Completed
7081,2026-08-04 02:34:00,285,Completed
7082,2025-02-10 01:43:00,135,Pending
7083,2026-05-04 16:24:00,380,Cancelled
7084,2026-08-15 12:01:00,187,Completed
7085,2025-01-03 09:34:00,288,Completed
7086,2026-05-26 12:18:00,59,Cancelled
7087,2025-06-02 06:25:00,495,Completed
7088,2025-04-13 22:17:00,139,Cancelled
7089,2026-06-08 12:41:00,400,Completed
7090,2025-02-24 08:07:00,23,Completed
7091,2026-01-14 07:34:00,327,Completed
7092,2025-03-01 04:55:00,480,Completed
7093,2025-05-25 05:25:00,4,Pending
7094,2026-06-21 07:13:00,493,Completed
7095,2026-08-01 01:45:00,330,Cancelled
7096,2026-04-22 05:49:00,9,Completed
7097,2025-12-17 03:33:00,229,Completed
7098,2025-04-01 19:48:00,114,Pending
7099,2026-05-13 09:44:00,466,Completed
7100,2025-10-12 14:29:00,444,Completed
7101,2025-01-20 22:32:00,289,Pending
7102,2026-06-03 22:17:00,280,Completed
7103,2025-07-11 07:16:00,411,Cancelled
7104,2025-08-17 20:54:00,20,Completed
7105,2026-07-17 07:19:00,216,Pending
7106,2026-06-11 03:54:00,102,Cancelled
7107,2025-10-11 09:29:00,43,Completed
7108,2026-06-13 22:38:00,211,Completed
7109,2025-03-04 23:40:00,317,Completed
7110,2025-01-08 09:46:00,441,Completed
7111,2025-04-04 23:16:00,305,Pending
7112,2026-04-03 02:08:00,171,Pending
7113,2025-04-14 10:51:00,415,Pending
7114,2025-03-11 03:32:00,18,Pending
7115,2025-01-03 01:50:00,344,Cancelled
7116,2025-10-10 04:51:00,213,Completed
7117,2026-01-09 06:01:00,319,Cancelled
7118,2025-11-18 19:45:00,367,Completed
7119,2025-12-09 05:12:00,317,Pending
7120,2025-09-24 11:28:00,161,Completed
7121,2026-04-15 06:32:00,312,Completed
7122,2026-07-01 13:50:00,340,Completed
7123,2025-06-25 04:05:00,62,Pending
7124,2025-03-21 10:23:00,487,Completed
7125,2026-03-16 11:54:00,353,Completed
7126,2025-08-09 03:31:00,439,Completed
7127,2025-05-05 01:51:00,498,Cancelled
7128,2025-07-10 07:29:00,154,Pending
7129,2025-05-06 04:19:00,13,Completed
7130,2026-07-14 22:09:00,335,Pending
7131,2025-08-15 21:28:00,118,Pending
7132,2025-06-17 14:27:00,62,Completed
7133,2026-07-01 12:19:00,437,Pending
7134,2025-11-09 23:04:00,184,Completed
7135,2026-07-07 03:48:00,328,Completed
7136,2025-03-10 06:10:00,468,Pending
7137,2025-06-26 22:04:00,435,Completed
7138,2026-07-29 16:02:00,3,Cancelled
7139,2026-05-21 15:12:00,232,Pending
7140,2026-01-02 11:08:00,372,Completed
7141,2025-12-25 00:33:00,157,Cancelled
7142,2026-02-27 19:54:00,96,Pending
7143,2026-08-24 02:34:00,46,Cancelled
7144,2025-02-06 01:53:00,448,Completed
7145,2026-04-08 13:46:00,72,Completed
7146,2025-03-06 20:14:00,433,Completed
7147,2025-09-22 04:49:00,480,Pending
7148,2025-12-01 06:45:00,348,Completed
7149,2025-04-26 16:07:00,132,Pending
7150,2026-03-10 15:02:00,437,Completed
7151,2026-05-04 15:47:00,166,Completed
7152,2025-08-05 21:09:00,41,Cancelled
7153,2025-09-05 04:10:00,225,Completed
7154,2025-07-25 14:26:00,388,Cancelled
7155,2025-12-17 03:11:00,151,Pending
7156,2026-08-24 23:18:00,382,Completed
7157,2025-12-30 03:16:00,324,Completed
7158,2026-04-28 17:35:00,170,Pending
7159,2026-05-07 02:00:00,306,Pending
7160,2026-03-06 19:55:00,400,Completed
7161,2026-03-21 04:19:00,89,Pending
7162,2025-10-08 19:53:00,312,Completed
7163,2025-06-07 02:26:00,70,Pending
7164,2025-01-02 22:33:00,137,Pending
7165,2025-03-31 16:07:00,116,Completed
7166,2026-04-30 00:14:00,121,Completed
7167,2026-02-18 06:23:00,57,Pending
7168,2026-01-11 09:15:00,167,Pending
7169,2026-03-22 07:33:00,199,Completed
7170,2025-12-11 12:04:00,51,Cancelled
7171,2025-01-21 13:27:00,300,Cancelled
7172,2025-03-02 00:56:00,102,Pending
7173,2026-06-07 22:16:00,110,Completed
7174,2026-07-04 17:07:00,112,Cancelled
7175,2025-05-04 22:53:00,447,Cancelled
7176,2025-03-05 18:08:00,246,Completed
7177,2025-10-23 10:16:00,250,Pending
7178,2025-08-09 09:47:00,417,Completed
7179,2026-07-27 05:47:00,260,Cancelled
7180,2026-01-12 21:38:00,98,Completed
7181,2025-10-07 23:25:00,139,Completed
7182,2025-02-15 07:49:00,183,Completed
7183,2025-04-15 19:55:00,271,Pending
7184,2025-12-15 09:45:00,55,Completed
7185,2025-08-02 00:15:00,470,Completed
7186,2025-08-09 18:53:00,175,Completed
7187,2026-04-30 09:12:00,489,Pending
7188,2025-04-08 06:12:00,36,Completed
7189,2025-09-11 16:07:00,335,Completed
7190,2025-03-11 02:11:00,322,Completed
7191,2025-12-05 05:32:00,304,Pending
7192,2025-05-16 20:45:00,364,Completed
7193,2026-02-01 09:33:00,209,Completed
7194,2025-06-04 04:18:00,38,Pending
7195,2025-09-12 21:01:00,6,Completed
7196,2025-12-06 15:25:00,271,Completed
7197,2026-04-16 15:43:00,61,Completed
7198,2025-07-22 06:25:00,131,Completed
7199,2025-04-25 21:07:00,346,Pending
7200,2025-10-26 06:16:00,45,Completed
7201,2025-06-03 05:52:00,158,Completed
7202,2026-07-15 07:55:00,81,Completed
7203,2026-03-12 03:46:00,423,Completed
7204,2026-07-23 06:44:00,176,Completed
7205,2026-04-06 00:21:00,416,Completed
7206,2025-02-13 22:24:00,126,Pending
7207,2026-04-17 12:35:00,158,Completed
7208,2026-08-18 22:33:00,157,Completed
7209,2025-04-17 20:41:00,99,Completed
7210,2025-03-30 02:15:00,168,Cancelled
7211,2025-01-18 14:07:00,442,Completed
7212,2025-01-04 05:14:00,357,Pending
7213,2025-02-21 02:08:00,295,Completed
7214,2025-06-18 05:05:00,156,Completed
7215,2025-08-11 21:03:00,324,Pending
7216,2025-10-25 17:00:00,369,Completed
7217,2025-09-20 09:33:00,373,Completed
7218,2026-06-17 05:11:00,264,Cancelled
7219,2025-05-01 21:55:00,101,Completed
7220,2026-06-23 05:46:00,57,Completed
7221,2026-02-01 00:47:00,303,Completed
7222,2025-03-15 19:31:00,331,Pending
7223,2025-04-16 03:52:00,150,Cancelled
7224,2026-03-10 17:04:00,187,Pending
7225,2025-03-07 17:55:00,190,Completed
7226,2025-01-08 14:35:00,53,Pending
7227,2025-09-14 15:13:00,92,Cancelled
7228,2026-01-18 11:52:00,437,Cancelled
7229,2025-08-20 13:50:00,388,Pending
7230,2025-10-13 12:37:00,49,Pending
7231,2025-05-19 07:24:00,456,Pending
7232,2026-02-19 21:33:00,489,Completed
7233,2026-06-13 03:39:00,347,Pending
7234,2025-02-05 06:52:00,343,Pending
7235,2026-03-09 11:35:00,145,Pending
7236,2025-01-14 08:30:00,104,Pending
7237,2025-08-24 15:11:00,328,Completed
7238,2026-05-22 15:11:00,160,Cancelled
7239,2025-10-13 19:07:00,22,Pending
7240,2025-10-10 22:42:00,240,Completed
7241,2025-11-09 20:42:00,132,Completed
7242,2026-05-30 06:57:00,309,Completed
7243,2026-07-19 13:37:00,485,Completed
7244,2025-11-11 01:00:00,128,Completed
7245,2025-12-02 07:06:00,273,Pending
7246,2026-01-10 08:25:00,337,Cancelled
7247,2025-01-20 21:23:00,36,Pending
7248,2026-01-07 21:48:00,104,Pending
7249,2026-02-06 07:58:00,362,Pending
7250,2025-04-18 22:35:00,224,Pending
7251,2026-05-05 03:19:00,227,Pending
7252,2026-03-12 12:23:00,305,Cancelled
7253,2025-03-19 21:25:00,236,Completed
7254,2026-02-07 06:01:00,148,Completed
7255,2025-11-26 05:25:00,363,Pending
7256,2025-07-25 02:48:00,390,Completed
7257,2026-07-21 12:16:00,431,Pending
7258,2025-09-22 16:44:00,88,Completed
7259,2025-07-23 05:10:00,192,Pending
7260,2025-02-22 23:23:00,337,Cancelled
7261,2025-10-09 09:20:00,443,Completed
7262,2025-10-31 12:18:00,156,Completed
7263,2026-03-03 12:45:00,197,Pending
7264,2025-02-17 06:22:00,482,Cancelled
7265,2025-08-30 08:11:00,345,Completed
7266,2025-06-19 08:15:00,48,Completed
7267,2025-11-24 12:51:00,86,Completed
7268,2026-03-18 07:06:00,464,Completed
7269,2025-07-05 21:45:00,205,Completed
7270,2025-07-18 23:55:00,168,Completed
7271,2025-10-30 11:14:00,382,Completed
7272,2025-03-19 18:39:00,330,Cancelled
7273,2025-09-23 19:33:00,114,Completed
7274,2025-10-16 12:41:00,82,Completed
7275,2025-01-22 17:43:00,110,Cancelled
7276,2025-09-15 23:12:00,251,Completed
7277,2025-09-27 02:40:00,261,Pending
7278,2025-03-07 16:59:00,353,Completed
7279,2025-04-25 14:00:00,140,Cancelled
7280,2025-01-27 09:47:00,98,Completed
7281,2026-03-18 04:33:00,480,Completed
7282,2025-03-03 07:28:00,338,Pending
7283,2025-12-19 18:18:00,174,Pending
7284,2025-04-24 23:25:00,332,Pending
7285,2025-10-11 02:08:00,44,Pending
7286,2025-01-02 02:14:00,488,Completed
7287,2026-04-03 05:16:00,454,Pending
7288,2025-09-22 22:56:00,416,Completed
7289,2026-04-18 04:05:00,466,Completed
7290,2025-09-02 02:40:00,131,Completed
7291,2025-06-09 23:14:00,375,Completed
7292,2025-05-02 22:08:00,9,Completed
7293,2026-02-23 13:14:00,225,Completed
7294,2025-01-10 20:26:00,398,Completed
7295,2026-01-27 07:21:00,72,Cancelled
7296,2025-03-09 03:45:00,285,Completed
7297,2025-06-16 19:27:00,108,Pending
7298,2025-03-28 06:53:00,221,Pending
7299,2026-05-17 09:24:00,25,Completed
7300,2025-08-08 16:29:00,8,Completed
7301,2025-05-06 01:42:00,433,Pending
7302,2025-01-21 09:28:00,24,Completed
7303,2026-04-13 20:19:00,427,Completed
7304,2026-03-13 23:44:00,85,Pending
7305,2026-07-12 07:05:00,324,Completed
7306,2026-05-18 16:45:00,251,Pending
7307,2026-02-02 20:31:00,190,Pending
7308,2025-01-20 04:47:00,229,Completed
7309,2026-08-11 00:02:00,12,Completed
7310,2025-01-11 08:16:00,218,Completed
7311,2025-08-13 15:21:00,144,Pending
7312,2026-08-17 22:48:00,19,Completed
7313,2026-08-20 00:47:00,461,Completed
7314,2025-08-21 23:33:00,405,Completed
7315,2025-03-23 11:08:00,31,Cancelled
7316,2025-11-07 21:18:00,75,Completed
7317,2025-02-06 18:54:00,462,Completed
7318,2025-06-12 18:59:00,353,Completed
7319,2025-12-08 03:57:00,490,Completed
7320,2026-01-12 12:27:00,67,Completed
7321,2025-02-15 01:10:00,196,Pending
7322,2025-05-31 07:38:00,13,Pending
7323,2025-04-24 13:34:00,334,Cancelled
7324,2025-03-30 18:58:00,347,Completed
7325,2025-10-25 03:35:00,441,Pending
7326,2025-11-06 18:32:00,258,Completed
7327,2026-02-03 19:48:00,356,Completed
7328,2026-04-23 18:06:00,63,Cancelled
7329,2026-01-26 06:21:00,224,Pending
7330,2025-05-30 12:23:00,280,Pending
7331,2025-03-13 18:21:00,17,Cancelled
7332,2026-01-20 10:46:00,91,Completed
7333,2026-05-27 18:01:00,498,Pending
7334,2025-10-30 00:48:00,305,Completed
7335,2025-08-14 18:59:00,347,Pending
7336,2025-10-13 14:34:00,409,Completed
7337,2025-06-18 02:25:00,1,Cancelled
7338,2026-02-22 15:09:00,201,Completed
7339,2026-06-14 20:12:00,360,Pending
7340,2025-12-31 15:01:00,287,Cancelled
7341,2025-05-13 12:25:00,463,Completed
7342,2025-07-20 14:18:00,188,Completed
7343,2025-01-29 21:13:00,475,Pending
7344,2026-01-23 01:55:00,295,Completed
7345,2025-12-21 17:30:00,464,Cancelled
7346,2025-03-05 11:10:00,267,Completed
7347,2026-04-01 05:03:00,236,Completed
7348,2025-09-09 09:05:00,399,Pending
7349,2025-06-05 16:39:00,222,Cancelled
7350,2025-04-29 17:49:00,412,Completed
7351,2025-04-16 02:06:00,251,Pending
7352,2026-02-20 23:42:00,32,Completed
7353,2026-04-11 06:47:00,112,Completed
7354,2025-11-19 23:24:00,351,Completed
7355,2026-07-07 13:52:00,169,Pending
7356,2025-08-17 08:11:00,193,Completed
7357,2026-08-10 14:13:00,416,Pending
7358,2025-05-22 19:55:00,65,Completed
7359,2025-08-18 07:36:00,1,Completed
7360,2025-03-29 02:07:00,89,Completed
7361,2026-03-31 03:58:00,259,Pending
7362,2026-02-22 08:32:00,178,Completed
7363,2026-07-23 10:50:00,285,Pending
7364,2025-11-11 13:31:00,20,Completed
7365,2025-10-30 04:19:00,378,Pending
7366,2025-09-21 15:56:00,313,Completed
7367,2026-08-20 09:47:00,124,Completed
7368,2026-07-10 10:04:00,339,Pending
7369,2025-12-27 22:35:00,135,Cancelled
7370,2026-06-25 10:58:00,271,Pending
7371,2026-05-19 13:47:00,161,Completed
7372,2026-04-04 04:40:00,142,Pending
7373,2025-11-27 16:08:00,282,Completed
7374,2025-03-16 01:15:00,218,Completed
7375,2026-05-16 17:09:00,4,Completed
7376,2025-04-14 04:42:00,463,Completed
7377,2026-08-18 00:37:00,36,Cancelled
7378,2025-05-12 04:25:00,90,Completed
7379,2026-08-14 21:42:00,345,Completed
7380,2026-07-31 09:52:00,242,Pending
7381,2026-03-28 06:27:00,223,Pending
7382,2025-12-14 15:42:00,426,Pending
7383,2025-08-11 14:03:00,63,Pending
7384,2025-02-13 02:23:00,275,Completed
7385,2026-05-20 19:51:00,379,Pending
7386,2026-05-11 17:31:00,100,Pending
7387,2025-12-24 17:29:00,112,Pending
7388,2025-09-06 08:49:00,87,Pending
7389,2025-08-11 17:30:00,100,Completed
7390,2026-06-01 19:23:00,275,Cancelled
7391,2025-02-15 20:25:00,322,Completed
7392,2025-09-24 09:31:00,342,Completed
7393,2026-07-22 15:17:00,2,Completed
7394,2026-08-18 17:45:00,206,Pending
7395,2025-02-16 13:36:00,428,Completed
7396,2026-01-18 08:06:00,306,Pending
7397,2025-08-12 05:33:00,50,Cancelled
7398,2025-07-30 02:41:00,224,Completed
7399,2025-03-29 15:12:00,71,Completed
7400,2026-03-10 07:13:00,260,Pending
7401,2025-12-20 03:21:00,418,Pending
7402,2026-05-03 20:11:00,157,Completed
7403,2026-08-18 16:10:00,180,Completed
7404,2026-02-01 05:49:00,335,Completed
7405,2025-10-01 21:39:00,43,Completed
7406,2026-03-31 15:32:00,86,Completed
7407,2025-11-12 14:28:00,404,Completed
7408,2025-05-06 11:07:00,275,Pending
7409,2025-08-15 23:41:00,147,Cancelled
7410,2026-02-11 00:34:00,371,Completed
7411,2025-05-02 00:00:00,198,Completed
7412,2026-04-01 22:47:00,201,Cancelled
7413,2025-08-06 06:23:00,115,Completed
7414,2026-01-12 17:01:00,371,Completed
7415,2025-10-21 00:35:00,359,Completed
7416,2025-07-20 12:10:00,120,Cancelled
7417,2025-07-30 09:53:00,407,Pending
7418,2025-10-10 17:16:00,373,Pending
7419,2026-02-03 04:33:00,207,Pending
7420,2025-12-22 15:48:00,383,Completed
7421,2025-06-13 08:13:00,58,Completed
7422,2026-03-22 15:01:00,404,Completed
7423,2025-08-30 11:12:00,157,Pending
7424,2025-04-01 09:33:00,280,Completed
7425,2025-12-17 09:17:00,359,Completed
7426,2026-03-29 14:46:00,124,Pending
7427,2025-04-28 15:12:00,174,Completed
7428,2025-07-20 21:09:00,436,Completed
7429,2025-10-28 21:11:00,294,Completed
7430,2025-10-08 19:24:00,27,Cancelled
7431,2026-03-04 11:17:00,114,Pending
7432,2025-10-02 13:42:00,383,Pending
7433,2026-02-28 00:35:00,392,Completed
7434,2025-05-31 11:39:00,119,Pending
7435,2026-01-28 12:18:00,26,Completed
7436,2025-10-11 23:32:00,82,Completed
7437,2026-06-23 07:32:00,359,Completed
7438,2026-03-25 16:55:00,50,Completed
7439,2025-06-17 21:43:00,283,Pending
7440,2025-10-09 23:18:00,127,Completed
7441,2025-01-02 05:57:00,24,Pending
7442,2026-03-21 05:54:00,198,Completed
7443,2025-11-15 08:17:00,441,Completed
7444,2025-07-05 09:24:00,264,Completed
7445,2025-09-16 09:11:00,335,Cancelled
7446,2026-07-08 03:23:00,18,Pending
7447,2026-07-17 23:15:00,321,Cancelled
7448,2025-04-05 14:46:00,13,Cancelled
7449,2025-01-29 03:46:00,148,Completed
7450,2025-02-20 14:13:00,342,Pending
7451,2025-05-27 22:13:00,456,Cancelled
7452,2025-10-19 21:37:00,164,Completed
7453,2026-07-05 18:07:00,431,Completed
7454,2025-06-05 23:32:00,46,Completed
7455,2025-08-08 14:01:00,28,Completed
7456,2025-02-04 05:55:00,342,Completed
7457,2025-02-06 11:41:00,297,Completed
7458,2026-03-08 18:11:00,452,Pending
7459,2025-10-13 10:05:00,302,Pending
7460,2025-08-11 21:38:00,325,Completed
7461,2026-01-10 07:07:00,465,Completed
7462,2025-10-15 23:34:00,456,Completed
7463,2025-12-30 16:08:00,38,Completed
7464,2025-10-08 01:59:00,144,Pending
7465,2025-11-22 00:44:00,475,Completed
7466,2025-12-18 00:49:00,97,Pending
7467,2025-07-08 21:11:00,243,Cancelled
7468,2026-05-12 14:34:00,203,Cancelled
7469,2025-08-16 08:59:00,309,Pending
7470,2025-01-24 10:24:00,81,Pending
7471,2025-12-13 17:49:00,466,Cancelled
7472,2025-09-18 22:41:00,397,Completed
7473,2026-06-16 12:20:00,220,Completed
7474,2025-09-16 07:32:00,102,Completed
7475,2026-04-22 18:03:00,225,Completed
7476,2025-04-20 19:50:00,424,Completed
7477,2025-08-02 07:29:00,29,Completed
7478,2026-07-22 08:42:00,456,Completed
7479,2025-09-13 23:30:00,379,Completed
7480,2026-03-04 02:18:00,55,Pending
7481,2026-01-15 21:08:00,338,Completed
7482,2026-01-02 07:22:00,233,Completed
7483,2025-06-12 02:00:00,159,Completed
7484,2026-01-22 17:29:00,111,Pending
7485,2025-02-18 16:33:00,70,Completed
7486,2025-09-29 07:22:00,174,Completed
7487,2025-10-02 23:55:00,143,Pending
7488,2026-03-31 22:08:00,207,Pending
7489,2025-09-18 19:13:00,344,Completed
7490,2025-12-03 16:39:00,322,Completed
7491,2026-07-20 23:18:00,97,Completed
7492,2026-01-21 06:42:00,128,Pending
7493,2026-02-07 09:17:00,25,Pending
7494,2026-03-19 00:42:00,111,Pending
7495,2025-06-08 19:09:00,141,Pending
7496,2025-01-02 20:05:00,219,Completed
7497,2026-01-04 19:39:00,127,Pending
7498,2026-08-12 23:03:00,412,Pending
7499,2026-04-02 04:36:00,365,Completed
7500,2026-06-29 20:18:00,62,Completed
7501,2025-10-06 09:29:00,96,Completed
7502,2025-05-11 00:33:00,280,Completed
7503,2025-11-14 21:38:00,132,Completed
7504,2026-01-07 09:45:00,479,Pending
7505,2026-06-11 21:34:00,273,Completed
7506,2025-12-06 23:49:00,389,Completed
7507,2025-08-18 04:54:00,52,Pending
7508,2025-01-14 04:23:00,95,Completed
7509,2025-12-17 19:00:00,422,Pending
7510,2025-04-30 19:29:00,157,Cancelled
7511,2025-04-12 15:37:00,76,Completed
7512,2026-04-29 10:23:00,288,Cancelled
7513,2025-08-17 23:49:00,348,Cancelled
7514,2026-05-31 06:07:00,127,Completed
7515,2025-12-12 10:45:00,296,Cancelled
7516,2025-05-29 09:05:00,27,Pending
7517,2025-05-24 14:40:00,392,Completed
7518,2026-08-07 06:52:00,39,Pending
7519,2025-08-01 22:12:00,233,Completed
7520,2026-07-31 08:21:00,345,Completed
7521,2026-03-10 21:12:00,493,Pending
7522,2025-01-03 15:41:00,340,Pending
7523,2025-07-08 21:18:00,82,Completed
7524,2026-08-06 13:37:00,288,Completed
7525,2026-01-10 07:44:00,284,Cancelled
7526,2025-02-18 10:00:00,302,Completed
7527,2025-12-08 07:57:00,91,Pending
7528,2025-07-16 04:15:00,402,Completed
7529,2025-11-08 20:24:00,146,Completed
7530,2025-08-15 07:58:00,267,Completed
7531,2026-06-17 17:32:00,11,Pending
7532,2025-08-09 23:38:00,172,Completed
7533,2025-07-16 08:18:00,228,Completed
7534,2025-08-03 10:17:00,354,Completed
7535,2025-08-30 15:41:00,310,Completed
7536,2026-06-14 08:23:00,212,Pending
7537,2026-07-13 01:08:00,5,Cancelled
7538,2025-02-17 13:44:00,229,Completed
7539,2026-05-26 02:33:00,292,Pending
7540,2025-07-30 09:20:00,149,Cancelled
7541,2025-12-09 02:56:00,459,Completed
7542,2026-07-12 14:56:00,10,Pending
7543,2025-09-14 04:41:00,82,Completed
7544,2025-11-18 17:33:00,180,Pending
7545,2025-05-20 19:33:00,125,Completed
7546,2026-06-26 18:18:00,289,Completed
7547,2026-04-01 23:14:00,65,Pending
7548,2025-05-12 16:43:00,293,Cancelled
7549,2026-08-20 09:14:00,165,Pending
7550,2026-08-20 22:53:00,306,Cancelled
7551,2026-01-24 00:50:00,471,Completed
7552,2026-01-03 07:21:00,389,Cancelled
7553,2025-02-23 14:33:00,211,Completed
7554,2026-04-12 13:55:00,446,Completed
7555,2025-11-04 00:47:00,325,Completed
7556,2025-04-12 05:36:00,94,Completed
7557,2025-03-11 04:47:00,163,Pending
7558,2026-02-09 02:20:00,63,Cancelled
7559,2026-04-07 06:17:00,203,Pending
7560,2026-01-24 18:28:00,457,Completed
7561,2025-01-29 05:11:00,27,Completed
7562,2026-08-23 02:44:00,99,Completed
7563,2025-01-20 01:13:00,301,Completed
7564,2026-06-27 04:29:00,86,Completed
7565,2026-03-02 14:44:00,30,Pending
7566,2026-05-18 02:14:00,56,Pending
7567,2025-02-04 02:14:00,497,Completed
7568,2025-08-01 00:53:00,216,Pending
7569,2025-03-22 19:08:00,290,Completed
7570,2025-09-17 14:24:00,110,Pending
7571,2026-08-17 20:44:00,374,Completed
7572,2025-07-01 22:17:00,275,Pending
7573,2025-10-11 09:50:00,306,Completed
7574,2025-07-16 17:35:00,247,Completed
7575,2026-03-22 18:54:00,201,Completed
7576,2025-09-11 11:07:00,271,Completed
7577,2025-10-08 11:31:00,342,Completed
7578,2025-02-15 08:12:00,264,Pending
7579,2026-05-05 21:25:00,91,Pending
7580,2025-03-25 12:27:00,158,Completed
7581,2025-07-14 21:14:00,442,Pending
7582,2026-02-23 00:19:00,303,Completed
7583,2026-03-23 05:33:00,314,Cancelled
7584,2025-06-24 05:21:00,207,Pending
7585,2025-04-04 22:22:00,412,Completed
7586,2025-05-02 06:08:00,154,Completed
7587,2025-07-16 18:27:00,236,Pending
7588,2026-01-17 00:58:00,460,Pending
7589,2026-04-16 04:25:00,466,Pending
7590,2025-12-06 21:50:00,8,Completed
7591,2025-01-27 16:30:00,90,Cancelled
7592,2025-03-28 11:29:00,479,Completed
7593,2026-03-04 00:36:00,330,Cancelled
7594,2025-07-22 06:36:00,441,Pending
7595,2026-05-28 06:34:00,12,Pending
7596,2025-07-28 15:39:00,414,Completed
7597,2025-01-04 18:40:00,495,Cancelled
7598,2026-02-22 22:04:00,270,Pending
7599,2026-04-04 19:28:00,318,Completed
7600,2025-03-14 00:04:00,226,Completed
7601,2025-07-14 15:38:00,333,Cancelled
7602,2025-05-11 22:19:00,18,Completed
7603,2025-11-16 00:58:00,363,Completed
7604,2026-08-17 22:47:00,429,Pending
7605,2026-08-09 14:55:00,496,Completed
7606,2025-07-07 20:13:00,39,Completed
7607,2025-06-10 00:39:00,322,Completed
7608,2025-12-01 03:35:00,234,Completed
7609,2025-06-26 10:13:00,443,Completed
7610,2025-08-07 16:01:00,324,Completed
7611,2026-07-13 13:57:00,431,Pending
7612,2025-03-02 03:46:00,265,Pending
7613,2025-05-10 19:04:00,77,Completed
7614,2026-07-01 14:07:00,285,Completed
7615,2026-03-28 02:11:00,15,Completed
7616,2025-10-29 02:51:00,240,Completed
7617,2025-05-29 06:27:00,24,Cancelled
7618,2025-04-23 06:37:00,363,Completed
7619,2025-02-11 09:20:00,119,Completed
7620,2025-06-09 11:36:00,166,Completed
7621,2025-03-02 23:28:00,185,Completed
7622,2025-11-21 15:56:00,365,Completed
7623,2025-10-20 18:27:00,199,Completed
7624,2026-01-03 09:50:00,99,Completed
7625,2025-02-18 19:02:00,381,Completed
7626,2025-02-08 10:04:00,360,Completed
7627,2025-09-11 06:23:00,253,Completed
7628,2025-05-12 04:11:00,418,Cancelled
7629,2026-02-19 14:03:00,298,Completed
7630,2026-04-14 20:43:00,434,Pending
7631,2026-02-05 23:27:00,460,Pending
7632,2026-02-07 20:11:00,42,Pending
7633,2025-11-22 18:30:00,374,Completed
7634,2026-06-30 05:26:00,81,Completed
7635,2025-02-05 13:47:00,500,Pending
7636,2026-06-22 07:20:00,486,Completed
7637,2026-04-22 00:04:00,195,Completed
7638,2026-07-22 20:02:00,240,Cancelled
7639,2026-01-11 00:08:00,20,Completed
7640,2025-07-21 15:39:00,101,Pending
7641,2026-01-05 08:33:00,154,Completed
7642,2025-07-14 13:02:00,123,Completed
7643,2025-07-02 20:19:00,338,Completed
7644,2025-11-30 05:03:00,309,Completed
7645,2025-07-18 02:20:00,436,Cancelled
7646,2026-02-14 20:24:00,307,Completed
7647,2026-03-27 03:11:00,165,Completed
7648,2026-01-24 00:31:00,52,Completed
7649,2026-06-24 14:41:00,127,Pending
7650,2025-12-29 07:51:00,410,Completed
7651,2025-04-13 22:41:00,68,Completed
7652,2025-04-24 09:41:00,240,Completed
7653,2026-01-04 07:40:00,487,Completed
7654,2026-07-08 11:16:00,294,Pending
7655,2025-06-12 15:39:00,275,Completed
7656,2025-07-06 00:01:00,272,Completed
7657,2025-09-22 19:19:00,229,Cancelled
7658,2026-07-29 14:28:00,338,Pending
7659,2025-03-21 04:44:00,424,Completed
7660,2026-08-02 11:38:00,426,Cancelled
7661,2026-06-29 07:21:00,433,Completed
7662,2025-03-27 19:55:00,343,Completed
7663,2026-07-23 18:01:00,138,Cancelled
7664,2025-12-28 02:49:00,278,Completed
7665,2025-08-22 04:11:00,266,Cancelled
7666,2026-04-26 08:19:00,127,Completed
7667,2025-06-25 15:56:00,329,Completed
7668,2025-07-11 08:28:00,307,Completed
7669,2026-07-10 12:04:00,466,Pending
7670,2025-12-07 02:41:00,306,Completed
7671,2025-07-08 20:43:00,385,Completed
7672,2025-01-06 02:33:00,394,Completed
7673,2026-08-10 17:13:00,193,Completed
7674,2026-03-12 07:22:00,160,Pending
7675,2025-03-23 01:11:00,194,Completed
7676,2026-04-24 01:29:00,180,Pending
7677,2026-04-09 01:25:00,157,Cancelled
7678,2026-06-18 19:59:00,7,Pending
7679,2026-06-06 15:06:00,213,Completed
7680,2025-10-20 08:42:00,36,Completed
7681,2026-06-04 02:12:00,342,Pending
7682,2025-03-31 16:37:00,307,Pending
7683,2025-11-21 12:51:00,52,Completed
7684,2025-03-24 23:08:00,399,Completed
7685,2026-02-19 21:11:00,284,Pending
7686,2025-07-26 21:22:00,462,Completed
7687,2025-12-30 10:52:00,351,Completed
7688,2026-06-17 14:10:00,481,Pending
7689,2026-03-01 02:26:00,180,Completed
7690,2026-07-15 05:10:00,86,Cancelled
7691,2025-09-22 23:41:00,386,Completed
7692,2025-06-18 15:56:00,423,Completed
7693,2026-08-14 23:35:00,70,Completed
7694,2026-06-03 15:50:00,246,Pending
7695,2026-02-22 05:36:00,400,Pending
7696,2026-02-23 01:04:00,424,Completed
7697,2026-06-11 06:01:00,390,Completed
7698,2026-05-08 15:50:00,25,Completed
7699,2026-06-03 15:19:00,376,Completed
7700,2025-04-13 10:19:00,462,Cancelled
7701,2025-06-02 02:43:00,411,Pending
7702,2026-05-03 14:37:00,130,Completed
7703,2026-05-23 13:40:00,198,Completed
7704,2026-03-22 15:58:00,125,Completed
7705,2025-11-30 17:56:00,67,Cancelled
7706,2025-02-16 17:14:00,365,Completed
7707,2025-10-31 21:49:00,463,Cancelled
7708,2026-01-05 07:44:00,6,Completed
7709,2025-04-22 20:13:00,418,Completed
7710,2025-04-30 03:49:00,6,Cancelled
7711,2026-05-30 11:03:00,125,Pending
7712,2025-08-18 15:21:00,303,Cancelled
7713,2025-01-25 16:49:00,459,Pending
7714,2026-05-05 21:36:00,416,Completed
7715,2025-05-21 09:55:00,478,Completed
7716,2026-01-24 13:46:00,315,Pending
7717,2025-11-23 02:19:00,55,Cancelled
7718,2025-09-18 07:06:00,140,Completed
7719,2025-03-30 19:38:00,103,Cancelled
7720,2025-11-27 03:17:00,442,Completed
7721,2025-08-14 07:23:00,195,Completed
7722,2025-05-07 09:26:00,183,Pending
7723,2025-01-18 23:38:00,305,Cancelled
7724,2026-01-01 12:39:00,417,Completed
7725,2025-08-13 04:30:00,354,Pending
7726,2025-04-23 06:23:00,215,Pending
7727,2026-04-25 21:47:00,415,Completed
7728,2025-03-01 10:55:00,292,Pending
7729,2025-10-07 14:48:00,338,Completed
7730,2026-03-13 21:33:00,280,Completed
7731,2025-06-01 08:02:00,22,Completed
7732,2025-08-03 15:32:00,399,Cancelled
7733,2025-12-13 12:07:00,409,Completed
7734,2025-09-15 17:11:00,109,Pending
7735,2026-04-04 05:53:00,129,Pending
7736,2026-02-19 07:35:00,161,Cancelled
7737,2025-11-21 01:54:00,477,Completed
7738,2025-12-17 02:26:00,298,Pending
7739,2025-05-12 11:50:00,200,Pending
7740,2026-03-22 17:03:00,58,Cancelled
7741,2026-08-13 18:10:00,61,Completed
7742,2025-08-16 08:13:00,317,Pending
7743,2025-09-09 05:31:00,463,Cancelled
7744,2026-05-19 01:08:00,394,Completed
7745,2025-12-28 05:41:00,350,Completed
7746,2025-03-29 12:01:00,360,Completed
7747,2025-02-07 00:26:00,295,Completed
7748,2026-04-09 17:04:00,384,Completed
7749,2025-12-08 04:15:00,230,Completed
7750,2026-02-05 15:27:00,449,Completed
7751,2026-05-03 22:59:00,156,Completed
7752,2025-12-02 17:11:00,53,Completed
7753,2026-07-17 14:51:00,470,Completed
7754,2025-03-04 01:20:00,67,Pending
7755,2025-11-21 20:46:00,327,Completed
7756,2026-08-08 14:49:00,61,Completed
7757,2025-03-07 07:44:00,235,Pending
7758,2026-03-05 08:22:00,216,Completed
7759,2025-10-26 20:20:00,236,Pending
7760,2025-10-13 09:34:00,89,Completed
7761,2025-10-31 19:38:00,6,Completed
7762,2026-07-04 22:36:00,230,Completed
7763,2025-05-16 23:11:00,140,Pending
7764,2025-03-10 08:49:00,172,Completed
7765,2025-05-24 17:50:00,162,Completed
7766,2025-01-17 17:54:00,190,Completed
7767,2026-04-03 15:13:00,484,Completed
7768,2026-03-10 05:59:00,97,Pending
7769,2026-01-06 12:16:00,263,Completed
7770,2025-07-17 06:04:00,149,Completed
7771,2025-04-07 18:38:00,42,Pending
7772,2026-08-01 13:18:00,203,Completed
7773,2025-07-31 02:29:00,361,Pending
7774,2025-06-02 19:38:00,286,Pending
7775,2025-08-07 07:57:00,390,Cancelled
7776,2025-08-23 14:02:00,461,Completed
7777,2025-05-18 15:51:00,399,Completed
7778,2025-07-11 08:24:00,6,Pending
7779,2026-03-29 09:15:00,55,Cancelled
7780,2025-10-03 21:53:00,427,Completed
7781,2025-05-10 14:07:00,71,Pending
7782,2026-04-27 19:42:00,311,Pending
7783,2025-05-17 18:01:00,439,Pending
7784,2025-09-05 22:56:00,144,Cancelled
7785,2025-08-20 15:04:00,279,Pending
7786,2025-12-30 15:13:00,157,Pending
7787,2025-06-29 13:48:00,231,Completed
7788,2026-08-22 12:40:00,433,Completed
7789,2026-03-16 01:12:00,7,Pending
7790,2026-06-11 16:38:00,130,Cancelled
7791,2025-08-12 12:49:00,334,Cancelled
7792,2025-04-15 10:32:00,82,Completed
7793,2025-04-23 05:49:00,299,Completed
7794,2025-02-07 17:40:00,432,Completed
7795,2025-12-07 06:48:00,476,Completed
7796,2025-01-19 06:05:00,210,Completed
7797,2025-12-05 07:28:00,167,Cancelled
7798,2026-04-28 09:35:00,263,Completed
7799,2025-01-10 22:30:00,83,Completed
7800,2026-01-10 23:10:00,190,Completed
7801,2025-03-09 17:09:00,121,Completed
7802,2025-03-27 18:40:00,278,Completed
7803,2025-01-20 00:19:00,162,Pending
7804,2025-11-14 05:36:00,471,Completed
7805,2026-01-19 18:41:00,36,Completed
7806,2025-02-28 14:09:00,151,Pending
7807,2026-01-29 11:16:00,77,Completed
7808,2025-08-26 23:05:00,116,Completed
7809,2025-07-06 00:03:00,25,Pending
7810,2025-11-16 09:18:00,380,Cancelled
7811,2025-09-07 02:33:00,222,Cancelled
7812,2026-05-08 19:56:00,11,Pending
7813,2026-01-09 14:42:00,214,Cancelled
7814,2025-08-31 04:35:00,121,Completed
7815,2025-06-27 01:13:00,100,Completed
7816,2025-05-28 20:04:00,340,Completed
7817,2025-03-11 08:00:00,491,Completed
7818,2025-09-09 09:12:00,159,Completed
7819,2025-03-30 05:49:00,164,Completed
7820,2025-12-14 22:08:00,468,Cancelled
7821,2025-05-03 04:08:00,360,Cancelled
7822,2026-05-15 14:16:00,454,Pending
7823,2025-01-17 02:11:00,308,Completed
7824,2025-07-10 02:56:00,432,Cancelled
7825,2026-06-21 17:25:00,498,Completed
7826,2026-04-07 11:30:00,437,Completed
7827,2026-07-18 03:38:00,208,Pending
7828,2026-06-23 10:42:00,406,Cancelled
7829,2025-11-28 09:25:00,103,Completed
7830,2026-07-23 23:11:00,251,Cancelled
7831,2025-10-21 08:21:00,373,Pending
7832,2025-03-19 02:41:00,200,Cancelled
7833,2025-07-30 04:51:00,439,Completed
7834,2026-07-15 19:58:00,353,Completed
7835,2026-03-22 03:41:00,178,Pending
7836,2025-10-13 07:17:00,355,Completed
7837,2025-01-31 09:24:00,88,Completed
7838,2025-05-09 06:47:00,378,Completed
7839,2025-02-15 05:51:00,439,Completed
7840,2025-09-17 05:55:00,93,Cancelled
7841,2025-11-15 15:15:00,493,Cancelled
7842,2025-09-12 15:18:00,135,Completed
7843,2025-11-23 01:50:00,64,Cancelled
7844,2026-02-07 21:47:00,132,Pending
7845,2025-02-21 20:00:00,349,Completed
7846,2026-07-24 06:22:00,489,Completed
7847,2025-03-09 17:22:00,26,Pending
7848,2025-03-16 18:04:00,334,Completed
7849,2025-07-09 22:49:00,270,Completed
7850,2025-04-07 23:00:00,79,Completed
7851,2025-02-28 03:37:00,122,Completed
7852,2026-03-11 21:20:00,123,Completed
7853,2025-07-09 13:37:00,33,Pending
7854,2026-03-28 04:18:00,4,Cancelled
7855,2026-02-04 21:36:00,10,Completed
7856,2026-02-13 16:17:00,140,Completed
7857,2026-06-22 13:11:00,437,Completed
7858,2026-05-17 01:50:00,284,Completed
7859,2026-01-20 00:13:00,404,Completed
7860,2025-07-29 19:13:00,255,Completed
7861,2025-06-01 04:24:00,51,Completed
7862,2026-05-16 06:53:00,336,Pending
7863,2025-01-17 08:32:00,488,Pending
7864,2025-04-23 23:59:00,106,Completed
7865,2025-11-04 14:29:00,97,Cancelled
7866,2025-11-24 08:53:00,27,Completed
7867,2025-05-22 01:54:00,9,Completed
7868,2026-08-11 15:23:00,93,Pending
7869,2025-09-19 22:03:00,90,Completed
7870,2025-10-22 16:15:00,27,Cancelled
7871,2025-02-04 21:08:00,221,Pending
7872,2025-05-26 15:57:00,459,Completed
7873,2026-06-28 16:53:00,70,Pending
7874,2026-04-10 16:03:00,138,Completed
7875,2026-04-12 08:28:00,290,Completed
7876,2025-10-19 16:22:00,477,Completed
7877,2025-05-19 14:30:00,469,Completed
7878,2025-06-22 21:38:00,424,Completed
7879,2025-01-11 20:39:00,300,Completed
7880,2026-04-01 22:52:00,491,Completed
7881,2025-06-16 07:16:00,489,Cancelled
7882,2025-11-08 22:27:00,430,Completed
7883,2026-08-22 07:17:00,260,Pending
7884,2025-06-30 22:57:00,433,Pending
7885,2025-08-15 00:59:00,171,Pending
7886,2026-04-01 01:23:00,132,Completed
7887,2025-09-23 11:03:00,473,Pending
7888,2025-10-20 16:39:00,76,Completed
7889,2025-08-07 08:54:00,280,Completed
7890,2025-04-17 20:51:00,390,Completed
7891,2025-01-18 01:24:00,118,Pending
7892,2025-06-22 23:35:00,323,Completed
7893,2026-03-23 07:02:00,306,Pending
7894,2025-10-09 03:07:00,133,Completed
7895,2025-11-30 23:44:00,252,Completed
7896,2025-10-08 09:46:00,291,Completed
7897,2026-02-07 04:58:00,425,Pending
7898,2026-08-03 01:03:00,357,Cancelled
7899,2026-01-02 07:44:00,28,Completed
7900,2026-01-25 19:09:00,303,Completed
7901,2025-04-04 11:55:00,324,Completed
7902,2025-11-27 03:34:00,432,Completed
7903,2025-05-22 05:10:00,158,Completed
7904,2025-05-18 08:03:00,304,Completed
7905,2025-12-02 00:31:00,91,Pending
7906,2025-07-02 11:01:00,241,Completed
7907,2025-10-24 23:25:00,443,Completed
7908,2025-05-28 12:17:00,334,Pending
7909,2026-08-04 10:35:00,494,Completed
7910,2026-01-04 10:54:00,430,Completed
7911,2025-12-14 06:16:00,203,Completed
7912,2025-04-01 16:11:00,346,Pending
7913,2025-06-06 14:18:00,49,Completed
7914,2026-04-17 04:14:00,113,Completed
7915,2025-05-24 09:08:00,313,Completed
7916,2025-08-03 04:42:00,476,Completed
7917,2025-08-05 15:33:00,177,Cancelled
7918,2025-03-18 11:47:00,112,Completed
7919,2025-08-14 19:50:00,164,Completed
7920,2026-05-20 01:14:00,24,Cancelled
7921,2025-11-09 15:46:00,349,Cancelled
7922,2025-05-27 01:35:00,420,Pending
7923,2025-06-28 02:48:00,427,Cancelled
7924,2025-01-03 04:48:00,22,Pending
7925,2026-05-24 20:10:00,304,Pending
7926,2026-01-23 16:18:00,98,Cancelled
7927,2025-03-10 07:35:00,122,Completed
7928,2025-08-02 21:16:00,321,Completed
7929,2025-04-06 08:13:00,394,Completed
7930,2026-05-25 14:31:00,218,Cancelled
7931,2026-08-18 12:18:00,228,Pending
7932,2025-06-30 16:37:00,197,Pending
7933,2025-09-25 03:19:00,74,Completed
7934,2025-10-24 13:29:00,308,Completed
7935,2025-07-24 16:54:00,2,Completed
7936,2026-05-16 23:17:00,117,Cancelled
7937,2025-03-05 04:48:00,31,Pending
7938,2026-03-24 07:58:00,125,Completed
7939,2025-12-29 21:41:00,102,Completed
7940,2026-05-20 09:15:00,208,Cancelled
7941,2025-02-25 11:43:00,50,Pending
7942,2025-10-20 10:55:00,123,Pending
7943,2026-03-07 04:24:00,352,Pending
7944,2026-04-10 16:08:00,7,Completed
7945,2026-07-15 08:59:00,120,Cancelled
7946,2025-10-22 13:56:00,151,Pending
7947,2025-09-14 21:07:00,445,Completed
7948,2026-07-27 13:17:00,359,Completed
7949,2026-01-31 19:15:00,190,Completed
7950,2025-05-18 18:53:00,370,Pending
7951,2026-05-17 13:55:00,419,Completed
7952,2025-09-15 20:29:00,335,Completed
7953,2026-01-26 04:01:00,332,Pending
7954,2025-07-18 23:45:00,382,Completed
7955,2025-01-02 17:19:00,118,Cancelled
7956,2025-06-10 21:26:00,358,Pending
7957,2025-09-05 10:14:00,255,Completed
7958,2025-05-03 01:36:00,425,Completed
7959,2025-01-10 02:33:00,17,Completed
7960,2026-04-28 11:05:00,483,Pending
7961,2026-04-12 10:30:00,422,Completed
7962,2026-05-03 17:29:00,416,Completed
7963,2025-11-18 09:06:00,224,Pending
7964,2025-08-17 04:21:00,312,Pending
7965,2025-11-19 10:07:00,103,Completed
7966,2025-03-02 14:17:00,289,Completed
7967,2025-09-04 05:53:00,454,Pending
7968,2026-01-03 01:27:00,273,Completed
7969,2025-04-08 05:41:00,170,Pending
7970,2026-05-12 07:36:00,144,Pending
7971,2025-05-22 20:02:00,450,Completed
7972,2025-07-30 08:22:00,279,Pending
7973,2025-11-25 09:23:00,198,Completed
7974,2025-02-03 23:45:00,212,Cancelled
7975,2026-03-06 03:50:00,372,Pending
7976,2025-07-09 11:15:00,145,Pending
7977,2025-06-25 07:25:00,318,Cancelled
7978,2026-07-12 01:48:00,448,Cancelled
7979,2025-06-19 14:25:00,441,Completed
7980,2025-04-11 22:16:00,82,Pending
7981,2025-08-05 03:43:00,269,Completed
7982,2026-01-27 02:45:00,253,Completed
7983,2025-12-25 23:16:00,461,Completed
7984,2025-06-18 01:59:00,246,Pending
7985,2026-06-28 12:44:00,415,Pending
7986,2026-03-04 20:31:00,446,Pending
7987,2025-01-01 21:34:00,339,Pending
7988,2025-02-02 07:30:00,373,Completed
7989,2025-03-07 16:06:00,362,Pending
7990,2025-01-13 14:25:00,61,Completed
7991,2026-01-09 09:20:00,70,Pending
7992,2025-07-08 07:59:00,274,Completed
7993,2026-02-18 09:15:00,97,Cancelled
7994,2025-09-28 06:14:00,411,Completed
7995,2026-07-23 17:51:00,211,Completed
7996,2025-03-13 19:48:00,130,Completed
7997,2025-08-19 09:01:00,394,Pending
7998,2025-09-11 06:15:00,112,Pending
7999,2025-10-30 11:34:00,332,Completed
8000,2025-08-08 20:38:00,210,Completed
8001,2025-04-30 02:20:00,378,Completed
8002,2025-07-06 00:00:00,422,Pending
8003,2026-07-12 21:09:00,276,Completed
8004,2026-07-18 21:20:00,35,Pending
8005,2025-02-19 12:38:00,91,Pending
8006,2025-03-05 22:48:00,446,Completed
8007,2025-08-19 08:49:00,29,Pending
8008,2025-01-02 02:00:00,232,Completed
8009,2026-03-01 00:18:00,354,Pending
8010,2026-03-23 05:30:00,278,Completed
8011,2025-05-28 19:55:00,327,Completed
8012,2025-02-17 18:57:00,317,Cancelled
8013,2026-08-06 19:01:00,490,Completed
8014,2025-04-14 22:57:00,208,Completed
8015,2026-03-16 17:30:00,206,Completed
8016,2025-10-28 03:19:00,4,Completed
8017,2026-01-13 13:48:00,403,Completed
8018,2026-08-13 08:44:00,293,Completed
8019,2026-08-22 07:31:00,164,Pending
8020,2026-04-10 06:23:00,38,Completed
8021,2026-04-27 08:07:00,434,Completed
8022,2025-05-01 02:25:00,163,Completed
8023,2026-06-29 04:25:00,66,Pending
8024,2025-06-21 07:36:00,136,Completed
8025,2025-03-19 00:26:00,183,Pending
8026,2026-01-14 08:08:00,245,Cancelled
8027,2025-09-02 17:57:00,323,Pending
8028,2025-09-06 04:40:00,72,Pending
8029,2026-07-24 17:53:00,367,Pending
8030,2026-01-20 23:33:00,479,Completed
8031,2026-05-06 15:32:00,97,Pending
8032,2026-04-02 20:56:00,366,Completed
8033,2025-01-13 00:41:00,256,Completed
8034,2026-01-07 16:18:00,440,Cancelled
8035,2026-08-21 08:26:00,333,Pending
8036,2025-02-16 22:46:00,194,Completed
8037,2025-09-30 16:08:00,367,Pending
8038,2026-06-29 16:28:00,344,Cancelled
8039,2025-12-27 23:43:00,186,Completed
8040,2025-11-25 03:07:00,475,Completed
8041,2025-01-14 17:32:00,333,Completed
8042,2026-07-29 00:56:00,466,Completed
8043,2025-02-11 09:24:00,178,Pending
8044,2025-01-24 23:55:00,358,Completed
8045,2025-10-09 02:39:00,424,Completed
8046,2026-08-05 18:26:00,380,Cancelled
8047,2026-01-05 19:05:00,55,Cancelled
8048,2025-02-13 06:01:00,500,Pending
8049,2025-09-12 16:21:00,490,Completed
8050,2025-08-24 08:25:00,127,Cancelled
8051,2025-05-14 02:53:00,362,Cancelled
8052,2025-08-24 09:10:00,71,Completed
8053,2026-08-04 23:21:00,188,Cancelled
8054,2026-02-11 20:33:00,293,Completed
8055,2025-04-10 14:14:00,490,Cancelled
8056,2025-03-26 10:24:00,298,Pending
8057,2026-07-29 19:12:00,350,Completed
8058,2025-06-24 10:20:00,55,Cancelled
8059,2026-07-14 07:47:00,358,Completed
8060,2025-08-22 23:20:00,78,Completed
8061,2025-12-20 10:45:00,100,Completed
8062,2025-12-10 13:23:00,175,Completed
8063,2026-03-08 02:12:00,494,Completed
8064,2025-03-12 04:16:00,7,Cancelled
8065,2026-07-02 15:48:00,289,Completed
8066,2026-01-06 16:31:00,162,Completed
8067,2026-05-19 09:18:00,86,Completed
8068,2026-05-05 03:51:00,147,Pending
8069,2025-02-01 08:26:00,424,Pending
8070,2025-08-02 13:51:00,228,Completed
8071,2026-07-06 22:47:00,35,Cancelled
8072,2026-02-19 05:28:00,49,Pending
8073,2026-08-23 03:04:00,334,Completed
8074,2025-02-24 04:48:00,176,Completed
8075,2026-04-27 20:19:00,163,Completed
8076,2025-12-28 07:16:00,64,Pending
8077,2026-04-05 23:07:00,140,Completed
8078,2025-06-21 23:33:00,86,Pending
8079,2026-05-31 07:51:00,156,Completed
8080,2026-03-06 00:43:00,470,Completed
8081,2026-05-14 21:27:00,215,Pending
8082,2025-10-08 02:43:00,307,Pending
8083,2026-02-21 12:31:00,45,Pending
8084,2025-07-11 17:42:00,349,Pending
8085,2025-12-27 22:24:00,377,Cancelled
8086,2025-09-21 02:11:00,485,Cancelled
8087,2025-05-06 17:58:00,62,Completed
8088,2026-05-25 13:53:00,247,Completed
8089,2025-05-17 18:56:00,97,Completed
8090,2025-07-05 19:56:00,448,Completed
8091,2025-11-18 01:47:00,14,Cancelled
8092,2025-02-19 21:45:00,403,Completed
8093,2025-01-16 09:05:00,176,Completed
8094,2025-05-20 01:30:00,415,Completed
8095,2025-09-24 06:18:00,240,Pending
8096,2025-12-09 02:56:00,95,Pending
8097,2025-08-05 05:59:00,363,Pending
8098,2026-01-05 08:49:00,172,Completed
8099,2025-01-12 16:54:00,264,Pending
8100,2025-02-25 04:43:00,8,Completed
8101,2025-10-21 17:22:00,313,Completed
8102,2025-10-04 03:30:00,313,Completed
8103,2025-12-25 16:54:00,468,Pending
8104,2026-03-07 11:23:00,498,Completed
8105,2026-01-22 12:03:00,340,Completed
8106,2026-07-17 12:53:00,212,Completed
8107,2025-11-16 06:42:00,168,Pending
8108,2026-05-11 10:02:00,486,Pending
8109,2026-02-23 23:25:00,62,Completed
8110,2026-06-15 17:00:00,302,Pending
8111,2025-09-30 18:14:00,396,Pending
8112,2025-04-28 13:25:00,412,Pending
8113,2025-10-31 00:40:00,242,Completed
8114,2026-05-26 02:54:00,302,Completed
8115,2026-08-23 11:09:00,476,Completed
8116,2025-10-08 22:20:00,199,Pending
8117,2026-04-01 10:02:00,54,Pending
8118,2025-03-04 18:01:00,166,Completed
8119,2026-04-21 07:17:00,16,Completed
8120,2025-05-16 17:46:00,356,Completed
8121,2026-02-26 16:49:00,208,Cancelled
8122,2025-04-07 05:31:00,262,Cancelled
8123,2025-03-20 18:51:00,36,Completed
8124,2025-06-26 10:11:00,164,Pending
8125,2026-03-19 18:45:00,161,Completed
8126,2025-06-05 05:46:00,435,Completed
8127,2026-01-19 14:24:00,399,Completed
8128,2025-06-13 03:04:00,223,Completed
8129,2025-05-07 07:43:00,208,Cancelled
8130,2025-11-14 05:32:00,472,Completed
8131,2025-08-17 09:18:00,271,Pending
8132,2025-06-27 07:49:00,272,Cancelled
8133,2026-02-21 02:24:00,233,Completed
8134,2026-02-12 10:48:00,457,Completed
8135,2025-09-03 21:35:00,347,Completed
8136,2026-01-23 13:53:00,405,Completed
8137,2026-07-07 01:53:00,37,Completed
8138,2025-06-15 15:00:00,33,Pending
8139,2025-02-18 23:18:00,177,Completed
8140,2025-10-21 14:06:00,175,Completed
8141,2026-03-19 01:54:00,373,Pending
8142,2025-09-13 18:45:00,252,Completed
8143,2026-04-04 17:17:00,139,Completed
8144,2025-11-01 04:12:00,449,Completed
8145,2025-12-26 12:25:00,60,Completed
8146,2026-04-03 06:48:00,308,Pending
8147,2026-07-19 10:40:00,56,Pending
8148,2026-03-20 10:20:00,48,Completed
8149,2026-06-09 15:45:00,327,Completed
8150,2026-07-25 09:20:00,169,Pending
8151,2026-06-19 11:18:00,89,Completed
8152,2025-09-11 22:22:00,161,Pending
8153,2026-05-13 12:54:00,431,Completed
8154,2026-01-31 14:39:00,23,Cancelled
8155,2026-05-15 19:39:00,79,Completed
8156,2025-05-11 09:10:00,313,Pending
8157,2025-07-05 01:48:00,483,Completed
8158,2025-12-12 14:56:00,3,Pending
8159,2025-10-12 05:19:00,300,Completed
8160,2025-03-28 05:19:00,178,Cancelled
8161,2026-08-17 00:37:00,250,Pending
8162,2025-11-03 03:01:00,466,Pending
8163,2026-06-01 14:56:00,453,Pending
8164,2026-07-22 15:22:00,84,Pending
8165,2026-03-14 02:20:00,372,Completed
8166,2025-12-17 00:04:00,160,Completed
8167,2025-02-03 01:53:00,101,Pending
8168,2025-10-30 16:42:00,393,Cancelled
8169,2026-04-25 14:05:00,157,Cancelled
8170,2026-07-23 11:51:00,30,Pending
8171,2025-05-08 13:38:00,217,Pending
8172,2025-09-22 08:26:00,33,Cancelled
8173,2026-05-02 15:29:00,355,Completed
8174,2025-12-08 18:56:00,36,Completed
8175,2026-02-11 07:06:00,301,Completed
8176,2026-01-26 15:39:00,250,Cancelled
8177,2025-05-01 18:09:00,496,Completed
8178,2025-01-11 09:50:00,15,Completed
8179,2025-03-02 11:43:00,213,Completed
8180,2026-01-06 15:54:00,281,Completed
8181,2025-07-21 11:29:00,428,Completed
8182,2026-06-15 12:02:00,328,Completed
8183,2026-02-20 11:21:00,69,Completed
8184,2026-01-30 04:31:00,427,Cancelled
8185,2025-07-20 06:30:00,424,Pending
8186,2025-05-16 02:01:00,365,Cancelled
8187,2025-06-19 05:00:00,73,Completed
8188,2025-04-07 21:58:00,108,Pending
8189,2025-06-19 02:09:00,159,Completed
8190,2026-03-28 13:28:00,52,Completed
8191,2025-08-16 05:19:00,10,Pending
8192,2025-02-08 13:47:00,73,Completed
8193,2025-10-22 22:49:00,97,Completed
8194,2026-01-18 22:33:00,50,Completed
8195,2026-05-09 21:46:00,270,Completed
8196,2026-07-28 06:02:00,258,Pending
8197,2026-01-16 20:08:00,500,Completed
8198,2025-03-02 11:57:00,200,Completed
8199,2025-04-04 10:17:00,160,Completed
8200,2026-05-11 02:47:00,241,Completed
8201,2025-11-28 19:11:00,207,Completed
8202,2026-03-27 14:08:00,362,Completed
8203,2026-07-01 09:51:00,143,Pending
8204,2025-01-21 01:29:00,109,Pending
8205,2025-01-27 04:40:00,350,Completed
8206,2026-01-08 00:51:00,451,Pending
8207,2025-08-16 09:59:00,490,Cancelled
8208,2025-07-31 05:41:00,383,Pending
8209,2025-09-14 16:45:00,301,Completed
8210,2026-03-30 11:52:00,4,Completed
8211,2026-07-15 19:32:00,364,Completed
8212,2025-08-04 00:42:00,44,Completed
8213,2025-01-14 03:28:00,490,Completed
8214,2025-02-27 19:12:00,277,Pending
8215,2025-08-24 09:31:00,265,Completed
8216,2025-01-11 20:36:00,115,Completed
8217,2025-10-30 15:01:00,29,Pending
8218,2026-01-05 08:25:00,149,Completed
8219,2025-02-26 15:03:00,375,Completed
8220,2026-02-23 18:58:00,291,Pending
8221,2026-08-22 02:03:00,223,Completed
8222,2026-02-14 00:28:00,312,Completed
8223,2025-04-08 03:18:00,93,Cancelled
8224,2026-08-07 20:29:00,63,Pending
8225,2026-07-16 23:59:00,407,Completed
8226,2026-07-13 14:05:00,94,Pending
8227,2025-05-10 19:44:00,322,Completed
8228,2025-04-05 22:50:00,96,Completed
8229,2025-03-10 06:07:00,259,Pending
8230,2025-03-05 01:48:00,444,Pending
8231,2026-05-31 06:28:00,222,Pending
8232,2025-01-07 20:36:00,202,Pending
8233,2026-08-20 08:48:00,380,Completed
8234,2025-04-11 10:09:00,196,Cancelled
8235,2026-03-25 11:21:00,50,Cancelled
8236,2026-07-26 04:22:00,166,Cancelled
8237,2025-03-02 22:21:00,219,Completed
8238,2025-04-13 22:06:00,353,Completed
8239,2026-04-24 00:55:00,253,Completed
8240,2026-07-06 22:01:00,357,Cancelled
8241,2025-06-28 08:30:00,183,Pending
8242,2025-01-22 14:08:00,438,Pending
8243,2025-05-25 18:17:00,38,Pending
8244,2026-07-21 15:29:00,342,Completed
8245,2025-01-31 13:29:00,159,Cancelled
8246,2026-06-12 17:36:00,403,Completed
8247,2026-02-27 22:11:00,414,Completed
8248,2026-07-15 13:25:00,132,Completed
8249,2026-07-14 17:59:00,374,Cancelled
8250,2026-04-23 23:08:00,311,Cancelled
8251,2025-05-22 09:59:00,354,Pending
8252,2026-07-11 15:20:00,15,Completed
8253,2026-04-25 00:51:00,203,Cancelled
8254,2025-09-07 23:47:00,73,Pending
8255,2025-12-07 15:44:00,174,Completed
8256,2026-08-18 23:06:00,143,Pending
8257,2025-10-06 19:11:00,329,Completed
8258,2025-02-27 02:31:00,43,Completed
8259,2025-05-02 07:48:00,463,Completed
8260,2025-09-21 12:18:00,488,Completed
8261,2025-02-26 05:25:00,341,Completed
8262,2025-12-01 11:14:00,271,Completed
8263,2025-09-08 13:30:00,299,Completed
8264,2025-08-31 11:36:00,12,Cancelled
8265,2025-06-26 09:43:00,66,Completed
8266,2026-01-21 01:57:00,192,Completed
8267,2026-08-17 04:25:00,75,Completed
8268,2026-06-30 23:01:00,74,Pending
8269,2025-07-08 08:18:00,154,Pending
8270,2026-06-01 18:54:00,214,Completed
8271,2025-03-14 21:21:00,244,Completed
8272,2025-07-14 11:53:00,97,Completed
8273,2026-01-31 07:19:00,248,Cancelled
8274,2025-04-03 02:45:00,401,Cancelled
8275,2025-04-07 15:57:00,338,Completed
8276,2026-02-24 17:00:00,400,Completed
8277,2026-06-10 02:44:00,468,Pending
8278,2026-03-27 17:57:00,74,Completed
8279,2026-08-20 21:57:00,288,Completed
8280,2026-03-02 16:25:00,165,Completed
8281,2025-03-09 18:17:00,144,Completed
8282,2025-04-10 09:25:00,171,Pending
8283,2025-03-03 08:33:00,208,Completed
8284,2026-08-24 12:10:00,64,Completed
8285,2026-05-02 23:27:00,362,Completed
8286,2025-03-15 05:01:00,118,Pending
8287,2025-08-06 23:53:00,137,Completed
8288,2025-01-26 02:11:00,443,Completed
8289,2025-11-21 05:06:00,189,Completed
8290,2025-03-12 03:26:00,316,Completed
8291,2025-01-27 01:48:00,190,Completed
8292,2025-08-04 19:41:00,434,Pending
8293,2025-01-15 20:52:00,236,Completed
8294,2025-06-26 20:53:00,420,Completed
8295,2026-05-07 21:58:00,69,Completed
8296,2026-03-31 15:29:00,270,Pending
8297,2026-01-12 18:23:00,4,Completed
8298,2025-11-13 15:57:00,101,Completed
8299,2025-04-05 02:10:00,428,Completed
8300,2025-07-28 03:30:00,53,Completed
8301,2025-06-03 10:53:00,320,Cancelled
8302,2025-08-15 10:59:00,467,Completed
8303,2025-04-30 10:39:00,377,Completed
8304,2025-09-04 20:37:00,242,Completed
8305,2025-06-02 23:33:00,34,Pending
8306,2026-02-20 10:35:00,205,Pending
8307,2025-03-12 09:47:00,182,Completed
8308,2026-04-22 07:28:00,463,Completed
8309,2025-12-07 16:16:00,91,Cancelled
8310,2025-11-12 08:29:00,327,Completed
8311,2025-12-08 00:13:00,113,Pending
8312,2026-03-25 06:51:00,120,Pending
8313,2025-12-09 20:45:00,258,Pending
8314,2025-07-08 11:59:00,235,Cancelled
8315,2025-05-03 17:21:00,357,Completed
8316,2025-05-26 06:38:00,414,Pending
8317,2025-04-01 08:06:00,355,Completed
8318,2026-08-03 10:33:00,180,Cancelled
8319,2026-08-22 16:19:00,112,Pending
8320,2026-01-18 13:55:00,398,Completed
8321,2025-05-06 01:47:00,25,Pending
8322,2025-11-22 03:05:00,2,Completed
8323,2026-04-28 11:21:00,273,Pending
8324,2026-08-17 16:50:00,156,Pending
8325,2025-10-23 23:46:00,412,Completed
8326,2025-08-05 11:32:00,243,Completed
8327,2025-02-21 16:44:00,249,Completed
8328,2025-12-09 14:14:00,352,Completed
8329,2026-07-21 11:12:00,165,Pending
8330,2025-12-13 02:16:00,170,Completed
8331,2026-05-27 23:48:00,301,Pending
8332,2025-06-15 17:53:00,255,Pending
8333,2025-08-13 23:23:00,416,Completed
8334,2025-05-21 17:44:00,350,Pending
8335,2026-02-14 02:28:00,385,Completed
8336,2026-04-16 11:48:00,389,Completed
8337,2026-07-03 22:25:00,397,Completed
8338,2026-06-29 07:05:00,150,Cancelled
8339,2026-06-04 07:32:00,122,Cancelled
8340,2026-01-04 13:21:00,302,Pending
8341,2025-10-02 05:14:00,156,Cancelled
8342,2025-06-10 12:10:00,108,Completed
8343,2025-08-08 20:13:00,353,Completed
8344,2025-10-29 21:11:00,3,Completed
8345,2026-03-10 23:54:00,54,Completed
8346,2025-10-30 05:26:00,390,Completed
8347,2026-01-22 18:55:00,349,Completed
8348,2026-05-31 02:19:00,472,Pending
8349,2026-03-06 00:18:00,175,Pending
8350,2025-08-10 20:03:00,165,Completed
8351,2025-08-17 17:55:00,47,Pending
8352,2025-06-10 08:10:00,207,Completed
8353,2025-06-29 10:48:00,425,Cancelled
8354,2025-07-24 01:48:00,387,Completed
8355,2025-12-26 02:41:00,313,Completed
8356,2025-07-12 20:26:00,500,Pending
8357,2025-12-19 03:41:00,60,Pending
8358,2025-08-28 20:26:00,420,Completed
8359,2025-07-19 13:21:00,397,Completed
8360,2025-05-13 12:00:00,261,Completed
8361,2025-04-21 06:28:00,1,Completed
8362,2026-04-17 09:03:00,3,Cancelled
8363,2025-12-10 08:00:00,262,Completed
8364,2025-03-13 18:09:00,318,Pending
8365,2025-11-14 10:51:00,10,Completed
8366,2026-01-25 05:28:00,214,Pending
8367,2025-02-28 18:36:00,14,Completed
8368,2025-04-30 02:24:00,441,Cancelled
8369,2025-08-25 02:50:00,49,Completed
8370,2025-07-19 16:16:00,247,Pending
8371,2025-02-18 11:40:00,11,Completed
8372,2025-03-05 08:25:00,20,Pending
8373,2025-08-23 15:38:00,290,Cancelled
8374,2026-08-06 21:46:00,238,Completed
8375,2025-05-05 06:35:00,112,Pending
8376,2025-04-01 01:55:00,489,Completed
8377,2025-02-24 13:46:00,25,Pending
8378,2026-05-17 20:41:00,282,Pending
8379,2025-06-19 13:31:00,108,Pending
8380,2026-02-23 07:24:00,438,Completed
8381,2025-06-16 18:21:00,417,Completed
8382,2025-12-13 04:45:00,459,Completed
8383,2025-03-07 03:59:00,101,Completed
8384,2025-03-26 09:42:00,240,Cancelled
8385,2025-12-01 07:25:00,1,Pending
8386,2025-12-30 07:52:00,327,Completed
8387,2025-07-28 20:17:00,191,Cancelled
8388,2026-03-24 01:31:00,393,Cancelled
8389,2025-02-27 06:59:00,266,Pending
8390,2025-02-13 04:36:00,306,Pending
8391,2026-05-23 23:12:00,311,Cancelled
8392,2025-07-21 01:45:00,484,Cancelled
8393,2025-02-09 19:00:00,421,Completed
8394,2025-06-29 22:05:00,283,Completed
8395,2026-06-18 01:38:00,349,Pending
8396,2025-09-26 05:34:00,406,Completed
8397,2026-05-08 05:22:00,66,Completed
8398,2025-04-27 09:28:00,262,Completed
8399,2025-08-19 05:31:00,8,Pending
8400,2025-08-12 03:22:00,362,Completed
8401,2025-07-02 04:35:00,138,Cancelled
8402,2025-02-09 14:25:00,76,Completed
8403,2026-05-16 12:49:00,253,Completed
8404,2025-03-22 18:33:00,234,Pending
8405,2025-04-09 01:19:00,120,Pending
8406,2026-01-24 19:08:00,469,Completed
8407,2025-04-12 21:49:00,76,Cancelled
8408,2026-02-23 19:10:00,189,Pending
8409,2026-06-22 19:51:00,146,Cancelled
8410,2025-12-09 19:12:00,384,Pending
8411,2026-03-10 19:00:00,332,Completed
8412,2025-07-14 16:09:00,430,Pending
8413,2025-05-03 16:44:00,455,Pending
8414,2025-06-19 07:31:00,90,Completed
8415,2026-07-17 23:32:00,439,Pending
8416,2025-12-24 10:12:00,332,Pending
8417,2026-08-17 04:32:00,470,Completed
8418,2025-12-15 11:36:00,282,Pending
8419,2026-02-28 23:29:00,123,Completed
8420,2025-10-26 05:08:00,238,Completed
8421,2025-01-02 00:15:00,281,Completed
8422,2025-08-28 06:54:00,390,Completed
8423,2026-05-06 18:35:00,76,Completed
8424,2026-02-18 12:30:00,386,Pending
8425,2026-01-05 17:06:00,473,Cancelled
8426,2026-04-06 10:35:00,447,Completed
8427,2025-03-02 04:44:00,62,Completed
8428,2025-04-05 11:50:00,134,Pending
8429,2026-01-09 02:47:00,31,Pending
8430,2026-02-07 07:54:00,342,Completed
8431,2026-07-11 07:41:00,210,Completed
8432,2026-07-29 15:37:00,183,Completed
8433,2026-07-07 18:53:00,423,Completed
8434,2026-04-02 23:41:00,66,Completed
8435,2026-03-19 03:58:00,159,Pending
8436,2025-01-06 07:38:00,417,Cancelled
8437,2025-06-08 12:47:00,197,Cancelled
8438,2025-12-26 14:14:00,486,Completed
8439,2025-09-21 00:11:00,367,Pending
8440,2026-07-20 12:03:00,354,Completed
8441,2025-09-30 04:09:00,7,Completed
8442,2025-08-12 16:39:00,5,Completed
8443,2026-06-28 06:28:00,1,Completed
8444,2026-03-28 14:27:00,230,Completed
8445,2025-08-12 13:30:00,16,Completed
8446,2026-08-10 19:29:00,34,Cancelled
8447,2025-06-27 23:37:00,369,Cancelled
8448,2025-05-03 11:11:00,425,Completed
8449,2026-06-01 02:04:00,494,Completed
8450,2025-01-28 13:15:00,49,Completed
8451,2026-06-10 20:18:00,197,Completed
8452,2026-06-19 12:37:00,73,Pending
8453,2026-07-24 20:37:00,214,Pending
8454,2025-08-26 22:42:00,17,Pending
8455,2025-03-28 06:26:00,299,Cancelled
8456,2025-11-30 23:37:00,350,Completed
8457,2025-12-07 10:25:00,447,Completed
8458,2026-04-28 03:06:00,96,Completed
8459,2025-09-29 01:45:00,361,Pending
8460,2025-05-02 22:01:00,389,Cancelled
8461,2025-03-05 22:12:00,347,Cancelled
8462,2025-05-23 23:12:00,323,Completed
8463,2025-12-23 07:03:00,222,Completed
8464,2026-02-23 16:49:00,168,Cancelled
8465,2025-10-17 13:42:00,335,Pending
8466,2025-03-16 08:29:00,397,Pending
8467,2025-02-26 17:58:00,381,Completed
8468,2025-05-20 04:06:00,181,Pending
8469,2026-05-21 01:25:00,88,Pending
8470,2025-12-13 23:29:00,146,Pending
8471,2026-04-14 13:36:00,323,Cancelled
8472,2026-01-25 15:17:00,86,Completed
8473,2025-01-03 10:05:00,351,Completed
8474,2026-01-17 02:34:00,93,Completed
8475,2025-03-10 15:37:00,400,Pending
8476,2026-03-26 18:45:00,373,Completed
8477,2026-07-02 13:15:00,38,Cancelled
8478,2025-09-30 17:36:00,234,Cancelled
8479,2025-10-13 17:17:00,340,Completed
8480,2026-08-20 12:31:00,163,Pending
8481,2025-01-23 16:41:00,68,Pending
8482,2025-09-04 10:35:00,281,Completed
8483,2026-03-14 02:39:00,372,Pending
8484,2025-10-18 12:13:00,112,Completed
8485,2026-01-16 20:37:00,287,Completed
8486,2025-03-17 20:48:00,53,Cancelled
8487,2025-11-21 02:44:00,283,Completed
8488,2025-10-27 12:50:00,33,Pending
8489,2026-04-22 01:42:00,244,Completed
8490,2026-06-02 14:56:00,237,Completed
8491,2026-03-05 08:44:00,61,Completed
8492,2026-08-17 06:01:00,345,Pending
8493,2025-09-17 13:06:00,4,Pending
8494,2025-05-11 23:03:00,220,Cancelled
8495,2026-02-03 06:49:00,203,Pending
8496,2025-11-11 00:26:00,185,Completed
8497,2026-04-27 12:52:00,162,Cancelled
8498,2025-12-20 10:43:00,33,Completed
8499,2026-04-11 04:32:00,477,Cancelled
8500,2025-03-01 11:12:00,428,Pending
8501,2026-03-22 00:54:00,100,Pending
8502,2026-04-07 04:33:00,449,Pending
8503,2026-03-23 01:21:00,254,Completed
8504,2025-06-09 02:04:00,336,Completed
8505,2025-12-20 16:01:00,462,Pending
8506,2025-01-24 02:01:00,167,Cancelled
8507,2026-05-15 09:18:00,34,Pending
8508,2025-02-14 21:32:00,77,Completed
8509,2025-06-01 12:32:00,468,Pending
8510,2025-07-30 08:40:00,221,Completed
8511,2026-02-01 02:33:00,88,Pending
8512,2026-01-15 12:46:00,112,Cancelled
8513,2026-04-25 20:40:00,188,Completed
8514,2026-04-22 06:33:00,290,Completed
8515,2025-01-28 08:07:00,53,Cancelled
8516,2026-02-12 21:03:00,458,Completed
8517,2026-05-10 07:48:00,318,Completed
8518,2025-03-21 07:17:00,196,Completed
8519,2025-10-16 03:44:00,284,Completed
8520,2026-05-08 07:32:00,76,Completed
8521,2025-09-27 20:49:00,487,Pending
8522,2025-04-19 04:23:00,356,Completed
8523,2025-04-24 16:17:00,345,Pending
8524,2025-05-13 23:48:00,291,Cancelled
8525,2025-09-07 05:34:00,178,Completed
8526,2026-03-08 05:49:00,214,Completed
8527,2025-12-05 09:58:00,295,Pending
8528,2025-02-17 00:18:00,129,Cancelled
8529,2025-10-15 09:57:00,221,Completed
8530,2025-01-31 19:45:00,352,Completed
8531,2025-07-11 20:46:00,465,Pending
8532,2025-09-13 02:10:00,93,Completed
8533,2026-02-28 09:08:00,87,Pending
8534,2026-02-15 06:54:00,142,Cancelled
8535,2025-02-10 22:48:00,329,Pending
8536,2025-04-21 13:37:00,91,Completed
8537,2025-12-14 21:06:00,403,Cancelled
8538,2025-06-07 18:17:00,110,Pending
8539,2025-03-16 22:19:00,108,Pending
8540,2025-07-11 02:09:00,392,Pending
8541,2025-06-12 01:34:00,253,Completed
8542,2026-05-18 11:03:00,169,Pending
8543,2026-08-03 06:41:00,1,Completed
8544,2026-02-20 00:39:00,257,Cancelled
8545,2026-06-22 01:42:00,448,Completed
8546,2026-01-16 02:53:00,116,Pending
8547,2025-04-07 12:32:00,22,Completed
8548,2026-06-13 11:13:00,237,Completed
8549,2025-03-19 18:51:00,14,Pending
8550,2025-04-04 09:41:00,293,Completed
8551,2026-07-22 13:18:00,18,Completed
8552,2026-01-10 06:54:00,265,Cancelled
8553,2025-02-12 17:06:00,127,Completed
8554,2025-05-23 13:15:00,340,Completed
8555,2025-04-05 13:23:00,152,Completed
8556,2025-05-26 17:26:00,388,Pending
8557,2025-11-22 16:47:00,252,Completed
8558,2026-07-14 05:37:00,385,Pending
8559,2026-08-24 11:07:00,390,Completed
8560,2026-05-02 08:24:00,145,Pending
8561,2026-01-14 07:46:00,212,Pending
8562,2025-08-24 14:54:00,282,Completed
8563,2026-03-16 16:16:00,406,Cancelled
8564,2025-03-22 20:01:00,494,Completed
8565,2026-04-05 06:57:00,115,Completed
8566,2025-11-17 11:40:00,251,Completed
8567,2025-10-07 12:39:00,192,Completed
8568,2026-08-01 01:56:00,179,Pending
8569,2025-01-31 05:56:00,83,Completed
8570,2025-02-10 11:04:00,62,Completed
8571,2026-01-06 07:31:00,174,Pending
8572,2026-01-10 08:59:00,203,Completed
8573,2025-05-02 02:20:00,372,Completed
8574,2025-06-30 07:03:00,149,Cancelled
8575,2025-12-13 14:20:00,195,Completed
8576,2025-12-04 00:52:00,245,Completed
8577,2025-05-01 16:26:00,477,Cancelled
8578,2025-12-24 13:54:00,428,Cancelled
8579,2025-05-04 09:13:00,137,Completed
8580,2025-04-19 01:24:00,34,Completed
8581,2026-07-12 15:26:00,499,Completed
8582,2026-04-29 12:12:00,474,Completed
8583,2026-02-06 12:08:00,248,Cancelled
8584,2026-05-06 08:09:00,386,Completed
8585,2025-10-06 13:24:00,275,Completed
8586,2025-10-01 06:19:00,64,Completed
8587,2026-04-22 19:25:00,392,Completed
8588,2026-02-13 00:28:00,337,Completed
8589,2025-02-03 10:55:00,34,Completed
8590,2026-07-02 12:11:00,352,Completed
8591,2026-08-21 12:59:00,308,Pending
8592,2026-03-09 19:54:00,400,Completed
8593,2025-06-09 10:29:00,428,Pending
8594,2026-08-03 19:04:00,472,Completed
8595,2025-05-07 20:21:00,438,Completed
8596,2025-02-14 18:14:00,169,Pending
8597,2025-03-27 04:10:00,241,Cancelled
8598,2026-07-01 10:01:00,233,Completed
8599,2025-07-14 23:03:00,403,Completed
8600,2025-12-20 10:18:00,442,Cancelled
8601,2026-01-22 01:49:00,129,Completed
8602,2025-11-12 07:18:00,456,Completed
8603,2025-10-03 14:12:00,131,Pending
8604,2025-09-05 08:40:00,442,Completed
8605,2025-11-19 12:09:00,446,Completed
8606,2025-07-19 22:36:00,148,Completed
8607,2025-03-26 10:29:00,424,Completed
8608,2025-11-01 13:53:00,464,Cancelled
8609,2025-09-26 03:01:00,266,Completed
8610,2026-03-16 02:30:00,311,Completed
8611,2025-12-03 02:24:00,7,Pending
8612,2026-05-05 04:26:00,245,Pending
8613,2026-06-15 07:48:00,190,Completed
8614,2025-04-24 14:39:00,115,Completed
8615,2026-06-28 14:47:00,451,Cancelled
8616,2025-09-23 10:19:00,348,Completed
8617,2025-09-01 17:38:00,309,Pending
8618,2025-09-26 00:57:00,365,Completed
8619,2025-10-27 18:49:00,396,Completed
8620,2025-08-15 18:37:00,425,Completed
8621,2026-07-23 16:58:00,4,Cancelled
8622,2025-11-26 14:14:00,19,Pending
8623,2025-08-13 02:31:00,410,Completed
8624,2025-07-15 16:37:00,7,Completed
8625,2025-05-22 13:38:00,322,Completed
8626,2025-06-03 14:44:00,435,Pending
8627,2026-01-11 15:26:00,447,Pending
8628,2026-01-13 04:50:00,42,Pending
8629,2026-07-30 09:35:00,133,Pending
8630,2025-09-16 23:31:00,347,Completed
8631,2025-06-25 02:50:00,213,Completed
8632,2025-02-09 04:21:00,36,Completed
8633,2025-08-01 01:24:00,126,Completed
8634,2025-12-17 20:44:00,373,Completed
8635,2025-04-26 22:35:00,414,Completed
8636,2026-03-09 06:04:00,232,Completed
8637,2025-06-03 12:08:00,325,Completed
8638,2026-01-14 18:32:00,143,Completed
8639,2025-11-04 00:33:00,263,Completed
8640,2025-07-06 19:46:00,267,Completed
8641,2025-09-03 20:00:00,268,Completed
8642,2026-06-27 03:01:00,98,Completed
8643,2025-11-26 20:15:00,129,Pending
8644,2025-10-18 14:19:00,373,Completed
8645,2025-03-17 14:34:00,139,Pending
8646,2025-08-23 21:07:00,436,Completed
8647,2025-11-11 13:25:00,10,Completed
8648,2026-08-17 20:48:00,291,Completed
8649,2025-10-14 07:56:00,104,Cancelled
8650,2026-08-17 20:52:00,471,Pending
8651,2025-04-09 16:49:00,480,Completed
8652,2025-12-11 03:21:00,149,Pending
8653,2025-08-06 01:40:00,55,Completed
8654,2026-05-04 05:55:00,438,Completed
8655,2025-06-29 02:46:00,487,Completed
8656,2025-03-24 13:19:00,84,Cancelled
8657,2025-05-28 23:42:00,176,Pending
8658,2025-01-24 12:37:00,99,Pending
8659,2025-11-18 02:24:00,402,Pending
8660,2026-02-15 00:27:00,39,Completed
8661,2026-05-18 14:57:00,2,Completed
8662,2026-05-31 22:16:00,422,Cancelled
8663,2025-07-22 13:52:00,94,Pending
8664,2025-08-04 15:32:00,181,Completed
8665,2025-07-27 01:39:00,26,Pending
8666,2026-07-26 12:13:00,383,Completed
8667,2025-09-14 18:23:00,144,Completed
8668,2025-09-11 20:30:00,12,Completed
8669,2025-08-02 22:42:00,386,Cancelled
8670,2026-01-14 18:00:00,128,Completed
8671,2025-03-30 05:31:00,141,Completed
8672,2026-02-17 04:26:00,340,Pending
8673,2026-02-18 14:23:00,278,Completed
8674,2026-06-04 04:34:00,43,Pending
8675,2026-07-14 23:59:00,488,Pending
8676,2025-09-23 16:52:00,26,Pending
8677,2026-07-31 12:30:00,115,Pending
8678,2026-01-31 09:52:00,493,Cancelled
8679,2025-03-06 06:40:00,465,Pending
8680,2026-01-30 06:14:00,67,Pending
8681,2025-09-23 07:31:00,451,Pending
8682,2025-05-31 16:47:00,5,Completed
8683,2025-01-06 15:53:00,265,Completed
8684,2026-04-25 22:23:00,439,Completed
8685,2026-04-21 02:02:00,280,Completed
8686,2026-07-21 06:34:00,60,Cancelled
8687,2026-05-05 07:20:00,153,Cancelled
8688,2025-01-25 01:56:00,144,Completed
8689,2026-01-30 18:15:00,256,Pending
8690,2026-01-19 09:38:00,160,Cancelled
8691,2026-08-03 20:24:00,18,Completed
8692,2026-01-01 16:51:00,208,Cancelled
8693,2025-02-06 20:36:00,375,Completed
8694,2026-06-16 19:14:00,246,Cancelled
8695,2025-12-20 20:43:00,61,Pending
8696,2025-10-01 23:52:00,126,Completed
8697,2026-03-23 19:38:00,330,Cancelled
8698,2026-07-09 00:04:00,264,Cancelled
8699,2026-08-09 12:39:00,194,Completed
8700,2025-09-04 07:19:00,366,Completed
8701,2025-02-01 06:28:00,121,Pending
8702,2026-01-25 01:31:00,305,Pending
8703,2025-03-30 14:02:00,492,Completed
8704,2026-07-16 14:15:00,214,Pending
8705,2026-07-10 21:33:00,204,Completed
8706,2026-06-16 16:30:00,145,Cancelled
8707,2026-02-08 07:57:00,251,Completed
8708,2025-07-20 21:07:00,277,Completed
8709,2025-08-15 00:56:00,16,Cancelled
8710,2025-12-06 06:15:00,357,Completed
8711,2026-03-17 22:46:00,364,Completed
8712,2026-04-26 07:15:00,455,Pending
8713,2025-09-03 16:59:00,378,Completed
8714,2026-05-27 17:47:00,181,Completed
8715,2025-11-08 02:53:00,419,Completed
8716,2025-06-26 15:13:00,199,Completed
8717,2026-07-11 12:32:00,283,Completed
8718,2025-12-13 13:04:00,33,Completed
8719,2025-09-14 21:05:00,143,Completed
8720,2025-01-04 21:55:00,302,Pending
8721,2025-08-04 14:31:00,3,Completed
8722,2026-02-21 04:49:00,225,Completed
8723,2025-08-12 11:16:00,152,Completed
8724,2025-05-03 01:52:00,115,Pending
8725,2026-08-05 01:29:00,497,Completed
8726,2025-05-08 06:18:00,365,Completed
8727,2025-05-12 17:17:00,193,Completed
8728,2025-10-17 03:47:00,405,Completed
8729,2025-10-06 06:47:00,87,Pending
8730,2025-03-17 11:34:00,372,Pending
8731,2026-07-06 18:20:00,475,Completed
8732,2025-04-12 19:06:00,269,Completed
8733,2025-04-13 12:52:00,455,Completed
8734,2025-05-27 09:00:00,123,Completed
8735,2025-12-20 06:10:00,168,Completed
8736,2026-08-19 20:45:00,158,Pending
8737,2025-12-06 05:21:00,493,Pending
8738,2025-08-14 02:34:00,496,Completed
8739,2026-04-05 09:32:00,434,Completed
8740,2025-03-13 09:15:00,346,Completed
8741,2025-04-02 21:11:00,136,Pending
8742,2026-01-03 07:31:00,298,Completed
8743,2025-05-21 05:25:00,319,Pending
8744,2025-03-29 21:48:00,181,Completed
8745,2026-06-09 07:06:00,159,Completed
8746,2025-12-20 11:58:00,104,Pending
8747,2026-03-29 10:55:00,243,Completed
8748,2025-02-20 00:14:00,345,Completed
8749,2025-03-31 23:31:00,225,Completed
8750,2025-12-25 11:01:00,310,Completed
8751,2025-05-03 23:42:00,353,Completed
8752,2026-05-31 23:23:00,267,Cancelled
8753,2025-06-22 16:24:00,187,Completed
8754,2025-11-30 19:50:00,187,Completed
8755,2026-07-08 22:40:00,180,Completed
8756,2026-06-13 10:33:00,106,Completed
8757,2025-07-25 21:06:00,279,Completed
8758,2026-04-18 14:43:00,120,Pending
8759,2025-05-12 15:23:00,339,Completed
8760,2026-02-03 06:31:00,259,Completed
8761,2025-09-19 00:47:00,276,Completed
8762,2025-05-31 05:34:00,362,Completed
8763,2025-08-29 05:59:00,115,Completed
8764,2025-05-18 01:13:00,343,Completed
8765,2025-10-28 04:35:00,325,Cancelled
8766,2025-11-19 17:57:00,274,Completed
8767,2025-11-28 04:16:00,28,Completed
8768,2025-12-22 13:31:00,119,Pending
8769,2026-05-11 19:17:00,320,Completed
8770,2025-03-28 10:39:00,176,Cancelled
8771,2026-03-07 13:41:00,213,Cancelled
8772,2025-08-16 17:53:00,496,Completed
8773,2026-01-03 09:26:00,135,Completed
8774,2026-05-01 13:28:00,104,Cancelled
8775,2025-10-31 00:38:00,403,Cancelled
8776,2025-06-28 14:19:00,411,Completed
8777,2026-05-01 07:58:00,420,Cancelled
8778,2026-02-20 12:17:00,62,Pending
8779,2026-04-27 09:12:00,273,Pending
8780,2025-07-15 16:31:00,62,Completed
8781,2025-03-28 06:19:00,105,Pending
8782,2026-05-14 03:56:00,165,Completed
8783,2026-05-11 00:34:00,95,Completed
8784,2025-06-14 02:05:00,10,Completed
8785,2025-01-08 05:07:00,37,Pending
8786,2025-12-19 02:20:00,411,Cancelled
8787,2026-07-22 21:51:00,376,Pending
8788,2026-04-30 20:54:00,435,Completed
8789,2026-05-15 16:19:00,306,Pending
8790,2026-03-09 21:06:00,234,Pending
8791,2025-12-25 01:01:00,13,Pending
8792,2026-04-28 03:58:00,407,Completed
8793,2026-02-18 12:10:00,87,Cancelled
8794,2025-09-13 10:04:00,489,Completed
8795,2026-07-17 10:22:00,285,Completed
8796,2026-08-24 02:25:00,188,Cancelled
8797,2025-12-07 19:42:00,427,Pending
8798,2025-12-06 06:50:00,182,Completed
8799,2025-02-22 17:01:00,369,Pending
8800,2025-03-21 07:28:00,252,Pending
8801,2025-04-14 06:32:00,140,Completed
8802,2025-05-09 21:31:00,283,Completed
8803,2026-03-04 01:49:00,428,Pending
8804,2025-11-22 11:07:00,353,Completed
8805,2026-08-19 13:42:00,175,Pending
8806,2026-06-21 20:09:00,400,Completed
8807,2025-09-03 18:45:00,6,Completed
8808,2025-08-22 04:47:00,104,Pending
8809,2026-05-03 05:52:00,196,Completed
8810,2026-06-05 03:18:00,483,Cancelled
8811,2025-09-06 21:22:00,424,Pending
8812,2026-04-16 06:15:00,22,Cancelled
8813,2026-08-11 01:27:00,49,Completed
8814,2025-07-05 07:38:00,184,Completed
8815,2025-09-18 10:24:00,154,Pending
8816,2026-03-11 11:53:00,230,Pending
8817,2025-06-27 21:54:00,449,Cancelled
8818,2025-05-09 07:42:00,201,Cancelled
8819,2025-04-25 16:55:00,231,Completed
8820,2025-07-09 10:43:00,287,Completed
8821,2025-07-22 08:22:00,400,Cancelled
8822,2025-01-20 19:38:00,441,Pending
8823,2025-08-05 07:52:00,140,Completed
8824,2025-09-16 03:00:00,125,Cancelled
8825,2026-02-06 17:24:00,405,Pending
8826,2026-08-09 07:16:00,471,Pending
8827,2025-03-12 00:07:00,182,Completed
8828,2026-05-29 09:57:00,435,Pending
8829,2025-05-14 09:13:00,275,Completed
8830,2025-11-06 22:45:00,248,Pending
8831,2025-06-16 12:51:00,102,Completed
8832,2025-04-07 18:05:00,358,Cancelled
8833,2026-02-17 02:45:00,422,Completed
8834,2025-12-30 01:58:00,469,Completed
8835,2026-06-05 00:08:00,480,Pending
8836,2025-02-07 21:02:00,426,Pending
8837,2026-08-12 08:29:00,260,Completed
8838,2026-07-17 15:31:00,321,Completed
8839,2025-05-16 14:50:00,154,Pending
8840,2025-05-18 12:41:00,449,Pending
8841,2026-06-19 19:55:00,485,Completed
8842,2025-09-28 21:23:00,467,Completed
8843,2025-05-02 10:45:00,405,Completed
8844,2025-09-06 06:41:00,297,Cancelled
8845,2026-01-13 05:50:00,495,Completed
8846,2025-09-06 17:17:00,378,Pending
8847,2026-01-22 20:13:00,144,Completed
8848,2025-03-09 21:10:00,164,Completed
8849,2026-08-23 07:05:00,329,Completed
8850,2026-05-15 10:25:00,317,Pending
8851,2025-10-20 08:13:00,90,Completed
8852,2026-05-18 11:42:00,260,Pending
8853,2025-02-23 16:09:00,127,Completed
8854,2026-07-25 20:49:00,420,Completed
8855,2026-07-01 22:57:00,315,Completed
8856,2025-07-15 20:49:00,344,Pending
8857,2026-05-23 20:25:00,247,Completed
8858,2026-04-19 17:53:00,437,Completed
8859,2026-01-27 13:47:00,332,Completed
8860,2026-03-06 04:40:00,295,Pending
8861,2025-12-04 17:23:00,189,Pending
8862,2025-07-09 06:30:00,161,Cancelled
8863,2025-11-15 11:08:00,6,Pending
8864,2025-01-18 09:56:00,142,Completed
8865,2026-03-17 14:55:00,283,Completed
8866,2026-05-04 01:04:00,361,Completed
8867,2025-05-26 17:49:00,332,Cancelled
8868,2025-10-05 19:15:00,211,Completed
8869,2026-08-17 15:53:00,407,Completed
8870,2025-10-14 13:42:00,204,Completed
8871,2025-03-15 08:56:00,49,Pending
8872,2026-06-26 14:54:00,347,Pending
8873,2026-08-10 13:35:00,451,Completed
8874,2025-03-13 11:46:00,200,Completed
8875,2026-08-13 02:52:00,499,Completed
8876,2025-07-05 11:08:00,394,Completed
8877,2026-03-10 18:12:00,195,Completed
8878,2025-03-18 08:39:00,360,Cancelled
8879,2025-08-12 06:42:00,461,Completed
8880,2026-04-13 12:16:00,103,Pending
8881,2025-01-25 18:53:00,150,Completed
8882,2025-06-30 16:30:00,314,Completed
8883,2025-09-08 05:26:00,372,Completed
8884,2025-05-02 12:30:00,323,Pending
8885,2026-01-31 16:52:00,184,Completed
8886,2025-01-16 17:47:00,293,Completed
8887,2025-03-14 17:32:00,218,Completed
8888,2025-03-03 13:58:00,471,Pending
8889,2026-02-23 23:58:00,430,Completed
8890,2026-04-16 04:13:00,34,Cancelled
8891,2026-01-27 13:03:00,25,Completed
8892,2025-09-04 11:20:00,376,Pending
8893,2025-03-07 23:34:00,309,Cancelled
8894,2026-08-21 15:16:00,64,Completed
8895,2026-06-20 10:46:00,303,Completed
8896,2026-02-16 20:37:00,82,Completed
8897,2026-05-30 04:14:00,379,Completed
8898,2025-11-14 18:45:00,300,Pending
8899,2025-01-24 00:29:00,170,Completed
8900,2026-08-01 23:34:00,461,Pending
8901,2026-05-24 03:05:00,226,Completed
8902,2026-06-26 13:36:00,218,Completed
8903,2026-03-27 23:46:00,158,Pending
8904,2025-11-26 06:54:00,283,Completed
8905,2026-04-14 00:14:00,443,Pending
8906,2025-10-24 08:23:00,382,Completed
8907,2025-12-28 23:56:00,440,Completed
8908,2026-04-10 16:29:00,26,Pending
8909,2026-03-10 01:25:00,224,Completed
8910,2025-01-15 16:11:00,229,Completed
8911,2025-02-13 06:54:00,100,Pending
8912,2025-09-20 09:36:00,431,Pending
8913,2026-01-20 03:52:00,317,Cancelled
8914,2026-06-27 16:04:00,45,Pending
8915,2025-11-25 12:25:00,482,Completed
8916,2026-05-14 09:27:00,355,Pending
8917,2025-12-15 19:02:00,95,Cancelled
8918,2025-09-21 00:43:00,172,Completed
8919,2025-04-11 11:58:00,323,Cancelled
8920,2025-11-01 18:44:00,432,Pending
8921,2026-03-04 07:57:00,37,Pending
8922,2026-07-17 06:26:00,492,Pending
8923,2025-09-12 09:24:00,93,Pending
8924,2025-07-28 19:07:00,293,Completed
8925,2025-05-28 18:17:00,388,Completed
8926,2025-10-31 17:50:00,7,Completed
8927,2026-03-31 01:57:00,314,Completed
8928,2026-06-18 09:08:00,27,Completed
8929,2026-04-22 00:10:00,144,Completed
8930,2026-05-27 22:49:00,189,Pending
8931,2025-02-05 19:06:00,128,Cancelled
8932,2025-09-12 03:54:00,336,Cancelled
8933,2026-04-20 18:24:00,449,Cancelled
8934,2026-01-17 11:46:00,5,Completed
8935,2026-03-23 21:39:00,28,Completed
8936,2025-08-17 23:11:00,211,Pending
8937,2025-09-14 19:50:00,52,Completed
8938,2025-09-23 11:53:00,500,Completed
8939,2026-02-04 15:24:00,429,Completed
8940,2025-04-16 07:04:00,271,Completed
8941,2025-10-10 09:19:00,119,Completed
8942,2025-03-31 01:20:00,402,Completed
8943,2025-01-22 01:13:00,479,Cancelled
8944,2026-04-01 11:19:00,286,Cancelled
8945,2026-06-08 17:09:00,12,Completed
8946,2025-05-17 23:30:00,52,Pending
8947,2025-03-14 01:35:00,224,Pending
8948,2026-06-07 13:49:00,149,Pending
8949,2026-01-20 16:02:00,137,Completed
8950,2025-12-06 18:04:00,409,Completed
8951,2025-03-24 09:41:00,23,Cancelled
8952,2025-04-02 09:15:00,342,Completed
8953,2025-04-01 08:20:00,190,Completed
8954,2025-07-13 20:07:00,200,Pending
8955,2026-03-21 09:40:00,89,Completed
8956,2025-11-05 18:43:00,65,Cancelled
8957,2026-01-21 11:19:00,238,Pending
8958,2025-09-04 02:18:00,198,Completed
8959,2025-02-08 04:47:00,361,Cancelled
8960,2025-03-07 13:45:00,127,Completed
8961,2025-03-31 23:09:00,339,Completed
8962,2025-02-14 15:26:00,473,Pending
8963,2025-08-31 09:29:00,205,Completed
8964,2026-08-02 23:44:00,452,Completed
8965,2025-11-09 04:08:00,482,Pending
8966,2025-06-24 10:19:00,115,Completed
8967,2025-02-12 08:47:00,160,Completed
8968,2025-03-30 07:41:00,127,Cancelled
8969,2025-07-25 16:32:00,15,Pending
8970,2026-01-09 23:02:00,400,Completed
8971,2025-03-01 09:09:00,386,Pending
8972,2025-12-10 10:35:00,361,Completed
8973,2026-07-11 21:42:00,178,Completed
8974,2026-04-15 18:42:00,273,Cancelled
8975,2025-08-16 09:27:00,461,Completed
8976,2025-03-05 00:36:00,328,Completed
8977,2025-07-27 11:01:00,254,Completed
8978,2026-03-13 00:46:00,290,Pending
8979,2025-02-25 22:27:00,420,Completed
8980,2026-02-05 20:20:00,48,Completed
8981,2026-02-20 12:31:00,460,Pending
8982,2026-01-29 06:29:00,104,Completed
8983,2026-01-29 07:07:00,434,Completed
8984,2026-08-19 23:45:00,422,Pending
8985,2026-05-16 01:19:00,242,Completed
8986,2025-12-16 19:55:00,181,Completed
8987,2026-08-20 09:54:00,252,Cancelled
8988,2025-11-23 05:17:00,61,Completed
8989,2026-05-20 11:58:00,463,Cancelled
8990,2025-12-15 09:02:00,69,Pending
8991,2026-03-28 09:10:00,362,Cancelled
8992,2025-06-10 19:21:00,235,Pending
8993,2025-02-12 00:22:00,110,Completed
8994,2025-01-16 03:24:00,468,Completed
8995,2026-08-19 21:12:00,15,Completed
8996,2025-04-24 23:01:00,90,Pending
8997,2025-12-12 10:30:00,6,Pending
8998,2025-01-18 11:30:00,326,Pending
8999,2026-07-01 22:27:00,21,Cancelled
9000,2025-07-24 22:32:00,165,Pending
9001,2025-07-18 15:22:00,20,Completed
9002,2025-01-06 05:59:00,315,Completed
9003,2025-04-27 05:16:00,235,Pending
9004,2025-10-24 14:39:00,301,Completed
9005,2025-11-20 00:37:00,302,Completed
9006,2026-06-15 19:49:00,54,Pending
9007,2025-07-24 00:46:00,437,Completed
9008,2026-04-05 00:05:00,476,Completed
9009,2025-02-10 08:35:00,469,Completed
9010,2025-12-05 16:00:00,305,Pending
9011,2026-05-06 07:06:00,42,Completed
9012,2025-12-16 16:51:00,282,Pending
9013,2026-01-09 07:03:00,332,Completed
9014,2025-12-09 11:52:00,306,Completed
9015,2025-11-25 04:47:00,205,Pending
9016,2026-05-01 03:40:00,78,Completed
9017,2026-07-07 05:50:00,55,Completed
9018,2026-02-11 08:53:00,132,Pending
9019,2026-04-01 09:10:00,354,Completed
9020,2025-01-08 21:33:00,383,Completed
9021,2025-02-20 04:51:00,95,Pending
9022,2025-10-06 11:27:00,252,Completed
9023,2025-06-23 13:29:00,143,Completed
9024,2026-05-11 22:19:00,339,Pending
9025,2026-02-18 14:11:00,223,Pending
9026,2025-02-11 08:45:00,494,Completed
9027,2026-07-04 22:44:00,469,Pending
9028,2026-06-20 18:44:00,433,Cancelled
9029,2025-08-17 15:37:00,96,Pending
9030,2025-06-29 00:47:00,140,Completed
9031,2025-10-07 09:03:00,392,Cancelled
9032,2026-08-18 04:34:00,460,Completed
9033,2026-01-11 03:03:00,190,Pending
9034,2025-11-14 00:04:00,460,Pending
9035,2025-02-01 04:39:00,172,Pending
9036,2025-03-29 05:25:00,487,Completed
9037,2026-08-05 16:53:00,281,Completed
9038,2026-07-09 22:19:00,438,Completed
9039,2025-08-09 00:44:00,2,Pending
9040,2025-05-27 01:05:00,62,Pending
9041,2025-10-22 14:08:00,306,Completed
9042,2025-02-23 04:12:00,265,Completed
9043,2026-04-07 15:14:00,76,Pending
9044,2025-04-30 22:19:00,58,Completed
9045,2026-06-12 12:29:00,448,Completed
9046,2025-12-28 02:39:00,212,Completed
9047,2026-02-01 14:04:00,463,Cancelled
9048,2026-08-01 21:56:00,147,Pending
9049,2026-06-12 03:24:00,472,Pending
9050,2025-10-25 10:41:00,231,Completed
9051,2025-08-13 19:45:00,101,Pending
9052,2025-02-08 19:44:00,19,Cancelled
9053,2025-06-05 01:28:00,307,Pending
9054,2025-08-23 19:13:00,474,Completed
9055,2026-01-30 16:41:00,86,Completed
9056,2026-02-19 05:01:00,142,Pending
9057,2025-02-09 23:54:00,38,Cancelled
9058,2025-10-19 18:12:00,284,Completed
9059,2025-07-31 21:41:00,116,Pending
9060,2025-10-15 09:41:00,361,Completed
9061,2025-06-13 08:44:00,123,Pending
9062,2026-05-01 16:41:00,290,Pending
9063,2025-06-09 20:00:00,83,Completed
9064,2025-03-15 03:18:00,491,Completed
9065,2026-02-05 12:26:00,278,Completed
9066,2025-01-30 00:51:00,356,Pending
9067,2026-03-17 23:41:00,498,Completed
9068,2026-05-18 04:49:00,59,Cancelled
9069,2025-05-10 00:39:00,117,Completed
9070,2026-05-13 22:22:00,261,Cancelled
9071,2026-03-18 23:34:00,436,Pending
9072,2025-03-19 09:47:00,270,Pending
9073,2026-05-18 21:17:00,465,Completed
9074,2025-07-31 07:11:00,73,Cancelled
9075,2026-05-20 17:11:00,409,Pending
9076,2025-03-25 12:06:00,441,Completed
9077,2026-06-25 10:35:00,181,Cancelled
9078,2025-07-29 19:22:00,142,Pending
9079,2026-08-12 08:52:00,323,Pending
9080,2025-11-23 20:43:00,178,Completed
9081,2026-02-13 12:29:00,219,Cancelled
9082,2026-04-23 07:29:00,464,Pending
9083,2025-10-19 13:51:00,425,Completed
9084,2025-04-02 14:38:00,243,Completed
9085,2026-02-10 14:32:00,429,Pending
9086,2026-05-20 14:19:00,24,Cancelled
9087,2025-07-09 23:28:00,325,Completed
9088,2025-07-12 13:36:00,150,Completed
9089,2025-09-04 22:09:00,151,Completed
9090,2025-03-08 16:12:00,62,Pending
9091,2026-08-04 12:03:00,251,Completed
9092,2025-07-24 21:21:00,238,Completed
9093,2025-01-28 22:19:00,149,Pending
9094,2026-08-16 03:09:00,330,Completed
9095,2025-07-31 15:44:00,475,Completed
9096,2025-06-21 20:25:00,12,Completed
9097,2025-01-15 07:29:00,103,Pending
9098,2025-10-17 16:25:00,461,Completed
9099,2026-03-20 04:43:00,39,Cancelled
9100,2025-07-15 11:28:00,221,Pending
9101,2025-09-25 00:59:00,484,Completed
9102,2025-06-17 16:06:00,298,Pending
9103,2025-11-21 00:41:00,49,Completed
9104,2025-06-11 13:01:00,431,Pending
9105,2026-02-11 11:31:00,324,Completed
9106,2025-05-20 22:11:00,124,Cancelled
9107,2026-01-20 21:49:00,315,Cancelled
9108,2025-03-23 06:50:00,172,Completed
9109,2025-04-20 07:26:00,349,Completed
9110,2025-01-02 22:22:00,102,Completed
9111,2026-01-18 19:11:00,319,Pending
9112,2025-04-13 03:15:00,487,Completed
9113,2026-02-04 17:55:00,437,Completed
9114,2026-02-17 17:43:00,500,Completed
9115,2025-08-20 14:42:00,177,Pending
9116,2025-04-12 19:59:00,452,Pending
9117,2026-05-23 15:10:00,235,Completed
9118,2025-08-07 12:42:00,318,Completed
9119,2026-07-28 02:03:00,108,Pending
9120,2025-09-23 15:28:00,47,Pending
9121,2026-07-07 15:09:00,136,Completed
9122,2026-08-12 08:35:00,141,Completed
9123,2026-01-16 23:01:00,281,Cancelled
9124,2025-08-26 06:47:00,64,Completed
9125,2025-12-20 17:36:00,458,Completed
9126,2025-07-08 12:59:00,185,Cancelled
9127,2025-07-24 13:22:00,455,Pending
9128,2025-06-18 15:25:00,448,Completed
9129,2025-03-18 06:41:00,162,Pending
9130,2025-01-22 19:43:00,462,Pending
9131,2025-01-29 07:09:00,328,Completed
9132,2026-03-07 03:59:00,221,Pending
9133,2025-07-16 01:35:00,64,Cancelled
9134,2025-12-15 21:27:00,114,Completed
9135,2026-06-30 21:50:00,314,Completed
9136,2025-12-01 03:22:00,442,Completed
9137,2026-08-12 08:29:00,141,Completed
9138,2026-07-19 22:29:00,189,Pending
9139,2026-01-30 02:36:00,161,Cancelled
9140,2026-01-23 09:04:00,117,Completed
9141,2026-08-03 01:35:00,289,Pending
9142,2025-01-06 16:31:00,50,Completed
9143,2025-10-12 07:00:00,99,Pending
9144,2025-09-26 15:34:00,308,Completed
9145,2026-05-06 03:24:00,51,Cancelled
9146,2025-05-12 10:06:00,180,Pending
9147,2025-01-07 16:12:00,277,Cancelled
9148,2025-08-05 02:59:00,110,Completed
9149,2026-07-01 00:18:00,256,Completed
9150,2026-01-21 16:24:00,233,Cancelled
9151,2026-03-26 00:24:00,112,Pending
9152,2026-01-19 20:32:00,440,Completed
9153,2025-11-02 18:24:00,259,Completed
9154,2026-05-29 12:54:00,413,Completed
9155,2026-03-15 13:53:00,419,Completed
9156,2025-10-06 02:46:00,298,Completed
9157,2025-01-26 19:22:00,342,Completed
9158,2026-08-15 04:14:00,429,Completed
9159,2025-05-10 05:16:00,211,Completed
9160,2025-09-28 19:09:00,342,Completed
9161,2026-06-30 05:51:00,111,Pending
9162,2026-05-02 02:06:00,415,Completed
9163,2026-03-06 23:25:00,114,Completed
9164,2025-08-25 05:27:00,369,Completed
9165,2025-07-14 09:30:00,126,Completed
9166,2025-05-09 13:59:00,67,Completed
9167,2026-01-17 04:57:00,95,Completed
9168,2025-02-25 22:29:00,200,Completed
9169,2025-07-30 16:37:00,210,Completed
9170,2025-09-18 06:25:00,188,Completed
9171,2026-06-17 12:19:00,216,Completed
9172,2026-06-21 03:09:00,300,Completed
9173,2025-04-10 12:27:00,189,Completed
9174,2025-10-10 03:35:00,463,Completed
9175,2026-02-28 14:28:00,165,Cancelled
9176,2025-12-23 15:29:00,207,Completed
9177,2025-03-22 20:40:00,254,Pending
9178,2025-12-11 01:11:00,499,Completed
9179,2026-02-06 08:12:00,133,Completed
9180,2026-04-07 16:43:00,398,Pending
9181,2026-08-02 22:34:00,118,Pending
9182,2026-03-14 13:04:00,193,Cancelled
9183,2026-06-07 13:10:00,117,Pending
9184,2026-02-07 14:28:00,453,Pending
9185,2025-12-29 05:53:00,176,Completed
9186,2026-07-25 13:02:00,199,Cancelled
9187,2026-07-10 16:52:00,452,Completed
9188,2025-02-07 12:33:00,368,Cancelled
9189,2025-10-28 23:20:00,74,Pending
9190,2026-08-14 07:01:00,261,Pending
9191,2026-04-04 16:10:00,22,Completed
9192,2026-07-12 11:38:00,458,Completed
9193,2025-02-07 21:09:00,296,Completed
9194,2026-06-19 16:39:00,138,Cancelled
9195,2025-05-09 09:23:00,310,Pending
9196,2026-06-28 10:17:00,52,Completed
9197,2025-05-27 12:09:00,137,Pending
9198,2026-03-11 20:19:00,138,Completed
9199,2025-08-13 06:33:00,435,Completed
9200,2025-01-08 16:39:00,285,Cancelled
9201,2026-05-24 05:20:00,253,Completed
9202,2026-06-21 22:09:00,44,Pending
9203,2026-01-08 15:05:00,316,Completed
9204,2025-03-07 20:30:00,122,Completed
9205,2025-05-23 10:37:00,446,Completed
9206,2025-02-25 19:34:00,419,Completed
9207,2026-05-07 06:58:00,186,Completed
9208,2026-01-28 00:26:00,273,Completed
9209,2025-06-06 08:46:00,131,Completed
9210,2025-02-05 12:47:00,436,Completed
9211,2025-02-08 20:52:00,134,Completed
9212,2025-09-17 03:00:00,410,Cancelled
9213,2026-05-13 23:00:00,126,Completed
9214,2025-10-03 06:08:00,445,Completed
9215,2026-02-03 18:19:00,230,Completed
9216,2026-05-02 00:37:00,469,Completed
9217,2025-12-15 04:03:00,18,Pending
9218,2026-04-10 14:25:00,320,Completed
9219,2025-02-21 15:31:00,406,Cancelled
9220,2025-12-08 16:15:00,129,Completed
9221,2025-03-31 22:16:00,209,Cancelled
9222,2025-11-29 09:51:00,57,Completed
9223,2026-04-11 02:30:00,457,Completed
9224,2025-10-23 14:58:00,185,Completed
9225,2025-08-15 20:28:00,261,Pending
9226,2025-01-17 02:27:00,157,Pending
9227,2025-11-05 14:12:00,6,Completed
9228,2025-10-04 13:19:00,179,Completed
9229,2026-07-18 06:54:00,297,Completed
9230,2025-11-04 15:36:00,496,Cancelled
9231,2025-02-06 09:11:00,281,Pending
9232,2025-07-18 06:16:00,51,Completed
9233,2026-07-26 14:36:00,202,Cancelled
9234,2025-04-05 22:52:00,119,Cancelled
9235,2025-10-03 20:56:00,219,Pending
9236,2026-07-20 10:00:00,452,Cancelled
9237,2026-05-02 09:23:00,336,Pending
9238,2025-11-05 13:30:00,427,Completed
9239,2025-06-18 00:01:00,228,Completed
9240,2026-08-18 17:28:00,134,Completed
9241,2025-12-27 05:23:00,116,Completed
9242,2026-03-13 13:53:00,279,Pending
9243,2025-05-27 12:44:00,385,Completed
9244,2025-07-17 15:30:00,34,Completed
9245,2026-04-02 20:42:00,112,Pending
9246,2025-11-25 22:14:00,290,Completed
9247,2026-06-25 15:42:00,136,Cancelled
9248,2025-10-05 15:36:00,348,Pending
9249,2025-06-05 11:33:00,366,Completed
9250,2025-06-07 10:06:00,380,Pending
9251,2026-02-11 03:20:00,35,Completed
9252,2025-10-17 02:47:00,161,Completed
9253,2025-05-14 01:10:00,341,Completed
9254,2026-08-10 12:12:00,399,Completed
9255,2025-08-11 20:47:00,327,Cancelled
9256,2025-03-02 03:26:00,486,Completed
9257,2026-08-15 15:46:00,296,Completed
9258,2026-06-11 00:03:00,415,Cancelled
9259,2025-05-14 17:44:00,363,Completed
9260,2025-04-21 22:40:00,76,Completed
9261,2025-05-15 16:06:00,427,Completed
9262,2025-12-23 23:08:00,452,Completed
9263,2026-08-04 04:26:00,323,Completed
9264,2025-09-13 16:37:00,224,Pending
9265,2025-03-10 01:35:00,63,Completed
9266,2025-11-21 20:24:00,453,Cancelled
9267,2026-05-29 08:22:00,470,Completed
9268,2025-09-15 16:48:00,467,Completed
9269,2025-01-03 02:45:00,466,Completed
9270,2025-12-24 05:37:00,486,Completed
9271,2025-02-26 12:26:00,415,Cancelled
9272,2025-11-24 17:29:00,224,Completed
9273,2026-04-02 07:39:00,418,Completed
9274,2026-05-03 01:58:00,45,Completed
9275,2026-01-24 13:19:00,316,Completed
9276,2026-03-29 12:30:00,325,Pending
9277,2026-06-08 03:12:00,161,Completed
9278,2026-06-06 06:59:00,482,Pending
9279,2026-06-29 23:59:00,399,Completed
9280,2026-08-09 21:26:00,165,Completed
9281,2025-09-17 14:45:00,196,Completed
9282,2026-06-13 19:00:00,223,Pending
9283,2026-07-17 13:07:00,417,Pending
9284,2025-08-03 23:20:00,430,Cancelled
9285,2026-01-26 05:52:00,193,Cancelled
9286,2025-12-25 19:27:00,247,Pending
9287,2025-08-30 19:49:00,191,Completed
9288,2025-06-18 06:12:00,10,Cancelled
9289,2025-08-30 20:33:00,450,Pending
9290,2025-09-16 04:16:00,372,Completed
9291,2025-06-24 00:02:00,79,Completed
9292,2026-08-06 11:50:00,60,Pending
9293,2025-07-11 06:20:00,488,Completed
9294,2026-07-28 07:28:00,389,Completed
9295,2026-05-15 10:32:00,392,Cancelled
9296,2026-02-19 08:44:00,5,Cancelled
9297,2025-01-15 03:23:00,186,Pending
9298,2026-06-01 10:00:00,345,Pending
9299,2025-06-13 02:48:00,265,Completed
9300,2025-12-24 23:43:00,388,Pending
9301,2026-05-22 00:23:00,52,Completed
9302,2026-02-08 11:19:00,279,Pending
9303,2025-06-28 20:31:00,337,Completed
9304,2026-06-16 15:00:00,60,Cancelled
9305,2026-07-30 07:35:00,33,Completed
9306,2026-07-08 07:50:00,466,Completed
9307,2025-05-15 14:03:00,145,Pending
9308,2026-03-30 02:38:00,380,Cancelled
9309,2025-03-07 01:50:00,112,Completed
9310,2026-08-11 02:29:00,154,Cancelled
9311,2025-09-30 17:52:00,133,Completed
9312,2025-01-12 20:42:00,247,Pending
9313,2026-03-19 15:28:00,75,Pending
9314,2026-03-17 03:52:00,383,Completed
9315,2025-04-24 09:47:00,415,Pending
9316,2025-05-08 23:37:00,62,Pending
9317,2025-08-14 05:15:00,424,Completed
9318,2026-01-14 21:11:00,336,Cancelled
9319,2025-11-27 07:20:00,83,Cancelled
9320,2025-09-11 08:41:00,346,Completed
9321,2026-01-09 15:39:00,333,Completed
9322,2025-06-23 10:39:00,36,Completed
9323,2025-06-21 17:05:00,235,Completed
9324,2026-03-09 15:06:00,293,Completed
9325,2026-08-14 14:48:00,60,Completed
9326,2026-07-29 09:52:00,431,Pending
9327,2025-07-29 01:07:00,437,Completed
9328,2026-06-17 22:22:00,64,Pending
9329,2025-05-22 16:36:00,309,Completed
9330,2025-10-11 05:19:00,464,Completed
9331,2026-01-17 10:02:00,240,Pending
9332,2026-05-29 05:45:00,283,Completed
9333,2025-06-25 10:00:00,265,Completed
9334,2025-05-18 22:37:00,27,Completed
9335,2025-05-27 10:20:00,419,Cancelled
9336,2025-05-29 00:58:00,194,Completed
9337,2025-05-28 09:42:00,423,Completed
9338,2025-11-26 03:42:00,308,Pending
9339,2026-08-06 10:22:00,260,Completed
9340,2025-05-11 22:38:00,19,Completed
9341,2026-05-15 05:29:00,317,Completed
9342,2026-01-29 11:42:00,428,Completed
9343,2025-06-29 22:29:00,156,Completed
9344,2025-08-20 18:24:00,210,Pending
9345,2026-05-30 14:16:00,368,Completed
9346,2025-01-26 20:34:00,398,Cancelled
9347,2026-01-11 20:11:00,180,Pending
9348,2025-02-26 03:57:00,97,Completed
9349,2026-02-22 15:10:00,336,Cancelled
9350,2026-07-02 05:47:00,153,Completed
9351,2026-02-06 07:41:00,343,Completed
9352,2025-09-30 03:14:00,82,Completed
9353,2025-03-05 07:41:00,400,Pending
9354,2025-07-08 21:32:00,415,Completed
9355,2025-06-10 04:35:00,194,Pending
9356,2025-06-10 16:38:00,241,Completed
9357,2025-09-01 01:58:00,10,Completed
9358,2025-02-01 10:47:00,38,Completed
9359,2025-02-07 22:40:00,233,Pending
9360,2026-04-26 02:55:00,22,Completed
9361,2025-03-17 08:11:00,291,Completed
9362,2026-05-28 07:15:00,345,Pending
9363,2026-06-11 12:02:00,479,Completed
9364,2026-08-05 07:52:00,374,Completed
9365,2025-09-24 01:51:00,123,Pending
9366,2026-01-26 09:08:00,134,Pending
9367,2026-01-13 19:37:00,172,Pending
9368,2025-12-16 18:17:00,136,Completed
9369,2026-06-16 10:24:00,348,Pending
9370,2026-07-17 17:31:00,195,Completed
9371,2026-05-12 10:03:00,26,Pending
9372,2026-07-09 21:18:00,271,Completed
9373,2025-02-18 17:43:00,194,Pending
9374,2025-11-24 16:33:00,349,Cancelled
9375,2026-07-02 12:29:00,326,Pending
9376,2025-07-10 03:32:00,94,Pending
9377,2025-10-15 00:45:00,276,Pending
9378,2026-03-14 00:58:00,172,Completed
9379,2025-06-01 11:51:00,169,Pending
9380,2025-12-11 21:46:00,171,Pending
9381,2025-01-07 04:04:00,97,Completed
9382,2025-01-08 19:34:00,162,Completed
9383,2026-03-12 05:57:00,132,Completed
9384,2025-10-06 09:40:00,37,Completed
9385,2026-02-22 03:48:00,483,Completed
9386,2025-05-02 08:15:00,44,Pending
9387,2026-01-16 21:24:00,32,Completed
9388,2025-08-06 12:05:00,225,Cancelled
9389,2025-06-06 07:23:00,140,Cancelled
9390,2026-06-18 15:37:00,30,Pending
9391,2025-08-14 22:54:00,372,Pending
9392,2025-06-08 11:10:00,428,Completed
9393,2025-08-09 02:18:00,438,Pending
9394,2025-11-02 21:39:00,300,Cancelled
9395,2026-03-29 14:31:00,134,Completed
9396,2025-11-04 07:02:00,135,Completed
9397,2025-02-09 01:24:00,421,Completed
9398,2026-06-13 20:35:00,113,Pending
9399,2026-03-22 08:31:00,297,Completed
9400,2026-08-13 22:05:00,302,Completed
9401,2026-01-09 01:53:00,71,Pending
9402,2026-04-20 05:45:00,356,Completed
9403,2025-10-16 05:31:00,343,Completed
9404,2026-03-10 14:35:00,423,Completed
9405,2026-07-17 19:22:00,159,Completed
9406,2025-07-20 21:04:00,287,Pending
9407,2025-04-09 15:07:00,74,Completed
9408,2025-02-16 03:37:00,161,Completed
9409,2026-05-24 07:26:00,79,Completed
9410,2025-03-08 05:21:00,14,Completed
9411,2025-10-17 09:35:00,217,Pending
9412,2025-08-13 02:01:00,37,Cancelled
9413,2026-06-27 22:15:00,482,Pending
9414,2026-01-22 12:19:00,96,Completed
9415,2026-03-08 07:38:00,29,Pending
9416,2026-05-04 06:31:00,44,Cancelled
9417,2025-05-18 16:58:00,322,Cancelled
9418,2026-04-18 14:09:00,82,Completed
9419,2025-07-04 08:45:00,436,Cancelled
9420,2025-12-02 06:13:00,36,Completed
9421,2026-03-07 08:37:00,101,Pending
9422,2026-06-21 19:00:00,285,Completed
9423,2026-07-04 11:13:00,331,Pending
9424,2025-01-22 01:25:00,492,Cancelled
9425,2025-11-04 11:37:00,430,Completed
9426,2025-04-03 16:24:00,211,Completed
9427,2026-05-28 14:42:00,41,Completed
9428,2026-08-14 08:42:00,264,Completed
9429,2026-03-18 06:53:00,254,Completed
9430,2025-05-16 20:46:00,211,Cancelled
9431,2025-04-29 02:26:00,75,Completed
9432,2025-01-21 00:23:00,38,Completed
9433,2026-02-08 04:00:00,453,Cancelled
9434,2025-06-11 22:00:00,299,Pending
9435,2026-05-12 19:53:00,335,Completed
9436,2026-06-21 20:29:00,136,Completed
9437,2026-02-21 14:28:00,373,Cancelled
9438,2025-08-25 02:51:00,176,Cancelled
9439,2025-02-28 17:33:00,126,Completed
9440,2025-10-11 18:14:00,312,Completed
9441,2025-04-18 20:10:00,219,Pending
9442,2025-01-28 04:19:00,351,Completed
9443,2026-04-09 02:38:00,114,Completed
9444,2026-01-25 10:43:00,117,Completed
9445,2025-11-14 12:56:00,348,Completed
9446,2026-02-08 12:59:00,469,Completed
9447,2025-07-03 09:19:00,76,Completed
9448,2026-07-26 10:14:00,458,Pending
9449,2025-03-19 06:35:00,356,Cancelled
9450,2026-01-27 04:44:00,143,Completed
9451,2025-06-18 18:00:00,436,Cancelled
9452,2026-04-10 01:57:00,366,Completed
9453,2026-06-13 18:34:00,84,Cancelled
9454,2026-04-17 10:49:00,239,Completed
9455,2025-07-11 13:31:00,49,Completed
9456,2025-02-27 03:33:00,415,Completed
9457,2025-06-19 07:11:00,288,Completed
9458,2025-11-01 03:55:00,460,Completed
9459,2025-06-14 16:10:00,164,Pending
9460,2026-05-08 15:48:00,386,Completed
9461,2025-02-15 12:25:00,173,Completed
9462,2025-05-19 10:40:00,144,Pending
9463,2026-04-20 19:27:00,207,Pending
9464,2025-08-03 01:40:00,103,Pending
9465,2025-03-04 22:06:00,11,Completed
9466,2025-02-15 08:49:00,224,Completed
9467,2025-02-09 06:28:00,50,Pending
9468,2025-07-05 01:30:00,244,Pending
9469,2025-10-28 07:05:00,154,Pending
9470,2025-11-01 10:29:00,289,Completed
9471,2025-01-16 00:55:00,51,Cancelled
9472,2026-04-20 10:06:00,187,Pending
9473,2025-11-02 22:43:00,402,Completed
9474,2025-04-27 13:25:00,83,Pending
9475,2025-03-10 15:49:00,294,Pending
9476,2025-01-16 02:28:00,420,Cancelled
9477,2025-02-15 10:19:00,208,Pending
9478,2025-05-05 13:19:00,165,Pending
9479,2025-09-02 01:41:00,59,Cancelled
9480,2025-10-22 14:09:00,40,Pending
9481,2025-05-30 12:07:00,165,Pending
9482,2025-06-21 16:20:00,266,Completed
9483,2026-01-17 15:11:00,305,Pending
9484,2026-04-11 16:08:00,11,Completed
9485,2025-07-26 05:13:00,212,Completed
9486,2025-12-18 10:55:00,51,Pending
9487,2025-06-22 04:47:00,195,Completed
9488,2025-09-27 21:06:00,390,Pending
9489,2025-04-01 07:05:00,391,Pending
9490,2025-06-24 02:20:00,268,Completed
9491,2025-09-30 19:57:00,314,Cancelled
9492,2025-01-23 14:26:00,214,Completed
9493,2025-12-28 08:24:00,389,Completed
9494,2025-12-26 10:51:00,257,Completed
9495,2025-08-04 02:56:00,175,Completed
9496,2026-07-03 11:08:00,170,Pending
9497,2025-03-18 18:08:00,23,Pending
9498,2025-07-21 07:05:00,448,Cancelled
9499,2026-02-18 13:40:00,55,Completed
9500,2026-01-29 02:49:00,383,Completed
9501,2026-08-22 16:59:00,171,Completed
9502,2025-10-07 03:48:00,22,Completed
9503,2026-06-02 13:38:00,238,Completed
9504,2025-10-17 05:12:00,200,Completed
9505,2026-08-21 08:14:00,412,Pending
9506,2025-08-02 04:55:00,187,Completed
9507,2026-01-30 16:30:00,22,Completed
9508,2025-04-07 04:00:00,102,Completed
9509,2026-01-03 17:31:00,266,Completed
9510,2025-07-17 14:28:00,404,Cancelled
9511,2026-04-02 01:34:00,101,Completed
9512,2025-07-29 15:19:00,147,Pending
9513,2025-01-06 11:23:00,24,Pending
9514,2025-05-11 07:30:00,177,Completed
9515,2026-06-21 23:12:00,287,Completed
9516,2026-01-03 20:13:00,435,Pending
9517,2026-04-11 06:26:00,193,Completed
9518,2026-04-27 23:01:00,435,Pending
9519,2025-06-23 02:50:00,333,Pending
9520,2026-07-16 06:13:00,247,Pending
9521,2026-05-27 22:05:00,340,Pending
9522,2026-05-07 19:37:00,250,Completed
9523,2026-05-03 14:07:00,180,Cancelled
9524,2026-05-31 21:24:00,303,Completed
9525,2025-10-08 10:09:00,304,Completed
9526,2025-06-09 18:11:00,33,Pending
9527,2025-06-29 15:51:00,210,Completed
9528,2025-01-12 08:20:00,27,Completed
9529,2025-02-19 11:58:00,271,Completed
9530,2025-01-15 00:01:00,217,Pending
9531,2026-07-31 12:32:00,472,Pending
9532,2025-04-27 02:18:00,451,Pending
9533,2025-12-20 19:08:00,61,Completed
9534,2026-04-14 16:29:00,139,Completed
9535,2025-10-14 15:17:00,330,Completed
9536,2025-12-13 01:43:00,38,Completed
9537,2025-09-17 15:21:00,298,Completed
9538,2025-12-19 09:27:00,354,Pending
9539,2025-09-13 13:25:00,367,Pending
9540,2026-06-05 01:43:00,30,Pending
9541,2026-07-04 19:39:00,160,Cancelled
9542,2026-04-06 08:32:00,483,Completed
9543,2025-09-20 00:00:00,27,Completed
9544,2025-09-08 13:55:00,280,Cancelled
9545,2026-03-08 08:37:00,154,Completed
9546,2025-08-02 10:38:00,395,Pending
9547,2026-05-30 10:26:00,479,Pending
9548,2025-03-30 07:58:00,438,Completed
9549,2025-01-10 09:38:00,28,Completed
9550,2025-10-04 20:47:00,343,Pending
9551,2026-02-13 19:49:00,36,Cancelled
9552,2025-07-06 02:33:00,273,Cancelled
9553,2025-09-11 02:37:00,499,Completed
9554,2025-05-15 12:26:00,197,Completed
9555,2026-07-26 21:27:00,92,Completed
9556,2025-02-18 05:52:00,125,Completed
9557,2025-09-15 16:44:00,339,Completed
9558,2026-02-10 08:31:00,89,Pending
9559,2025-11-25 23:26:00,121,Cancelled
9560,2025-01-13 13:46:00,110,Pending
9561,2026-05-11 02:01:00,271,Completed
9562,2025-09-28 11:37:00,180,Pending
9563,2025-11-16 20:49:00,130,Completed
9564,2025-07-11 06:09:00,491,Pending
9565,2025-10-16 14:37:00,102,Cancelled
9566,2025-03-16 20:36:00,433,Pending
9567,2025-06-29 09:20:00,397,Completed
9568,2025-12-14 11:05:00,20,Completed
9569,2025-06-10 06:07:00,110,Completed
9570,2025-08-12 04:13:00,318,Completed
9571,2025-07-09 20:51:00,272,Completed
9572,2025-04-16 20:41:00,161,Completed
9573,2025-09-29 13:32:00,333,Completed
9574,2025-05-02 09:20:00,48,Completed
9575,2026-08-06 22:12:00,124,Completed
9576,2026-02-04 09:37:00,192,Cancelled
9577,2026-03-23 11:16:00,327,Cancelled
9578,2026-08-17 20:47:00,295,Cancelled
9579,2025-05-05 03:21:00,157,Cancelled
9580,2026-03-06 17:42:00,268,Pending
9581,2026-06-06 16:45:00,494,Completed
9582,2025-06-26 19:12:00,191,Cancelled
9583,2025-11-29 13:51:00,420,Pending
9584,2025-06-20 23:49:00,202,Pending
9585,2025-07-10 08:28:00,104,Cancelled
9586,2026-03-07 03:45:00,165,Cancelled
9587,2025-12-07 18:53:00,403,Completed
9588,2025-12-07 03:30:00,154,Completed
9589,2025-01-27 01:30:00,172,Completed
9590,2025-10-31 02:30:00,18,Cancelled
9591,2025-04-10 02:27:00,192,Completed
9592,2025-12-29 05:59:00,152,Cancelled
9593,2025-06-21 13:46:00,3,Cancelled
9594,2025-09-11 06:51:00,462,Completed
9595,2025-01-18 06:27:00,484,Completed
9596,2025-03-21 06:42:00,279,Cancelled
9597,2026-03-08 13:01:00,102,Completed
9598,2026-03-30 20:54:00,166,Completed
9599,2025-02-12 15:16:00,41,Completed
9600,2026-01-27 09:50:00,411,Cancelled
9601,2025-07-09 17:06:00,265,Pending
9602,2025-10-04 02:36:00,102,Completed
9603,2025-05-01 18:09:00,81,Completed
9604,2025-09-28 01:15:00,131,Completed
9605,2025-06-23 07:53:00,382,Completed
9606,2025-11-24 14:58:00,73,Pending
9607,2026-05-04 20:33:00,424,Completed
9608,2026-01-25 20:17:00,87,Completed
9609,2026-01-08 07:35:00,101,Pending
9610,2026-08-14 17:26:00,30,Cancelled
9611,2026-06-20 12:05:00,63,Cancelled
9612,2026-05-20 00:59:00,93,Completed
9613,2026-04-19 07:45:00,69,Cancelled
9614,2025-05-17 19:57:00,312,Completed
9615,2025-04-12 17:51:00,87,Pending
9616,2026-03-03 03:35:00,336,Pending
9617,2025-08-31 18:27:00,411,Completed
9618,2025-02-23 22:41:00,472,Completed
9619,2026-07-17 17:33:00,430,Completed
9620,2025-01-18 21:39:00,234,Pending
9621,2025-09-16 20:07:00,21,Completed
9622,2025-07-09 00:07:00,366,Completed
9623,2026-08-18 04:23:00,94,Cancelled
9624,2025-07-25 23:27:00,220,Pending
9625,2025-12-19 08:24:00,31,Completed
9626,2026-03-23 17:56:00,233,Pending
9627,2025-10-29 22:42:00,170,Completed
9628,2026-02-28 12:40:00,480,Completed
9629,2025-09-02 20:38:00,87,Completed
9630,2025-02-24 21:38:00,123,Pending
9631,2026-02-09 00:11:00,355,Pending
9632,2025-11-01 00:02:00,97,Pending
9633,2026-04-02 19:22:00,80,Completed
9634,2025-12-01 14:41:00,329,Pending
9635,2026-05-29 22:38:00,288,Completed
9636,2025-09-29 09:55:00,139,Completed
9637,2025-03-26 00:05:00,444,Completed
9638,2026-07-07 01:08:00,428,Pending
9639,2026-01-11 01:46:00,372,Cancelled
9640,2025-08-10 21:58:00,231,Completed
9641,2025-07-10 07:01:00,437,Pending
9642,2025-09-06 03:59:00,265,Pending
9643,2025-03-18 22:56:00,64,Completed
9644,2026-03-22 00:32:00,84,Completed
9645,2026-05-15 09:37:00,356,Pending
9646,2025-10-17 21:42:00,211,Pending
9647,2025-09-13 13:29:00,91,Pending
9648,2025-10-31 14:47:00,405,Pending
9649,2025-01-30 14:52:00,41,Completed
9650,2026-02-23 16:50:00,469,Completed
9651,2025-10-11 05:51:00,29,Completed
9652,2025-12-16 07:30:00,326,Pending
9653,2025-10-28 00:00:00,8,Pending
9654,2025-10-22 10:25:00,291,Pending
9655,2026-03-11 13:58:00,247,Completed
9656,2025-10-09 00:05:00,316,Pending
9657,2025-08-04 10:26:00,343,Completed
9658,2026-07-03 15:30:00,201,Cancelled
9659,2025-10-31 00:11:00,422,Completed
9660,2025-03-06 12:00:00,350,Completed
9661,2026-08-23 18:31:00,197,Completed
9662,2025-10-19 19:43:00,299,Cancelled
9663,2025-12-18 02:19:00,81,Completed
9664,2026-03-21 06:54:00,131,Pending
9665,2025-02-23 22:36:00,12,Completed
9666,2025-03-08 15:30:00,442,Pending
9667,2025-10-16 18:51:00,272,Completed
9668,2026-03-21 00:53:00,462,Completed
9669,2025-09-12 01:03:00,285,Completed
9670,2025-12-25 12:17:00,33,Completed
9671,2026-05-10 00:03:00,12,Pending
9672,2026-08-01 15:43:00,490,Completed
9673,2025-07-12 05:56:00,77,Completed
9674,2026-05-17 09:32:00,423,Pending
9675,2025-03-12 07:25:00,397,Completed
9676,2025-09-03 19:58:00,237,Completed
9677,2025-07-15 22:21:00,421,Completed
9678,2026-03-24 12:41:00,15,Completed
9679,2025-01-01 20:42:00,491,Completed
9680,2025-07-29 09:34:00,471,Completed
9681,2025-04-22 17:13:00,445,Cancelled
9682,2025-06-25 22:51:00,498,Pending
9683,2026-01-07 01:28:00,275,Cancelled
9684,2026-03-29 00:20:00,226,Pending
9685,2025-09-21 01:35:00,293,Pending
9686,2025-09-10 14:10:00,377,Cancelled
9687,2025-11-12 08:29:00,72,Completed
9688,2025-06-26 00:31:00,317,Completed
9689,2026-02-01 10:52:00,407,Pending
9690,2026-07-09 09:28:00,138,Completed
9691,2025-06-02 07:47:00,81,Cancelled
9692,2026-02-16 16:03:00,297,Pending
9693,2026-01-28 00:10:00,148,Pending
9694,2025-04-17 15:05:00,58,Pending
9695,2026-08-23 06:25:00,446,Completed
9696,2026-07-26 07:26:00,347,Completed
9697,2025-11-24 02:05:00,159,Completed
9698,2026-01-17 18:58:00,8,Completed
9699,2025-05-31 02:29:00,93,Pending
9700,2025-05-11 01:20:00,407,Completed
9701,2026-04-30 10:00:00,398,Completed
9702,2026-07-31 14:04:00,14,Completed
9703,2025-10-19 22:24:00,417,Completed
9704,2025-10-22 14:10:00,260,Completed
9705,2025-09-01 12:44:00,372,Completed
9706,2026-07-18 18:21:00,288,Cancelled
9707,2026-04-27 21:07:00,165,Completed
9708,2025-01-26 13:19:00,174,Pending
9709,2025-02-10 01:31:00,389,Completed
9710,2026-07-05 16:50:00,440,Pending
9711,2025-04-15 09:58:00,76,Completed
9712,2026-01-12 13:09:00,267,Pending
9713,2026-03-21 17:16:00,213,Pending
9714,2026-05-23 13:25:00,41,Cancelled
9715,2025-03-12 13:03:00,178,Completed
9716,2026-02-11 19:11:00,222,Completed
9717,2025-12-15 04:39:00,115,Pending
9718,2025-04-12 20:57:00,369,Completed
9719,2025-04-20 01:08:00,362,Completed
9720,2026-02-01 05:24:00,72,Pending
9721,2025-09-21 22:18:00,98,Cancelled
9722,2025-02-18 19:03:00,321,Pending
9723,2026-01-23 21:35:00,313,Completed
9724,2025-12-07 12:44:00,32,Completed
9725,2025-04-09 06:23:00,385,Completed
9726,2025-07-01 00:03:00,216,Pending
9727,2025-04-27 08:51:00,233,Completed
9728,2025-12-21 22:11:00,474,Pending
9729,2026-06-25 11:05:00,26,Pending
9730,2026-04-18 20:33:00,462,Completed
9731,2025-06-30 03:48:00,467,Pending
9732,2025-07-29 12:37:00,249,Completed
9733,2026-04-06 10:55:00,500,Pending
9734,2026-06-06 19:22:00,274,Completed
9735,2025-08-01 21:18:00,54,Pending
9736,2025-11-22 05:16:00,349,Pending
9737,2025-06-02 14:22:00,44,Pending
9738,2025-01-01 11:03:00,423,Pending
9739,2026-02-15 18:40:00,128,Completed
9740,2026-07-10 18:02:00,154,Completed
9741,2025-04-12 23:09:00,400,Completed
9742,2025-08-01 16:17:00,47,Completed
9743,2025-09-17 01:51:00,35,Cancelled
9744,2025-04-05 05:09:00,455,Pending
9745,2026-08-23 08:14:00,317,Cancelled
9746,2026-04-17 02:30:00,118,Completed
9747,2026-04-16 06:08:00,182,Pending
9748,2026-06-03 02:45:00,24,Pending
9749,2025-12-09 10:07:00,91,Cancelled
9750,2025-08-22 06:58:00,140,Completed
9751,2026-01-29 15:42:00,415,Completed
9752,2026-01-08 13:02:00,442,Completed
9753,2025-07-28 19:15:00,83,Completed
9754,2025-06-30 21:27:00,372,Completed
9755,2025-04-08 11:27:00,315,Cancelled
9756,2025-11-13 19:00:00,166,Completed
9757,2026-04-05 19:28:00,151,Completed
9758,2025-05-15 19:29:00,349,Cancelled
9759,2025-02-14 22:05:00,371,Completed
9760,2026-06-11 18:28:00,27,Completed
9761,2025-04-23 22:46:00,366,Completed
9762,2025-08-16 16:07:00,235,Pending
9763,2026-07-31 12:34:00,359,Pending
9764,2026-02-05 03:57:00,464,Completed
9765,2026-01-11 09:17:00,269,Pending
9766,2026-02-18 19:37:00,45,Completed
9767,2025-09-14 04:54:00,378,Completed
9768,2025-09-03 17:16:00,125,Pending
9769,2025-08-09 16:36:00,213,Pending
9770,2026-06-01 14:59:00,100,Completed
9771,2025-08-26 23:10:00,330,Pending
9772,2025-01-23 23:50:00,489,Completed
9773,2025-04-10 21:21:00,252,Completed
9774,2026-02-09 17:38:00,499,Completed
9775,2026-04-15 19:52:00,483,Completed
9776,2026-08-04 10:47:00,138,Completed
9777,2026-02-28 11:40:00,274,Cancelled
9778,2026-01-28 21:31:00,353,Completed
9779,2025-08-22 16:41:00,177,Completed
9780,2025-08-30 17:43:00,184,Completed
9781,2025-04-04 22:59:00,288,Completed
9782,2026-07-04 16:17:00,30,Completed
9783,2026-08-23 12:53:00,238,Completed
9784,2025-10-08 11:39:00,269,Pending
9785,2025-03-25 10:04:00,390,Pending
9786,2025-06-13 13:53:00,393,Completed
9787,2025-08-20 16:22:00,312,Completed
9788,2026-01-18 05:58:00,34,Completed
9789,2025-05-03 20:38:00,153,Cancelled
9790,2026-03-18 21:31:00,161,Completed
9791,2025-07-09 20:23:00,212,Pending
9792,2026-03-05 07:24:00,484,Completed
9793,2025-01-26 02:03:00,438,Cancelled
9794,2025-07-23 06:32:00,440,Completed
9795,2026-07-27 21:25:00,34,Completed
9796,2025-02-21 05:16:00,34,Completed
9797,2025-05-18 16:00:00,225,Completed
9798,2026-03-01 17:01:00,271,Completed
9799,2026-01-05 13:03:00,498,Completed
9800,2026-01-22 09:23:00,464,Completed
9801,2026-03-31 02:29:00,386,Completed
9802,2025-06-04 15:02:00,376,Completed
9803,2025-10-18 03:00:00,373,Completed
9804,2025-06-07 02:12:00,488,Completed
9805,2026-08-24 03:15:00,65,Pending
9806,2026-08-02 04:33:00,405,Completed
9807,2025-09-06 04:25:00,485,Pending
9808,2025-12-11 04:52:00,500,Completed
9809,2025-09-06 13:04:00,336,Pending
9810,2025-06-14 06:20:00,431,Completed
9811,2025-02-03 02:31:00,245,Cancelled
9812,2025-01-24 22:31:00,51,Completed
9813,2025-12-03 06:19:00,89,Pending
9814,2025-11-26 02:46:00,458,Completed
9815,2026-05-19 04:57:00,305,Cancelled
9816,2026-05-26 01:42:00,127,Pending
9817,2026-08-14 01:27:00,44,Pending
9818,2026-04-25 01:12:00,319,Pending
9819,2025-07-22 15:23:00,18,Completed
9820,2025-11-17 20:38:00,98,Completed
9821,2026-06-15 18:51:00,193,Completed
9822,2026-08-15 23:51:00,264,Completed
9823,2025-01-27 15:35:00,445,Completed
9824,2025-02-20 07:40:00,481,Completed
9825,2025-08-27 05:14:00,427,Pending
9826,2026-01-09 19:15:00,449,Pending
9827,2026-03-30 20:56:00,264,Completed
9828,2026-05-08 15:51:00,189,Completed
9829,2026-02-20 09:27:00,477,Completed
9830,2026-06-02 07:29:00,56,Pending
9831,2025-02-09 02:54:00,35,Cancelled
9832,2025-04-21 20:09:00,9,Completed
9833,2025-10-05 14:25:00,116,Completed
9834,2026-01-06 14:34:00,474,Cancelled
9835,2025-12-12 10:41:00,170,Completed
9836,2025-01-25 18:04:00,445,Completed
9837,2025-08-11 09:07:00,382,Completed
9838,2025-12-24 01:53:00,101,Completed
9839,2026-07-22 04:12:00,281,Completed
9840,2026-05-30 10:56:00,434,Completed
9841,2025-01-22 01:14:00,331,Pending
9842,2025-05-29 08:12:00,364,Completed
9843,2025-08-30 16:47:00,109,Completed
9844,2026-05-31 00:52:00,446,Completed
9845,2025-07-05 06:40:00,404,Pending
9846,2025-06-30 12:07:00,204,Completed
9847,2025-08-14 23:48:00,333,Completed
9848,2025-03-10 17:17:00,36,Completed
9849,2025-06-05 00:28:00,238,Completed
9850,2025-04-30 20:30:00,335,Completed
9851,2025-04-28 19:00:00,455,Completed
9852,2025-01-03 16:12:00,169,Pending
9853,2025-01-11 13:25:00,42,Cancelled
9854,2026-06-26 21:31:00,95,Pending
9855,2025-03-30 18:07:00,185,Pending
9856,2025-07-28 19:17:00,242,Pending
9857,2026-05-02 10:22:00,107,Completed
9858,2026-05-11 03:47:00,126,Pending
9859,2025-08-15 20:00:00,183,Completed
9860,2025-11-12 02:44:00,81,Completed
9861,2025-03-18 11:46:00,326,Cancelled
9862,2026-05-22 20:03:00,323,Completed
9863,2026-01-31 12:51:00,118,Completed
9864,2025-08-16 20:54:00,344,Pending
9865,2025-09-05 05:31:00,95,Completed
9866,2025-12-03 08:48:00,223,Pending
9867,2025-09-01 10:03:00,200,Completed
9868,2025-10-25 01:35:00,195,Completed
9869,2025-03-07 03:08:00,429,Completed
9870,2026-02-06 11:14:00,221,Completed
9871,2025-11-30 12:07:00,120,Completed
9872,2026-05-02 17:32:00,270,Pending
9873,2025-03-17 20:24:00,364,Completed
9874,2025-03-19 22:52:00,311,Completed
9875,2025-05-05 12:14:00,144,Completed
9876,2026-06-28 17:18:00,186,Completed
9877,2026-06-23 22:34:00,29,Completed
9878,2025-10-14 02:32:00,345,Completed
9879,2025-04-03 13:01:00,141,Pending
9880,2025-05-10 16:12:00,12,Completed
9881,2026-01-28 20:10:00,290,Completed
9882,2025-08-16 10:59:00,489,Completed
9883,2025-10-22 21:55:00,19,Completed
9884,2025-07-06 11:30:00,136,Completed
9885,2025-05-05 10:01:00,318,Completed
9886,2025-12-07 14:47:00,344,Completed
9887,2026-02-05 05:22:00,492,Completed
9888,2025-10-04 05:38:00,6,Completed
9889,2025-05-08 05:14:00,59,Completed
9890,2026-05-13 09:45:00,61,Cancelled
9891,2026-03-14 01:59:00,306,Completed
9892,2025-10-04 09:30:00,15,Completed
9893,2026-02-16 11:47:00,150,Completed
9894,2026-02-22 11:47:00,329,Cancelled
9895,2025-01-17 15:48:00,299,Completed
9896,2025-04-06 20:43:00,53,Pending
9897,2025-03-29 22:52:00,223,Completed
9898,2026-06-20 11:15:00,452,Completed
9899,2025-04-21 06:10:00,107,Completed
9900,2026-01-24 00:01:00,385,Completed
9901,2025-09-18 17:44:00,461,Pending
9902,2025-01-08 16:04:00,340,Pending
9903,2026-06-08 19:08:00,451,Cancelled
9904,2026-07-31 01:46:00,348,Pending
9905,2026-03-09 07:59:00,63,Cancelled
9906,2025-07-03 12:12:00,414,Cancelled
9907,2025-04-10 09:53:00,300,Cancelled
9908,2025-05-22 08:26:00,82,Cancelled
9909,2026-04-09 12:22:00,61,Pending
9910,2025-10-26 22:56:00,15,Completed
9911,2026-06-02 15:58:00,12,Completed
9912,2026-03-23 23:09:00,295,Completed
9913,2025-12-30 04:20:00,122,Completed
9914,2026-06-15 22:55:00,497,Completed
9915,2025-12-26 11:01:00,235,Completed
9916,2025-08-08 21:13:00,390,Pending
9917,2025-12-24 09:41:00,32,Completed
9918,2025-10-19 21:29:00,205,Completed
9919,2025-04-01 07:24:00,136,Cancelled
9920,2026-01-03 13:43:00,197,Completed
9921,2025-03-12 18:16:00,238,Completed
9922,2025-04-22 10:06:00,235,Completed
9923,2025-05-11 12:19:00,341,Completed
9924,2026-06-08 01:31:00,266,Completed
9925,2025-12-06 09:45:00,223,Completed
9926,2025-11-09 21:21:00,416,Completed
9927,2025-05-28 14:57:00,289,Cancelled
9928,2026-01-22 22:27:00,153,Completed
9929,2025-09-26 15:41:00,326,Completed
9930,2025-03-25 13:35:00,145,Completed
9931,2025-07-16 11:27:00,130,Pending
9932,2025-05-06 00:30:00,172,Pending
9933,2026-08-15 13:27:00,200,Completed
9934,2025-02-04 23:11:00,260,Completed
9935,2025-03-16 16:16:00,267,Cancelled
9936,2025-06-21 23:50:00,312,Cancelled
9937,2026-05-18 22:56:00,182,Pending
9938,2026-07-28 02:20:00,111,Cancelled
9939,2026-05-18 20:01:00,187,Completed
9940,2026-05-09 02:38:00,246,Completed
9941,2025-01-15 21:25:00,20,Completed
9942,2025-03-06 15:45:00,289,Pending
9943,2026-01-13 12:21:00,339,Pending
9944,2026-01-20 12:42:00,137,Completed
9945,2025-07-13 03:34:00,220,Pending
9946,2026-06-03 06:43:00,298,Completed
9947,2026-07-07 21:05:00,50,Completed
9948,2025-03-23 04:10:00,480,Pending
9949,2025-05-12 13:39:00,17,Cancelled
9950,2025-10-11 11:45:00,465,Completed
9951,2026-01-28 12:59:00,187,Pending
9952,2026-03-10 11:37:00,431,Completed
9953,2025-03-15 12:07:00,262,Pending
9954,2026-03-04 04:38:00,154,Completed
9955,2025-03-25 07:21:00,22,Completed
9956,2025-12-12 07:07:00,339,Completed
9957,2025-03-27 00:24:00,286,Pending
9958,2025-02-07 22:18:00,20,Cancelled
9959,2026-06-24 21:03:00,167,Completed
9960,2026-02-02 07:05:00,171,Cancelled
9961,2025-11-07 17:31:00,343,Completed
9962,2025-07-30 22:14:00,35,Completed
9963,2025-07-27 19:44:00,455,Cancelled
9964,2026-03-29 18:03:00,255,Cancelled
9965,2026-04-12 05:56:00,487,Pending
9966,2025-05-13 01:11:00,147,Pending
9967,2026-02-07 18:28:00,385,Completed
9968,2025-03-17 20:29:00,260,Completed
9969,2025-02-24 12:01:00,326,Completed
9970,2025-04-13 23:59:00,13,Cancelled
9971,2025-06-24 16:02:00,95,Pending
9972,2026-05-29 11:40:00,335,Completed
9973,2025-06-19 14:07:00,163,Pending
9974,2025-08-18 13:04:00,155,Pending
9975,2025-11-27 20:01:00,64,Pending
9976,2025-08-01 04:44:00,101,Completed
9977,2026-02-14 01:48:00,488,Cancelled
9978,2025-11-15 05:59:00,183,Pending
9979,2026-02-27 15:12:00,26,Completed
9980,2025-01-18 15:22:00,87,Pending
9981,2026-05-17 12:18:00,35,Pending
9982,2025-11-03 22:56:00,298,Completed
9983,2025-01-04 12:45:00,94,Completed
9984,2026-04-21 08:39:00,397,Pending
9985,2025-12-05 08:48:00,229,Completed
9986,2025-06-24 17:23:00,240,Completed
9987,2025-08-11 20:47:00,85,Pending
9988,2025-07-12 18:37:00,306,Completed
9989,2025-03-09 13:20:00,312,Completed
9990,2025-12-02 04:02:00,114,Completed
9991,2026-01-26 20:50:00,396,Pending
9992,2025-01-05 15:35:00,451,Pending
9993,2026-03-07 02:26:00,254,Pending
9994,2025-05-29 02:04:00,238,Pending
9995,2025-08-10 16:42:00,3,Cancelled
9996,2025-02-28 13:54:00,13,Pending
9997,2026-02-07 22:29:00,241,Cancelled
9998,2026-03-20 03:33:00,105,Completed
9999,2025-10-06 05:38:00,238,Pending
10000,2025-05-12 01:16:00,310,Completed
10001,2025-06-22 19:38:00,282,Completed
10002,2025-09-28 11:03:00,387,Completed
10003,2025-01-27 07:00:00,159,Completed
10004,2026-06-03 11:46:00,169,Completed
10005,2025-03-24 13:10:00,18,Pending
10006,2025-08-21 01:20:00,278,Pending
10007,2026-08-06 10:24:00,163,Completed
10008,2026-01-26 13:03:00,122,Completed
10009,2025-09-12 22:49:00,281,Completed
10010,2026-01-18 06:37:00,485,Pending
10011,2026-06-16 01:58:00,40,Completed
10012,2025-09-14 01:13:00,128,Cancelled
10013,2026-03-29 20:07:00,10,Pending
10014,2025-08-09 16:01:00,455,Completed
10015,2025-10-16 16:12:00,206,Pending
10016,2026-02-01 16:27:00,342,Pending
10017,2026-01-27 07:02:00,442,Completed
10018,2025-04-21 06:26:00,188,Completed
10019,2025-06-21 19:21:00,152,Completed
10020,2025-11-15 18:20:00,490,Pending
10021,2025-09-11 20:07:00,45,Completed
10022,2025-03-12 00:45:00,357,Completed
10023,2026-06-04 20:03:00,196,Completed
10024,2025-08-16 20:12:00,438,Completed
10025,2026-06-18 10:59:00,258,Completed
10026,2026-04-22 23:32:00,423,Cancelled
10027,2025-07-09 23:53:00,48,Cancelled
10028,2026-07-07 20:51:00,389,Cancelled
10029,2026-08-08 19:39:00,95,Completed
10030,2025-03-25 15:25:00,3,Completed
10031,2025-01-11 00:06:00,100,Completed
10032,2025-10-08 13:01:00,233,Pending
10033,2026-06-19 10:13:00,201,Pending
10034,2025-03-21 07:01:00,143,Completed
10035,2025-03-21 04:08:00,227,Pending
10036,2025-09-17 12:52:00,281,Pending
10037,2026-06-27 23:49:00,499,Completed
10038,2026-07-22 02:39:00,189,Cancelled
10039,2025-08-02 20:32:00,419,Completed
10040,2025-01-26 21:19:00,232,Completed
10041,2025-02-26 18:11:00,36,Cancelled
10042,2026-05-06 13:34:00,97,Completed
10043,2025-01-29 00:20:00,439,Pending
10044,2025-01-13 20:51:00,290,Completed
10045,2025-10-25 21:22:00,42,Cancelled
10046,2025-12-21 03:15:00,424,Completed
10047,2025-05-26 16:49:00,218,Pending
10048,2025-05-29 18:56:00,265,Pending
10049,2025-11-11 07:42:00,189,Completed
10050,2025-09-08 02:05:00,250,Cancelled
10051,2026-07-15 08:24:00,157,Completed
10052,2025-02-18 16:08:00,101,Pending
10053,2025-10-02 01:31:00,123,Pending
10054,2026-07-18 19:24:00,358,Cancelled
10055,2026-07-03 06:34:00,10,Cancelled
10056,2025-10-10 04:56:00,258,Cancelled
10057,2025-08-29 07:41:00,347,Cancelled
10058,2025-01-28 17:54:00,188,Completed
10059,2025-12-21 18:10:00,5,Completed
10060,2025-10-04 00:27:00,135,Pending
10061,2025-03-16 12:42:00,414,Cancelled
10062,2026-02-19 16:33:00,456,Completed
10063,2025-09-15 19:30:00,303,Completed
10064,2025-11-03 04:03:00,128,Pending
10065,2026-02-26 16:01:00,36,Completed
10066,2025-02-17 21:56:00,72,Cancelled
10067,2025-02-09 15:12:00,64,Completed
10068,2026-01-26 11:12:00,397,Completed
10069,2025-11-10 18:51:00,271,Completed
10070,2026-01-15 06:18:00,18,Completed
10071,2025-08-22 21:26:00,370,Pending
10072,2026-01-08 14:19:00,145,Completed
10073,2026-03-28 12:57:00,482,Completed
10074,2026-06-13 21:18:00,16,Completed
10075,2026-06-20 11:43:00,315,Pending
10076,2025-07-09 15:09:00,226,Completed
10077,2026-02-21 17:10:00,471,Cancelled
10078,2025-08-26 22:12:00,211,Completed
10079,2026-05-09 06:05:00,256,Completed
10080,2026-06-27 23:07:00,74,Pending
10081,2025-08-01 10:07:00,42,Completed
10082,2025-01-07 11:05:00,166,Completed
10083,2025-03-22 23:56:00,454,Completed
10084,2025-04-10 12:01:00,24,Pending
10085,2025-03-31 00:03:00,1,Completed
10086,2026-08-09 03:25:00,314,Completed
10087,2025-11-18 23:59:00,309,Completed
10088,2026-08-19 16:23:00,400,Completed
10089,2025-06-01 19:56:00,147,Pending
10090,2025-09-27 05:37:00,295,Completed
10091,2026-04-13 10:24:00,475,Pending
10092,2025-04-20 03:11:00,414,Completed
10093,2025-12-31 14:51:00,135,Completed
10094,2025-12-05 00:59:00,480,Cancelled
10095,2025-05-16 08:17:00,427,Cancelled
10096,2026-05-10 20:51:00,174,Completed
10097,2025-08-30 17:50:00,359,Completed
10098,2026-03-14 15:41:00,176,Completed
10099,2025-12-11 21:55:00,367,Completed
10100,2025-02-28 19:44:00,406,Completed
10101,2025-05-20 16:01:00,71,Completed
10102,2026-02-26 08:45:00,36,Completed
10103,2025-06-03 14:37:00,172,Completed
10104,2025-03-04 19:01:00,485,Pending
10105,2025-12-19 23:19:00,13,Completed
10106,2025-08-05 22:41:00,231,Pending
10107,2025-04-23 08:17:00,257,Completed
10108,2025-03-16 00:20:00,387,Pending
10109,2026-05-25 23:15:00,132,Cancelled
10110,2026-08-02 17:53:00,233,Completed
10111,2025-09-08 10:39:00,237,Completed
10112,2026-02-11 00:51:00,472,Completed
10113,2025-01-23 04:23:00,23,Cancelled
10114,2025-03-18 16:50:00,188,Completed
10115,2025-08-30 11:15:00,107,Completed
10116,2026-03-25 14:23:00,218,Completed
10117,2025-06-07 11:19:00,96,Completed
10118,2026-03-03 18:23:00,363,Completed
10119,2025-04-03 20:32:00,18,Completed
10120,2026-02-06 11:59:00,456,Pending
10121,2025-07-12 13:37:00,387,Pending
10122,2025-11-06 07:03:00,22,Completed
10123,2026-04-07 02:22:00,227,Completed
10124,2026-07-13 18:54:00,37,Completed
10125,2026-02-24 08:48:00,468,Completed
10126,2026-04-13 09:54:00,90,Completed
10127,2025-09-09 08:58:00,36,Completed
10128,2026-07-04 13:59:00,116,Completed
10129,2026-04-11 06:35:00,89,Cancelled
10130,2025-06-10 03:28:00,94,Pending
10131,2026-04-08 08:06:00,390,Completed
10132,2026-06-06 16:14:00,88,Cancelled
10133,2025-05-11 15:31:00,482,Pending
10134,2025-03-19 20:43:00,138,Completed
10135,2026-02-25 17:44:00,329,Cancelled
10136,2025-05-12 08:13:00,343,Pending
10137,2025-04-24 14:05:00,273,Pending
10138,2026-05-27 19:20:00,99,Completed
10139,2025-12-23 08:11:00,416,Completed
10140,2025-05-20 03:19:00,94,Pending
10141,2026-03-26 01:37:00,150,Cancelled
10142,2026-06-03 09:20:00,250,Pending
10143,2025-03-06 05:48:00,48,Pending
10144,2026-04-25 07:32:00,272,Pending
10145,2025-03-10 04:54:00,366,Completed
10146,2026-06-22 10:57:00,231,Completed
10147,2025-01-04 07:26:00,450,Pending
10148,2025-11-22 11:20:00,101,Cancelled
10149,2025-12-25 16:08:00,370,Completed
10150,2025-10-26 07:54:00,9,Completed
10151,2026-04-29 18:17:00,467,Completed
10152,2025-08-15 11:04:00,355,Completed
10153,2026-06-05 12:49:00,377,Cancelled
10154,2026-02-17 09:00:00,412,Completed
10155,2026-07-18 11:51:00,263,Cancelled
10156,2025-08-20 20:52:00,310,Completed
10157,2026-02-25 18:09:00,387,Completed
10158,2025-07-19 06:16:00,141,Pending
10159,2026-02-09 21:33:00,333,Completed
10160,2026-02-17 15:41:00,152,Pending
10161,2025-12-30 07:04:00,430,Pending
10162,2025-07-20 07:28:00,200,Completed
10163,2025-09-27 22:37:00,466,Completed
10164,2025-08-29 07:47:00,194,Pending
10165,2026-01-18 15:32:00,69,Cancelled
10166,2025-02-11 10:48:00,426,Pending
10167,2025-12-12 13:01:00,195,Pending
10168,2025-09-26 00:45:00,458,Cancelled
10169,2026-02-20 21:41:00,209,Completed
10170,2025-08-05 12:36:00,248,Completed
10171,2025-12-24 15:23:00,340,Completed
10172,2026-05-18 02:08:00,102,Cancelled
10173,2025-03-18 15:54:00,339,Cancelled
10174,2025-09-05 15:14:00,106,Completed
10175,2025-01-24 13:05:00,270,Cancelled
10176,2026-06-28 17:59:00,73,Completed
10177,2026-06-12 19:16:00,333,Completed
10178,2025-12-07 06:16:00,264,Pending
10179,2026-08-18 10:22:00,154,Completed
10180,2025-12-27 02:55:00,16,Completed
10181,2026-06-18 14:06:00,340,Pending
10182,2026-06-09 18:15:00,69,Completed
10183,2026-08-18 20:24:00,112,Pending
10184,2026-04-25 23:00:00,367,Pending
10185,2026-06-25 21:02:00,30,Completed
10186,2025-03-25 16:09:00,50,Pending
10187,2026-04-10 01:54:00,496,Completed
10188,2025-02-13 19:29:00,13,Completed
10189,2025-01-17 03:13:00,202,Completed
10190,2026-03-24 06:45:00,307,Completed
10191,2025-08-01 02:48:00,152,Cancelled
10192,2025-06-08 15:33:00,271,Completed
10193,2026-07-09 23:19:00,413,Completed
10194,2025-09-11 14:27:00,472,Completed
10195,2026-05-25 02:49:00,358,Pending
10196,2025-07-11 03:19:00,407,Pending
10197,2025-06-29 05:38:00,437,Completed
10198,2025-12-24 18:58:00,247,Completed
10199,2026-02-12 08:06:00,195,Cancelled
10200,2026-01-17 21:51:00,145,Pending
10201,2025-11-11 15:46:00,362,Completed
10202,2025-06-10 19:56:00,155,Cancelled
10203,2025-01-29 10:16:00,85,Completed
10204,2026-04-21 22:07:00,161,Completed
10205,2025-04-10 18:29:00,444,Completed
10206,2025-08-28 19:53:00,80,Completed
10207,2025-05-24 01:42:00,198,Completed
10208,2025-07-23 09:22:00,103,Completed
10209,2026-07-26 21:38:00,113,Pending
10210,2026-07-02 01:45:00,256,Pending
10211,2026-04-22 10:51:00,332,Completed
10212,2026-07-10 11:43:00,12,Pending
10213,2026-07-16 04:57:00,77,Completed
10214,2025-01-03 05:37:00,164,Cancelled
10215,2025-10-12 06:27:00,466,Cancelled
10216,2025-11-26 23:14:00,393,Completed
10217,2026-02-14 23:47:00,464,Pending
10218,2026-08-21 21:35:00,116,Completed
10219,2025-08-17 22:05:00,59,Completed
10220,2025-06-09 02:11:00,54,Pending
10221,2025-10-29 17:27:00,162,Completed
10222,2025-01-24 19:36:00,487,Completed
10223,2026-05-26 01:46:00,422,Cancelled
10224,2026-02-07 04:33:00,121,Completed
10225,2026-08-02 11:25:00,445,Cancelled
10226,2025-11-03 13:21:00,242,Completed
10227,2025-01-16 16:31:00,69,Completed
10228,2026-05-21 09:30:00,416,Completed
10229,2026-01-16 19:48:00,264,Pending
10230,2025-02-23 20:01:00,55,Cancelled
10231,2026-08-20 17:11:00,358,Pending
10232,2025-01-07 13:10:00,74,Completed
10233,2025-06-12 21:11:00,458,Completed
10234,2025-09-24 08:14:00,182,Completed
10235,2026-08-05 01:11:00,472,Completed
10236,2025-05-20 15:34:00,479,Pending
10237,2026-01-19 04:28:00,222,Pending
10238,2026-01-27 18:21:00,454,Completed
10239,2025-01-28 19:03:00,407,Pending
10240,2026-08-19 08:55:00,95,Completed
10241,2025-05-23 11:55:00,302,Cancelled
10242,2026-06-10 01:03:00,144,Pending
10243,2026-06-03 21:06:00,343,Cancelled
10244,2025-03-19 09:47:00,175,Completed
10245,2025-03-24 01:33:00,490,Completed
10246,2025-04-06 23:51:00,364,Completed
10247,2026-05-15 17:15:00,428,Completed
10248,2025-03-06 09:55:00,56,Completed
10249,2025-09-18 13:13:00,245,Completed
10250,2026-02-16 23:58:00,497,Pending
10251,2026-07-12 13:04:00,359,Completed
10252,2025-03-21 05:37:00,458,Completed
10253,2025-05-19 20:17:00,101,Cancelled
10254,2026-07-25 04:05:00,437,Pending
10255,2025-08-04 09:58:00,227,Completed
10256,2025-05-16 19:49:00,173,Pending
10257,2026-08-16 10:01:00,27,Completed
10258,2025-06-21 15:52:00,119,Completed
10259,2025-12-10 22:10:00,207,Cancelled
10260,2025-05-01 22:54:00,353,Pending
10261,2026-02-22 20:51:00,443,Completed
10262,2025-01-26 23:11:00,253,Completed
10263,2025-05-23 03:06:00,489,Completed
10264,2026-04-06 10:54:00,81,Cancelled
10265,2026-06-29 12:23:00,263,Cancelled
10266,2026-07-24 03:09:00,349,Pending
10267,2025-01-14 04:34:00,369,Cancelled
10268,2026-03-16 19:30:00,410,Completed
10269,2025-11-24 20:31:00,82,Completed
10270,2025-08-22 13:44:00,413,Completed
10271,2026-07-12 20:21:00,279,Completed
10272,2025-03-10 09:26:00,384,Completed
10273,2025-11-28 13:39:00,318,Completed
10274,2026-07-20 19:13:00,467,Cancelled
10275,2025-10-23 15:01:00,42,Completed
10276,2025-09-15 17:41:00,371,Completed
10277,2026-06-01 08:18:00,39,Completed
10278,2026-04-07 03:58:00,482,Completed
10279,2026-01-01 03:23:00,486,Completed
10280,2025-05-31 20:22:00,494,Cancelled
10281,2026-07-28 18:52:00,268,Completed
10282,2026-05-03 02:35:00,385,Completed
10283,2026-03-19 01:10:00,383,Cancelled
10284,2025-04-17 07:27:00,143,Completed
10285,2025-05-01 13:44:00,36,Completed
10286,2025-09-17 11:54:00,61,Completed
10287,2026-01-10 10:01:00,454,Completed
10288,2026-01-23 12:09:00,96,Pending
10289,2026-05-23 16:36:00,163,Completed
10290,2025-03-01 04:48:00,140,Pending
10291,2026-02-18 20:04:00,153,Pending
10292,2026-04-18 22:14:00,173,Completed
10293,2025-09-01 16:38:00,339,Pending
10294,2025-07-13 01:25:00,262,Pending
10295,2025-11-03 21:26:00,181,Completed
10296,2025-04-18 19:53:00,72,Pending
10297,2025-02-20 18:53:00,142,Completed
10298,2026-03-18 07:27:00,190,Completed
10299,2026-06-16 03:43:00,104,Cancelled
10300,2025-10-25 14:45:00,195,Completed
10301,2026-02-24 21:43:00,203,Completed
10302,2026-07-06 23:50:00,440,Cancelled
10303,2025-06-06 12:10:00,166,Completed
10304,2025-06-04 14:19:00,449,Completed
10305,2025-04-20 23:03:00,357,Completed
10306,2025-04-18 15:29:00,12,Completed
10307,2025-07-05 02:16:00,298,Completed
10308,2025-01-28 07:17:00,172,Completed
10309,2026-08-10 00:03:00,304,Cancelled
10310,2025-03-25 09:49:00,291,Pending
10311,2025-08-24 22:24:00,452,Completed
10312,2026-08-11 16:36:00,254,Completed
10313,2026-05-31 00:57:00,86,Completed
10314,2026-03-09 00:41:00,94,Cancelled
10315,2025-10-20 17:49:00,159,Pending
10316,2025-03-23 13:08:00,231,Completed
10317,2025-02-13 19:35:00,351,Completed
10318,2025-09-25 10:00:00,88,Pending
10319,2025-01-29 12:40:00,397,Cancelled
10320,2026-08-20 08:02:00,174,Completed
10321,2026-01-20 15:44:00,128,Completed
10322,2025-06-18 00:56:00,304,Completed
10323,2026-07-20 22:11:00,435,Completed
10324,2025-07-16 05:14:00,413,Completed
10325,2025-06-20 13:01:00,116,Pending
10326,2025-12-16 21:19:00,157,Pending
10327,2026-03-29 03:00:00,394,Completed
10328,2025-03-03 20:27:00,337,Pending
10329,2025-04-05 20:05:00,227,Pending
10330,2026-06-01 17:44:00,424,Completed
10331,2025-02-21 14:57:00,450,Pending
10332,2025-06-04 03:29:00,339,Cancelled
10333,2026-08-04 10:45:00,26,Completed
10334,2025-09-01 09:32:00,363,Completed
10335,2025-08-20 03:27:00,371,Completed
10336,2025-09-17 01:47:00,193,Pending
10337,2025-02-08 06:23:00,112,Completed
10338,2025-02-22 03:51:00,376,Completed
10339,2025-06-20 09:53:00,261,Pending
10340,2025-04-30 08:27:00,248,Completed
10341,2026-04-01 12:38:00,38,Cancelled
10342,2026-03-17 18:33:00,297,Completed
10343,2026-03-24 08:58:00,219,Completed
10344,2025-01-22 16:29:00,499,Completed
10345,2025-07-03 00:26:00,202,Completed
10346,2026-03-31 20:18:00,353,Pending
10347,2025-09-01 18:34:00,452,Completed
10348,2025-10-07 00:07:00,264,Pending
10349,2026-06-09 13:19:00,348,Pending
10350,2025-06-09 00:59:00,375,Completed
10351,2026-07-19 02:06:00,209,Cancelled
10352,2026-07-09 11:21:00,426,Completed
10353,2025-04-21 19:18:00,282,Pending
10354,2025-09-25 21:48:00,118,Completed
10355,2025-09-09 23:08:00,69,Completed
10356,2025-10-10 14:46:00,321,Completed
10357,2025-12-13 05:27:00,250,Completed
10358,2025-08-15 15:06:00,172,Completed
10359,2025-07-25 10:38:00,468,Completed
10360,2026-08-07 17:53:00,316,Pending
10361,2025-07-17 12:18:00,180,Completed
10362,2025-04-24 19:08:00,63,Pending
10363,2025-06-22 17:58:00,323,Completed
10364,2025-12-29 13:55:00,110,Pending
10365,2025-12-08 11:17:00,154,Completed
10366,2026-01-20 19:53:00,302,Pending
10367,2026-08-23 09:38:00,53,Cancelled
10368,2025-08-07 19:35:00,85,Completed
10369,2026-06-10 22:01:00,468,Completed
10370,2025-10-05 20:35:00,155,Pending
10371,2025-05-31 13:23:00,252,Completed
10372,2025-02-02 11:09:00,371,Completed
10373,2025-08-09 05:30:00,69,Completed
10374,2026-05-20 13:33:00,233,Completed
10375,2025-01-10 18:03:00,174,Completed
10376,2025-04-30 13:36:00,252,Completed
10377,2026-05-16 12:26:00,103,Pending
10378,2026-05-20 10:29:00,215,Cancelled
10379,2025-02-06 23:24:00,484,Pending
10380,2025-05-26 23:30:00,483,Completed
10381,2026-01-20 00:40:00,135,Pending
10382,2026-06-01 21:00:00,444,Completed
10383,2025-12-24 08:38:00,126,Completed
10384,2025-05-10 17:50:00,469,Completed
10385,2025-05-06 16:39:00,233,Pending
10386,2026-01-24 05:34:00,229,Pending
10387,2025-10-03 00:58:00,401,Completed
10388,2025-12-07 20:35:00,269,Completed
10389,2025-10-20 22:25:00,292,Completed
10390,2025-12-04 02:25:00,150,Completed
10391,2026-08-13 20:12:00,249,Completed
10392,2026-01-21 22:22:00,263,Pending
10393,2025-10-28 02:21:00,213,Completed
10394,2025-07-27 01:55:00,391,Completed
10395,2025-12-15 23:47:00,350,Completed
10396,2025-04-30 05:12:00,129,Cancelled
10397,2026-08-08 02:37:00,175,Completed
10398,2025-01-12 10:05:00,256,Pending
10399,2025-06-09 22:50:00,157,Completed
10400,2026-02-16 22:59:00,497,Completed
10401,2026-08-11 15:57:00,415,Completed
10402,2025-02-09 10:30:00,472,Completed
10403,2025-08-21 23:32:00,419,Pending
10404,2026-02-12 13:53:00,132,Completed
10405,2025-03-20 08:30:00,456,Cancelled
10406,2026-07-16 09:08:00,8,Completed
10407,2025-05-12 14:44:00,54,Cancelled
10408,2026-06-30 04:02:00,433,Pending
10409,2026-06-10 08:56:00,386,Completed
10410,2026-01-07 08:46:00,120,Completed
10411,2026-02-20 17:14:00,143,Pending
10412,2025-11-23 09:31:00,288,Pending
10413,2025-02-05 05:27:00,46,Completed
10414,2025-04-10 10:56:00,420,Completed
10415,2026-02-15 14:50:00,415,Completed
10416,2026-03-09 04:11:00,7,Pending
10417,2025-07-25 12:42:00,70,Completed
10418,2025-08-12 04:54:00,21,Completed
10419,2025-03-31 06:09:00,384,Pending
10420,2026-07-16 20:05:00,461,Pending
10421,2025-09-08 04:49:00,422,Cancelled
10422,2025-12-30 07:25:00,66,Cancelled
10423,2025-10-30 22:32:00,64,Cancelled
10424,2026-07-31 11:45:00,66,Completed
10425,2025-03-02 09:48:00,306,Cancelled
10426,2025-06-20 11:54:00,116,Pending
10427,2025-07-11 09:00:00,19,Completed
10428,2026-05-05 05:06:00,46,Completed
10429,2026-01-15 01:58:00,328,Completed
10430,2025-03-15 21:56:00,213,Completed
10431,2025-07-01 10:18:00,197,Cancelled
10432,2025-08-31 06:04:00,320,Pending
10433,2025-01-15 14:00:00,102,Completed
10434,2026-03-05 02:54:00,167,Pending
10435,2026-02-10 05:06:00,343,Pending
10436,2025-07-15 02:16:00,381,Cancelled
10437,2025-07-30 10:46:00,378,Pending
10438,2026-01-28 17:48:00,456,Completed
10439,2025-07-15 05:13:00,289,Completed
10440,2025-06-20 17:19:00,248,Completed
10441,2025-07-07 08:02:00,446,Completed
10442,2025-11-23 22:25:00,420,Completed
10443,2025-02-24 16:34:00,119,Cancelled
10444,2026-02-16 19:36:00,50,Completed
10445,2026-07-16 21:14:00,439,Completed
10446,2026-02-03 04:35:00,72,Completed
10447,2026-06-12 19:50:00,341,Cancelled
10448,2026-02-11 01:06:00,459,Completed
10449,2025-11-18 08:40:00,351,Completed
10450,2026-01-13 03:22:00,63,Pending
10451,2026-02-06 14:17:00,52,Completed
10452,2026-01-20 13:59:00,51,Completed
10453,2025-06-27 05:37:00,121,Completed
10454,2025-01-24 09:01:00,464,Completed
10455,2026-04-13 04:26:00,135,Cancelled
10456,2025-04-04 05:19:00,461,Cancelled
10457,2026-08-24 13:09:00,14,Completed
10458,2025-01-27 17:08:00,15,Completed
10459,2026-08-21 23:17:00,18,Completed
10460,2025-05-18 06:05:00,461,Completed
10461,2025-07-15 08:09:00,2,Cancelled
10462,2026-05-03 15:50:00,22,Completed
10463,2026-02-12 11:31:00,379,Completed
10464,2025-10-19 21:16:00,315,Completed
10465,2025-09-05 08:42:00,119,Cancelled
10466,2025-03-11 01:54:00,238,Completed
10467,2026-08-21 03:55:00,417,Completed
10468,2025-11-30 13:30:00,305,Completed
10469,2025-02-06 07:32:00,330,Completed
10470,2025-02-27 22:33:00,237,Completed
10471,2025-01-17 10:28:00,118,Completed
10472,2026-02-21 09:55:00,448,Completed
10473,2026-02-11 10:32:00,25,Completed
10474,2026-05-20 08:03:00,148,Completed
10475,2025-02-25 06:02:00,32,Pending
10476,2025-07-04 04:55:00,275,Cancelled
10477,2025-08-03 19:55:00,437,Pending
10478,2025-04-02 08:20:00,115,Pending
10479,2025-07-25 18:42:00,238,Completed
10480,2025-06-04 03:44:00,79,Completed
10481,2025-12-22 13:53:00,190,Completed
10482,2025-10-11 18:37:00,24,Completed
10483,2025-07-11 09:42:00,18,Completed
10484,2025-07-13 13:25:00,133,Completed
10485,2026-04-29 00:22:00,181,Pending
10486,2025-01-27 01:02:00,294,Completed
10487,2025-11-03 18:58:00,351,Pending
10488,2026-01-07 00:55:00,373,Completed
10489,2025-06-10 09:10:00,163,Cancelled
10490,2025-07-31 15:44:00,439,Pending
10491,2026-07-19 20:56:00,144,Pending
10492,2025-05-03 19:35:00,295,Completed
10493,2025-04-10 13:35:00,208,Cancelled
10494,2026-04-03 03:18:00,335,Pending
10495,2026-04-05 19:37:00,132,Pending
10496,2025-03-17 06:42:00,9,Completed
10497,2025-01-16 03:04:00,306,Pending
10498,2025-01-30 14:50:00,354,Completed
10499,2026-06-22 16:12:00,104,Pending
10500,2026-03-22 10:14:00,474,Pending
10501,2025-01-05 05:56:00,257,Completed
10502,2025-08-12 13:43:00,465,Completed
10503,2025-07-23 05:07:00,35,Cancelled
10504,2026-03-22 08:14:00,4,Completed
10505,2025-10-24 10:32:00,244,Cancelled
10506,2025-11-12 11:00:00,363,Completed
10507,2025-12-19 08:26:00,469,Completed
10508,2026-01-05 14:05:00,134,Completed
10509,2025-08-19 19:02:00,150,Completed
10510,2026-06-29 05:12:00,239,Pending
10511,2026-04-22 05:02:00,142,Completed
10512,2026-07-14 07:58:00,320,Completed
10513,2026-03-26 02:40:00,446,Pending
10514,2026-03-12 18:31:00,276,Pending
10515,2026-01-04 16:17:00,91,Cancelled
10516,2026-08-12 20:59:00,96,Completed
10517,2026-07-29 00:16:00,155,Pending
10518,2025-09-16 02:33:00,130,Cancelled
10519,2025-02-15 03:52:00,82,Pending
10520,2026-01-04 13:14:00,284,Completed
10521,2026-07-04 11:36:00,61,Cancelled
10522,2025-05-25 19:25:00,324,Completed
10523,2026-01-13 19:32:00,68,Completed
10524,2025-04-04 16:48:00,286,Pending
10525,2025-03-16 23:27:00,225,Cancelled
10526,2026-07-09 12:16:00,296,Completed
10527,2026-03-01 07:12:00,278,Completed
10528,2025-01-07 00:37:00,386,Completed
10529,2026-06-04 09:30:00,263,Pending
10530,2025-01-05 08:30:00,420,Completed
10531,2025-04-30 04:31:00,397,Completed
10532,2025-01-09 04:54:00,191,Cancelled
10533,2026-03-03 03:31:00,381,Completed
10534,2025-12-13 16:44:00,445,Pending
10535,2026-05-30 16:12:00,416,Pending
10536,2025-10-26 12:49:00,67,Pending
10537,2026-01-17 13:13:00,149,Completed
10538,2025-09-28 21:39:00,254,Pending
10539,2025-08-13 19:48:00,131,Cancelled
10540,2026-06-12 07:36:00,480,Pending
10541,2025-01-30 20:50:00,157,Completed
10542,2026-04-27 15:27:00,372,Completed
10543,2025-05-16 12:03:00,140,Completed
10544,2025-08-14 00:33:00,405,Completed
10545,2025-01-18 02:50:00,442,Completed
10546,2025-03-13 15:17:00,491,Cancelled
10547,2026-08-22 20:46:00,87,Pending
10548,2026-03-07 18:06:00,388,Completed
10549,2026-08-01 00:31:00,49,Completed
10550,2025-08-22 05:36:00,61,Cancelled
10551,2026-04-15 03:27:00,433,Completed
10552,2026-03-18 14:06:00,377,Completed
10553,2025-03-15 03:37:00,440,Pending
10554,2026-05-11 11:52:00,235,Completed
10555,2025-11-08 03:39:00,399,Completed
10556,2025-02-04 15:51:00,443,Cancelled
10557,2025-01-07 07:33:00,351,Completed
10558,2026-04-03 22:49:00,477,Completed
10559,2026-04-22 17:22:00,442,Completed
10560,2026-06-08 19:22:00,311,Completed
10561,2025-05-24 13:09:00,411,Pending
10562,2025-10-30 18:40:00,144,Completed
10563,2025-11-27 07:16:00,211,Pending
10564,2025-08-09 13:51:00,208,Completed
10565,2025-12-17 05:16:00,373,Completed
10566,2026-05-16 22:07:00,376,Completed
10567,2026-04-16 01:24:00,64,Completed
10568,2025-08-17 01:47:00,323,Completed
10569,2025-08-21 04:27:00,104,Cancelled
10570,2025-03-13 00:26:00,313,Completed
10571,2026-01-28 21:12:00,342,Completed
10572,2025-03-20 05:39:00,172,Completed
10573,2025-03-24 14:21:00,31,Completed
10574,2025-04-06 13:27:00,7,Cancelled
10575,2025-09-02 00:52:00,311,Completed
10576,2026-02-02 21:44:00,122,Completed
10577,2026-02-17 09:09:00,271,Pending
10578,2025-06-26 03:56:00,457,Completed
10579,2026-05-31 06:30:00,316,Completed
10580,2025-09-02 20:56:00,291,Completed
10581,2025-01-16 13:28:00,126,Completed
10582,2026-05-13 22:42:00,110,Completed
10583,2026-02-13 10:41:00,413,Pending
10584,2025-02-03 02:13:00,401,Pending
10585,2026-01-04 15:23:00,221,Pending
10586,2026-02-24 03:09:00,217,Completed
10587,2025-10-05 23:18:00,5,Cancelled
10588,2026-01-22 06:56:00,336,Pending
10589,2025-08-05 19:49:00,92,Pending
10590,2025-08-22 19:05:00,134,Completed
10591,2025-11-11 20:03:00,131,Completed
10592,2026-04-27 19:03:00,477,Cancelled
10593,2026-01-14 08:22:00,28,Completed
10594,2026-06-23 20:52:00,379,Pending
10595,2026-06-12 07:12:00,200,Pending
10596,2025-04-06 05:28:00,41,Completed
10597,2025-05-18 23:35:00,405,Pending
10598,2026-02-11 00:39:00,340,Completed
10599,2025-10-23 12:33:00,449,Completed
10600,2025-11-19 13:40:00,191,Pending
10601,2026-04-08 00:55:00,113,Completed
10602,2026-04-28 23:46:00,352,Cancelled
10603,2026-07-29 03:10:00,495,Completed
10604,2026-05-17 17:26:00,280,Completed
10605,2026-05-04 18:31:00,170,Completed
10606,2026-05-07 04:22:00,407,Pending
10607,2026-05-06 15:43:00,42,Cancelled
10608,2026-02-22 19:27:00,249,Completed
10609,2025-10-09 23:09:00,421,Completed
10610,2025-04-25 02:10:00,467,Completed
10611,2025-01-10 23:24:00,45,Cancelled
10612,2025-03-25 22:02:00,301,Completed
10613,2025-05-31 07:51:00,110,Cancelled
10614,2025-05-11 00:55:00,32,Completed
10615,2025-09-12 09:15:00,63,Cancelled
10616,2025-07-01 22:09:00,126,Pending
10617,2026-01-26 21:30:00,321,Cancelled
10618,2026-02-12 07:22:00,39,Completed
10619,2026-01-29 20:47:00,23,Completed
10620,2026-07-31 10:06:00,288,Completed
10621,2026-01-17 21:35:00,54,Completed
10622,2025-02-11 07:12:00,221,Pending
10623,2025-04-15 17:56:00,125,Completed
10624,2025-03-31 05:33:00,344,Pending
10625,2026-05-25 10:45:00,116,Completed
10626,2026-07-09 10:04:00,167,Completed
10627,2025-04-05 05:39:00,232,Pending
10628,2025-09-18 07:01:00,24,Completed
10629,2025-11-04 13:16:00,288,Completed
10630,2025-08-01 10:13:00,256,Completed
10631,2026-08-09 04:28:00,322,Cancelled
10632,2026-04-17 02:08:00,56,Cancelled
10633,2025-01-17 19:27:00,355,Cancelled
10634,2025-05-20 23:24:00,333,Completed
10635,2025-11-28 07:23:00,461,Completed
10636,2026-06-30 09:53:00,143,Cancelled
10637,2026-02-11 23:21:00,66,Completed
10638,2025-06-20 00:02:00,387,Completed
10639,2025-01-30 07:59:00,135,Completed
10640,2025-04-20 07:01:00,277,Completed
10641,2026-06-21 16:45:00,140,Completed
10642,2025-04-23 09:16:00,338,Completed
10643,2026-07-05 06:59:00,270,Pending
10644,2025-05-11 10:56:00,97,Completed
10645,2026-06-04 06:06:00,217,Pending
10646,2026-03-12 14:45:00,329,Completed
10647,2025-01-07 19:48:00,420,Completed
10648,2025-02-03 04:08:00,318,Completed
10649,2026-03-30 14:33:00,440,Completed
10650,2026-02-11 09:08:00,110,Completed
10651,2026-02-23 11:37:00,174,Completed
10652,2025-10-13 21:57:00,473,Completed
10653,2025-04-12 00:21:00,317,Completed
10654,2025-09-17 05:03:00,276,Completed
10655,2025-09-25 10:54:00,178,Pending
10656,2026-07-17 15:29:00,245,Pending
10657,2025-11-05 06:27:00,467,Completed
10658,2025-09-27 02:44:00,155,Completed
10659,2026-06-09 02:42:00,283,Completed
10660,2025-05-24 22:59:00,497,Cancelled
10661,2025-07-30 07:28:00,144,Pending
10662,2025-06-15 06:28:00,277,Completed
10663,2026-08-13 22:38:00,6,Pending
10664,2025-09-04 18:00:00,173,Completed
10665,2025-12-23 22:01:00,54,Completed
10666,2026-07-22 23:06:00,358,Pending
10667,2025-10-24 12:35:00,170,Cancelled
10668,2025-10-22 13:19:00,309,Pending
10669,2025-03-30 08:47:00,428,Completed
10670,2025-06-03 01:45:00,183,Cancelled
10671,2025-06-05 14:47:00,343,Completed
10672,2025-01-16 06:35:00,24,Completed
10673,2026-04-20 06:25:00,402,Completed
10674,2025-09-11 00:13:00,332,Cancelled
10675,2025-02-13 09:21:00,312,Completed
10676,2025-03-30 18:20:00,172,Completed
10677,2025-01-16 23:41:00,347,Pending
10678,2025-03-05 21:49:00,439,Completed
10679,2025-01-12 18:59:00,50,Completed
10680,2025-07-09 20:08:00,282,Completed
10681,2025-01-09 03:35:00,236,Completed
10682,2025-12-31 16:11:00,262,Completed
10683,2026-06-10 07:14:00,158,Completed
10684,2026-04-24 18:04:00,431,Pending
10685,2025-11-06 05:59:00,224,Cancelled
10686,2025-12-07 03:18:00,474,Completed
10687,2025-08-19 22:13:00,80,Completed
10688,2026-01-05 20:10:00,473,Completed
10689,2025-03-04 14:55:00,451,Completed
10690,2025-01-13 07:50:00,329,Completed
10691,2026-02-16 12:10:00,484,Pending
10692,2025-05-18 14:49:00,108,Completed
10693,2025-08-01 03:21:00,95,Completed
10694,2025-01-31 03:11:00,260,Cancelled
10695,2026-05-10 19:06:00,351,Pending
10696,2025-02-05 19:53:00,400,Completed
10697,2025-05-10 04:21:00,387,Pending
10698,2025-06-12 23:47:00,358,Completed
10699,2025-10-31 18:46:00,206,Completed
10700,2025-05-23 00:37:00,156,Cancelled
10701,2026-06-24 21:06:00,51,Cancelled
10702,2025-12-19 09:39:00,77,Completed
10703,2026-04-19 11:00:00,95,Completed
10704,2026-05-09 04:44:00,390,Cancelled
10705,2026-06-06 13:49:00,432,Completed
10706,2025-10-08 21:22:00,7,Pending
10707,2026-01-20 11:21:00,374,Cancelled
10708,2025-02-28 09:54:00,186,Completed
10709,2026-03-21 13:00:00,416,Completed
10710,2025-06-12 16:45:00,332,Pending
10711,2026-07-31 09:03:00,123,Completed
10712,2026-02-14 23:26:00,327,Pending
10713,2025-01-08 20:33:00,368,Completed
10714,2025-07-09 09:57:00,123,Cancelled
10715,2025-03-22 10:54:00,461,Completed
10716,2026-05-07 08:17:00,283,Pending
10717,2026-01-16 07:15:00,60,Cancelled
10718,2025-09-21 01:30:00,337,Completed
10719,2025-09-05 11:10:00,37,Completed
10720,2025-02-23 02:01:00,259,Completed
10721,2025-02-02 23:34:00,345,Completed
10722,2025-11-29 02:32:00,365,Completed
10723,2026-03-30 18:52:00,488,Pending
10724,2025-01-20 02:24:00,93,Completed
10725,2025-02-22 10:46:00,157,Completed
10726,2025-10-17 01:48:00,485,Completed
10727,2026-08-11 09:41:00,437,Pending
10728,2026-05-20 13:06:00,470,Completed
10729,2025-08-16 15:06:00,160,Completed
10730,2025-09-11 02:47:00,93,Cancelled
10731,2025-02-09 01:46:00,128,Completed
10732,2026-05-06 11:09:00,341,Completed
10733,2025-02-07 05:46:00,76,Completed
10734,2025-02-06 20:50:00,456,Pending
10735,2026-02-09 15:16:00,376,Completed
10736,2025-05-26 09:15:00,384,Completed
10737,2025-12-30 16:11:00,198,Pending
10738,2026-07-17 07:04:00,27,Pending
10739,2025-09-07 03:13:00,101,Completed
10740,2025-06-14 02:29:00,348,Completed
10741,2026-01-09 16:44:00,324,Completed
10742,2025-12-16 01:26:00,421,Completed
10743,2026-02-20 22:13:00,207,Completed
10744,2026-08-22 08:20:00,433,Pending
10745,2026-06-29 11:33:00,249,Completed
10746,2025-01-24 17:57:00,59,Cancelled
10747,2025-04-29 20:00:00,353,Cancelled
10748,2026-02-03 14:23:00,286,Completed
10749,2025-03-26 00:09:00,242,Pending
10750,2025-01-28 15:42:00,144,Completed
10751,2026-04-22 14:30:00,443,Pending
10752,2025-12-29 09:29:00,85,Pending
10753,2026-06-10 23:05:00,420,Completed
10754,2025-06-12 21:13:00,480,Completed
10755,2025-07-30 13:58:00,291,Completed
10756,2025-11-19 18:25:00,383,Cancelled
10757,2026-08-23 11:14:00,322,Cancelled
10758,2025-05-27 18:55:00,101,Cancelled
10759,2025-04-22 04:22:00,432,Completed
10760,2025-01-15 20:34:00,272,Pending
10761,2026-05-06 18:26:00,282,Completed
10762,2025-07-07 06:07:00,484,Pending
10763,2025-06-24 01:53:00,302,Pending
10764,2025-07-25 10:59:00,450,Pending
10765,2025-08-23 12:43:00,200,Pending
10766,2026-02-05 10:35:00,337,Cancelled
10767,2025-03-19 02:17:00,156,Completed
10768,2026-06-24 06:40:00,219,Cancelled
10769,2026-07-09 23:38:00,490,Completed
10770,2025-06-28 02:45:00,369,Completed
10771,2025-04-13 22:10:00,96,Pending
10772,2025-09-17 03:35:00,397,Completed
10773,2026-03-15 16:51:00,340,Completed
10774,2025-08-14 06:08:00,295,Completed
10775,2025-02-02 03:40:00,347,Completed
10776,2025-01-21 23:58:00,266,Cancelled
10777,2026-02-27 05:05:00,221,Cancelled
10778,2025-07-06 16:55:00,493,Pending
10779,2025-03-06 00:13:00,283,Completed
10780,2026-05-31 15:06:00,150,Pending
10781,2026-01-03 00:31:00,114,Pending
10782,2025-11-21 09:04:00,112,Completed
10783,2025-08-25 21:42:00,485,Completed
10784,2026-04-05 04:50:00,441,Completed
10785,2026-04-15 18:05:00,48,Completed
10786,2025-05-24 19:33:00,154,Completed
10787,2025-03-28 13:54:00,217,Completed
10788,2025-11-28 05:11:00,416,Cancelled
10789,2025-12-19 06:21:00,406,Pending
10790,2025-12-25 13:00:00,460,Completed
10791,2026-06-11 04:55:00,251,Pending
10792,2025-07-10 04:07:00,450,Completed
10793,2025-09-22 07:32:00,70,Pending
10794,2025-10-01 15:59:00,275,Completed
10795,2025-03-05 22:51:00,130,Pending
10796,2026-01-13 23:11:00,40,Pending
10797,2025-10-28 13:54:00,218,Completed
10798,2025-10-09 18:32:00,293,Completed
10799,2026-05-09 06:42:00,143,Completed
10800,2025-10-13 20:31:00,314,Completed
10801,2026-06-26 08:41:00,208,Completed
10802,2025-09-12 01:21:00,160,Completed
10803,2025-05-04 08:39:00,180,Pending
10804,2025-03-18 14:37:00,403,Completed
10805,2026-03-15 22:27:00,224,Cancelled
10806,2025-01-31 10:21:00,278,Completed
10807,2025-05-28 12:21:00,421,Pending
10808,2025-08-10 01:02:00,125,Pending
10809,2026-07-01 15:37:00,372,Completed
10810,2026-02-26 06:17:00,213,Completed
10811,2026-08-19 12:09:00,356,Pending
10812,2025-05-19 14:01:00,181,Pending
10813,2025-07-16 02:04:00,354,Pending
10814,2025-01-17 16:27:00,329,Completed
10815,2025-06-28 00:21:00,94,Cancelled
10816,2026-07-16 20:18:00,432,Pending
10817,2025-07-12 23:54:00,107,Completed
10818,2026-05-27 11:55:00,418,Pending
10819,2025-10-19 20:54:00,395,Cancelled
10820,2025-03-29 03:51:00,73,Pending
10821,2026-07-08 10:33:00,418,Completed
10822,2026-07-24 21:26:00,103,Pending
10823,2026-04-18 07:52:00,353,Completed
10824,2025-11-13 02:25:00,432,Completed
10825,2025-02-12 07:20:00,43,Completed
10826,2026-08-01 04:26:00,312,Cancelled
10827,2025-07-21 21:06:00,290,Completed
10828,2025-01-08 13:16:00,111,Pending
10829,2025-03-04 07:48:00,477,Cancelled
10830,2025-11-20 16:57:00,366,Pending
10831,2025-10-31 16:10:00,157,Completed
10832,2025-10-21 10:53:00,486,Completed
10833,2025-06-30 21:17:00,418,Completed
10834,2026-07-04 01:26:00,391,Completed
10835,2026-04-06 06:52:00,272,Completed
10836,2025-09-30 14:34:00,182,Cancelled
10837,2026-08-04 01:18:00,426,Cancelled
10838,2026-07-23 01:46:00,243,Completed
10839,2026-03-24 13:12:00,124,Completed
10840,2025-12-23 00:06:00,318,Completed
10841,2026-06-07 06:26:00,44,Cancelled
10842,2025-09-18 06:06:00,285,Completed
10843,2026-03-11 05:36:00,456,Completed
10844,2025-08-20 16:58:00,288,Completed
10845,2026-08-16 09:21:00,471,Completed
10846,2026-02-01 10:48:00,4,Completed
10847,2025-08-13 17:26:00,52,Pending
10848,2026-03-29 02:45:00,205,Pending
10849,2025-03-19 03:15:00,30,Completed
10850,2026-02-10 05:56:00,456,Completed
10851,2025-10-03 10:08:00,85,Cancelled
10852,2026-04-16 10:39:00,32,Pending
10853,2025-05-17 22:57:00,146,Cancelled
10854,2025-01-19 16:10:00,179,Completed
10855,2026-01-29 11:27:00,7,Completed
10856,2026-06-16 18:38:00,419,Pending
10857,2025-06-17 03:50:00,482,Pending
10858,2026-05-29 06:13:00,54,Completed
10859,2026-07-31 11:30:00,459,Pending
10860,2026-07-26 04:32:00,153,Cancelled
10861,2025-09-02 17:09:00,265,Pending
10862,2025-09-01 04:49:00,278,Completed
10863,2025-12-07 13:06:00,285,Pending
10864,2025-06-18 03:27:00,306,Cancelled
10865,2026-01-18 13:45:00,55,Completed
10866,2025-01-29 03:19:00,33,Pending
10867,2025-08-14 04:24:00,21,Pending
10868,2025-06-08 03:49:00,171,Completed
10869,2025-04-25 23:53:00,22,Cancelled
10870,2025-07-13 16:48:00,431,Pending
10871,2026-03-18 21:37:00,299,Completed
10872,2025-08-17 23:59:00,378,Pending
10873,2026-03-19 08:01:00,249,Completed
10874,2025-05-11 23:52:00,129,Completed
10875,2026-06-26 21:16:00,60,Pending
10876,2026-02-23 00:24:00,319,Cancelled
10877,2025-04-07 21:22:00,156,Completed
10878,2025-02-09 03:44:00,128,Cancelled
10879,2025-09-11 23:02:00,202,Pending
10880,2026-02-15 09:02:00,72,Cancelled
10881,2026-02-03 06:29:00,260,Completed
10882,2025-06-22 07:50:00,484,Completed
10883,2026-04-26 17:13:00,364,Cancelled
10884,2026-08-16 11:38:00,375,Cancelled
10885,2025-10-31 19:37:00,121,Completed
10886,2025-09-29 08:58:00,347,Cancelled
10887,2025-10-22 16:58:00,26,Completed
10888,2026-07-29 11:55:00,476,Completed
10889,2025-08-08 15:02:00,340,Cancelled
10890,2025-12-28 22:48:00,240,Pending
10891,2026-05-06 20:40:00,83,Completed
10892,2025-09-06 22:43:00,296,Completed
10893,2025-06-23 00:55:00,115,Completed
10894,2025-01-11 20:03:00,452,Pending
10895,2026-06-30 17:38:00,334,Completed
10896,2025-09-25 12:42:00,53,Completed
10897,2025-05-19 14:44:00,297,Pending
10898,2026-06-05 23:45:00,227,Completed
10899,2025-11-11 09:41:00,390,Completed
10900,2026-05-06 02:30:00,9,Completed
10901,2026-05-28 22:58:00,258,Pending
10902,2025-03-22 19:48:00,407,Completed
10903,2025-01-10 02:13:00,401,Completed
10904,2025-05-04 02:46:00,452,Completed
10905,2026-02-19 22:13:00,207,Completed
10906,2025-08-04 09:17:00,445,Pending
10907,2026-05-03 03:04:00,88,Pending
10908,2025-06-12 21:00:00,205,Pending
10909,2025-06-06 20:13:00,95,Pending
10910,2025-12-21 18:53:00,205,Cancelled
10911,2025-03-05 11:30:00,195,Completed
10912,2025-01-11 21:51:00,12,Completed
10913,2025-11-24 13:39:00,223,Completed
10914,2026-07-03 15:53:00,431,Pending
10915,2026-06-01 06:34:00,96,Completed
10916,2025-08-17 11:04:00,451,Completed
10917,2026-07-15 01:24:00,231,Pending
10918,2026-01-20 10:43:00,168,Cancelled
10919,2025-06-11 10:24:00,77,Pending
10920,2025-10-07 02:59:00,152,Completed
10921,2026-05-28 09:09:00,127,Completed
10922,2025-10-24 01:37:00,378,Cancelled
10923,2025-03-12 09:30:00,175,Cancelled
10924,2025-11-03 20:17:00,292,Cancelled
10925,2026-06-23 15:19:00,322,Cancelled
10926,2026-01-17 19:42:00,348,Completed
10927,2025-09-13 03:55:00,221,Completed
10928,2025-09-27 16:04:00,8,Pending
10929,2025-10-12 18:06:00,13,Completed
10930,2025-08-24 23:05:00,384,Pending
10931,2025-12-10 06:25:00,450,Pending
10932,2025-07-31 17:48:00,77,Completed
10933,2025-06-14 21:15:00,203,Pending
10934,2025-03-09 05:02:00,167,Completed
10935,2026-02-01 12:54:00,398,Completed
10936,2025-06-01 20:58:00,424,Completed
10937,2025-12-29 21:03:00,369,Completed
10938,2026-03-23 05:51:00,165,Pending
10939,2026-03-26 23:30:00,396,Completed
10940,2026-03-18 23:08:00,357,Cancelled
10941,2025-05-13 18:54:00,32,Cancelled
10942,2025-10-07 22:56:00,287,Completed
10943,2025-01-25 12:36:00,214,Completed
10944,2025-06-21 17:37:00,78,Completed
10945,2025-09-27 20:00:00,115,Pending
10946,2025-03-28 10:21:00,360,Pending
10947,2025-06-15 15:07:00,464,Completed
10948,2025-04-23 03:28:00,76,Cancelled
10949,2026-02-18 01:48:00,146,Completed
10950,2025-05-15 08:09:00,211,Pending
10951,2025-12-23 01:19:00,129,Completed
10952,2026-02-04 20:20:00,368,Completed
10953,2026-05-08 15:12:00,302,Pending
10954,2025-05-23 23:07:00,51,Completed
10955,2026-07-10 14:44:00,293,Completed
10956,2026-07-07 15:10:00,183,Pending
10957,2026-03-13 02:42:00,486,Pending
10958,2025-05-04 00:50:00,209,Completed
10959,2026-02-26 10:30:00,83,Completed
10960,2025-12-24 12:44:00,196,Completed
10961,2025-11-25 14:06:00,422,Pending
10962,2026-06-09 13:06:00,299,Pending
10963,2026-04-01 17:40:00,371,Pending
10964,2025-09-24 04:49:00,454,Cancelled
10965,2025-02-21 18:41:00,339,Pending
10966,2025-02-15 02:18:00,190,Cancelled
10967,2025-04-08 04:54:00,127,Completed
10968,2026-07-05 14:49:00,115,Completed
10969,2026-02-13 18:50:00,76,Completed
10970,2025-09-05 23:11:00,254,Pending
10971,2026-04-17 08:47:00,130,Completed
10972,2026-06-12 10:09:00,167,Completed
10973,2025-10-11 03:19:00,416,Pending
10974,2025-07-29 15:34:00,375,Completed
10975,2025-01-06 01:26:00,139,Completed
10976,2025-07-21 19:09:00,298,Cancelled
10977,2026-03-18 06:27:00,179,Pending
10978,2025-09-07 21:21:00,71,Completed
10979,2026-05-13 23:14:00,267,Completed
10980,2026-05-25 12:13:00,15,Completed
10981,2025-10-12 21:15:00,371,Pending
10982,2026-01-24 15:24:00,154,Completed
10983,2025-08-26 03:48:00,86,Cancelled
10984,2025-10-16 17:57:00,38,Completed
10985,2025-01-12 00:30:00,148,Pending
10986,2025-08-24 19:54:00,81,Pending
10987,2025-07-18 06:26:00,414,Cancelled
10988,2025-04-13 19:11:00,216,Pending
10989,2026-04-28 05:11:00,16,Completed
10990,2026-01-27 00:44:00,42,Completed
10991,2026-03-05 13:45:00,92,Completed
10992,2026-05-14 16:37:00,464,Completed
10993,2026-04-23 14:21:00,121,Pending
10994,2025-04-09 13:13:00,209,Completed
10995,2025-08-26 07:22:00,194,Completed
10996,2026-07-09 13:29:00,276,Pending
10997,2026-02-20 15:52:00,489,Completed
10998,2026-08-09 12:34:00,135,Completed
10999,2025-07-19 10:08:00,497,Completed
11000,2025-08-14 18:49:00,214,Cancelled
11001,2025-04-05 10:17:00,272,Cancelled
11002,2025-05-22 08:14:00,39,Completed
11003,2025-10-23 08:53:00,76,Completed
11004,2025-01-13 17:42:00,55,Pending
11005,2026-01-17 00:25:00,389,Cancelled
11006,2026-08-23 18:02:00,254,Pending
11007,2025-07-20 00:04:00,183,Completed
11008,2025-08-01 23:42:00,244,Completed
11009,2025-08-28 20:58:00,78,Completed
11010,2026-02-01 03:28:00,406,Completed
11011,2025-07-12 13:08:00,186,Completed
11012,2025-03-28 19:32:00,273,Completed
11013,2025-12-03 22:49:00,169,Completed
11014,2025-03-12 02:18:00,154,Pending
11015,2025-09-07 06:08:00,281,Completed
11016,2025-02-15 08:17:00,337,Cancelled
11017,2025-05-30 09:09:00,280,Pending
11018,2026-05-02 08:12:00,463,Completed
11019,2025-06-10 13:52:00,192,Completed
11020,2025-01-08 16:28:00,236,Completed
11021,2026-04-09 14:19:00,16,Completed
11022,2025-11-25 21:17:00,473,Pending
11023,2026-05-04 19:35:00,227,Completed
11024,2026-02-19 21:08:00,290,Completed
11025,2025-11-28 05:33:00,293,Pending
11026,2026-07-24 17:53:00,22,Completed
11027,2025-03-11 01:24:00,84,Completed
11028,2026-08-04 11:57:00,293,Completed
11029,2025-04-20 07:09:00,16,Cancelled
11030,2025-07-05 17:32:00,421,Pending
11031,2025-07-14 20:48:00,56,Completed
11032,2026-04-03 15:43:00,50,Pending
11033,2025-02-05 16:09:00,392,Completed
11034,2026-03-09 15:49:00,469,Pending
11035,2025-07-08 04:01:00,173,Pending
11036,2025-03-11 17:13:00,68,Completed
11037,2025-06-02 19:09:00,288,Cancelled
11038,2025-11-19 03:10:00,231,Cancelled
11039,2025-01-25 03:34:00,440,Completed
11040,2025-02-06 07:20:00,57,Completed
11041,2026-05-19 19:17:00,119,Completed
11042,2026-06-30 19:22:00,298,Cancelled
11043,2026-07-21 07:03:00,103,Cancelled
11044,2026-08-24 07:51:00,186,Completed
11045,2025-10-22 11:59:00,113,Completed
11046,2026-03-09 12:55:00,171,Completed
11047,2025-12-26 12:06:00,43,Completed
11048,2025-03-27 02:31:00,373,Pending
11049,2025-04-19 13:57:00,13,Completed
11050,2025-05-26 05:05:00,43,Completed
11051,2026-06-30 03:11:00,259,Completed
11052,2026-01-04 08:09:00,197,Completed
11053,2025-12-08 00:53:00,116,Completed
11054,2025-11-03 06:52:00,400,Cancelled
11055,2026-08-16 10:37:00,371,Pending
11056,2025-02-24 05:24:00,5,Pending
11057,2025-01-28 09:42:00,420,Completed
11058,2026-06-14 00:40:00,182,Completed
11059,2025-10-28 05:59:00,136,Completed
11060,2026-04-10 21:04:00,273,Completed
11061,2025-02-09 21:09:00,30,Cancelled
11062,2025-08-27 04:20:00,105,Completed
11063,2026-06-05 20:26:00,321,Pending
11064,2025-03-25 00:22:00,150,Cancelled
11065,2025-03-08 15:54:00,168,Completed
11066,2026-07-20 02:11:00,115,Pending
11067,2025-12-14 14:33:00,130,Completed
11068,2026-06-20 06:17:00,148,Cancelled
11069,2025-02-06 21:45:00,446,Completed
11070,2026-06-15 16:23:00,492,Completed
11071,2026-04-24 08:16:00,12,Completed
11072,2025-02-18 14:53:00,208,Cancelled
11073,2025-12-14 02:11:00,20,Completed
11074,2025-11-21 09:54:00,297,Completed
11075,2025-09-28 05:00:00,86,Cancelled
11076,2025-05-25 18:54:00,333,Completed
11077,2025-12-13 20:12:00,269,Pending
11078,2026-03-01 08:11:00,146,Completed
11079,2025-11-29 22:14:00,241,Completed
11080,2025-01-13 20:45:00,298,Completed
11081,2025-11-28 17:28:00,340,Pending
11082,2025-09-07 17:44:00,113,Completed
11083,2025-03-15 19:29:00,70,Completed
11084,2025-08-03 10:27:00,86,Completed
11085,2026-06-28 02:42:00,318,Completed
11086,2026-05-17 05:48:00,487,Pending
11087,2025-11-15 16:25:00,371,Cancelled
11088,2026-05-25 06:07:00,168,Pending
11089,2025-06-01 01:21:00,492,Completed
11090,2025-12-20 01:06:00,344,Cancelled
11091,2026-07-22 17:17:00,1,Pending
11092,2026-04-10 22:07:00,2,Cancelled
11093,2025-11-30 11:29:00,343,Pending
11094,2025-08-31 21:27:00,365,Cancelled
11095,2025-05-08 11:13:00,69,Completed
11096,2025-07-12 11:05:00,8,Pending
11097,2025-07-15 01:24:00,431,Completed
11098,2025-01-09 14:52:00,420,Pending
11099,2025-04-11 18:00:00,159,Completed
11100,2025-03-02 15:40:00,388,Completed
11101,2025-11-22 03:05:00,87,Completed
11102,2025-08-07 17:33:00,368,Cancelled
11103,2026-08-14 11:18:00,295,Cancelled
11104,2025-04-14 22:12:00,383,Completed
11105,2026-04-18 01:25:00,394,Completed
11106,2026-03-23 12:04:00,417,Completed
11107,2026-08-15 04:15:00,449,Completed
11108,2026-08-09 08:31:00,149,Completed
11109,2026-04-09 19:12:00,313,Completed
11110,2026-02-21 12:10:00,328,Completed
11111,2025-03-16 09:26:00,91,Completed
11112,2025-12-30 16:00:00,492,Completed
11113,2025-12-28 12:56:00,464,Cancelled
11114,2025-04-20 17:14:00,178,Pending
11115,2026-07-26 05:53:00,423,Pending
11116,2026-05-22 01:57:00,309,Pending
11117,2026-05-28 07:51:00,44,Completed
11118,2026-04-20 16:42:00,354,Completed
11119,2025-09-16 20:51:00,308,Pending
11120,2026-06-07 13:58:00,178,Completed
11121,2025-05-22 17:19:00,401,Completed
11122,2026-05-14 03:50:00,150,Completed
11123,2025-12-05 17:24:00,206,Cancelled
11124,2025-06-11 01:28:00,437,Pending
11125,2025-03-27 19:31:00,179,Pending
11126,2026-01-22 18:17:00,429,Completed
11127,2026-06-28 01:08:00,99,Completed
11128,2025-05-16 04:22:00,139,Completed
11129,2026-08-23 08:11:00,285,Pending
11130,2025-02-02 10:08:00,385,Completed
11131,2026-05-02 11:53:00,381,Completed
11132,2025-09-24 22:53:00,241,Completed
11133,2025-01-22 10:54:00,131,Pending
11134,2025-05-02 19:36:00,460,Completed
11135,2026-04-26 00:42:00,477,Completed
11136,2025-08-09 07:51:00,243,Cancelled
11137,2026-06-13 20:35:00,184,Completed
11138,2025-03-18 14:24:00,405,Pending
11139,2025-06-10 08:52:00,305,Pending
11140,2025-05-17 16:42:00,499,Completed
11141,2025-05-13 02:55:00,339,Completed
11142,2025-02-01 06:09:00,68,Completed
11143,2025-09-23 23:58:00,447,Cancelled
11144,2026-01-29 04:33:00,236,Completed
11145,2026-04-06 02:42:00,327,Pending
11146,2026-04-30 07:35:00,31,Completed
11147,2025-09-16 18:13:00,37,Completed
11148,2025-05-17 13:32:00,248,Cancelled
11149,2026-06-03 13:19:00,428,Cancelled
11150,2025-05-11 19:37:00,252,Cancelled
11151,2025-03-12 09:27:00,275,Completed
11152,2025-02-11 03:35:00,93,Completed
11153,2025-12-23 23:36:00,82,Completed
11154,2025-05-12 09:18:00,224,Completed
11155,2026-05-07 18:31:00,138,Completed
11156,2025-11-23 01:20:00,71,Completed
11157,2026-01-11 13:36:00,219,Completed
11158,2025-04-24 10:55:00,482,Pending
11159,2026-08-15 21:31:00,160,Completed
11160,2026-07-07 15:50:00,53,Cancelled
11161,2026-01-26 00:11:00,164,Completed
11162,2025-07-08 01:03:00,209,Pending
11163,2025-11-26 11:03:00,184,Completed
11164,2026-02-04 06:26:00,400,Completed
11165,2025-04-03 16:00:00,135,Completed
11166,2025-01-28 17:35:00,459,Completed
11167,2025-01-21 18:35:00,468,Completed
11168,2025-10-18 18:00:00,456,Completed
11169,2025-03-02 18:08:00,29,Cancelled
11170,2025-11-05 16:41:00,28,Pending
11171,2026-04-06 03:19:00,252,Completed
11172,2026-06-21 06:05:00,388,Cancelled
11173,2026-01-22 19:47:00,39,Pending
11174,2025-11-07 08:18:00,485,Pending
11175,2025-03-20 01:07:00,195,Pending
11176,2025-01-19 01:48:00,44,Pending
11177,2025-09-21 17:03:00,289,Pending
11178,2025-04-03 12:24:00,218,Completed
11179,2026-01-05 13:55:00,16,Completed
11180,2025-02-24 08:30:00,387,Completed
11181,2025-03-29 06:30:00,395,Completed
11182,2026-06-13 07:21:00,231,Cancelled
11183,2025-01-12 14:06:00,103,Completed
11184,2026-02-04 06:44:00,399,Pending
11185,2026-04-23 07:17:00,72,Completed
11186,2025-11-17 07:23:00,424,Pending
11187,2025-08-30 10:50:00,419,Cancelled
11188,2025-12-18 22:39:00,307,Pending
11189,2025-01-24 19:49:00,191,Completed
11190,2026-04-15 02:04:00,70,Completed
11191,2026-02-03 13:11:00,298,Pending
11192,2026-06-25 06:42:00,132,Completed
11193,2025-09-15 03:52:00,231,Completed
11194,2025-12-21 00:56:00,348,Completed
11195,2025-04-28 12:54:00,278,Completed
11196,2026-03-26 15:44:00,205,Completed
11197,2025-06-30 18:17:00,354,Completed
11198,2025-02-03 20:07:00,160,Completed
11199,2025-08-12 12:59:00,221,Completed
11200,2025-06-01 19:10:00,470,Pending
11201,2025-09-16 02:07:00,189,Completed
11202,2025-10-23 05:32:00,249,Completed
11203,2025-09-12 10:25:00,20,Cancelled
11204,2025-09-21 20:23:00,65,Pending
11205,2025-01-13 07:05:00,313,Pending
11206,2026-01-09 05:29:00,284,Completed
11207,2025-11-12 09:59:00,393,Pending
11208,2026-07-17 09:09:00,50,Completed
11209,2025-06-23 02:29:00,476,Cancelled
11210,2025-04-18 23:16:00,471,Pending
11211,2025-12-23 13:09:00,450,Cancelled
11212,2026-07-27 08:27:00,483,Pending
11213,2025-01-18 04:29:00,356,Completed
11214,2025-05-29 17:27:00,27,Cancelled
11215,2026-01-15 23:04:00,419,Cancelled
11216,2026-08-18 12:20:00,446,Completed
11217,2025-12-10 08:32:00,202,Completed
11218,2026-01-19 07:44:00,368,Completed
11219,2026-03-04 15:23:00,124,Pending
11220,2025-05-26 18:39:00,463,Pending
11221,2025-01-12 21:23:00,88,Pending
11222,2025-02-04 07:15:00,421,Pending
11223,2025-09-25 05:09:00,181,Completed
11224,2026-01-14 08:06:00,267,Pending
11225,2025-02-08 07:39:00,29,Completed
11226,2025-09-14 08:01:00,471,Completed
11227,2025-02-07 16:20:00,85,Cancelled
11228,2026-08-10 10:14:00,279,Completed
11229,2025-02-19 20:35:00,207,Pending
11230,2026-07-30 00:48:00,148,Completed
11231,2025-03-17 00:30:00,8,Completed
11232,2025-05-10 19:50:00,213,Completed
11233,2025-10-20 12:26:00,95,Pending
11234,2026-06-28 22:27:00,196,Completed
11235,2026-05-03 02:34:00,466,Completed
11236,2025-01-17 18:52:00,351,Cancelled
11237,2025-02-18 00:34:00,275,Pending
11238,2025-04-10 03:42:00,37,Completed
11239,2026-05-25 04:31:00,327,Pending
11240,2025-02-09 00:06:00,448,Pending
11241,2025-03-11 20:07:00,45,Completed
11242,2025-02-10 20:51:00,379,Pending
11243,2025-04-08 09:33:00,355,Pending
11244,2025-11-24 01:46:00,349,Completed
11245,2025-07-05 19:18:00,3,Cancelled
11246,2026-07-29 07:54:00,106,Pending
11247,2025-07-06 21:49:00,433,Pending
11248,2025-12-07 21:04:00,44,Cancelled
11249,2026-01-15 03:45:00,245,Cancelled
11250,2026-05-11 23:35:00,353,Completed
11251,2025-12-17 20:39:00,388,Completed
11252,2025-06-01 02:01:00,294,Pending
11253,2025-05-01 13:37:00,442,Completed
11254,2025-09-18 21:18:00,366,Pending
11255,2025-03-05 21:47:00,391,Cancelled
11256,2025-02-28 09:47:00,288,Pending
11257,2025-06-30 09:27:00,130,Cancelled
11258,2025-02-27 11:02:00,389,Completed
11259,2026-04-27 12:13:00,276,Pending
11260,2025-08-06 10:09:00,174,Pending
11261,2025-02-12 09:40:00,80,Pending
11262,2025-01-15 00:08:00,264,Pending
11263,2026-01-14 22:41:00,411,Completed
11264,2026-03-21 12:47:00,86,Pending
11265,2025-05-13 07:01:00,299,Pending
11266,2025-06-25 18:05:00,287,Pending
11267,2025-04-03 13:51:00,375,Completed
11268,2025-09-27 11:20:00,162,Completed
11269,2026-08-04 07:04:00,182,Completed
11270,2025-07-02 17:08:00,174,Completed
11271,2025-06-27 04:47:00,470,Cancelled
11272,2025-03-15 08:34:00,280,Completed
11273,2026-03-20 13:16:00,208,Completed
11274,2025-02-18 13:34:00,87,Pending
11275,2026-02-08 14:54:00,84,Pending
11276,2025-10-10 15:22:00,33,Cancelled
11277,2026-08-02 09:27:00,435,Pending
11278,2025-02-19 11:16:00,363,Completed
11279,2026-04-10 07:27:00,382,Completed
11280,2025-12-22 10:46:00,272,Completed
11281,2025-04-22 16:43:00,316,Pending
11282,2025-01-01 04:19:00,368,Cancelled
11283,2026-08-23 13:04:00,491,Completed
11284,2025-05-05 08:06:00,284,Pending
11285,2026-07-19 03:48:00,349,Pending
11286,2025-05-07 21:56:00,90,Completed
11287,2026-04-02 22:44:00,312,Pending
11288,2025-02-25 13:28:00,309,Completed
11289,2026-04-13 12:29:00,325,Completed
11290,2025-01-26 14:31:00,248,Cancelled
11291,2025-12-30 19:04:00,181,Completed
11292,2026-07-27 20:49:00,145,Completed
11293,2025-01-20 04:20:00,382,Pending
11294,2025-12-09 11:35:00,243,Completed
11295,2025-01-20 03:13:00,435,Pending
11296,2025-10-10 23:20:00,122,Pending
11297,2025-10-07 19:52:00,303,Cancelled
11298,2025-11-27 00:16:00,172,Completed
11299,2025-08-16 11:54:00,167,Cancelled
11300,2025-08-18 09:46:00,286,Completed
11301,2025-08-16 23:16:00,422,Cancelled
11302,2025-08-09 05:52:00,137,Completed
11303,2026-05-12 05:11:00,48,Completed
11304,2025-06-07 22:31:00,55,Completed
11305,2025-03-28 12:43:00,172,Completed
11306,2026-07-30 00:30:00,233,Completed
11307,2026-04-13 00:56:00,79,Completed
11308,2026-08-06 17:37:00,83,Completed
11309,2025-06-11 06:52:00,417,Completed
11310,2025-05-18 04:39:00,465,Completed
11311,2025-12-01 12:20:00,366,Completed
11312,2025-10-13 11:10:00,368,Pending
11313,2026-03-22 22:10:00,92,Completed
11314,2025-07-04 01:53:00,4,Cancelled
11315,2026-05-13 10:50:00,340,Completed
11316,2025-04-20 16:02:00,25,Pending
11317,2025-12-29 16:16:00,277,Cancelled
11318,2025-11-11 00:02:00,488,Completed
11319,2025-05-19 16:07:00,345,Completed
11320,2025-06-24 10:16:00,105,Cancelled
11321,2025-10-20 02:04:00,71,Completed
11322,2025-08-11 12:41:00,455,Pending
11323,2025-09-29 15:35:00,439,Completed
11324,2025-04-23 00:19:00,498,Completed
11325,2025-11-02 01:32:00,159,Pending
11326,2025-05-12 07:42:00,202,Completed
11327,2025-12-12 11:58:00,25,Completed
11328,2025-08-20 23:26:00,105,Completed
11329,2025-04-10 04:39:00,334,Completed
11330,2026-01-11 10:49:00,193,Completed
11331,2025-01-21 21:28:00,209,Pending
11332,2026-07-01 23:14:00,170,Completed
11333,2025-09-30 14:38:00,246,Completed
11334,2026-07-21 09:34:00,201,Completed
11335,2025-10-05 07:56:00,434,Completed
11336,2025-01-13 05:12:00,454,Completed
11337,2025-10-08 01:38:00,317,Completed
11338,2025-06-23 12:01:00,409,Cancelled
11339,2025-05-25 03:08:00,53,Completed
11340,2026-07-19 21:50:00,99,Completed
11341,2026-06-14 08:33:00,416,Completed
11342,2026-02-22 01:16:00,438,Completed
11343,2025-12-07 09:26:00,230,Completed
11344,2026-08-17 06:58:00,13,Pending
11345,2025-01-09 16:16:00,11,Completed
11346,2025-11-06 09:19:00,404,Cancelled
11347,2026-06-05 02:17:00,363,Completed
11348,2025-05-04 10:19:00,149,Cancelled
11349,2025-09-19 04:34:00,272,Completed
11350,2025-05-15 13:24:00,448,Cancelled
11351,2025-12-06 20:25:00,230,Pending
11352,2025-07-09 18:20:00,269,Completed
11353,2025-01-09 02:05:00,430,Pending
11354,2025-12-24 17:33:00,20,Completed
11355,2026-08-14 14:35:00,495,Completed
11356,2026-01-28 22:05:00,78,Pending
11357,2026-05-29 14:53:00,228,Completed
11358,2026-02-16 22:22:00,259,Completed
11359,2026-06-25 12:58:00,251,Completed
11360,2025-08-20 13:39:00,470,Completed
11361,2025-01-06 11:04:00,133,Completed
11362,2026-08-08 09:21:00,344,Completed
11363,2025-01-02 11:15:00,267,Pending
11364,2025-06-11 22:37:00,237,Completed
11365,2025-12-13 20:22:00,80,Cancelled
11366,2025-10-09 00:33:00,390,Completed
11367,2026-08-16 19:21:00,121,Cancelled
11368,2026-07-31 08:27:00,181,Completed
11369,2026-04-26 20:42:00,2,Cancelled
11370,2026-02-13 05:03:00,62,Completed
11371,2026-07-18 04:02:00,116,Completed
11372,2026-07-01 19:13:00,393,Completed
11373,2026-05-28 16:41:00,302,Completed
11374,2026-02-11 05:51:00,261,Pending
11375,2026-01-31 16:55:00,87,Pending
11376,2025-12-07 17:33:00,481,Cancelled
11377,2026-07-26 07:10:00,438,Pending
11378,2025-12-15 08:05:00,47,Pending
11379,2026-03-13 12:09:00,166,Completed
11380,2026-05-23 12:12:00,49,Pending
11381,2026-06-07 23:49:00,290,Completed
11382,2025-10-24 23:49:00,266,Completed
11383,2026-01-20 22:13:00,179,Pending
11384,2025-07-03 03:02:00,181,Completed
11385,2026-07-20 19:00:00,117,Completed
11386,2025-04-04 13:44:00,122,Pending
11387,2025-07-25 09:48:00,373,Completed
11388,2025-11-18 18:12:00,201,Completed
11389,2025-03-12 04:15:00,30,Completed
11390,2026-03-11 17:00:00,220,Completed
11391,2025-07-20 22:30:00,245,Pending
11392,2025-01-29 18:10:00,39,Pending
11393,2025-11-23 09:21:00,219,Cancelled
11394,2025-07-20 11:40:00,199,Cancelled
11395,2026-05-27 06:35:00,290,Completed
11396,2025-11-06 22:33:00,70,Pending
11397,2025-05-30 11:50:00,312,Pending
11398,2025-02-24 06:37:00,65,Pending
11399,2026-01-11 02:14:00,401,Pending
11400,2025-08-10 09:39:00,310,Completed
11401,2025-12-09 04:46:00,94,Cancelled
11402,2026-01-13 12:36:00,262,Pending
11403,2026-03-24 22:22:00,351,Completed
11404,2025-12-06 13:55:00,434,Completed
11405,2025-02-08 10:37:00,336,Completed
11406,2025-10-05 15:12:00,367,Pending
11407,2025-01-24 05:51:00,344,Pending
11408,2025-05-20 22:16:00,202,Completed
11409,2025-01-07 15:56:00,94,Completed
11410,2025-06-21 01:25:00,454,Completed
11411,2025-11-08 05:53:00,300,Pending
11412,2025-03-29 02:03:00,447,Completed
11413,2026-06-29 22:42:00,401,Pending
11414,2025-08-25 12:40:00,387,Completed
11415,2026-02-24 03:39:00,260,Cancelled
11416,2026-05-29 20:54:00,373,Completed
11417,2025-12-20 13:56:00,369,Cancelled
11418,2025-06-21 00:09:00,108,Pending
11419,2025-09-15 22:38:00,292,Pending
11420,2025-05-09 18:31:00,186,Cancelled
11421,2025-10-18 03:42:00,326,Completed
11422,2026-06-26 17:00:00,16,Completed
11423,2025-01-13 04:49:00,252,Pending
11424,2025-09-11 03:49:00,429,Pending
11425,2026-08-12 23:33:00,206,Completed
11426,2025-06-29 02:59:00,33,Completed
11427,2026-01-05 18:02:00,194,Completed
11428,2025-01-18 07:33:00,481,Completed
11429,2025-07-15 10:13:00,462,Completed
11430,2025-06-02 17:18:00,263,Pending
11431,2026-07-06 07:49:00,4,Pending
11432,2025-07-15 12:09:00,455,Completed
11433,2025-05-26 20:20:00,178,Completed
11434,2025-10-24 16:22:00,334,Completed
11435,2025-11-25 18:07:00,413,Completed
11436,2026-06-16 18:16:00,355,Pending
11437,2025-12-18 20:14:00,237,Completed
11438,2025-10-27 21:18:00,228,Completed
11439,2025-09-28 14:09:00,287,Completed
11440,2026-02-09 14:25:00,104,Pending
11441,2026-04-19 09:20:00,452,Completed
11442,2026-05-17 21:46:00,424,Cancelled
11443,2026-02-11 22:41:00,47,Completed
11444,2026-08-14 22:16:00,462,Pending
11445,2025-12-25 07:30:00,210,Completed
11446,2025-04-14 09:57:00,267,Pending
11447,2026-08-14 20:38:00,394,Pending
11448,2025-05-02 20:17:00,170,Completed
11449,2025-10-01 19:22:00,422,Completed
11450,2025-11-11 18:21:00,289,Pending
11451,2026-01-21 10:23:00,389,Cancelled
11452,2025-08-23 22:32:00,20,Completed
11453,2026-02-22 23:54:00,433,Pending
11454,2025-06-23 01:17:00,452,Cancelled
11455,2025-08-07 07:27:00,38,Pending
11456,2025-01-12 03:35:00,106,Completed
11457,2026-05-13 06:06:00,88,Completed
11458,2025-09-28 01:37:00,393,Pending
11459,2025-03-31 09:38:00,232,Pending
11460,2026-05-18 21:21:00,432,Pending
11461,2026-03-07 02:19:00,342,Pending
11462,2025-03-22 15:19:00,113,Completed
11463,2026-05-02 06:05:00,78,Pending
11464,2025-08-21 01:43:00,243,Pending
11465,2025-10-07 17:01:00,185,Pending
11466,2025-12-23 06:12:00,118,Cancelled
11467,2025-04-23 19:47:00,459,Cancelled
11468,2026-01-16 06:16:00,177,Completed
11469,2026-07-04 15:58:00,106,Completed
11470,2025-12-22 16:12:00,388,Completed
11471,2025-02-23 22:36:00,5,Pending
11472,2025-11-24 12:02:00,498,Completed
11473,2026-08-10 16:56:00,490,Pending
11474,2025-02-18 14:08:00,10,Pending
11475,2025-09-30 15:38:00,204,Pending
11476,2026-02-01 19:24:00,136,Pending
11477,2026-05-31 04:09:00,424,Pending
11478,2025-10-02 09:47:00,431,Completed
11479,2026-01-10 22:14:00,164,Completed
11480,2025-10-25 09:24:00,105,Cancelled
11481,2025-07-22 17:01:00,164,Completed
11482,2025-08-13 05:15:00,484,Cancelled
11483,2026-03-26 17:00:00,93,Completed
11484,2025-01-22 13:37:00,279,Cancelled
11485,2026-02-05 10:13:00,251,Pending
11486,2025-01-04 12:22:00,155,Pending
11487,2026-05-27 11:58:00,351,Cancelled
11488,2025-01-08 00:49:00,169,Completed
11489,2025-09-22 05:48:00,45,Completed
11490,2025-10-29 15:25:00,346,Completed
11491,2025-09-03 02:41:00,492,Completed
11492,2025-02-12 06:49:00,490,Completed
11493,2026-01-24 20:14:00,290,Completed
11494,2025-11-28 05:36:00,233,Cancelled
11495,2025-04-04 05:42:00,441,Completed
11496,2026-06-24 18:02:00,330,Completed
11497,2026-05-08 20:28:00,203,Cancelled
11498,2025-11-20 15:05:00,190,Completed
11499,2025-09-05 01:29:00,52,Pending
11500,2025-11-21 00:39:00,44,Completed
11501,2025-01-31 15:53:00,393,Completed
11502,2026-07-16 02:09:00,90,Completed
11503,2025-05-10 19:18:00,199,Completed
11504,2025-03-26 16:08:00,391,Completed
11505,2025-01-09 06:40:00,412,Completed
11506,2025-01-06 15:20:00,51,Cancelled
11507,2026-03-08 19:39:00,106,Cancelled
11508,2025-02-04 01:59:00,162,Completed
11509,2026-02-09 07:49:00,160,Cancelled
11510,2026-06-05 19:09:00,406,Pending
11511,2025-05-20 20:25:00,191,Cancelled
11512,2025-02-28 14:44:00,334,Pending
11513,2025-02-04 13:35:00,191,Cancelled
11514,2026-07-08 13:46:00,212,Completed
11515,2025-09-24 09:24:00,441,Completed
11516,2025-11-22 07:21:00,487,Completed
11517,2025-03-20 10:10:00,496,Pending
11518,2026-07-27 19:15:00,53,Completed
11519,2026-07-02 05:15:00,253,Completed
11520,2025-11-10 02:59:00,249,Pending
11521,2026-02-15 07:40:00,449,Pending
11522,2025-11-15 11:28:00,279,Completed
11523,2025-11-06 23:55:00,121,Completed
11524,2025-10-13 08:16:00,433,Pending
11525,2026-05-24 07:28:00,497,Completed
11526,2025-03-31 17:42:00,110,Completed
11527,2026-03-25 21:04:00,200,Cancelled
11528,2025-10-03 00:55:00,467,Cancelled
11529,2026-02-24 03:07:00,61,Completed
11530,2025-04-04 15:19:00,490,Cancelled
11531,2026-06-24 00:27:00,295,Completed
11532,2025-01-17 10:39:00,489,Pending
11533,2025-01-07 21:58:00,131,Completed
11534,2025-02-18 01:25:00,176,Completed
11535,2025-08-22 17:15:00,318,Completed
11536,2026-05-09 22:58:00,30,Completed
11537,2025-02-27 14:10:00,357,Completed
11538,2026-07-20 13:39:00,277,Completed
11539,2025-11-03 23:10:00,67,Pending
11540,2025-09-23 16:08:00,310,Completed
11541,2026-06-24 01:25:00,303,Completed
11542,2025-10-10 00:12:00,28,Cancelled
11543,2026-03-07 01:46:00,310,Completed
11544,2025-05-29 04:38:00,62,Completed
11545,2025-06-27 20:34:00,113,Completed
11546,2025-10-11 19:11:00,76,Pending
11547,2026-05-03 16:35:00,50,Completed
11548,2025-12-02 05:17:00,313,Completed
11549,2025-01-04 00:18:00,186,Cancelled
11550,2025-10-18 02:01:00,292,Completed
11551,2026-07-31 08:44:00,32,Completed
11552,2026-05-14 16:00:00,47,Completed
11553,2026-04-11 05:53:00,379,Completed
11554,2026-04-04 09:27:00,471,Cancelled
11555,2025-10-20 19:02:00,206,Pending
11556,2025-06-15 02:23:00,471,Pending
11557,2026-08-23 01:23:00,272,Pending
11558,2026-05-14 18:50:00,461,Cancelled
11559,2025-04-13 05:43:00,90,Cancelled
11560,2025-11-18 04:59:00,383,Completed
11561,2025-02-17 10:37:00,410,Pending
11562,2026-07-05 15:41:00,496,Completed
11563,2026-06-13 13:27:00,92,Pending
11564,2026-07-13 17:10:00,67,Completed
11565,2025-03-01 13:10:00,226,Pending
11566,2026-01-23 14:47:00,297,Completed
11567,2026-02-23 00:00:00,295,Completed
11568,2025-06-16 21:02:00,481,Completed
11569,2025-10-14 17:26:00,323,Completed
11570,2026-07-08 11:52:00,323,Cancelled
11571,2025-12-30 19:34:00,471,Pending
11572,2025-12-11 08:11:00,365,Pending
11573,2025-09-11 06:42:00,344,Cancelled
11574,2025-03-10 16:25:00,50,Pending
11575,2026-05-15 15:57:00,187,Completed
11576,2025-03-06 06:46:00,485,Completed
11577,2026-07-03 01:04:00,264,Completed
11578,2026-03-17 16:31:00,93,Pending
11579,2025-05-21 13:32:00,8,Completed
11580,2025-03-14 09:03:00,129,Pending
11581,2025-12-24 05:11:00,229,Cancelled
11582,2026-03-04 13:03:00,126,Completed
11583,2025-06-30 10:49:00,27,Completed
11584,2025-10-09 02:50:00,22,Completed
11585,2025-03-12 06:05:00,417,Completed
11586,2025-08-17 08:37:00,147,Completed
11587,2025-12-14 14:49:00,159,Pending
11588,2025-07-03 04:55:00,204,Pending
11589,2025-12-26 04:37:00,270,Completed
11590,2025-07-10 13:54:00,247,Completed
11591,2026-08-15 11:20:00,80,Pending
11592,2026-02-25 16:05:00,28,Completed
11593,2025-01-14 01:25:00,253,Completed
11594,2026-05-24 14:22:00,500,Pending
11595,2025-06-11 10:48:00,102,Completed
11596,2025-03-24 20:39:00,173,Pending
11597,2025-05-26 14:26:00,374,Pending
11598,2025-07-19 02:46:00,276,Cancelled
11599,2025-02-19 12:36:00,276,Completed
11600,2025-02-11 04:04:00,18,Completed
11601,2025-08-18 07:27:00,145,Pending
11602,2026-05-24 06:37:00,464,Cancelled
11603,2025-09-14 16:31:00,243,Cancelled
11604,2026-06-06 10:33:00,491,Completed
11605,2025-05-18 07:50:00,189,Completed
11606,2025-06-11 15:31:00,213,Pending
11607,2025-07-18 22:51:00,344,Completed
11608,2025-02-12 14:12:00,123,Completed
11609,2026-03-07 17:37:00,486,Cancelled
11610,2026-03-30 11:24:00,125,Completed
11611,2026-08-02 05:31:00,308,Pending
11612,2025-12-26 22:08:00,445,Cancelled
11613,2026-01-23 00:57:00,396,Completed
11614,2025-10-10 22:25:00,241,Pending
11615,2026-07-02 06:14:00,436,Pending
11616,2026-03-15 02:58:00,464,Pending
11617,2025-01-12 07:21:00,404,Completed
11618,2025-07-03 11:56:00,129,Completed
11619,2026-04-22 07:04:00,433,Completed
11620,2026-03-19 09:58:00,375,Completed
11621,2026-05-06 18:29:00,205,Pending
11622,2025-01-19 11:39:00,137,Completed
11623,2025-07-31 12:33:00,234,Completed
11624,2025-01-16 03:53:00,454,Cancelled
11625,2026-03-04 17:24:00,187,Pending
11626,2025-05-01 08:53:00,200,Completed
11627,2026-01-13 15:06:00,94,Completed
11628,2025-09-12 21:55:00,47,Pending
11629,2025-08-27 01:48:00,236,Pending
11630,2025-10-17 17:34:00,41,Completed
11631,2025-09-05 22:01:00,412,Cancelled
11632,2026-01-25 08:24:00,413,Pending
11633,2025-07-09 08:28:00,270,Pending
11634,2025-07-04 06:47:00,47,Cancelled
11635,2026-06-16 19:46:00,72,Cancelled
11636,2025-01-27 13:36:00,73,Pending
11637,2026-07-03 23:46:00,101,Completed
11638,2025-10-17 20:47:00,471,Completed
11639,2026-02-10 00:09:00,176,Pending
11640,2025-10-24 14:16:00,482,Pending
11641,2025-12-21 07:38:00,383,Cancelled
11642,2025-07-19 13:26:00,145,Pending
11643,2026-04-24 12:28:00,329,Pending
11644,2026-08-05 19:34:00,441,Cancelled
11645,2026-03-21 15:36:00,487,Completed
11646,2026-04-30 09:26:00,423,Pending
11647,2025-03-09 21:34:00,289,Completed
11648,2025-01-22 02:46:00,468,Pending
11649,2025-04-18 01:51:00,322,Completed
11650,2025-12-10 11:02:00,114,Cancelled
11651,2025-06-20 17:55:00,183,Pending
11652,2026-02-28 22:27:00,463,Completed
11653,2025-03-27 10:36:00,59,Pending
11654,2025-07-13 00:36:00,372,Completed
11655,2025-11-01 07:10:00,256,Completed
11656,2025-10-12 10:39:00,348,Cancelled
11657,2025-02-21 23:10:00,201,Completed
11658,2025-07-21 07:28:00,436,Pending
11659,2026-07-20 08:18:00,128,Completed
11660,2025-10-07 08:14:00,440,Pending
11661,2026-07-16 01:38:00,308,Pending
11662,2025-06-04 14:44:00,131,Pending
11663,2025-08-09 17:18:00,190,Completed
11664,2025-01-03 19:22:00,492,Completed
11665,2026-02-10 01:16:00,344,Completed
11666,2026-07-20 01:40:00,2,Cancelled
11667,2025-12-25 09:11:00,184,Completed
11668,2026-06-05 09:42:00,314,Pending
11669,2026-08-10 13:50:00,71,Cancelled
11670,2025-04-02 02:14:00,201,Completed
11671,2025-11-04 09:16:00,98,Pending
11672,2026-08-17 07:02:00,91,Completed
11673,2025-06-24 18:39:00,437,Completed
11674,2025-08-20 01:20:00,367,Completed
11675,2026-07-16 18:11:00,349,Completed
11676,2026-02-10 10:57:00,365,Completed
11677,2025-12-29 21:38:00,319,Completed
11678,2025-09-25 09:01:00,4,Pending
11679,2026-04-06 19:07:00,181,Pending
11680,2026-01-13 00:46:00,145,Completed
11681,2025-11-10 22:21:00,397,Cancelled
11682,2025-02-04 13:55:00,90,Cancelled
11683,2025-03-23 12:05:00,148,Completed
11684,2025-03-13 09:28:00,141,Pending
11685,2025-06-11 14:30:00,18,Completed
11686,2026-07-28 23:39:00,375,Pending
11687,2026-04-01 15:03:00,269,Completed
11688,2025-01-11 20:57:00,284,Completed
11689,2025-08-01 09:41:00,353,Completed
11690,2025-05-21 20:15:00,394,Cancelled
11691,2026-03-08 03:18:00,264,Completed
11692,2026-05-28 02:57:00,222,Completed
11693,2026-07-30 15:27:00,121,Completed
11694,2026-07-17 12:11:00,332,Completed
11695,2026-04-22 00:55:00,409,Pending
11696,2026-04-13 16:38:00,264,Pending
11697,2026-05-22 20:27:00,405,Cancelled
11698,2026-08-16 15:53:00,1,Pending
11699,2025-05-11 02:50:00,446,Completed
11700,2025-01-06 01:02:00,267,Completed
11701,2026-05-06 08:02:00,328,Cancelled
11702,2025-10-19 14:40:00,337,Pending
11703,2025-04-20 17:14:00,83,Completed
11704,2025-01-10 20:00:00,288,Completed
11705,2025-10-19 08:43:00,265,Completed
11706,2025-03-13 10:08:00,270,Pending
11707,2025-01-12 03:24:00,49,Completed
11708,2025-12-13 09:07:00,280,Pending
11709,2025-10-05 00:27:00,489,Completed
11710,2025-01-04 06:34:00,420,Completed
11711,2026-03-28 13:58:00,433,Completed
11712,2025-05-24 06:48:00,404,Pending
11713,2025-09-08 14:24:00,116,Completed
11714,2026-08-12 01:57:00,380,Cancelled
11715,2026-08-01 00:57:00,422,Completed
11716,2025-02-05 20:39:00,380,Pending
11717,2026-01-24 01:55:00,45,Completed
11718,2026-08-21 00:31:00,196,Pending
11719,2026-01-25 07:23:00,374,Cancelled
11720,2025-11-17 10:11:00,370,Completed
11721,2026-02-26 13:14:00,333,Pending
11722,2025-02-16 17:44:00,65,Pending
11723,2026-06-16 02:02:00,471,Pending
11724,2025-11-03 19:58:00,251,Completed
11725,2026-05-24 07:06:00,332,Completed
11726,2025-12-10 11:52:00,181,Cancelled
11727,2025-04-23 04:27:00,129,Completed
11728,2026-02-18 21:36:00,280,Pending
11729,2026-07-02 23:27:00,108,Completed
11730,2026-02-26 20:35:00,335,Pending
11731,2025-06-02 13:41:00,322,Completed
11732,2025-06-21 07:36:00,390,Completed
11733,2026-01-26 03:19:00,394,Completed
11734,2025-06-11 02:13:00,69,Completed
11735,2026-04-09 10:25:00,353,Completed
11736,2026-03-26 16:01:00,30,Completed
11737,2025-03-04 20:33:00,410,Completed
11738,2025-10-24 05:51:00,487,Pending
11739,2026-05-01 07:50:00,264,Completed
11740,2026-02-12 23:33:00,284,Completed
11741,2025-12-08 03:30:00,64,Pending
11742,2025-04-26 15:39:00,301,Completed
11743,2025-07-04 13:54:00,371,Pending
11744,2025-01-26 00:41:00,223,Cancelled
11745,2025-03-24 08:11:00,65,Pending
11746,2025-09-03 20:00:00,395,Completed
11747,2025-08-14 11:31:00,14,Completed
11748,2026-02-17 05:30:00,238,Completed
11749,2025-01-14 08:33:00,465,Completed
11750,2025-09-24 06:11:00,347,Completed
11751,2026-05-11 15:55:00,438,Cancelled
11752,2025-04-28 20:42:00,228,Completed
11753,2025-07-09 21:58:00,365,Completed
11754,2025-06-13 13:08:00,184,Completed
11755,2026-06-18 16:15:00,70,Completed
11756,2025-03-10 14:54:00,183,Cancelled
11757,2026-04-30 08:56:00,485,Cancelled
11758,2026-05-22 16:32:00,354,Completed
11759,2026-04-10 16:35:00,475,Pending
11760,2026-04-29 08:50:00,160,Completed
11761,2025-12-21 04:20:00,120,Pending
11762,2026-01-24 16:56:00,193,Pending
11763,2026-02-08 05:07:00,23,Completed
11764,2026-04-09 07:45:00,230,Completed
11765,2025-02-04 23:19:00,458,Cancelled
11766,2026-03-13 12:09:00,212,Pending
11767,2026-02-24 01:09:00,208,Completed
11768,2026-02-09 18:45:00,270,Cancelled
11769,2025-02-23 04:59:00,110,Completed
11770,2026-01-11 22:18:00,168,Completed
11771,2025-08-11 13:52:00,488,Completed
11772,2025-06-09 07:12:00,235,Pending
11773,2025-12-20 06:22:00,81,Cancelled
11774,2026-05-05 03:50:00,472,Completed
11775,2025-06-27 17:06:00,378,Pending
11776,2026-06-27 03:02:00,385,Cancelled
11777,2025-03-07 06:09:00,342,Cancelled
11778,2026-07-29 21:37:00,467,Completed
11779,2025-03-15 21:08:00,237,Completed
11780,2025-03-27 02:33:00,154,Pending
11781,2026-02-02 20:09:00,5,Completed
11782,2026-05-08 14:56:00,71,Pending
11783,2025-07-13 04:05:00,312,Completed
11784,2026-03-31 03:58:00,42,Completed
11785,2025-10-24 20:38:00,414,Completed
11786,2025-11-09 20:08:00,268,Completed
11787,2026-01-16 20:26:00,220,Completed
11788,2025-07-01 01:19:00,177,Cancelled
11789,2025-12-01 01:29:00,149,Completed
11790,2025-05-04 11:54:00,308,Completed
11791,2025-11-07 10:34:00,39,Completed
11792,2025-09-12 01:28:00,274,Completed
11793,2026-05-31 16:21:00,138,Completed
11794,2025-04-27 07:24:00,166,Pending
11795,2025-05-10 01:12:00,442,Pending
11796,2026-08-19 01:09:00,263,Completed
11797,2026-01-20 01:37:00,422,Cancelled
11798,2026-01-17 05:56:00,204,Completed
11799,2025-09-27 10:13:00,457,Completed
11800,2026-03-06 09:40:00,19,Pending
11801,2025-06-20 19:25:00,260,Completed
11802,2025-04-13 08:21:00,193,Completed
11803,2025-05-21 01:31:00,460,Pending
11804,2025-02-23 07:54:00,235,Completed
11805,2025-06-07 14:56:00,480,Completed
11806,2025-11-19 16:56:00,342,Pending
11807,2026-06-23 21:04:00,206,Pending
11808,2026-08-22 02:18:00,244,Completed
11809,2025-06-13 04:52:00,186,Pending
11810,2026-01-14 22:19:00,47,Completed
11811,2025-11-21 01:15:00,411,Completed
11812,2025-02-08 04:30:00,190,Completed
11813,2025-08-06 16:07:00,160,Cancelled
11814,2025-02-18 03:35:00,342,Pending
11815,2026-03-31 08:34:00,366,Pending
11816,2025-02-19 22:00:00,277,Pending
11817,2026-03-08 00:59:00,305,Cancelled
11818,2025-09-17 02:47:00,277,Pending
11819,2025-08-28 08:26:00,317,Cancelled
11820,2025-09-10 17:31:00,231,Completed
11821,2025-07-18 20:15:00,348,Completed
11822,2025-12-22 10:55:00,312,Completed
11823,2025-06-20 22:52:00,398,Cancelled
11824,2026-01-04 16:42:00,293,Completed
11825,2025-03-01 07:48:00,373,Completed
11826,2026-05-22 01:19:00,203,Completed
11827,2026-02-13 10:43:00,307,Pending
11828,2026-08-18 19:49:00,51,Pending
11829,2026-02-08 12:30:00,408,Cancelled
11830,2026-06-05 06:33:00,182,Completed
11831,2026-01-17 00:07:00,459,Completed
11832,2026-05-31 12:12:00,157,Completed
11833,2026-07-16 04:31:00,210,Completed
11834,2026-05-09 10:59:00,355,Completed
11835,2025-07-17 12:08:00,244,Completed
11836,2025-08-03 04:12:00,44,Completed
11837,2026-08-20 08:56:00,307,Completed
11838,2026-06-16 18:34:00,243,Pending
11839,2025-02-26 12:25:00,487,Completed
11840,2026-04-11 19:50:00,21,Cancelled
11841,2025-12-16 00:54:00,497,Cancelled
11842,2025-03-16 13:50:00,152,Completed
11843,2026-02-21 18:36:00,345,Cancelled
11844,2025-08-21 15:00:00,398,Completed
11845,2025-12-21 10:08:00,253,Completed
11846,2026-06-19 18:40:00,93,Pending
11847,2026-05-14 06:26:00,331,Pending
11848,2025-05-11 19:21:00,43,Pending
11849,2026-06-27 01:04:00,239,Completed
11850,2026-05-25 17:49:00,75,Completed
11851,2026-02-20 13:24:00,399,Pending
11852,2026-01-01 15:35:00,294,Completed
11853,2025-03-30 19:12:00,474,Completed
11854,2025-04-03 19:30:00,308,Completed
11855,2026-08-13 06:38:00,353,Completed
11856,2025-08-17 01:20:00,259,Completed
11857,2026-07-05 09:53:00,339,Pending
11858,2025-06-04 08:45:00,126,Completed
11859,2025-11-10 05:46:00,214,Completed
11860,2026-03-22 16:43:00,204,Completed
11861,2025-09-08 05:24:00,82,Completed
11862,2026-03-21 10:29:00,308,Completed
11863,2025-03-03 06:49:00,163,Pending
11864,2025-11-13 12:15:00,109,Completed
11865,2026-06-21 23:23:00,250,Completed
11866,2026-07-04 12:56:00,345,Cancelled
11867,2025-06-18 20:56:00,333,Pending
11868,2026-06-24 07:50:00,374,Completed
11869,2026-06-11 02:21:00,306,Pending
11870,2026-01-06 10:15:00,239,Completed
11871,2026-03-30 02:22:00,336,Completed
11872,2025-07-16 09:22:00,134,Cancelled
11873,2026-07-31 02:29:00,105,Completed
11874,2025-01-18 05:35:00,169,Completed
11875,2025-12-26 11:38:00,31,Pending
11876,2025-07-25 07:32:00,305,Completed
11877,2025-02-13 17:52:00,75,Completed
11878,2026-05-14 00:10:00,1,Completed
11879,2025-11-14 10:25:00,439,Completed
11880,2025-10-08 08:58:00,98,Completed
11881,2025-06-07 20:34:00,224,Completed
11882,2025-02-13 05:44:00,1,Completed
11883,2025-12-08 22:34:00,427,Completed
11884,2026-03-31 20:44:00,357,Cancelled
11885,2025-07-24 20:08:00,391,Completed
11886,2025-02-16 16:40:00,328,Cancelled
11887,2026-06-24 13:36:00,17,Completed
11888,2025-09-12 18:24:00,250,Completed
11889,2026-07-27 13:25:00,186,Completed
11890,2025-12-21 07:16:00,306,Completed
11891,2025-03-12 12:23:00,141,Completed
11892,2025-06-09 18:47:00,305,Pending
11893,2026-02-02 20:13:00,95,Completed
11894,2026-03-07 15:13:00,45,Pending
11895,2025-03-24 06:52:00,70,Completed
11896,2026-03-05 05:22:00,444,Completed
11897,2026-02-02 20:00:00,142,Completed
11898,2025-12-08 20:32:00,233,Completed
11899,2025-02-09 13:49:00,184,Cancelled
11900,2025-05-22 07:57:00,181,Completed
11901,2026-07-18 00:16:00,285,Completed
11902,2025-05-14 01:29:00,21,Completed
11903,2026-06-27 11:42:00,322,Pending
11904,2025-03-26 20:56:00,468,Completed
11905,2025-07-15 16:46:00,458,Completed
11906,2026-02-08 10:23:00,416,Completed
11907,2026-02-26 04:20:00,492,Completed
11908,2025-07-17 00:29:00,268,Completed
11909,2025-06-21 01:31:00,332,Completed
11910,2025-01-07 13:29:00,259,Cancelled
11911,2025-07-05 22:59:00,341,Completed
11912,2025-09-25 16:00:00,375,Pending
11913,2025-01-16 11:15:00,35,Pending
11914,2025-08-08 00:03:00,436,Completed
11915,2025-04-18 09:30:00,396,Pending
11916,2026-01-25 20:46:00,185,Pending
11917,2025-09-04 06:42:00,244,Completed
11918,2026-05-16 04:36:00,174,Completed
11919,2025-06-13 00:45:00,9,Pending
11920,2025-10-04 23:19:00,112,Completed
11921,2026-07-22 13:53:00,131,Completed
11922,2026-01-09 09:55:00,325,Completed
11923,2025-04-19 15:30:00,240,Completed
11924,2025-09-11 00:45:00,221,Completed
11925,2025-07-30 12:07:00,53,Cancelled
11926,2025-09-08 17:31:00,87,Pending
11927,2025-01-29 00:19:00,423,Completed
11928,2026-07-13 13:54:00,281,Completed
11929,2025-11-18 17:10:00,303,Cancelled
11930,2026-07-27 13:09:00,275,Completed
11931,2025-01-14 22:38:00,220,Completed
11932,2026-05-30 01:19:00,99,Pending
11933,2026-01-16 18:00:00,84,Pending
11934,2026-04-02 13:48:00,141,Completed
11935,2025-04-03 15:13:00,179,Cancelled
11936,2025-03-07 14:09:00,252,Cancelled
11937,2025-08-10 22:17:00,310,Pending
11938,2025-09-23 11:17:00,329,Pending
11939,2025-03-09 07:39:00,102,Completed
11940,2025-04-12 22:42:00,308,Cancelled
11941,2025-03-13 22:16:00,425,Cancelled
11942,2026-01-29 11:58:00,163,Completed
11943,2025-03-05 19:54:00,397,Cancelled
11944,2026-07-17 13:12:00,317,Pending
11945,2026-05-16 16:49:00,105,Cancelled
11946,2026-08-16 22:10:00,319,Completed
11947,2025-05-22 01:21:00,458,Completed
11948,2025-07-27 14:46:00,15,Completed
11949,2026-04-19 07:43:00,106,Completed
11950,2025-08-05 09:33:00,144,Completed
11951,2026-02-19 19:48:00,408,Completed
11952,2026-02-23 23:14:00,423,Completed
11953,2025-08-27 10:31:00,125,Completed
11954,2025-12-30 04:58:00,41,Pending
11955,2026-06-18 11:47:00,56,Pending
11956,2025-06-10 01:49:00,187,Completed
11957,2026-06-18 16:14:00,291,Completed
11958,2025-01-07 12:21:00,355,Completed
11959,2025-11-16 00:56:00,330,Completed
11960,2026-05-04 23:42:00,342,Cancelled
11961,2026-02-06 11:54:00,473,Completed
11962,2025-08-25 19:38:00,151,Pending
11963,2025-05-06 03:41:00,61,Cancelled
11964,2025-02-04 13:49:00,35,Pending
11965,2025-04-09 14:48:00,143,Pending
11966,2025-10-26 17:13:00,417,Completed
11967,2025-08-19 08:47:00,455,Completed
11968,2026-04-14 08:01:00,170,Pending
11969,2026-02-10 20:53:00,379,Completed
11970,2026-07-28 02:49:00,480,Completed
11971,2026-04-09 18:50:00,44,Completed
11972,2025-07-31 04:05:00,424,Cancelled
11973,2025-04-20 02:59:00,194,Cancelled
11974,2026-02-08 06:08:00,160,Completed
11975,2026-05-15 11:59:00,289,Completed
11976,2025-09-26 02:55:00,433,Cancelled
11977,2025-03-06 17:05:00,294,Completed
11978,2025-05-16 14:22:00,486,Completed
11979,2026-05-15 12:08:00,209,Completed
11980,2025-12-03 16:26:00,448,Completed
11981,2025-08-14 14:24:00,332,Completed
11982,2025-04-01 17:23:00,134,Completed
11983,2026-01-10 06:25:00,490,Completed
11984,2025-09-18 01:10:00,27,Completed
11985,2026-03-04 06:39:00,46,Cancelled
11986,2026-03-28 14:53:00,390,Pending
11987,2025-02-20 23:44:00,356,Completed
11988,2025-12-01 20:45:00,426,Pending
11989,2026-07-07 17:44:00,56,Cancelled
11990,2025-03-31 03:03:00,280,Completed
11991,2026-06-29 06:31:00,70,Completed
11992,2025-01-08 06:05:00,267,Completed
11993,2026-02-05 12:20:00,349,Completed
11994,2026-02-06 16:26:00,254,Completed
11995,2025-03-27 17:30:00,361,Cancelled
11996,2025-05-22 09:48:00,2,Completed
11997,2025-05-14 23:37:00,458,Cancelled
11998,2025-09-22 21:59:00,19,Pending
11999,2026-02-12 17:27:00,268,Pending
12000,2026-08-05 12:20:00,312,Completed
12001,2026-02-13 09:44:00,327,Completed
12002,2025-09-25 14:18:00,97,Pending
12003,2025-07-31 07:48:00,498,Cancelled
12004,2025-01-29 03:43:00,215,Completed
12005,2026-08-14 23:27:00,187,Completed
12006,2025-01-06 14:34:00,110,Pending
12007,2026-06-07 09:23:00,281,Completed
12008,2025-12-12 07:56:00,40,Completed
12009,2026-02-21 08:26:00,192,Completed
12010,2026-01-12 21:38:00,64,Pending
12011,2025-03-07 05:17:00,385,Pending
12012,2025-01-26 18:33:00,245,Cancelled
12013,2026-06-02 07:11:00,234,Pending
12014,2025-08-10 04:21:00,290,Completed
12015,2025-10-30 01:35:00,374,Completed
12016,2025-03-27 20:06:00,237,Completed
12017,2026-05-09 16:56:00,233,Pending
12018,2026-04-19 14:26:00,454,Pending
12019,2025-11-03 15:58:00,455,Completed
12020,2025-03-31 02:19:00,93,Completed
12021,2025-05-02 20:08:00,458,Pending
12022,2025-04-09 21:29:00,238,Pending
12023,2025-07-07 22:17:00,434,Cancelled
12024,2025-06-24 22:00:00,116,Pending
12025,2025-10-24 21:19:00,258,Pending
12026,2025-09-14 12:53:00,182,Completed
12027,2025-11-03 10:07:00,435,Completed
12028,2025-06-08 17:07:00,211,Completed
12029,2025-04-06 15:50:00,45,Completed
12030,2025-02-09 21:57:00,174,Completed
12031,2026-05-04 10:10:00,102,Completed
12032,2026-02-28 06:05:00,200,Pending
12033,2026-05-21 20:46:00,130,Completed
12034,2026-02-17 18:24:00,224,Pending
12035,2026-05-02 16:46:00,304,Completed
12036,2025-12-22 20:58:00,456,Completed
12037,2025-05-16 00:30:00,399,Completed
12038,2025-03-31 23:28:00,11,Pending
12039,2025-12-18 12:04:00,490,Pending
12040,2026-07-14 18:44:00,242,Completed
12041,2025-10-26 18:58:00,472,Completed
12042,2025-09-27 00:12:00,299,Completed
12043,2025-07-07 23:31:00,424,Cancelled
12044,2025-04-26 04:47:00,27,Completed
12045,2025-05-26 22:12:00,387,Cancelled
12046,2026-02-09 21:22:00,290,Cancelled
12047,2025-03-03 09:12:00,423,Completed
12048,2025-05-21 11:29:00,202,Completed
12049,2026-08-02 01:23:00,327,Pending
12050,2025-03-23 20:23:00,307,Completed
12051,2025-05-12 16:38:00,196,Completed
12052,2025-12-07 23:36:00,158,Pending
12053,2025-12-10 09:29:00,38,Completed
12054,2025-01-11 10:51:00,36,Pending
12055,2025-11-09 01:48:00,147,Completed
12056,2025-03-29 19:57:00,249,Completed
12057,2026-02-25 11:32:00,332,Pending
12058,2025-04-04 06:00:00,10,Completed
12059,2026-02-07 21:03:00,27,Completed
12060,2025-10-19 00:15:00,207,Completed
12061,2025-06-07 17:49:00,303,Completed
12062,2026-07-02 00:04:00,485,Completed
12063,2025-10-06 07:52:00,63,Pending
12064,2025-03-06 04:38:00,467,Completed
12065,2025-08-27 16:42:00,360,Cancelled
12066,2025-11-09 07:27:00,333,Completed
12067,2025-12-11 10:05:00,91,Pending
12068,2026-03-13 21:10:00,144,Pending
12069,2025-11-18 21:59:00,249,Cancelled
12070,2026-02-24 22:39:00,14,Pending
12071,2025-07-09 13:48:00,128,Pending
12072,2025-05-20 00:36:00,431,Pending
12073,2025-01-10 16:20:00,471,Cancelled
12074,2026-08-02 02:06:00,53,Completed
12075,2025-07-28 08:49:00,316,Pending
12076,2025-05-05 03:23:00,14,Completed
12077,2025-08-29 12:00:00,394,Cancelled
12078,2025-02-20 20:08:00,246,Completed
12079,2026-01-18 19:24:00,274,Completed
12080,2026-07-25 06:12:00,363,Completed
12081,2025-03-03 06:53:00,301,Pending
12082,2026-04-09 03:26:00,108,Pending
12083,2025-06-21 00:49:00,268,Cancelled
12084,2026-07-03 14:04:00,65,Completed
12085,2025-10-22 06:46:00,277,Completed
12086,2026-03-07 14:56:00,26,Completed
12087,2026-02-07 01:24:00,428,Pending
12088,2026-08-06 01:54:00,374,Pending
12089,2025-10-06 15:46:00,231,Cancelled
12090,2025-07-06 01:03:00,355,Completed
12091,2025-11-25 21:46:00,2,Completed
12092,2025-03-24 02:58:00,289,Completed
12093,2026-02-24 06:49:00,150,Completed
12094,2025-11-12 21:41:00,196,Completed
12095,2026-04-06 22:16:00,29,Completed
12096,2026-02-26 12:15:00,425,Cancelled
12097,2025-12-23 18:33:00,129,Pending
12098,2025-07-21 15:47:00,495,Completed
12099,2025-01-20 06:50:00,247,Cancelled
12100,2025-02-10 05:51:00,364,Cancelled
12101,2025-01-03 20:15:00,445,Cancelled
12102,2026-07-02 09:37:00,15,Completed
12103,2025-12-05 03:32:00,430,Completed
12104,2026-08-04 20:56:00,392,Completed
12105,2026-06-06 04:36:00,398,Completed
12106,2026-02-04 05:22:00,497,Completed
12107,2025-04-07 07:50:00,139,Completed
12108,2025-05-31 00:08:00,391,Pending
12109,2026-05-23 00:57:00,406,Pending
12110,2026-05-16 05:26:00,168,Completed
12111,2026-03-28 05:50:00,302,Completed
12112,2025-01-19 18:14:00,6,Cancelled
12113,2026-06-06 12:33:00,371,Completed
12114,2026-05-27 07:03:00,238,Completed
12115,2026-04-23 18:07:00,457,Completed
12116,2025-11-02 16:01:00,335,Pending
12117,2026-05-19 05:59:00,41,Cancelled
12118,2025-10-16 17:41:00,345,Completed
12119,2025-01-08 02:24:00,243,Pending
12120,2026-07-04 13:08:00,313,Completed
12121,2025-04-22 23:05:00,265,Cancelled
12122,2025-07-06 06:12:00,78,Cancelled
12123,2025-03-01 21:09:00,376,Completed
12124,2026-02-10 11:59:00,260,Completed
12125,2026-04-30 20:45:00,236,Completed
12126,2025-02-02 08:17:00,245,Completed
12127,2025-08-07 21:04:00,459,Completed
12128,2025-11-23 16:24:00,230,Completed
12129,2026-07-30 19:41:00,258,Completed
12130,2026-05-19 21:11:00,343,Cancelled
12131,2025-04-02 09:10:00,182,Pending
12132,2026-03-14 13:30:00,493,Cancelled
12133,2025-08-11 21:24:00,455,Completed
12134,2026-01-03 02:13:00,65,Cancelled
12135,2025-10-11 03:48:00,363,Completed
12136,2025-01-15 17:41:00,307,Completed
12137,2026-05-09 19:20:00,402,Completed
12138,2025-06-28 03:54:00,247,Cancelled
12139,2025-01-24 11:16:00,454,Completed
12140,2025-09-08 04:55:00,463,Completed
12141,2026-04-28 21:36:00,156,Completed
12142,2025-02-18 12:23:00,230,Completed
12143,2025-11-27 07:02:00,319,Pending
12144,2026-06-23 09:54:00,238,Completed
12145,2025-02-15 07:18:00,341,Pending
12146,2025-07-31 14:07:00,382,Pending
12147,2025-02-11 15:32:00,353,Completed
12148,2025-01-24 20:08:00,393,Completed
12149,2026-02-02 01:06:00,485,Cancelled
12150,2026-04-22 07:50:00,86,Completed
12151,2026-01-24 00:33:00,98,Cancelled
12152,2026-01-18 21:51:00,360,Completed
12153,2026-07-06 09:27:00,241,Pending
12154,2026-01-28 17:43:00,363,Completed
12155,2025-04-12 23:17:00,180,Completed
12156,2026-08-07 06:57:00,236,Cancelled
12157,2026-03-05 15:53:00,421,Completed
12158,2025-03-01 05:44:00,148,Pending
12159,2025-11-05 05:22:00,400,Completed
12160,2026-07-02 12:44:00,446,Completed
12161,2026-06-15 00:14:00,464,Completed
12162,2025-02-13 20:25:00,323,Completed
12163,2026-01-30 23:31:00,101,Pending
12164,2025-12-19 05:38:00,69,Completed
12165,2025-01-13 06:37:00,65,Completed
12166,2025-06-18 04:45:00,106,Pending
12167,2026-04-29 14:51:00,471,Completed
12168,2025-05-17 09:53:00,183,Completed
12169,2025-08-10 17:51:00,411,Completed
12170,2025-06-25 09:55:00,310,Completed
12171,2026-02-18 09:17:00,381,Completed
12172,2025-05-29 19:46:00,36,Completed
12173,2026-04-24 14:41:00,358,Pending
12174,2025-07-11 12:53:00,454,Pending
12175,2026-02-26 10:21:00,300,Completed
12176,2026-03-04 01:18:00,411,Cancelled
12177,2026-04-10 20:48:00,500,Cancelled
12178,2025-07-11 19:20:00,143,Completed
12179,2026-01-26 21:24:00,349,Completed
12180,2025-08-04 01:12:00,265,Completed
12181,2026-02-11 15:45:00,205,Completed
12182,2025-07-16 03:15:00,147,Pending
12183,2026-04-16 00:36:00,76,Completed
12184,2026-03-04 11:47:00,483,Pending
12185,2025-06-07 06:09:00,234,Pending
12186,2025-12-07 06:29:00,268,Completed
12187,2025-08-18 18:30:00,147,Pending
12188,2025-12-01 04:45:00,346,Pending
12189,2026-03-18 02:07:00,158,Pending
12190,2025-03-18 19:11:00,111,Completed
12191,2025-07-29 12:36:00,468,Pending
12192,2025-11-05 16:40:00,451,Pending
12193,2025-02-01 15:48:00,400,Pending
12194,2026-08-16 19:03:00,304,Cancelled
12195,2025-07-30 04:23:00,327,Completed
12196,2025-10-24 10:45:00,141,Completed
12197,2025-11-14 12:07:00,401,Completed
12198,2025-01-10 03:41:00,286,Cancelled
12199,2025-05-25 00:59:00,180,Cancelled
12200,2025-12-31 08:47:00,423,Cancelled
12201,2025-07-09 15:09:00,175,Cancelled
12202,2026-08-10 22:27:00,261,Completed
12203,2026-01-19 03:05:00,219,Completed
12204,2025-06-03 06:01:00,197,Completed
12205,2025-04-28 15:03:00,37,Completed
12206,2025-08-17 11:46:00,201,Completed
12207,2025-09-01 03:31:00,47,Completed
12208,2025-09-22 23:02:00,422,Pending
12209,2025-11-14 21:46:00,189,Completed
12210,2025-07-24 15:03:00,61,Cancelled
12211,2025-09-17 20:41:00,59,Cancelled
12212,2026-02-06 10:08:00,53,Completed
12213,2026-07-06 14:55:00,160,Cancelled
12214,2026-06-28 14:12:00,349,Completed
12215,2026-01-05 13:29:00,214,Cancelled
12216,2026-08-06 22:54:00,451,Completed
12217,2025-04-04 09:23:00,247,Completed
12218,2026-01-13 16:13:00,309,Completed
12219,2026-01-20 12:20:00,144,Pending
12220,2025-04-23 21:14:00,218,Pending
12221,2026-04-12 21:17:00,243,Completed
12222,2026-07-29 08:39:00,182,Cancelled
12223,2025-08-15 01:45:00,264,Cancelled
12224,2025-06-26 14:43:00,68,Completed
12225,2025-07-26 12:02:00,210,Completed
12226,2025-12-25 16:35:00,142,Completed
12227,2025-07-05 11:31:00,1,Completed
12228,2026-02-25 17:23:00,476,Pending
12229,2026-08-24 05:37:00,161,Completed
12230,2026-08-08 15:18:00,291,Completed
12231,2025-05-06 16:10:00,228,Cancelled
12232,2026-03-11 18:54:00,168,Cancelled
12233,2025-09-24 01:25:00,161,Completed
12234,2026-01-22 23:35:00,315,Completed
12235,2026-04-01 13:34:00,20,Completed
12236,2026-03-12 09:47:00,374,Completed
12237,2026-04-23 06:36:00,317,Completed
12238,2026-07-15 04:03:00,253,Pending
12239,2026-06-11 12:34:00,282,Completed
12240,2026-07-10 03:08:00,168,Pending
12241,2025-04-14 09:34:00,99,Completed
12242,2025-11-24 03:25:00,33,Completed
12243,2026-03-31 14:52:00,479,Completed
12244,2026-04-20 03:42:00,377,Completed
12245,2026-07-27 07:08:00,240,Pending
12246,2025-01-31 05:11:00,422,Completed
12247,2025-05-07 09:27:00,33,Completed
12248,2025-02-05 09:10:00,33,Cancelled
12249,2026-06-22 14:27:00,101,Completed
12250,2026-02-21 10:07:00,309,Completed
12251,2026-05-31 04:11:00,230,Pending
12252,2025-02-08 00:47:00,20,Completed
12253,2026-06-14 19:11:00,240,Completed
12254,2025-03-15 07:01:00,364,Completed
12255,2025-07-18 12:50:00,197,Completed
12256,2026-06-27 04:10:00,25,Completed
12257,2025-03-03 00:13:00,375,Completed
12258,2025-11-16 01:07:00,88,Pending
12259,2025-04-25 17:45:00,70,Pending
12260,2025-07-15 06:43:00,361,Completed
12261,2025-03-05 09:24:00,149,Cancelled
12262,2025-12-25 08:15:00,397,Completed
12263,2025-01-09 07:29:00,242,Completed
12264,2025-08-27 23:28:00,32,Completed
12265,2025-07-20 05:08:00,468,Completed
12266,2025-10-24 13:25:00,78,Cancelled
12267,2025-01-04 15:05:00,467,Pending
12268,2025-10-03 17:31:00,118,Completed
12269,2026-04-29 20:05:00,191,Pending
12270,2025-05-21 12:44:00,60,Pending
12271,2025-12-23 16:17:00,454,Completed
12272,2026-05-29 15:38:00,92,Completed
12273,2025-07-07 06:26:00,325,Completed
12274,2026-08-07 14:57:00,1,Completed
12275,2025-07-25 15:13:00,60,Completed
12276,2025-11-23 18:18:00,202,Completed
12277,2025-07-04 22:13:00,113,Completed
12278,2025-03-04 00:10:00,132,Pending
12279,2025-11-18 21:08:00,384,Cancelled
12280,2026-07-08 00:27:00,175,Pending
12281,2025-02-04 17:33:00,406,Completed
12282,2025-02-20 21:06:00,146,Completed
12283,2025-10-11 07:15:00,2,Pending
12284,2025-11-16 04:07:00,168,Completed
12285,2025-11-14 04:37:00,174,Completed
12286,2025-05-19 14:21:00,387,Pending
12287,2025-02-07 18:12:00,35,Completed
12288,2025-10-26 03:31:00,44,Completed
12289,2025-11-17 18:50:00,57,Completed
12290,2025-06-16 20:59:00,43,Completed
12291,2025-10-24 06:08:00,394,Completed
12292,2025-02-03 13:56:00,377,Cancelled
12293,2025-03-26 23:50:00,303,Completed
12294,2026-05-21 04:03:00,72,Completed
12295,2025-05-31 18:23:00,441,Pending
12296,2026-04-17 16:08:00,458,Completed
12297,2025-07-04 07:28:00,7,Completed
12298,2026-02-16 19:01:00,491,Pending
12299,2025-06-04 04:35:00,424,Cancelled
12300,2026-06-25 09:30:00,252,Completed
12301,2025-12-28 15:21:00,88,Completed
12302,2025-04-28 22:10:00,352,Pending
12303,2026-02-24 16:59:00,174,Cancelled
12304,2025-02-12 04:03:00,359,Completed
12305,2025-06-08 23:18:00,263,Completed
12306,2025-12-19 07:33:00,33,Pending
12307,2025-10-21 09:35:00,412,Cancelled
12308,2025-03-15 17:23:00,470,Pending
12309,2025-07-17 03:27:00,425,Pending
12310,2026-01-23 00:34:00,263,Completed
12311,2026-04-23 02:18:00,482,Completed
12312,2025-11-15 10:53:00,33,Pending
12313,2025-06-16 16:07:00,439,Pending
12314,2026-01-17 00:36:00,37,Pending
12315,2026-03-22 07:48:00,410,Completed
12316,2025-05-04 22:19:00,208,Completed
12317,2025-11-08 01:46:00,474,Cancelled
12318,2025-05-20 06:19:00,137,Completed
12319,2026-06-25 15:30:00,165,Completed
12320,2025-08-09 20:07:00,196,Completed
12321,2026-08-02 19:18:00,101,Completed
12322,2025-02-05 10:46:00,370,Completed
12323,2025-09-11 22:37:00,381,Completed
12324,2025-12-09 06:29:00,68,Pending
12325,2025-08-05 22:38:00,116,Completed
12326,2025-07-08 15:20:00,80,Pending
12327,2025-11-07 16:59:00,2,Completed
12328,2025-09-22 16:19:00,376,Cancelled
12329,2026-03-21 15:56:00,340,Cancelled
12330,2026-03-07 16:44:00,93,Completed
12331,2025-04-10 14:43:00,365,Pending
12332,2025-09-23 16:01:00,110,Cancelled
12333,2025-08-03 08:03:00,352,Pending
12334,2026-01-02 17:25:00,68,Pending
12335,2026-07-09 18:43:00,105,Completed
12336,2026-08-17 00:25:00,322,Completed
12337,2025-04-11 17:09:00,59,Pending
12338,2025-03-21 23:56:00,264,Cancelled
12339,2025-10-29 06:24:00,491,Pending
12340,2026-07-23 23:46:00,159,Completed
12341,2025-08-31 20:35:00,438,Completed
12342,2026-05-31 20:24:00,122,Pending
12343,2025-07-23 03:55:00,84,Completed
12344,2025-09-08 08:01:00,6,Cancelled
12345,2026-04-27 20:17:00,425,Completed
12346,2025-10-18 10:19:00,255,Completed
12347,2026-07-25 17:44:00,324,Cancelled
12348,2026-07-16 05:35:00,246,Completed
12349,2025-04-07 21:19:00,432,Completed
12350,2025-11-21 21:41:00,58,Cancelled
12351,2026-02-08 18:40:00,249,Completed
12352,2025-08-26 06:02:00,192,Completed
12353,2026-04-19 07:32:00,152,Pending
12354,2025-03-31 01:09:00,243,Completed
12355,2026-01-26 14:51:00,281,Pending
12356,2025-12-03 15:58:00,79,Cancelled
12357,2026-07-01 21:11:00,215,Completed
12358,2025-01-19 00:01:00,447,Completed
12359,2025-09-20 12:13:00,233,Completed
12360,2026-05-20 16:38:00,360,Completed
12361,2026-01-15 07:42:00,446,Completed
12362,2025-07-24 11:35:00,60,Completed
12363,2026-08-09 14:32:00,177,Completed
12364,2025-12-30 12:50:00,352,Completed
12365,2025-06-26 06:23:00,30,Pending
12366,2025-12-26 00:09:00,168,Cancelled
12367,2026-03-01 23:31:00,359,Completed
12368,2026-05-11 10:32:00,297,Completed
12369,2025-10-03 14:03:00,223,Pending
12370,2025-04-19 02:32:00,160,Completed
12371,2025-04-06 08:06:00,162,Pending
12372,2026-02-20 04:34:00,382,Cancelled
12373,2025-02-26 09:56:00,283,Pending
12374,2026-01-23 20:09:00,73,Completed
12375,2025-08-06 05:21:00,103,Completed
12376,2026-03-04 10:36:00,185,Completed
12377,2025-09-02 20:04:00,218,Pending
12378,2025-03-18 16:46:00,166,Completed
12379,2025-10-17 15:32:00,221,Pending
12380,2026-05-02 10:32:00,277,Cancelled
12381,2026-04-14 10:20:00,123,Completed
12382,2025-11-30 23:45:00,115,Completed
12383,2025-06-08 09:44:00,194,Cancelled
12384,2025-03-24 01:09:00,160,Completed
12385,2025-07-10 07:42:00,88,Pending
12386,2025-08-29 18:16:00,306,Completed
12387,2026-05-11 08:33:00,473,Completed
12388,2025-03-11 20:49:00,165,Pending
12389,2026-02-10 13:23:00,130,Pending
12390,2025-04-22 14:53:00,294,Cancelled
12391,2025-07-25 06:41:00,252,Cancelled
12392,2025-12-31 17:26:00,161,Completed
12393,2025-06-07 05:56:00,408,Completed
12394,2025-01-22 02:56:00,258,Completed
12395,2026-06-22 09:05:00,295,Completed
12396,2026-08-03 18:09:00,255,Completed
12397,2026-08-01 05:17:00,378,Completed
12398,2026-04-20 00:48:00,426,Pending
12399,2026-06-27 07:14:00,253,Completed
12400,2026-02-28 23:23:00,100,Completed
12401,2026-05-06 15:37:00,182,Completed
12402,2026-04-26 17:17:00,357,Completed
12403,2025-05-12 01:40:00,49,Pending
12404,2025-11-03 20:58:00,34,Completed
12405,2026-06-05 07:04:00,406,Cancelled
12406,2026-01-06 23:44:00,88,Pending
12407,2025-09-23 10:08:00,443,Pending
12408,2025-09-11 14:47:00,128,Pending
12409,2025-07-05 09:52:00,89,Completed
12410,2026-06-09 09:58:00,285,Completed
12411,2025-01-17 19:57:00,208,Completed
12412,2026-01-29 12:17:00,237,Pending
12413,2026-01-11 08:33:00,112,Completed
12414,2025-07-05 14:05:00,176,Completed
12415,2025-03-14 03:34:00,185,Completed
12416,2025-02-02 23:45:00,223,Pending
12417,2026-04-19 00:37:00,137,Pending
12418,2026-05-05 23:07:00,136,Completed
12419,2026-03-10 22:22:00,347,Pending
12420,2025-12-01 11:23:00,123,Completed
12421,2026-08-21 10:27:00,259,Cancelled
12422,2026-01-19 03:36:00,89,Completed
12423,2025-10-02 22:22:00,379,Pending
12424,2025-08-20 07:57:00,498,Pending
12425,2025-12-25 14:46:00,473,Completed
12426,2026-02-19 13:36:00,258,Pending
12427,2025-06-07 14:59:00,35,Pending
12428,2025-03-15 06:17:00,203,Pending
12429,2025-10-07 17:43:00,97,Cancelled
12430,2026-01-26 04:55:00,360,Pending
12431,2025-04-29 21:21:00,359,Completed
12432,2025-12-05 06:24:00,440,Completed
12433,2025-03-06 10:17:00,398,Completed
12434,2025-11-28 14:58:00,335,Pending
12435,2025-05-04 20:35:00,138,Pending
12436,2025-03-19 11:56:00,304,Completed
12437,2025-01-05 05:56:00,206,Pending
12438,2025-09-24 14:24:00,417,Completed
12439,2025-09-03 03:25:00,380,Pending
12440,2025-03-01 14:36:00,116,Completed
12441,2026-01-22 09:01:00,228,Pending
12442,2025-06-13 21:55:00,417,Completed
12443,2025-01-23 00:57:00,156,Cancelled
12444,2026-07-09 04:41:00,291,Completed
12445,2025-09-03 12:37:00,407,Cancelled
12446,2025-01-25 04:42:00,333,Pending
12447,2025-07-27 12:58:00,147,Pending
12448,2025-03-07 02:07:00,39,Pending
12449,2025-10-14 14:57:00,344,Completed
12450,2025-05-28 18:40:00,26,Pending
12451,2026-05-02 17:39:00,308,Pending
12452,2025-01-16 02:49:00,147,Pending
12453,2026-05-15 22:45:00,427,Cancelled
12454,2025-11-08 23:24:00,374,Pending
12455,2026-02-23 13:37:00,76,Completed
12456,2025-04-09 13:41:00,462,Completed
12457,2026-01-03 02:45:00,239,Cancelled
12458,2025-07-02 01:09:00,53,Completed
12459,2026-05-03 16:17:00,451,Cancelled
12460,2025-06-08 00:40:00,205,Completed
12461,2025-07-09 16:26:00,211,Completed
12462,2026-06-13 03:33:00,385,Completed
12463,2026-04-22 22:46:00,446,Cancelled
12464,2026-02-28 09:08:00,233,Completed
12465,2025-06-22 20:56:00,272,Completed
12466,2025-05-09 04:53:00,226,Pending
12467,2026-01-21 04:47:00,454,Completed
12468,2026-03-20 09:38:00,288,Completed
12469,2026-05-21 07:10:00,464,Completed
12470,2025-03-14 22:07:00,254,Cancelled
12471,2026-06-23 15:13:00,452,Pending
12472,2025-04-07 03:28:00,468,Completed
12473,2025-05-01 16:53:00,360,Pending
12474,2025-03-06 18:02:00,121,Completed
12475,2025-04-10 05:53:00,50,Cancelled
12476,2025-04-06 00:02:00,474,Cancelled
12477,2025-02-15 16:36:00,325,Completed
12478,2025-12-13 08:00:00,326,Completed
12479,2025-01-26 00:46:00,431,Completed
12480,2025-07-05 19:55:00,451,Cancelled
12481,2025-05-04 03:41:00,446,Pending
12482,2025-11-19 12:38:00,213,Cancelled
12483,2025-02-04 19:10:00,164,Cancelled
12484,2025-02-27 00:21:00,215,Completed
12485,2026-08-12 01:31:00,243,Completed
12486,2025-04-04 19:09:00,226,Completed
12487,2026-04-03 16:06:00,250,Completed
12488,2026-03-17 23:21:00,291,Completed
12489,2025-10-31 19:51:00,118,Completed
12490,2025-12-18 19:31:00,23,Completed
12491,2025-05-08 03:17:00,61,Completed
12492,2026-01-29 19:19:00,39,Pending
12493,2025-04-07 21:33:00,392,Pending
12494,2025-10-18 20:48:00,246,Completed
12495,2026-06-23 04:14:00,117,Pending
12496,2025-07-07 07:03:00,192,Cancelled
12497,2025-07-03 21:46:00,190,Completed
12498,2026-02-05 19:55:00,376,Completed
12499,2026-03-22 09:45:00,137,Completed
12500,2025-06-21 21:06:00,59,Completed
12501,2025-08-01 14:02:00,10,Pending
12502,2026-01-01 20:38:00,249,Pending
12503,2026-03-15 03:11:00,45,Completed
12504,2025-12-24 19:14:00,74,Completed
12505,2026-01-22 22:52:00,464,Completed
12506,2026-02-07 19:49:00,480,Completed
12507,2025-04-25 00:23:00,17,Completed
12508,2025-06-16 07:35:00,132,Completed
12509,2025-01-16 20:08:00,9,Completed
12510,2026-01-22 19:36:00,433,Completed
12511,2025-01-07 02:35:00,227,Pending
12512,2025-04-11 01:13:00,430,Completed
12513,2026-02-08 04:48:00,151,Cancelled
12514,2025-06-16 15:13:00,449,Pending
12515,2025-10-01 03:19:00,251,Pending
12516,2026-08-11 21:15:00,396,Completed
12517,2025-03-16 10:18:00,126,Pending
12518,2026-05-31 16:14:00,81,Completed
12519,2025-01-12 22:21:00,429,Completed
12520,2026-06-04 14:15:00,68,Completed
12521,2025-08-22 14:02:00,443,Pending
12522,2026-07-09 08:03:00,94,Completed
12523,2026-03-17 13:17:00,460,Completed
12524,2026-01-08 03:45:00,398,Completed
12525,2026-05-18 19:05:00,140,Completed
12526,2026-03-23 13:43:00,368,Completed
12527,2025-06-15 07:09:00,22,Completed
12528,2025-03-06 05:04:00,79,Pending
12529,2025-09-24 16:07:00,269,Completed
12530,2025-01-06 00:41:00,158,Pending
12531,2025-11-14 03:00:00,26,Cancelled
12532,2026-08-17 02:55:00,124,Completed
12533,2025-07-26 22:00:00,34,Completed
12534,2026-02-17 21:05:00,172,Pending
12535,2025-07-23 04:42:00,78,Completed
12536,2025-04-18 01:05:00,157,Completed
12537,2025-11-21 00:20:00,223,Completed
12538,2025-02-05 21:14:00,434,Completed
12539,2026-08-06 23:00:00,443,Pending
12540,2025-02-12 19:51:00,234,Completed
12541,2025-12-26 22:34:00,226,Pending
12542,2025-10-19 08:46:00,409,Pending
12543,2025-10-17 20:02:00,432,Completed
12544,2025-01-16 19:18:00,235,Completed
12545,2026-07-11 23:36:00,405,Completed
12546,2025-08-20 15:41:00,184,Pending
12547,2025-12-30 11:55:00,148,Cancelled
12548,2025-05-24 03:39:00,22,Completed
12549,2026-07-19 13:59:00,176,Completed
12550,2025-02-01 04:19:00,388,Completed
12551,2025-12-12 11:28:00,332,Completed
12552,2025-11-19 15:52:00,19,Cancelled
12553,2025-11-25 09:15:00,99,Pending
12554,2026-02-12 04:23:00,122,Pending
12555,2025-04-24 11:01:00,300,Completed
12556,2026-01-15 18:21:00,162,Completed
12557,2025-07-08 22:36:00,203,Completed
12558,2025-11-07 22:18:00,323,Cancelled
12559,2025-11-22 15:47:00,158,Completed
12560,2026-04-26 19:35:00,244,Completed
12561,2025-04-24 07:32:00,103,Pending
12562,2025-03-11 09:15:00,154,Completed
12563,2025-04-05 12:38:00,364,Completed
12564,2026-06-06 13:17:00,408,Cancelled
12565,2025-02-18 04:40:00,438,Cancelled
12566,2026-07-01 05:24:00,271,Cancelled
12567,2025-01-08 04:47:00,231,Completed
12568,2026-06-29 23:46:00,3,Completed
12569,2025-12-28 13:15:00,435,Completed
12570,2025-09-09 11:55:00,97,Completed
12571,2026-04-01 14:05:00,401,Pending
12572,2026-05-14 19:38:00,179,Completed
12573,2025-12-25 19:46:00,465,Pending
12574,2026-03-07 03:08:00,19,Completed
12575,2025-09-28 10:16:00,317,Completed
12576,2026-02-24 09:21:00,132,Completed
12577,2025-05-17 11:06:00,291,Pending
12578,2025-11-16 15:16:00,191,Pending
12579,2026-04-25 12:35:00,103,Pending
12580,2025-01-06 16:32:00,208,Completed
12581,2026-04-14 12:40:00,494,Completed
12582,2026-01-24 00:30:00,87,Pending
12583,2025-06-05 19:38:00,299,Completed
12584,2026-07-05 21:16:00,210,Cancelled
12585,2025-11-08 03:09:00,50,Cancelled
12586,2026-06-11 08:18:00,202,Completed
12587,2025-09-07 12:58:00,462,Completed
12588,2025-07-19 16:31:00,186,Pending
12589,2026-03-14 12:50:00,388,Completed
12590,2025-08-05 08:13:00,326,Pending
12591,2025-04-22 10:41:00,355,Cancelled
12592,2025-05-01 10:03:00,193,Cancelled
12593,2026-03-13 17:51:00,280,Pending
12594,2026-07-13 01:20:00,459,Cancelled
12595,2025-10-19 19:47:00,485,Pending
12596,2025-10-03 07:46:00,244,Pending
12597,2025-05-02 19:50:00,346,Completed
12598,2025-04-12 13:25:00,94,Completed
12599,2025-10-03 11:32:00,66,Completed
12600,2025-11-22 16:31:00,68,Completed
12601,2026-02-03 05:12:00,456,Pending
12602,2026-03-02 00:31:00,216,Completed
12603,2025-03-14 03:13:00,256,Completed
12604,2026-02-11 01:57:00,366,Completed
12605,2025-01-16 19:42:00,167,Pending
12606,2025-02-24 16:20:00,357,Completed
12607,2026-08-20 09:27:00,146,Cancelled
12608,2025-09-11 15:38:00,228,Completed
12609,2025-08-06 15:16:00,274,Completed
12610,2026-04-11 08:48:00,393,Completed
12611,2025-06-18 12:45:00,362,Completed
12612,2025-04-22 14:03:00,476,Completed
12613,2026-03-07 22:17:00,271,Pending
12614,2025-02-19 19:25:00,174,Completed
12615,2025-01-28 03:50:00,357,Completed
12616,2025-08-17 17:06:00,484,Completed
12617,2025-08-22 13:11:00,84,Pending
12618,2025-06-15 04:27:00,218,Pending
12619,2025-02-16 12:59:00,73,Cancelled
12620,2025-05-31 00:12:00,401,Pending
12621,2025-03-29 04:06:00,420,Completed
12622,2025-07-07 14:03:00,258,Pending
12623,2026-07-27 05:26:00,102,Completed
12624,2025-06-13 16:02:00,189,Completed
12625,2026-05-06 02:06:00,485,Completed
12626,2026-07-13 12:21:00,396,Completed
12627,2025-02-09 15:41:00,183,Completed
12628,2025-05-18 16:26:00,427,Pending
12629,2026-05-03 23:39:00,128,Completed
12630,2025-09-26 17:22:00,115,Pending
12631,2025-01-25 16:59:00,150,Completed
12632,2025-10-07 15:43:00,182,Completed
12633,2025-01-28 06:34:00,48,Pending
12634,2026-08-17 23:40:00,199,Completed
12635,2026-08-04 00:41:00,179,Completed
12636,2026-04-11 20:20:00,400,Pending
12637,2025-01-31 18:50:00,175,Completed
12638,2025-07-02 22:10:00,31,Completed
12639,2025-03-24 22:11:00,403,Completed
12640,2026-07-03 10:46:00,417,Pending
12641,2026-02-28 08:35:00,261,Completed
12642,2025-08-20 23:07:00,361,Completed
12643,2026-03-25 15:16:00,226,Completed
12644,2026-01-17 05:11:00,246,Completed
12645,2025-02-13 21:35:00,51,Completed
12646,2026-06-04 00:12:00,379,Pending
12647,2025-05-18 22:06:00,398,Completed
12648,2025-09-03 05:34:00,226,Cancelled
12649,2025-03-16 13:28:00,471,Completed
12650,2026-06-01 07:28:00,102,Pending
12651,2025-07-25 17:57:00,347,Pending
12652,2026-02-09 23:26:00,318,Completed
12653,2025-09-23 17:09:00,315,Cancelled
12654,2025-08-24 23:05:00,435,Pending
12655,2025-02-12 00:11:00,190,Cancelled
12656,2026-06-01 02:21:00,205,Pending
12657,2026-02-17 08:17:00,24,Completed
12658,2025-01-08 00:24:00,356,Completed
12659,2025-05-10 15:55:00,148,Pending
12660,2025-08-08 13:32:00,446,Pending
12661,2026-04-05 00:08:00,452,Cancelled
12662,2026-02-21 12:44:00,450,Pending
12663,2025-02-01 21:20:00,233,Cancelled
12664,2025-02-22 23:41:00,169,Pending
12665,2026-01-31 02:43:00,445,Pending
12666,2026-01-01 11:05:00,294,Pending
12667,2026-03-20 08:40:00,150,Pending
12668,2026-03-20 20:35:00,348,Pending
12669,2025-04-20 18:55:00,283,Cancelled
12670,2025-07-11 22:39:00,341,Pending
12671,2025-06-10 07:49:00,49,Cancelled
12672,2026-03-02 19:59:00,382,Completed
12673,2025-12-29 07:54:00,34,Pending
12674,2026-05-13 23:21:00,400,Completed
12675,2025-02-23 10:21:00,457,Pending
12676,2026-02-05 13:38:00,155,Completed
12677,2026-02-15 11:26:00,417,Completed
12678,2026-06-30 15:22:00,130,Completed
12679,2026-04-29 10:17:00,364,Completed
12680,2025-01-20 11:32:00,343,Completed
12681,2026-01-26 05:02:00,240,Pending
12682,2025-03-27 20:49:00,188,Completed
12683,2025-12-08 02:37:00,93,Completed
12684,2025-03-12 08:03:00,47,Completed
12685,2025-09-21 06:54:00,46,Cancelled
12686,2025-03-13 08:42:00,491,Completed
12687,2025-12-28 02:50:00,220,Completed
12688,2025-05-26 15:24:00,434,Completed
12689,2026-08-12 02:37:00,154,Completed
12690,2025-01-29 16:01:00,142,Completed
12691,2025-04-01 17:48:00,125,Completed
12692,2026-02-22 02:11:00,348,Cancelled
12693,2026-05-01 03:30:00,306,Completed
12694,2025-04-21 07:41:00,76,Pending
12695,2025-08-30 12:35:00,156,Cancelled
12696,2025-08-19 17:35:00,489,Completed
12697,2025-02-10 00:58:00,394,Completed
12698,2025-01-24 13:02:00,373,Completed
12699,2026-03-31 14:05:00,121,Pending
12700,2025-11-18 06:11:00,11,Completed
12701,2026-03-27 00:35:00,285,Completed
12702,2025-05-13 06:02:00,42,Cancelled
12703,2025-08-02 19:47:00,421,Cancelled
12704,2025-02-08 08:12:00,188,Completed
12705,2026-07-06 18:55:00,378,Completed
12706,2025-11-24 01:58:00,198,Pending
12707,2026-06-13 03:38:00,474,Cancelled
12708,2026-03-10 17:24:00,438,Cancelled
12709,2025-02-17 16:07:00,419,Completed
12710,2026-05-03 23:06:00,188,Cancelled
12711,2026-07-29 07:24:00,474,Pending
12712,2026-08-01 19:41:00,298,Pending
12713,2025-08-05 03:20:00,420,Cancelled
12714,2025-09-11 06:45:00,47,Completed
12715,2025-09-30 23:45:00,351,Cancelled
12716,2025-11-30 23:57:00,208,Completed
12717,2025-07-06 02:06:00,187,Completed
12718,2025-03-24 21:59:00,122,Cancelled
12719,2025-05-15 13:15:00,268,Completed
12720,2026-03-19 01:28:00,8,Completed
12721,2025-05-05 12:23:00,421,Completed
12722,2025-08-10 14:57:00,159,Completed
12723,2026-05-18 03:59:00,267,Pending
12724,2025-11-23 00:50:00,217,Completed
12725,2026-08-22 06:39:00,127,Pending
12726,2026-01-23 21:45:00,106,Completed
12727,2025-01-27 02:26:00,310,Completed
12728,2025-08-12 03:54:00,471,Completed
12729,2026-01-11 08:05:00,139,Completed
12730,2025-06-16 15:43:00,135,Cancelled
12731,2025-07-02 22:01:00,332,Pending
12732,2025-12-02 01:50:00,390,Completed
12733,2026-04-04 04:48:00,35,Pending
12734,2025-04-12 23:10:00,144,Pending
12735,2026-07-13 11:46:00,187,Completed
12736,2026-07-12 07:45:00,364,Pending
12737,2025-09-24 05:14:00,186,Pending
12738,2025-04-27 13:56:00,219,Completed
12739,2026-01-06 21:35:00,351,Completed
12740,2026-03-25 00:51:00,242,Pending
12741,2025-01-16 21:07:00,354,Cancelled
12742,2026-06-18 13:43:00,203,Pending
12743,2025-02-11 02:44:00,109,Completed
12744,2026-04-07 06:20:00,492,Pending
12745,2025-10-04 19:45:00,79,Pending
12746,2026-05-20 13:29:00,227,Completed
12747,2026-03-07 03:22:00,384,Cancelled
12748,2026-05-27 12:10:00,390,Completed
12749,2025-03-29 10:51:00,156,Completed
12750,2025-10-17 06:22:00,439,Completed
12751,2025-12-01 19:54:00,195,Completed
12752,2026-08-22 21:44:00,292,Pending
12753,2025-11-18 01:19:00,259,Completed
12754,2025-02-05 23:20:00,412,Completed
12755,2026-02-03 03:11:00,215,Completed
12756,2025-04-19 15:14:00,322,Pending
12757,2026-08-01 17:47:00,16,Pending
12758,2026-04-22 02:39:00,280,Pending
12759,2025-03-23 10:57:00,489,Cancelled
12760,2025-05-19 23:20:00,158,Completed
12761,2025-12-03 12:28:00,456,Cancelled
12762,2025-04-07 10:24:00,228,Completed
12763,2025-03-02 05:05:00,486,Completed
12764,2025-02-07 12:22:00,85,Completed
12765,2025-08-14 05:25:00,223,Completed
12766,2026-05-03 18:04:00,138,Completed
12767,2025-07-14 21:39:00,494,Completed
12768,2025-03-21 09:13:00,30,Completed
12769,2026-06-10 01:52:00,486,Completed
12770,2025-08-03 05:50:00,122,Completed
12771,2026-03-30 13:30:00,53,Pending
12772,2026-05-11 01:03:00,228,Completed
12773,2026-07-05 18:30:00,376,Completed
12774,2026-01-16 08:10:00,22,Completed
12775,2026-05-14 00:50:00,207,Pending
12776,2025-08-18 06:11:00,301,Pending
12777,2026-03-26 20:37:00,470,Pending
12778,2025-11-12 01:46:00,228,Cancelled
12779,2025-05-02 13:17:00,64,Completed
12780,2025-07-14 14:06:00,247,Completed
12781,2025-04-26 05:57:00,451,Cancelled
12782,2026-03-05 03:02:00,86,Completed
12783,2026-08-14 10:34:00,418,Pending
12784,2026-07-18 20:18:00,273,Completed
12785,2026-04-17 23:38:00,331,Completed
12786,2025-11-21 04:21:00,15,Completed
12787,2025-06-04 01:15:00,31,Pending
12788,2026-02-05 20:16:00,309,Completed
12789,2026-05-24 13:28:00,72,Pending
12790,2025-08-12 22:38:00,233,Completed
12791,2025-03-21 04:55:00,321,Completed
12792,2026-06-16 17:03:00,120,Completed
12793,2026-01-31 09:11:00,316,Pending
12794,2025-03-07 23:47:00,407,Completed
12795,2026-07-23 21:46:00,351,Cancelled
12796,2025-08-16 07:21:00,334,Pending
12797,2026-06-07 16:58:00,471,Cancelled
12798,2025-04-23 12:08:00,401,Completed
12799,2025-08-05 03:25:00,99,Completed
12800,2026-07-15 02:45:00,157,Completed
12801,2025-12-16 15:13:00,158,Completed
12802,2025-11-06 07:46:00,490,Pending
12803,2026-01-26 02:51:00,117,Completed
12804,2026-01-07 07:06:00,334,Pending
12805,2026-06-26 11:18:00,12,Completed
12806,2025-10-18 23:32:00,434,Cancelled
12807,2025-02-01 20:25:00,488,Completed
12808,2025-12-26 14:08:00,348,Completed
12809,2026-03-10 06:36:00,377,Cancelled
12810,2026-01-02 08:35:00,52,Completed
12811,2026-07-12 09:52:00,280,Completed
12812,2025-08-25 05:48:00,163,Completed
12813,2026-03-04 20:00:00,287,Completed
12814,2025-03-01 22:22:00,411,Completed
12815,2025-06-08 03:30:00,361,Pending
12816,2026-04-24 05:35:00,333,Completed
12817,2025-09-04 07:30:00,486,Completed
12818,2025-02-11 04:58:00,47,Completed
12819,2025-05-13 09:48:00,387,Completed
12820,2025-02-26 14:34:00,277,Cancelled
12821,2025-08-30 05:46:00,4,Completed
12822,2025-12-10 01:21:00,154,Completed
12823,2025-02-03 07:20:00,243,Completed
12824,2025-09-22 13:50:00,466,Completed
12825,2025-05-26 14:16:00,453,Pending
12826,2025-01-18 02:33:00,372,Pending
12827,2025-08-13 18:07:00,170,Pending
12828,2025-05-12 12:07:00,406,Cancelled
12829,2025-01-07 13:30:00,52,Completed
12830,2025-09-08 02:37:00,65,Pending
12831,2025-09-10 07:05:00,236,Cancelled
12832,2025-08-26 11:17:00,158,Completed
12833,2025-11-19 11:42:00,137,Completed
12834,2026-06-07 00:53:00,394,Completed
12835,2026-03-25 16:58:00,382,Cancelled
12836,2026-01-04 08:47:00,456,Completed
12837,2026-03-29 12:10:00,459,Pending
12838,2026-07-01 13:45:00,304,Completed
12839,2025-04-29 15:24:00,219,Pending
12840,2026-04-08 18:38:00,468,Completed
12841,2025-10-06 04:26:00,107,Pending
12842,2026-07-23 15:35:00,86,Cancelled
12843,2025-06-23 22:05:00,267,Completed
12844,2026-03-02 23:52:00,124,Completed
12845,2025-04-22 23:49:00,388,Completed
12846,2025-09-08 16:11:00,427,Completed
12847,2026-02-06 21:51:00,320,Pending
12848,2025-12-27 23:27:00,140,Completed
12849,2025-11-12 18:56:00,54,Completed
12850,2025-06-23 13:24:00,119,Pending
12851,2025-12-14 14:18:00,159,Completed
12852,2025-04-29 07:22:00,461,Completed
12853,2025-06-11 16:17:00,132,Completed
12854,2025-12-14 12:55:00,477,Completed
12855,2026-03-16 11:09:00,460,Completed
12856,2025-11-05 16:49:00,217,Completed
12857,2026-03-18 16:16:00,39,Completed
12858,2026-01-04 08:05:00,123,Completed
12859,2026-05-27 04:32:00,125,Completed
12860,2025-12-01 21:18:00,98,Completed
12861,2026-05-28 18:46:00,484,Completed
12862,2026-04-12 15:13:00,193,Pending
12863,2025-06-16 18:26:00,106,Completed
12864,2026-01-18 17:19:00,178,Pending
12865,2026-06-15 06:44:00,264,Pending
12866,2025-05-30 16:09:00,265,Pending
12867,2026-01-09 16:10:00,114,Cancelled
12868,2026-03-14 13:42:00,267,Completed
12869,2026-07-15 03:25:00,382,Completed
12870,2025-03-24 22:03:00,419,Pending
12871,2025-05-11 17:01:00,440,Cancelled
12872,2025-05-01 22:43:00,139,Pending
12873,2025-11-11 07:08:00,489,Completed
12874,2025-07-16 01:45:00,42,Completed
12875,2025-07-07 15:10:00,355,Completed
12876,2025-07-07 06:28:00,108,Cancelled
12877,2025-10-18 20:05:00,334,Completed
12878,2025-03-29 16:51:00,175,Completed
12879,2026-01-20 11:00:00,326,Completed
12880,2025-05-30 01:09:00,252,Pending
12881,2025-10-14 08:05:00,163,Completed
12882,2026-02-13 15:48:00,476,Completed
12883,2025-06-26 18:28:00,141,Completed
12884,2025-09-28 00:52:00,45,Cancelled
12885,2026-08-06 19:41:00,119,Cancelled
12886,2026-07-05 09:44:00,153,Cancelled
12887,2025-08-01 00:03:00,36,Pending
12888,2025-06-23 12:08:00,447,Completed
12889,2025-02-17 19:13:00,95,Completed
12890,2025-10-27 19:04:00,137,Pending
12891,2025-01-20 16:55:00,320,Pending
12892,2025-08-26 00:33:00,254,Cancelled
12893,2025-03-25 10:22:00,271,Completed
12894,2026-04-30 03:32:00,247,Completed
12895,2025-11-23 00:33:00,35,Pending
12896,2025-12-19 09:51:00,218,Pending
12897,2025-10-11 21:25:00,163,Completed
12898,2025-04-27 15:08:00,393,Completed
12899,2025-12-24 05:38:00,495,Pending
12900,2025-11-30 01:43:00,150,Pending
12901,2025-09-25 13:19:00,495,Completed
12902,2025-11-19 21:22:00,194,Completed
12903,2025-04-13 15:43:00,204,Completed
12904,2025-10-27 08:09:00,305,Pending
12905,2025-02-17 19:50:00,459,Cancelled
12906,2026-06-26 14:19:00,422,Completed
12907,2026-05-19 20:37:00,99,Pending
12908,2025-01-07 08:50:00,194,Cancelled
12909,2025-06-20 19:00:00,464,Completed
12910,2026-05-21 06:20:00,146,Pending
12911,2025-09-17 19:56:00,237,Pending
12912,2026-07-25 02:11:00,120,Pending
12913,2026-08-20 02:54:00,95,Completed
12914,2026-07-10 07:50:00,448,Pending
12915,2025-07-14 20:52:00,112,Cancelled
12916,2026-01-16 03:46:00,69,Cancelled
12917,2026-08-12 15:05:00,105,Pending
12918,2025-06-23 00:42:00,470,Completed
12919,2025-08-21 08:11:00,463,Pending
12920,2026-06-05 18:00:00,464,Completed
12921,2026-03-06 08:21:00,389,Completed
12922,2025-03-06 23:37:00,245,Completed
12923,2026-03-01 10:27:00,484,Pending
12924,2025-10-30 19:45:00,368,Completed
12925,2025-07-06 06:00:00,349,Pending
12926,2026-05-19 09:41:00,312,Completed
12927,2026-04-06 07:45:00,228,Completed
12928,2025-01-05 22:19:00,32,Completed
12929,2026-05-24 18:16:00,176,Pending
12930,2026-06-14 11:33:00,108,Completed
12931,2025-06-07 09:48:00,355,Completed
12932,2026-02-20 13:07:00,125,Cancelled
12933,2025-02-02 19:48:00,160,Completed
12934,2026-05-25 11:03:00,423,Completed
12935,2025-11-23 23:23:00,383,Completed
12936,2025-01-01 17:26:00,167,Pending
12937,2025-02-23 15:12:00,460,Completed
12938,2026-04-06 01:37:00,244,Completed
12939,2025-03-06 13:47:00,215,Completed
12940,2025-03-21 14:14:00,153,Completed
12941,2026-08-23 17:13:00,247,Pending
12942,2025-06-08 03:59:00,184,Completed
12943,2025-02-20 05:19:00,52,Pending
12944,2025-12-04 14:05:00,408,Completed
12945,2025-05-27 07:15:00,341,Completed
12946,2026-03-11 11:30:00,147,Completed
12947,2026-03-13 04:52:00,99,Pending
12948,2026-03-17 03:28:00,32,Completed
12949,2026-08-22 21:33:00,165,Pending
12950,2025-08-25 11:08:00,58,Completed
12951,2025-04-08 03:56:00,223,Completed
12952,2025-06-21 18:21:00,91,Completed
12953,2025-09-25 11:33:00,414,Pending
12954,2025-08-16 16:33:00,256,Completed
12955,2025-03-01 15:32:00,404,Cancelled
12956,2025-01-23 20:06:00,485,Completed
12957,2025-07-21 19:39:00,25,Pending
12958,2025-12-11 03:14:00,347,Cancelled
12959,2025-04-10 16:09:00,18,Pending
12960,2026-05-09 13:58:00,417,Cancelled
12961,2026-06-05 00:54:00,412,Completed
12962,2026-03-27 21:44:00,336,Cancelled
12963,2026-05-26 06:49:00,351,Cancelled
12964,2025-12-31 08:08:00,179,Completed
12965,2025-06-22 13:45:00,133,Completed
12966,2026-06-17 07:49:00,52,Pending
12967,2025-03-07 05:25:00,394,Pending
12968,2025-06-08 08:37:00,309,Pending
12969,2025-11-16 02:13:00,23,Completed
12970,2025-05-18 05:28:00,469,Completed
12971,2025-07-16 16:55:00,2,Completed
12972,2026-03-07 13:35:00,61,Completed
12973,2025-09-28 17:25:00,427,Completed
12974,2025-05-28 14:51:00,337,Completed
12975,2025-11-03 19:10:00,348,Pending
12976,2025-11-02 08:55:00,383,Pending
12977,2026-06-04 06:18:00,136,Pending
12978,2025-01-22 02:24:00,150,Completed
12979,2025-06-13 09:16:00,4,Completed
12980,2025-06-22 23:40:00,459,Completed
12981,2025-03-15 10:35:00,100,Completed
12982,2026-06-04 02:57:00,162,Pending
12983,2025-11-19 03:03:00,479,Pending
12984,2026-03-19 00:14:00,202,Completed
12985,2025-03-01 19:50:00,244,Pending
12986,2026-05-02 13:44:00,290,Pending
12987,2026-07-11 02:34:00,373,Pending
12988,2025-04-19 15:42:00,211,Completed
12989,2026-06-22 02:32:00,494,Completed
12990,2025-06-09 02:09:00,294,Completed
12991,2025-08-31 04:26:00,380,Pending
12992,2025-12-27 10:44:00,41,Cancelled
12993,2026-01-12 00:26:00,225,Completed
12994,2025-08-02 02:27:00,394,Cancelled
12995,2025-08-03 14:19:00,172,Pending
12996,2025-09-28 22:58:00,252,Cancelled
12997,2026-03-27 20:45:00,150,Pending
12998,2026-02-01 16:19:00,234,Completed
12999,2025-09-17 05:05:00,395,Completed
13000,2025-06-27 19:14:00,425,Completed
13001,2025-04-23 03:14:00,270,Pending
13002,2025-10-23 13:13:00,71,Completed
13003,2025-07-20 02:46:00,97,Completed
13004,2025-12-14 12:13:00,248,Pending
13005,2025-09-03 13:58:00,383,Completed
13006,2025-11-25 03:29:00,293,Cancelled
13007,2026-03-01 23:26:00,486,Completed
13008,2026-01-13 10:25:00,472,Cancelled
13009,2025-03-27 19:45:00,201,Pending
13010,2025-06-16 10:03:00,382,Pending
13011,2025-09-21 01:26:00,99,Cancelled
13012,2026-03-12 19:11:00,272,Completed
13013,2025-01-03 03:46:00,314,Completed
13014,2026-07-09 03:10:00,31,Completed
13015,2025-01-14 21:14:00,278,Completed
13016,2026-04-25 08:23:00,298,Completed
13017,2026-04-21 08:41:00,469,Completed
13018,2026-01-09 09:39:00,316,Completed
13019,2025-07-02 05:22:00,333,Cancelled
13020,2025-06-02 12:37:00,244,Completed
13021,2026-08-02 23:45:00,313,Completed
13022,2026-04-11 11:24:00,98,Completed
13023,2025-04-08 04:06:00,400,Pending
13024,2026-03-17 18:45:00,390,Pending
13025,2026-05-06 17:15:00,163,Completed
13026,2026-01-01 13:55:00,168,Completed
13027,2026-02-13 09:53:00,154,Pending
13028,2026-08-20 12:36:00,283,Cancelled
13029,2026-04-27 03:02:00,460,Completed
13030,2025-07-10 05:30:00,95,Completed
13031,2025-11-03 04:47:00,332,Pending
13032,2025-09-01 00:01:00,262,Completed
13033,2025-05-01 22:10:00,483,Completed
13034,2025-09-05 03:46:00,390,Completed
13035,2025-02-07 19:56:00,201,Pending
13036,2025-11-23 13:37:00,174,Pending
13037,2026-01-24 18:16:00,42,Pending
13038,2025-09-04 03:57:00,267,Completed
13039,2025-11-06 08:46:00,498,Cancelled
13040,2025-03-07 21:21:00,15,Completed
13041,2026-03-03 12:49:00,388,Completed
13042,2026-04-24 18:27:00,44,Cancelled
13043,2026-05-26 17:02:00,27,Completed
13044,2026-07-08 21:54:00,175,Completed
13045,2025-10-06 12:25:00,281,Cancelled
13046,2026-05-20 15:52:00,465,Completed
13047,2026-06-11 23:36:00,253,Completed
13048,2025-07-24 09:47:00,364,Completed
13049,2025-06-19 21:19:00,169,Completed
13050,2025-07-01 20:16:00,222,Pending
13051,2025-03-22 19:32:00,410,Completed
13052,2025-12-25 06:14:00,256,Cancelled
13053,2026-02-21 21:10:00,45,Completed
13054,2025-09-18 04:55:00,431,Pending
13055,2025-11-30 14:24:00,189,Completed
13056,2025-11-21 02:21:00,61,Completed
13057,2025-06-18 03:06:00,272,Pending
13058,2026-05-13 00:18:00,76,Cancelled
13059,2025-05-30 01:23:00,37,Pending
13060,2025-11-07 20:13:00,42,Completed
13061,2026-04-18 12:28:00,126,Cancelled
13062,2026-05-20 16:57:00,158,Pending
13063,2025-06-15 10:30:00,410,Completed
13064,2025-04-17 14:36:00,330,Completed
13065,2026-06-17 11:48:00,104,Pending
13066,2025-04-27 01:24:00,448,Completed
13067,2026-05-22 12:37:00,323,Pending
13068,2026-06-07 23:44:00,437,Cancelled
13069,2026-05-01 12:24:00,158,Cancelled
13070,2026-01-11 18:29:00,59,Pending
13071,2026-01-12 17:05:00,369,Completed
13072,2025-07-15 04:59:00,428,Pending
13073,2026-07-05 20:05:00,112,Completed
13074,2025-04-22 19:25:00,140,Completed
13075,2025-10-16 02:30:00,116,Completed
13076,2025-04-02 05:21:00,280,Pending
13077,2026-04-29 15:26:00,437,Completed
13078,2025-03-21 05:38:00,136,Completed
13079,2025-06-05 03:56:00,121,Cancelled
13080,2026-02-25 13:51:00,316,Completed
13081,2025-05-08 21:00:00,91,Completed
13082,2025-09-28 16:46:00,330,Completed
13083,2025-08-14 13:15:00,310,Pending
13084,2026-04-08 10:12:00,477,Completed
13085,2026-02-03 16:57:00,294,Pending
13086,2026-02-25 20:50:00,69,Completed
13087,2025-11-01 03:38:00,468,Completed
13088,2026-01-21 06:12:00,132,Completed
13089,2025-05-28 00:38:00,234,Completed
13090,2025-06-29 05:23:00,152,Pending
13091,2025-11-12 01:31:00,452,Completed
13092,2025-08-20 15:21:00,117,Completed
13093,2025-11-16 19:38:00,291,Pending
13094,2025-03-16 02:57:00,130,Cancelled
13095,2025-05-30 11:09:00,284,Completed
13096,2026-05-04 17:18:00,32,Completed
13097,2025-10-12 06:53:00,17,Pending
13098,2025-01-15 21:24:00,160,Completed
13099,2026-01-17 10:50:00,304,Completed
13100,2025-01-14 19:08:00,356,Completed
13101,2026-04-26 00:58:00,469,Pending
13102,2026-07-11 02:10:00,238,Cancelled
13103,2026-03-21 21:32:00,444,Completed
13104,2026-05-04 08:11:00,5,Completed
13105,2026-01-24 00:05:00,275,Pending
13106,2026-04-17 18:50:00,482,Cancelled
13107,2025-01-18 08:31:00,204,Completed
13108,2025-08-11 02:58:00,89,Completed
13109,2025-01-26 22:07:00,344,Pending
13110,2025-12-21 07:48:00,393,Completed
13111,2025-08-13 01:52:00,32,Cancelled
13112,2026-05-25 00:28:00,226,Pending
13113,2026-04-13 21:33:00,417,Pending
13114,2025-05-05 21:04:00,354,Completed
13115,2025-11-19 05:21:00,467,Completed
13116,2026-07-22 18:33:00,453,Completed
13117,2026-06-30 06:24:00,200,Completed
13118,2025-06-29 15:29:00,58,Pending
13119,2025-07-21 09:02:00,76,Pending
13120,2026-04-13 10:29:00,314,Pending
13121,2025-12-19 09:52:00,268,Completed
13122,2025-04-04 14:58:00,308,Completed
13123,2026-06-13 06:11:00,219,Completed
13124,2025-07-04 09:18:00,439,Pending
13125,2026-08-10 06:17:00,404,Pending
13126,2025-06-27 16:43:00,478,Pending
13127,2025-03-23 12:22:00,398,Pending
13128,2025-12-19 20:37:00,86,Completed
13129,2025-12-14 07:16:00,470,Completed
13130,2025-07-29 12:21:00,13,Completed
13131,2025-05-09 16:26:00,429,Completed
13132,2025-07-21 07:15:00,424,Completed
13133,2026-03-26 02:34:00,270,Pending
13134,2025-07-25 21:16:00,386,Completed
13135,2026-04-25 12:48:00,72,Completed
13136,2025-06-10 18:23:00,200,Completed
13137,2025-09-02 22:55:00,272,Pending
13138,2025-11-09 12:42:00,427,Pending
13139,2025-01-21 09:36:00,219,Completed
13140,2026-04-27 09:19:00,356,Cancelled
13141,2025-11-05 03:53:00,279,Completed
13142,2025-07-06 13:02:00,253,Cancelled
13143,2025-12-27 11:59:00,416,Pending
13144,2025-06-22 12:25:00,367,Cancelled
13145,2025-07-24 22:02:00,82,Completed
13146,2025-05-23 04:04:00,71,Completed
13147,2025-11-19 00:56:00,277,Completed
13148,2025-09-17 09:40:00,136,Completed
13149,2026-04-25 19:40:00,26,Completed
13150,2026-02-15 07:26:00,426,Pending
13151,2026-01-29 03:52:00,166,Completed
13152,2026-03-13 08:40:00,223,Completed
13153,2026-07-07 09:33:00,492,Completed
13154,2025-09-13 09:56:00,257,Cancelled
13155,2026-02-05 19:15:00,348,Completed
13156,2025-02-11 02:13:00,233,Cancelled
13157,2026-02-25 18:35:00,447,Completed
13158,2026-08-12 18:57:00,380,Cancelled
13159,2025-06-22 12:17:00,34,Pending
13160,2026-02-05 18:00:00,5,Completed
13161,2026-06-07 01:06:00,343,Pending
13162,2026-04-22 13:02:00,209,Completed
13163,2025-04-03 23:43:00,288,Pending
13164,2025-08-11 01:45:00,16,Completed
13165,2026-05-22 19:29:00,217,Pending
13166,2025-04-22 13:55:00,290,Completed
13167,2025-01-19 19:16:00,235,Pending
13168,2025-03-03 14:59:00,226,Cancelled
13169,2025-02-28 08:37:00,394,Completed
13170,2025-07-20 12:32:00,490,Completed
13171,2025-11-13 09:40:00,231,Cancelled
13172,2026-03-11 16:46:00,213,Completed
13173,2025-03-05 00:46:00,22,Cancelled
13174,2025-02-16 11:18:00,19,Pending
13175,2025-05-20 12:12:00,206,Pending
13176,2026-08-21 12:51:00,295,Completed
13177,2025-05-18 02:14:00,419,Completed
13178,2026-04-25 04:13:00,246,Completed
13179,2025-03-14 23:15:00,474,Completed
13180,2025-11-06 00:20:00,77,Completed
13181,2025-10-25 20:32:00,152,Pending
13182,2025-10-20 01:35:00,89,Completed
13183,2026-05-14 08:45:00,82,Completed
13184,2025-08-15 04:45:00,46,Cancelled
13185,2026-07-28 20:56:00,385,Completed
13186,2025-12-14 11:01:00,344,Completed
13187,2026-01-01 06:48:00,51,Cancelled
13188,2025-11-10 16:25:00,168,Completed
13189,2025-06-22 16:37:00,453,Completed
13190,2025-12-27 07:23:00,48,Pending
13191,2026-01-14 02:57:00,237,Cancelled
13192,2026-04-02 05:53:00,313,Completed
13193,2026-02-05 14:09:00,216,Completed
13194,2026-02-26 12:07:00,63,Completed
13195,2026-07-01 00:28:00,280,Completed
13196,2025-02-11 23:49:00,366,Pending
13197,2026-01-25 04:33:00,425,Completed
13198,2025-09-15 07:03:00,325,Cancelled
13199,2025-03-31 19:48:00,355,Cancelled
13200,2025-11-15 04:01:00,418,Completed
13201,2026-04-01 06:58:00,7,Cancelled
13202,2025-12-19 08:09:00,17,Completed
13203,2025-09-18 10:14:00,365,Completed
13204,2025-09-16 08:16:00,291,Cancelled
13205,2026-07-03 13:00:00,456,Cancelled
13206,2025-03-18 23:20:00,299,Completed
13207,2025-09-19 22:58:00,249,Completed
13208,2026-03-25 07:57:00,357,Pending
13209,2025-03-27 23:30:00,234,Completed
13210,2025-08-06 04:02:00,297,Completed
13211,2025-09-22 13:18:00,153,Completed
13212,2025-12-22 15:46:00,428,Pending
13213,2026-06-08 23:58:00,270,Completed
13214,2026-04-30 15:15:00,269,Completed
13215,2025-02-21 03:14:00,55,Pending
13216,2025-08-18 23:32:00,286,Completed
13217,2025-11-17 15:54:00,278,Pending
13218,2025-11-22 14:37:00,46,Pending
13219,2025-12-14 09:45:00,26,Completed
13220,2026-01-13 14:28:00,386,Completed
13221,2025-12-06 00:20:00,126,Pending
13222,2025-09-06 01:18:00,342,Completed
13223,2025-04-12 00:56:00,442,Pending
13224,2025-02-03 13:59:00,117,Cancelled
13225,2026-01-17 16:48:00,286,Completed
13226,2025-08-04 19:17:00,119,Pending
13227,2025-12-28 16:14:00,484,Completed
13228,2026-04-24 09:28:00,272,Completed
13229,2025-01-11 07:06:00,74,Completed
13230,2026-02-06 20:47:00,249,Completed
13231,2026-02-21 10:30:00,302,Completed
13232,2026-04-09 18:55:00,82,Cancelled
13233,2026-06-20 02:18:00,467,Completed
13234,2025-07-11 00:22:00,370,Pending
13235,2025-08-12 16:53:00,54,Cancelled
13236,2026-02-22 20:24:00,268,Cancelled
13237,2025-07-18 09:10:00,452,Completed
13238,2026-04-06 14:50:00,215,Completed
13239,2026-02-02 09:35:00,469,Cancelled
13240,2025-12-10 00:31:00,482,Pending
13241,2025-02-15 00:14:00,234,Completed
13242,2026-03-24 23:30:00,55,Pending
13243,2026-06-09 04:09:00,118,Completed
13244,2025-06-29 15:22:00,99,Pending
13245,2025-10-22 18:34:00,192,Completed
13246,2025-01-25 01:02:00,303,Completed
13247,2026-01-20 02:33:00,310,Completed
13248,2026-03-16 22:03:00,212,Completed
13249,2025-07-13 01:53:00,452,Pending
13250,2026-02-14 05:52:00,47,Completed
13251,2025-10-27 16:51:00,300,Completed
13252,2025-12-09 08:28:00,1,Completed
13253,2025-10-28 15:08:00,165,Completed
13254,2025-08-10 21:12:00,286,Pending
13255,2026-03-17 15:02:00,399,Pending
13256,2025-11-19 02:26:00,304,Pending
13257,2026-07-21 06:10:00,411,Completed
13258,2026-04-03 20:31:00,363,Completed
13259,2026-02-11 20:18:00,407,Completed
13260,2026-01-03 10:14:00,176,Completed
13261,2026-02-21 07:00:00,421,Completed
13262,2025-07-12 15:38:00,321,Completed
13263,2026-03-10 08:24:00,99,Completed
13264,2025-08-26 21:58:00,95,Cancelled
13265,2025-05-28 02:47:00,183,Cancelled
13266,2025-10-21 07:15:00,60,Pending
13267,2025-05-24 20:23:00,350,Completed
13268,2025-11-10 10:53:00,462,Pending
13269,2025-02-27 18:15:00,394,Pending
13270,2025-07-07 17:47:00,62,Completed
13271,2026-02-12 16:40:00,287,Cancelled
13272,2025-06-21 17:50:00,239,Completed
13273,2025-09-16 19:13:00,32,Pending
13274,2026-02-15 13:26:00,397,Completed
13275,2026-04-04 21:22:00,229,Pending
13276,2025-11-30 23:44:00,28,Completed
13277,2025-09-06 08:37:00,85,Completed
13278,2025-07-16 01:36:00,398,Cancelled
13279,2025-03-29 10:08:00,213,Pending
13280,2025-12-07 02:17:00,277,Completed
13281,2025-10-12 07:15:00,64,Pending
13282,2026-04-13 06:52:00,423,Completed
13283,2026-07-18 23:19:00,57,Completed
13284,2025-05-26 11:36:00,325,Completed
13285,2025-03-22 01:50:00,103,Completed
13286,2025-12-17 03:15:00,171,Pending
13287,2026-04-20 00:15:00,186,Completed
13288,2026-04-26 12:02:00,179,Completed
13289,2026-06-02 12:35:00,408,Completed
13290,2025-06-01 09:17:00,271,Completed
13291,2025-04-28 11:36:00,360,Completed
13292,2025-10-26 22:44:00,480,Completed
13293,2026-01-14 06:12:00,77,Completed
13294,2025-10-21 06:12:00,213,Pending
13295,2025-07-14 19:48:00,468,Pending
13296,2025-01-13 10:02:00,451,Pending
13297,2025-01-13 01:53:00,163,Completed
13298,2026-03-31 01:57:00,212,Pending
13299,2026-05-22 04:06:00,1,Completed
13300,2026-05-05 21:01:00,105,Completed
13301,2025-04-25 16:37:00,238,Completed
13302,2025-01-31 20:57:00,97,Completed
13303,2025-09-14 13:29:00,384,Completed
13304,2025-05-21 16:37:00,399,Pending
13305,2026-03-30 01:01:00,417,Pending
13306,2025-03-20 21:55:00,241,Completed
13307,2025-11-20 11:39:00,375,Completed
13308,2025-11-27 17:22:00,431,Pending
13309,2025-08-30 18:40:00,231,Cancelled
13310,2025-05-21 16:09:00,463,Pending
13311,2025-06-08 02:58:00,225,Pending
13312,2025-10-14 02:26:00,115,Completed
13313,2025-05-25 16:45:00,107,Pending
13314,2025-03-24 01:38:00,191,Completed
13315,2026-03-15 10:43:00,431,Completed
13316,2025-07-30 06:22:00,408,Cancelled
13317,2026-01-06 04:06:00,168,Completed
13318,2025-06-08 13:02:00,341,Completed
13319,2025-06-04 13:03:00,229,Pending
13320,2025-08-11 07:02:00,471,Cancelled
13321,2026-06-29 21:50:00,164,Cancelled
13322,2026-02-24 09:04:00,283,Completed
13323,2025-09-26 03:31:00,18,Completed
13324,2025-09-13 22:06:00,229,Pending
13325,2025-03-21 01:13:00,24,Completed
13326,2026-02-10 15:16:00,272,Completed
13327,2025-11-12 20:34:00,397,Cancelled
13328,2025-05-03 20:08:00,322,Pending
13329,2026-03-27 22:29:00,59,Completed
13330,2026-04-13 22:54:00,242,Completed
13331,2025-12-08 17:00:00,245,Completed
13332,2025-06-19 11:04:00,447,Completed
13333,2025-12-23 19:30:00,38,Completed
13334,2025-01-15 04:02:00,374,Pending
13335,2026-03-10 08:41:00,296,Completed
13336,2025-06-28 21:09:00,281,Pending
13337,2025-02-10 11:07:00,384,Completed
13338,2025-10-19 18:54:00,279,Completed
13339,2025-09-30 18:22:00,88,Pending
13340,2026-07-22 23:46:00,460,Completed
13341,2025-06-08 11:16:00,433,Cancelled
13342,2026-08-23 23:07:00,19,Cancelled
13343,2025-10-26 03:38:00,294,Pending
13344,2026-05-12 07:14:00,321,Completed
13345,2026-01-27 06:33:00,458,Pending
13346,2025-03-10 03:01:00,110,Cancelled
13347,2025-04-20 23:13:00,199,Pending
13348,2026-08-16 20:05:00,181,Cancelled
13349,2026-05-27 16:19:00,111,Completed
13350,2026-08-20 21:51:00,72,Cancelled
13351,2025-06-27 21:52:00,268,Completed
13352,2026-05-01 04:46:00,36,Completed
13353,2025-05-02 13:46:00,58,Completed
13354,2025-04-27 01:43:00,116,Pending
13355,2026-08-15 22:27:00,457,Cancelled
13356,2026-08-15 08:07:00,166,Pending
13357,2025-02-22 16:47:00,419,Cancelled
13358,2026-02-05 10:08:00,143,Cancelled
13359,2025-10-18 07:14:00,451,Pending
13360,2026-01-07 02:55:00,287,Completed
13361,2026-01-07 03:12:00,104,Completed
13362,2026-06-06 21:44:00,111,Completed
13363,2025-08-05 04:15:00,88,Completed
13364,2025-02-10 08:49:00,398,Cancelled
13365,2025-01-11 08:27:00,246,Completed
13366,2025-05-06 08:53:00,46,Pending
13367,2025-01-03 00:41:00,429,Completed
13368,2026-05-27 15:46:00,185,Completed
13369,2026-05-02 18:05:00,116,Pending
13370,2025-01-28 05:51:00,344,Completed
13371,2025-01-14 05:00:00,189,Completed
13372,2026-06-02 18:04:00,10,Completed
13373,2026-08-19 06:04:00,190,Cancelled
13374,2025-02-26 18:42:00,231,Completed
13375,2025-02-02 07:59:00,254,Completed
13376,2025-05-29 01:58:00,457,Completed
13377,2025-08-20 12:03:00,190,Completed
13378,2025-07-13 06:08:00,498,Cancelled
13379,2025-04-23 07:33:00,120,Cancelled
13380,2025-01-19 03:04:00,334,Completed
13381,2025-05-05 14:01:00,33,Completed
13382,2026-03-14 11:27:00,98,Completed
13383,2025-05-27 17:27:00,397,Pending
13384,2025-10-22 00:03:00,31,Completed
13385,2025-04-18 05:44:00,169,Pending
13386,2025-04-13 21:55:00,345,Pending
13387,2026-07-25 07:18:00,5,Completed
13388,2025-06-11 19:34:00,164,Cancelled
13389,2025-10-09 10:04:00,207,Completed
13390,2025-06-25 18:03:00,403,Completed
13391,2025-12-27 12:06:00,393,Pending
13392,2025-07-10 18:33:00,444,Pending
13393,2026-07-28 07:57:00,394,Completed
13394,2025-06-07 06:11:00,185,Pending
13395,2025-08-26 04:05:00,181,Completed
13396,2026-03-04 01:54:00,4,Completed
13397,2026-08-19 23:48:00,34,Completed
13398,2026-01-02 17:51:00,477,Completed
13399,2025-08-22 15:00:00,148,Completed
13400,2025-09-04 13:20:00,46,Completed
13401,2025-05-29 00:42:00,52,Completed
13402,2025-09-29 08:48:00,329,Completed
13403,2026-01-07 12:30:00,104,Completed
13404,2025-10-19 04:41:00,119,Cancelled
13405,2025-02-11 14:20:00,9,Completed
13406,2025-06-05 20:49:00,412,Completed
13407,2025-12-17 23:35:00,223,Cancelled
13408,2026-05-27 05:25:00,99,Completed
13409,2026-07-02 05:09:00,26,Completed
13410,2026-04-03 20:13:00,337,Completed
13411,2025-05-28 15:37:00,305,Cancelled
13412,2026-01-21 20:07:00,41,Completed
13413,2025-07-01 18:02:00,420,Completed
13414,2025-11-18 10:25:00,76,Pending
13415,2026-01-13 23:22:00,461,Completed
13416,2025-02-07 23:00:00,211,Completed
13417,2026-06-14 01:12:00,232,Cancelled
13418,2025-09-19 21:23:00,442,Pending
13419,2025-04-13 18:11:00,205,Cancelled
13420,2025-08-03 10:34:00,21,Pending
13421,2026-03-31 02:54:00,16,Cancelled
13422,2025-08-19 04:17:00,128,Completed
13423,2025-04-30 01:31:00,263,Completed
13424,2026-07-18 00:34:00,385,Cancelled
13425,2025-05-06 16:50:00,71,Pending
13426,2026-03-12 23:47:00,113,Completed
13427,2026-03-17 22:52:00,478,Completed
13428,2026-01-15 13:50:00,348,Cancelled
13429,2025-12-08 20:25:00,5,Completed
13430,2025-03-30 09:40:00,28,Completed
13431,2026-05-08 05:32:00,244,Completed
13432,2026-08-03 19:16:00,186,Completed
13433,2026-03-28 10:22:00,244,Cancelled
13434,2025-07-18 19:26:00,311,Pending
13435,2026-06-20 14:02:00,26,Completed
13436,2025-04-02 15:21:00,457,Completed
13437,2026-01-02 16:08:00,252,Pending
13438,2025-03-05 03:17:00,224,Cancelled
13439,2025-11-05 07:56:00,47,Cancelled
13440,2026-03-20 12:04:00,482,Completed
13441,2025-08-04 20:54:00,225,Pending
13442,2026-06-13 09:56:00,15,Completed
13443,2025-09-25 05:17:00,4,Pending
13444,2026-05-22 02:11:00,55,Pending
13445,2025-12-04 14:32:00,118,Pending
13446,2025-09-22 01:02:00,470,Pending
13447,2025-02-20 06:06:00,280,Cancelled
13448,2025-07-15 03:55:00,409,Completed
13449,2026-06-22 06:53:00,1,Completed
13450,2025-03-31 23:36:00,66,Cancelled
13451,2025-11-23 01:44:00,13,Completed
13452,2026-04-01 01:05:00,277,Completed
13453,2025-12-23 17:05:00,237,Completed
13454,2026-03-20 02:43:00,455,Completed
13455,2026-08-21 18:49:00,443,Completed
13456,2025-12-28 14:52:00,416,Completed
13457,2025-10-02 18:59:00,112,Completed
13458,2026-03-09 08:01:00,20,Completed
13459,2025-08-17 03:11:00,352,Completed
13460,2025-08-06 14:33:00,393,Completed
13461,2026-08-18 01:19:00,158,Pending
13462,2026-04-03 20:51:00,326,Completed
13463,2026-01-05 16:40:00,161,Completed
13464,2026-07-12 20:39:00,342,Pending
13465,2026-02-23 12:28:00,71,Pending
13466,2025-06-02 06:27:00,297,Completed
13467,2025-05-16 05:58:00,173,Cancelled
13468,2025-12-22 13:48:00,256,Completed
13469,2025-06-02 09:13:00,498,Pending
13470,2026-02-06 10:22:00,453,Completed
13471,2026-03-12 19:18:00,290,Completed
13472,2025-12-21 13:24:00,366,Pending
13473,2025-03-26 02:48:00,205,Pending
13474,2025-07-25 21:56:00,210,Completed
13475,2026-05-24 20:33:00,21,Completed
13476,2026-05-08 21:24:00,350,Completed
13477,2025-11-10 15:55:00,137,Cancelled
13478,2026-07-28 13:58:00,118,Completed
13479,2025-06-18 23:45:00,393,Pending
13480,2025-11-04 00:53:00,96,Pending
13481,2025-11-08 05:45:00,469,Completed
13482,2025-07-03 18:40:00,396,Completed
13483,2025-11-20 20:17:00,84,Completed
13484,2026-08-19 13:27:00,332,Completed
13485,2026-02-19 18:57:00,13,Completed
13486,2025-08-24 20:40:00,140,Completed
13487,2025-12-18 16:51:00,351,Cancelled
13488,2026-03-11 21:06:00,52,Completed
13489,2026-05-11 00:11:00,433,Pending
13490,2026-02-10 13:00:00,400,Completed
13491,2025-11-21 04:54:00,121,Pending
13492,2025-06-27 03:56:00,112,Pending
13493,2026-07-17 07:24:00,264,Completed
13494,2026-07-07 04:11:00,135,Completed
13495,2026-05-01 08:27:00,317,Cancelled
13496,2026-01-13 07:34:00,439,Cancelled
13497,2026-05-17 17:40:00,166,Completed
13498,2026-06-03 20:03:00,128,Pending
13499,2025-08-26 01:21:00,13,Pending
13500,2026-06-29 23:57:00,136,Pending
13501,2025-10-14 06:13:00,98,Cancelled
13502,2026-04-20 00:47:00,149,Cancelled
13503,2025-12-03 06:13:00,45,Cancelled
13504,2026-06-20 12:50:00,424,Completed
13505,2025-08-16 15:23:00,257,Cancelled
13506,2025-08-24 10:38:00,308,Completed
13507,2026-05-28 01:59:00,401,Pending
13508,2026-02-27 07:30:00,67,Cancelled
13509,2026-08-14 02:44:00,146,Completed
13510,2026-01-07 17:09:00,153,Completed
13511,2026-03-22 12:13:00,161,Pending
13512,2025-03-11 01:51:00,447,Completed
13513,2025-03-07 06:02:00,282,Pending
13514,2026-03-28 15:44:00,266,Cancelled
13515,2025-03-20 12:41:00,93,Completed
13516,2026-04-03 00:41:00,141,Completed
13517,2025-04-29 08:51:00,163,Completed
13518,2025-05-13 12:23:00,87,Completed
13519,2025-04-14 10:06:00,257,Pending
13520,2025-02-02 00:13:00,155,Pending
13521,2026-04-18 15:22:00,194,Pending
13522,2026-04-15 00:34:00,281,Cancelled
13523,2025-11-12 15:07:00,305,Completed
13524,2025-01-12 07:48:00,421,Pending
13525,2026-08-07 21:01:00,72,Completed
13526,2025-08-05 13:15:00,370,Pending
13527,2026-05-13 02:01:00,125,Pending
13528,2026-06-26 11:50:00,110,Completed
13529,2025-04-29 20:05:00,496,Cancelled
13530,2025-06-14 10:42:00,34,Completed
13531,2025-07-10 02:56:00,97,Completed
13532,2025-12-14 17:13:00,269,Completed
13533,2026-02-04 08:34:00,490,Pending
13534,2026-03-15 09:16:00,118,Pending
13535,2026-08-15 21:24:00,24,Pending
13536,2026-03-15 03:01:00,358,Pending
13537,2026-01-15 22:45:00,285,Completed
13538,2025-02-15 15:27:00,16,Cancelled
13539,2026-03-08 02:50:00,317,Cancelled
13540,2025-12-26 02:39:00,3,Pending
13541,2025-09-14 05:24:00,46,Completed
13542,2025-09-24 05:19:00,160,Completed
13543,2025-03-22 00:57:00,376,Cancelled
13544,2026-06-29 12:10:00,162,Cancelled
13545,2025-03-09 00:07:00,15,Completed
13546,2026-02-05 22:14:00,21,Completed
13547,2026-01-06 12:39:00,445,Pending
13548,2026-01-12 13:22:00,427,Completed
13549,2026-08-21 22:44:00,271,Pending
13550,2026-06-18 17:37:00,234,Completed
13551,2025-09-03 12:01:00,349,Pending
13552,2025-04-21 02:03:00,428,Completed
13553,2026-01-19 09:16:00,487,Pending
13554,2025-03-16 15:26:00,340,Completed
13555,2025-09-26 08:09:00,136,Completed
13556,2026-01-01 07:24:00,380,Pending
13557,2025-03-06 03:02:00,105,Completed
13558,2026-04-22 19:47:00,322,Completed
13559,2025-06-20 12:10:00,490,Completed
13560,2026-05-19 08:12:00,325,Pending
13561,2025-03-18 02:29:00,413,Completed
13562,2025-11-10 05:53:00,356,Pending
13563,2025-01-27 10:18:00,245,Completed
13564,2025-01-18 08:11:00,19,Completed
13565,2025-02-09 23:21:00,141,Completed
13566,2025-10-12 22:52:00,314,Completed
13567,2025-02-22 18:37:00,277,Cancelled
13568,2026-06-22 16:42:00,231,Pending
13569,2026-05-01 14:05:00,465,Completed
13570,2026-04-29 15:35:00,186,Completed
13571,2025-04-18 07:43:00,466,Completed
13572,2025-04-22 23:59:00,469,Pending
13573,2026-07-23 05:41:00,423,Completed
13574,2025-03-11 11:06:00,411,Completed
13575,2025-05-15 23:12:00,120,Completed
13576,2026-04-02 05:42:00,400,Completed
13577,2025-10-14 02:58:00,52,Pending
13578,2025-12-02 22:37:00,463,Completed
13579,2025-01-24 01:58:00,1,Completed
13580,2025-07-19 09:35:00,30,Completed
13581,2026-02-18 13:00:00,400,Pending
13582,2025-02-10 19:31:00,210,Completed
13583,2026-07-31 16:08:00,297,Completed
13584,2025-04-16 05:21:00,412,Pending
13585,2025-02-06 22:01:00,124,Cancelled
13586,2025-10-09 21:32:00,449,Completed
13587,2026-06-14 16:26:00,451,Completed
13588,2026-03-26 17:11:00,435,Completed
13589,2026-06-03 08:27:00,413,Completed
13590,2025-05-25 19:52:00,276,Cancelled
13591,2026-05-11 04:01:00,33,Pending
13592,2025-01-30 04:44:00,118,Pending
13593,2026-08-13 11:31:00,7,Completed
13594,2025-04-29 23:43:00,1,Completed
13595,2025-07-15 20:10:00,188,Cancelled
13596,2025-10-10 00:43:00,421,Completed
13597,2026-06-02 22:05:00,440,Completed
13598,2025-10-23 23:34:00,320,Pending
13599,2026-01-10 09:24:00,410,Completed
13600,2025-01-29 14:28:00,65,Cancelled
13601,2026-07-26 22:01:00,73,Pending
13602,2025-06-28 02:25:00,339,Cancelled
13603,2025-04-29 22:38:00,331,Completed
13604,2026-03-21 17:44:00,133,Pending
13605,2025-05-04 00:06:00,225,Pending
13606,2026-07-26 19:56:00,253,Completed
13607,2026-06-25 13:12:00,2,Cancelled
13608,2026-03-16 04:01:00,101,Completed
13609,2025-02-27 21:59:00,64,Completed
13610,2025-12-01 14:02:00,314,Cancelled
13611,2025-12-14 16:26:00,239,Completed
13612,2025-07-20 23:57:00,358,Pending
13613,2025-09-25 16:39:00,149,Completed
13614,2025-11-27 19:31:00,252,Completed
13615,2025-01-12 07:01:00,304,Completed
13616,2026-01-29 02:02:00,412,Completed
13617,2026-03-29 20:55:00,257,Completed
13618,2026-03-23 07:29:00,117,Completed
13619,2026-07-12 21:58:00,274,Pending
13620,2026-07-07 00:31:00,112,Cancelled
13621,2025-09-10 00:28:00,23,Completed
13622,2025-02-27 16:38:00,80,Pending
13623,2026-01-28 12:23:00,392,Pending
13624,2026-04-29 10:47:00,94,Completed
13625,2026-08-07 03:37:00,232,Completed
13626,2026-06-25 01:35:00,278,Cancelled
13627,2025-11-29 20:54:00,77,Completed
13628,2025-05-02 19:39:00,433,Pending
13629,2025-07-17 13:23:00,100,Completed
13630,2026-01-24 17:02:00,168,Cancelled
13631,2026-02-21 10:30:00,342,Completed
13632,2025-04-02 18:44:00,306,Pending
13633,2025-12-17 18:49:00,489,Completed
13634,2026-08-22 16:26:00,105,Pending
13635,2025-03-02 14:19:00,96,Completed
13636,2025-12-09 18:25:00,334,Completed
13637,2026-03-27 17:11:00,483,Completed
13638,2026-03-10 11:23:00,160,Completed
13639,2025-07-26 03:28:00,44,Cancelled
13640,2025-12-06 12:03:00,214,Pending
13641,2026-04-12 21:02:00,418,Completed
13642,2025-06-05 04:23:00,60,Pending
13643,2025-11-25 11:15:00,409,Pending
13644,2026-04-07 05:00:00,254,Pending
13645,2026-04-09 05:57:00,472,Completed
13646,2025-09-14 18:59:00,203,Pending
13647,2025-09-19 17:10:00,276,Completed
13648,2025-04-07 20:45:00,446,Completed
13649,2026-06-03 00:46:00,494,Pending
13650,2025-06-16 22:40:00,224,Pending
13651,2025-04-08 19:36:00,315,Pending
13652,2025-03-04 19:30:00,482,Completed
13653,2025-02-06 21:51:00,3,Completed
13654,2025-12-08 06:50:00,310,Completed
13655,2026-03-21 07:30:00,149,Pending
13656,2025-05-09 09:58:00,467,Completed
13657,2025-01-04 02:45:00,197,Pending
13658,2026-05-23 13:21:00,461,Completed
13659,2026-03-07 08:12:00,394,Completed
13660,2026-07-16 16:36:00,72,Completed
13661,2026-02-24 20:24:00,47,Completed
13662,2025-09-08 00:55:00,157,Completed
13663,2025-03-06 22:27:00,454,Completed
13664,2026-06-24 14:34:00,71,Pending
13665,2026-01-12 02:40:00,112,Completed
13666,2025-05-26 03:10:00,52,Completed
13667,2025-04-25 01:12:00,287,Pending
13668,2025-03-13 16:00:00,288,Completed
13669,2026-01-26 07:00:00,414,Cancelled
13670,2025-04-04 15:06:00,8,Pending
13671,2026-03-03 08:39:00,98,Pending
13672,2026-01-10 04:01:00,254,Cancelled
13673,2026-05-24 08:50:00,97,Cancelled
13674,2025-06-10 14:49:00,321,Completed
13675,2025-06-24 07:31:00,430,Completed
13676,2026-04-06 10:39:00,273,Completed
13677,2026-05-30 02:53:00,11,Pending
13678,2025-01-02 19:32:00,349,Pending
13679,2025-07-09 13:48:00,281,Completed
13680,2026-07-23 10:59:00,16,Cancelled
13681,2026-04-27 07:22:00,17,Pending
13682,2026-07-06 20:51:00,87,Completed
13683,2025-05-02 22:25:00,151,Completed
13684,2025-09-02 14:20:00,396,Completed
13685,2025-06-09 14:01:00,26,Completed
13686,2025-11-26 20:39:00,115,Pending
13687,2025-03-30 19:30:00,233,Completed
13688,2026-05-03 18:11:00,322,Completed
13689,2025-03-25 12:42:00,336,Cancelled
13690,2025-09-02 19:55:00,472,Pending
13691,2025-01-12 08:35:00,416,Completed
13692,2026-05-02 17:25:00,247,Completed
13693,2025-12-27 03:36:00,222,Completed
13694,2025-10-19 14:19:00,304,Completed
13695,2025-03-19 19:49:00,472,Completed
13696,2025-07-28 18:43:00,277,Pending
13697,2026-04-26 06:24:00,388,Pending
13698,2025-01-22 22:16:00,408,Pending
13699,2025-04-28 17:11:00,486,Cancelled
13700,2025-03-24 18:21:00,465,Pending
13701,2026-08-03 13:45:00,303,Completed
13702,2025-07-30 21:18:00,149,Completed
13703,2025-08-02 08:24:00,92,Completed
13704,2025-10-24 02:42:00,212,Completed
13705,2025-05-19 16:05:00,193,Completed
13706,2025-07-18 19:18:00,297,Pending
13707,2025-07-10 11:05:00,187,Completed
13708,2025-04-29 22:40:00,357,Pending
13709,2026-03-20 09:32:00,399,Pending
13710,2025-07-02 11:16:00,69,Completed
13711,2025-10-31 11:36:00,440,Completed
13712,2025-06-05 19:25:00,202,Completed
13713,2026-03-30 11:05:00,26,Completed
13714,2025-07-02 10:45:00,13,Completed
13715,2026-03-18 11:17:00,97,Completed
13716,2026-01-30 20:09:00,53,Completed
13717,2025-08-16 17:10:00,271,Completed
13718,2025-11-05 14:35:00,3,Completed
13719,2026-08-06 02:46:00,110,Completed
13720,2026-06-05 00:22:00,130,Cancelled
13721,2026-02-21 11:13:00,113,Pending
13722,2026-02-12 15:36:00,220,Cancelled
13723,2025-06-05 08:01:00,58,Pending
13724,2026-06-24 06:52:00,371,Pending
13725,2025-09-20 19:04:00,294,Completed
13726,2025-11-03 02:10:00,439,Cancelled
13727,2025-07-16 15:42:00,192,Completed
13728,2025-03-16 23:19:00,126,Completed
13729,2026-01-18 08:28:00,379,Completed
13730,2025-10-07 04:50:00,43,Completed
13731,2025-05-31 10:34:00,185,Completed
13732,2026-04-30 06:13:00,421,Completed
13733,2026-01-03 13:11:00,154,Pending
13734,2025-09-02 10:34:00,469,Completed
13735,2026-08-24 12:30:00,139,Completed
13736,2025-09-09 17:21:00,118,Completed
13737,2025-02-13 01:44:00,282,Completed
13738,2026-07-14 17:36:00,353,Pending
13739,2025-12-20 04:05:00,122,Completed
13740,2025-09-09 14:02:00,55,Pending
13741,2026-03-19 18:30:00,286,Pending
13742,2025-09-19 03:24:00,234,Completed
13743,2026-01-30 15:45:00,25,Completed
13744,2025-12-28 19:14:00,91,Pending
13745,2025-12-21 02:06:00,56,Completed
13746,2025-06-23 18:46:00,260,Completed
13747,2025-04-16 05:37:00,427,Completed
13748,2026-02-15 02:50:00,20,Cancelled
13749,2026-01-29 11:31:00,340,Completed
13750,2025-08-11 04:36:00,347,Pending
13751,2025-09-15 05:04:00,277,Completed
13752,2025-05-13 04:16:00,377,Pending
13753,2025-02-11 11:25:00,394,Cancelled
13754,2026-02-23 02:39:00,474,Completed
13755,2025-02-14 07:15:00,482,Cancelled
13756,2025-09-19 07:57:00,383,Completed
13757,2025-10-21 04:23:00,113,Completed
13758,2025-10-22 20:17:00,49,Completed
13759,2025-08-12 14:35:00,59,Completed
13760,2025-11-12 22:36:00,29,Completed
13761,2026-05-01 13:00:00,267,Cancelled
13762,2026-06-21 09:50:00,499,Completed
13763,2025-05-11 19:03:00,171,Completed
13764,2025-01-08 09:04:00,373,Completed
13765,2025-10-12 00:26:00,128,Completed
13766,2026-03-09 11:50:00,429,Cancelled
13767,2026-08-20 08:13:00,419,Completed
13768,2025-05-15 02:10:00,253,Pending
13769,2025-03-30 08:18:00,47,Completed
13770,2025-11-17 08:20:00,179,Cancelled
13771,2025-09-17 06:16:00,161,Cancelled
13772,2025-09-02 21:49:00,114,Pending
13773,2025-10-04 17:12:00,143,Cancelled
13774,2026-06-03 19:34:00,499,Cancelled
13775,2025-07-28 15:20:00,331,Completed
13776,2026-06-11 07:43:00,187,Cancelled
13777,2026-08-10 05:51:00,355,Completed
13778,2026-07-13 13:29:00,20,Pending
13779,2026-05-05 10:25:00,75,Completed
13780,2025-01-23 22:04:00,346,Cancelled
13781,2026-06-04 22:21:00,275,Completed
13782,2026-05-19 02:13:00,85,Pending
13783,2026-06-02 13:12:00,206,Completed
13784,2025-02-01 04:25:00,46,Pending
13785,2025-11-04 00:30:00,366,Pending
13786,2026-07-20 12:23:00,196,Completed
13787,2026-06-12 09:19:00,163,Completed
13788,2026-04-02 18:54:00,254,Pending
13789,2025-12-31 22:16:00,119,Completed
13790,2026-03-15 19:27:00,399,Pending
13791,2025-09-09 01:35:00,356,Pending
13792,2025-08-26 18:46:00,365,Completed
13793,2025-07-17 20:04:00,266,Completed
13794,2025-04-18 14:26:00,51,Completed
13795,2025-07-19 03:57:00,39,Completed
13796,2026-05-16 06:42:00,303,Completed
13797,2026-08-17 14:55:00,52,Cancelled
13798,2026-04-02 03:46:00,162,Pending
13799,2025-10-20 07:46:00,143,Pending
13800,2026-08-07 09:14:00,454,Completed
13801,2025-04-02 22:47:00,158,Completed
13802,2025-12-13 11:15:00,392,Completed
13803,2025-10-14 22:53:00,44,Completed
13804,2025-01-06 05:18:00,81,Completed
13805,2025-05-28 19:19:00,183,Completed
13806,2026-01-09 12:18:00,67,Pending
13807,2026-03-31 08:40:00,318,Pending
13808,2025-02-18 11:52:00,205,Pending
13809,2025-05-01 04:12:00,3,Pending
13810,2025-02-08 13:29:00,313,Pending
13811,2026-07-29 14:18:00,103,Completed
13812,2025-10-31 15:36:00,156,Completed
13813,2026-01-22 15:26:00,13,Completed
13814,2025-04-10 11:47:00,255,Completed
13815,2026-05-26 09:35:00,322,Completed
13816,2026-02-10 09:36:00,30,Pending
13817,2026-01-17 00:38:00,42,Completed
13818,2025-09-11 17:42:00,370,Cancelled
13819,2025-04-02 19:00:00,99,Completed
13820,2026-01-24 17:58:00,143,Completed
13821,2025-04-26 14:38:00,36,Completed
13822,2025-12-07 23:36:00,325,Pending
13823,2025-06-23 17:30:00,18,Cancelled
13824,2025-08-19 22:43:00,359,Pending
13825,2026-07-22 17:57:00,221,Completed
13826,2026-06-05 02:33:00,50,Completed
13827,2026-03-30 18:30:00,476,Completed
13828,2025-03-12 05:34:00,55,Completed
13829,2026-05-19 12:18:00,281,Completed
13830,2025-09-05 23:39:00,156,Completed
13831,2026-04-13 13:34:00,496,Completed
13832,2025-07-05 09:08:00,353,Completed
13833,2025-08-27 06:01:00,163,Pending
13834,2026-07-27 12:35:00,481,Completed
13835,2026-04-04 02:46:00,339,Pending
13836,2025-04-15 08:09:00,287,Completed
13837,2026-02-03 02:11:00,142,Pending
13838,2025-08-08 04:12:00,23,Completed
13839,2025-05-30 20:29:00,373,Completed
13840,2025-03-29 08:08:00,263,Cancelled
13841,2025-11-28 19:14:00,314,Completed
13842,2025-06-20 15:26:00,253,Cancelled
13843,2025-10-19 23:02:00,350,Pending
13844,2025-02-20 23:22:00,445,Cancelled
13845,2025-08-15 14:37:00,362,Cancelled
13846,2026-07-06 15:32:00,403,Completed
13847,2026-01-21 11:46:00,51,Completed
13848,2026-08-20 17:44:00,315,Cancelled
13849,2026-06-01 02:28:00,472,Pending
13850,2026-03-06 17:11:00,136,Completed
13851,2026-05-29 21:18:00,127,Completed
13852,2025-08-01 01:58:00,98,Completed
13853,2025-08-30 11:33:00,156,Completed
13854,2025-04-08 10:36:00,98,Pending
13855,2026-02-08 16:52:00,230,Pending
13856,2026-01-16 11:19:00,69,Cancelled
13857,2025-04-04 08:44:00,176,Completed
13858,2026-03-10 09:55:00,434,Cancelled
13859,2025-11-24 20:18:00,113,Completed
13860,2026-03-24 09:51:00,6,Pending
13861,2025-05-21 00:18:00,206,Completed
13862,2026-02-09 14:03:00,332,Cancelled
13863,2026-07-01 06:14:00,63,Completed
13864,2026-05-30 01:56:00,66,Completed
13865,2026-08-05 01:29:00,169,Completed
13866,2025-08-30 14:12:00,276,Pending
13867,2025-07-16 02:16:00,469,Cancelled
13868,2026-03-19 13:35:00,362,Completed
13869,2026-05-25 18:34:00,275,Pending
13870,2025-06-05 15:57:00,261,Cancelled
13871,2026-05-10 18:11:00,355,Pending
13872,2026-08-03 03:01:00,379,Completed
13873,2026-01-21 14:49:00,163,Completed
13874,2026-07-25 21:20:00,161,Pending
13875,2026-08-12 12:18:00,230,Completed
13876,2025-08-23 16:15:00,210,Pending
13877,2026-01-10 10:24:00,490,Completed
13878,2025-10-24 14:05:00,1,Completed
13879,2026-03-20 23:13:00,382,Pending
13880,2025-05-08 14:00:00,227,Cancelled
13881,2026-06-24 19:01:00,12,Completed
13882,2025-06-01 09:51:00,64,Cancelled
13883,2025-10-22 04:02:00,255,Completed
13884,2025-08-15 07:43:00,168,Completed
13885,2025-07-15 22:44:00,225,Cancelled
13886,2025-07-12 04:19:00,85,Pending
13887,2026-08-21 11:35:00,469,Completed
13888,2026-06-23 17:30:00,407,Cancelled
13889,2025-01-22 12:35:00,22,Pending
13890,2025-12-29 00:32:00,88,Completed
13891,2025-01-27 11:42:00,470,Cancelled
13892,2026-07-28 01:12:00,369,Pending
13893,2026-04-17 19:09:00,221,Pending
13894,2025-01-29 16:27:00,345,Completed
13895,2025-06-06 17:53:00,296,Cancelled
13896,2025-07-18 03:04:00,58,Cancelled
13897,2026-04-05 12:03:00,363,Completed
13898,2025-11-22 03:00:00,384,Completed
13899,2025-07-08 02:21:00,76,Completed
13900,2025-01-16 19:06:00,38,Completed
13901,2026-03-04 12:44:00,235,Completed
13902,2025-01-10 01:55:00,32,Completed
13903,2025-04-26 08:22:00,375,Completed
13904,2025-05-06 13:50:00,283,Completed
13905,2025-10-11 18:43:00,475,Pending
13906,2026-04-11 06:58:00,344,Pending
13907,2026-08-24 17:18:00,255,Pending
13908,2025-12-14 16:19:00,375,Completed
13909,2026-06-21 20:43:00,198,Completed
13910,2025-01-23 10:00:00,472,Completed
13911,2026-05-03 18:53:00,391,Pending
13912,2025-04-04 19:22:00,251,Completed
13913,2025-08-03 05:44:00,241,Completed
13914,2026-06-07 09:22:00,2,Completed
13915,2026-06-19 05:21:00,337,Pending
13916,2026-07-20 22:01:00,308,Pending
13917,2025-01-24 21:00:00,56,Completed
13918,2025-01-18 12:16:00,423,Pending
13919,2025-03-10 15:33:00,87,Cancelled
13920,2026-08-18 08:38:00,185,Cancelled
13921,2026-08-06 10:34:00,463,Completed
13922,2025-09-18 01:21:00,21,Completed
13923,2026-05-02 12:02:00,146,Completed
13924,2026-04-09 05:34:00,406,Cancelled
13925,2025-10-13 07:46:00,60,Pending
13926,2026-05-22 20:17:00,213,Completed
13927,2026-03-29 14:21:00,151,Cancelled
13928,2025-07-11 05:08:00,287,Cancelled
13929,2025-09-01 00:40:00,136,Completed
13930,2026-07-20 12:50:00,411,Cancelled
13931,2025-03-10 23:17:00,113,Completed
13932,2025-07-12 20:10:00,102,Completed
13933,2026-04-13 16:17:00,349,Completed
13934,2026-05-21 23:02:00,189,Completed
13935,2025-03-23 13:44:00,494,Pending
13936,2025-09-04 04:03:00,420,Completed
13937,2026-01-19 02:24:00,76,Pending
13938,2025-02-13 06:53:00,19,Completed
13939,2025-07-10 19:42:00,490,Completed
13940,2025-02-25 13:50:00,404,Completed
13941,2025-01-30 11:49:00,226,Pending
13942,2025-04-26 20:54:00,192,Completed
13943,2026-01-12 21:00:00,142,Completed
13944,2026-07-01 01:28:00,98,Completed
13945,2026-05-22 17:30:00,237,Completed
13946,2025-12-25 01:19:00,202,Cancelled
13947,2025-08-09 18:38:00,29,Completed
13948,2025-09-06 04:34:00,219,Cancelled
13949,2025-07-05 14:19:00,414,Cancelled
13950,2025-11-30 19:44:00,391,Completed
13951,2026-02-02 07:12:00,357,Pending
13952,2025-05-14 08:15:00,358,Pending
13953,2026-03-10 06:38:00,174,Pending
13954,2025-03-14 21:20:00,298,Completed
13955,2025-04-08 15:27:00,207,Cancelled
13956,2025-06-11 21:07:00,327,Cancelled
13957,2025-05-20 23:20:00,479,Pending
13958,2025-04-29 04:52:00,339,Pending
13959,2026-06-01 07:28:00,206,Pending
13960,2025-04-26 05:03:00,290,Completed
13961,2026-02-03 03:10:00,62,Completed
13962,2025-01-27 06:26:00,158,Completed
13963,2025-02-01 07:08:00,397,Completed
13964,2025-08-19 18:44:00,310,Pending
13965,2026-02-21 22:55:00,430,Completed
13966,2026-08-12 10:09:00,430,Completed
13967,2026-03-19 06:58:00,428,Cancelled
13968,2025-04-10 12:54:00,424,Cancelled
13969,2025-02-11 13:01:00,34,Pending
13970,2025-03-10 09:32:00,374,Pending
13971,2026-04-19 13:14:00,63,Cancelled
13972,2026-07-07 03:36:00,315,Cancelled
13973,2025-05-09 10:17:00,362,Completed
13974,2026-03-09 21:39:00,461,Completed
13975,2025-10-25 15:21:00,355,Pending
13976,2025-09-21 19:28:00,310,Cancelled
13977,2025-01-27 11:18:00,255,Completed
13978,2025-11-27 09:49:00,83,Cancelled
13979,2026-08-16 11:32:00,97,Completed
13980,2025-07-04 07:20:00,231,Cancelled
13981,2025-01-30 14:04:00,310,Completed
13982,2025-06-07 17:23:00,394,Pending
13983,2026-04-05 00:41:00,355,Completed
13984,2025-10-08 01:17:00,87,Completed
13985,2026-06-28 13:21:00,110,Completed
13986,2026-04-01 18:10:00,147,Completed
13987,2025-04-17 00:44:00,181,Completed
13988,2025-11-24 17:25:00,361,Completed
13989,2025-01-03 15:54:00,471,Cancelled
13990,2026-04-24 22:21:00,456,Completed
13991,2026-08-15 18:16:00,298,Pending
13992,2026-01-22 01:34:00,358,Completed
13993,2026-04-23 15:02:00,418,Completed
13994,2026-01-22 22:08:00,112,Completed
13995,2025-04-03 06:35:00,84,Completed
13996,2026-04-15 12:33:00,370,Completed
13997,2026-07-27 17:42:00,144,Completed
13998,2025-02-13 16:59:00,49,Pending
13999,2025-10-04 21:18:00,366,Completed
14000,2026-01-28 20:10:00,206,Pending
14001,2026-02-03 06:15:00,312,Pending
14002,2026-05-12 05:17:00,252,Cancelled
14003,2025-11-17 08:51:00,343,Pending
14004,2025-08-09 14:50:00,399,Completed
14005,2025-08-03 15:00:00,139,Completed
14006,2025-09-25 22:34:00,216,Pending
14007,2025-07-30 04:10:00,281,Completed
14008,2025-01-10 03:23:00,96,Completed
14009,2026-05-17 16:22:00,126,Completed
14010,2025-10-19 18:44:00,497,Completed
14011,2025-04-28 05:23:00,411,Cancelled
14012,2025-05-15 17:18:00,470,Cancelled
14013,2025-10-05 16:00:00,149,Completed
14014,2025-08-17 20:36:00,120,Completed
14015,2025-09-08 15:05:00,433,Completed
14016,2025-09-12 16:59:00,467,Completed
14017,2026-02-26 20:41:00,279,Cancelled
14018,2026-01-04 13:54:00,128,Completed
14019,2025-09-19 15:33:00,377,Cancelled
14020,2026-05-05 21:45:00,120,Pending
14021,2026-02-13 11:08:00,271,Completed
14022,2025-03-20 04:05:00,427,Completed
14023,2026-02-03 09:15:00,473,Pending
14024,2026-08-22 05:47:00,459,Completed
14025,2026-04-16 16:35:00,306,Completed
14026,2025-06-13 04:55:00,302,Cancelled
14027,2025-07-16 21:23:00,215,Pending
14028,2025-12-14 08:57:00,486,Completed
14029,2025-03-04 11:19:00,440,Completed
14030,2025-02-12 15:54:00,225,Completed
14031,2025-08-07 08:59:00,397,Completed
14032,2026-01-22 05:27:00,358,Completed
14033,2025-10-30 23:09:00,82,Completed
14034,2026-08-12 16:10:00,377,Pending
14035,2025-05-28 08:12:00,211,Cancelled
14036,2025-08-13 13:15:00,297,Pending
14037,2026-08-01 07:37:00,292,Pending
14038,2025-12-19 12:35:00,19,Cancelled
14039,2025-09-07 01:02:00,386,Pending
14040,2025-11-17 20:12:00,406,Completed
14041,2025-02-14 14:40:00,440,Completed
14042,2026-05-01 12:42:00,495,Completed
14043,2026-01-29 20:46:00,374,Pending
14044,2026-06-08 16:44:00,427,Completed
14045,2026-08-05 04:38:00,254,Completed
14046,2025-01-02 09:59:00,33,Completed
14047,2026-03-04 19:19:00,367,Pending
14048,2025-05-14 19:30:00,227,Pending
14049,2025-08-03 16:03:00,490,Cancelled
14050,2026-06-04 16:28:00,379,Completed
14051,2025-02-19 11:19:00,237,Completed
14052,2026-02-01 16:48:00,313,Pending
14053,2025-01-26 22:26:00,87,Completed
14054,2026-04-01 18:22:00,50,Pending
14055,2025-01-23 03:24:00,408,Completed
14056,2025-12-25 14:53:00,290,Cancelled
14057,2025-07-30 17:28:00,491,Completed
14058,2025-11-08 01:20:00,264,Pending
14059,2025-11-30 00:22:00,286,Cancelled
14060,2025-07-16 17:14:00,481,Completed
14061,2026-07-25 23:55:00,113,Pending
14062,2025-01-19 14:54:00,58,Completed
14063,2026-05-29 00:11:00,221,Completed
14064,2025-08-17 07:54:00,276,Cancelled
14065,2026-03-25 00:00:00,191,Completed
14066,2026-04-13 21:06:00,380,Completed
14067,2026-06-30 03:20:00,131,Completed
14068,2025-07-15 13:12:00,220,Completed
14069,2026-04-23 11:56:00,218,Cancelled
14070,2026-05-09 22:28:00,66,Cancelled
14071,2025-09-02 07:24:00,164,Completed
14072,2026-07-14 01:33:00,114,Completed
14073,2026-04-23 00:13:00,432,Completed
14074,2025-06-01 20:17:00,162,Cancelled
14075,2025-11-26 18:40:00,76,Pending
14076,2025-08-05 17:17:00,175,Completed
14077,2026-07-07 14:07:00,332,Completed
14078,2026-07-09 22:54:00,8,Completed
14079,2025-01-21 15:50:00,423,Completed
14080,2025-10-20 10:34:00,16,Completed
14081,2026-02-24 07:35:00,163,Completed
14082,2025-04-23 19:18:00,135,Cancelled
14083,2025-11-26 08:30:00,451,Completed
14084,2025-04-06 16:01:00,465,Completed
14085,2025-02-18 00:51:00,58,Pending
14086,2026-07-26 04:44:00,166,Completed
14087,2025-11-24 22:55:00,82,Completed
14088,2025-04-03 10:52:00,34,Completed
14089,2026-07-06 14:02:00,69,Completed
14090,2026-06-22 17:06:00,166,Completed
14091,2025-02-25 14:42:00,207,Completed
14092,2025-07-16 23:55:00,452,Pending
14093,2026-07-29 09:58:00,360,Completed
14094,2026-07-25 15:01:00,402,Completed
14095,2025-05-11 20:30:00,188,Completed
14096,2025-02-23 12:53:00,448,Pending
14097,2025-12-12 04:52:00,283,Completed
14098,2025-02-06 20:36:00,216,Cancelled
14099,2026-07-24 09:06:00,456,Completed
14100,2025-08-19 14:51:00,95,Completed
14101,2025-10-15 14:59:00,427,Cancelled
14102,2025-11-10 21:27:00,202,Pending
14103,2025-05-12 15:00:00,49,Completed
14104,2026-05-21 04:20:00,312,Completed
14105,2026-08-16 11:30:00,93,Completed
14106,2026-07-01 18:40:00,13,Completed
14107,2026-04-24 22:42:00,326,Completed
14108,2025-04-30 01:43:00,420,Completed
14109,2025-09-07 15:01:00,44,Pending
14110,2026-05-18 05:08:00,209,Completed
14111,2025-05-30 16:01:00,438,Completed
14112,2025-02-19 17:48:00,258,Completed
14113,2025-11-21 01:08:00,121,Completed
14114,2026-03-01 00:38:00,374,Completed
14115,2026-05-12 20:56:00,217,Pending
14116,2026-01-20 13:54:00,220,Completed
14117,2025-10-27 21:23:00,396,Completed
14118,2025-04-21 19:02:00,149,Pending
14119,2025-02-25 06:41:00,59,Completed
14120,2026-05-02 05:12:00,131,Completed
14121,2026-08-11 16:54:00,403,Cancelled
14122,2026-07-27 09:37:00,59,Completed
14123,2025-02-04 22:03:00,69,Completed
14124,2025-04-28 19:44:00,131,Pending
14125,2026-06-10 03:58:00,266,Completed
14126,2026-05-23 21:48:00,41,Completed
14127,2025-04-10 17:27:00,7,Completed
14128,2025-10-25 21:13:00,223,Completed
14129,2025-04-18 08:34:00,29,Pending
14130,2026-07-19 07:15:00,294,Pending
14131,2025-09-04 01:48:00,161,Completed
14132,2026-04-13 20:33:00,137,Pending
14133,2025-11-24 20:39:00,345,Completed
14134,2026-06-22 19:49:00,268,Completed
14135,2025-02-03 03:57:00,79,Completed
14136,2025-03-24 03:04:00,329,Cancelled
14137,2025-09-20 01:28:00,199,Completed
14138,2025-10-28 11:43:00,181,Completed
14139,2025-01-16 19:21:00,283,Completed
14140,2025-10-30 06:16:00,15,Pending
14141,2025-04-21 03:44:00,58,Pending
14142,2025-07-12 09:47:00,247,Completed
14143,2026-01-17 18:10:00,81,Completed
14144,2026-04-30 17:11:00,288,Completed
14145,2025-06-12 07:29:00,139,Completed
14146,2026-01-24 15:53:00,8,Completed
14147,2025-11-08 19:11:00,62,Completed
14148,2025-07-26 10:07:00,310,Completed
14149,2025-05-14 10:16:00,305,Pending
14150,2025-05-15 21:08:00,449,Cancelled
14151,2026-03-29 13:39:00,270,Completed
14152,2025-09-08 14:01:00,459,Pending
14153,2026-08-01 02:51:00,385,Pending
14154,2025-07-30 21:33:00,184,Cancelled
14155,2025-11-12 23:06:00,73,Completed
14156,2025-02-07 03:15:00,242,Completed
14157,2025-07-02 01:43:00,339,Pending
14158,2025-12-01 12:00:00,221,Completed
14159,2025-04-26 13:12:00,354,Completed
14160,2026-04-04 08:29:00,149,Completed
14161,2026-04-26 16:02:00,250,Pending
14162,2025-03-27 05:50:00,488,Pending
14163,2025-10-07 20:46:00,367,Completed
14164,2025-03-17 08:52:00,437,Completed
14165,2026-07-02 17:19:00,362,Completed
14166,2025-12-24 00:32:00,443,Completed
14167,2026-01-31 10:26:00,206,Pending
14168,2025-07-03 17:00:00,265,Completed
14169,2026-07-16 00:45:00,268,Pending
14170,2026-02-16 14:53:00,398,Cancelled
14171,2025-07-11 18:55:00,366,Completed
14172,2026-02-02 00:20:00,125,Completed
14173,2025-02-20 01:27:00,35,Completed
14174,2026-01-16 20:16:00,213,Pending
14175,2025-02-08 15:56:00,260,Completed
14176,2025-07-13 23:25:00,292,Completed
14177,2026-07-03 08:30:00,118,Completed
14178,2025-08-02 16:40:00,89,Completed
14179,2025-12-01 13:33:00,168,Pending
14180,2025-10-25 03:30:00,362,Pending
14181,2025-10-30 22:33:00,287,Cancelled
14182,2026-02-17 00:10:00,376,Completed
14183,2025-02-28 13:09:00,390,Completed
14184,2026-08-19 20:05:00,479,Pending
14185,2026-03-22 17:19:00,353,Cancelled
14186,2025-07-05 20:05:00,356,Completed
14187,2025-11-14 12:10:00,464,Completed
14188,2025-10-28 10:48:00,321,Completed
14189,2025-06-05 16:03:00,437,Completed
14190,2025-12-31 11:15:00,330,Pending
14191,2025-08-11 09:05:00,455,Completed
14192,2025-02-01 06:05:00,321,Completed
14193,2025-11-10 01:31:00,124,Pending
14194,2025-07-23 19:20:00,369,Pending
14195,2025-10-26 01:02:00,298,Pending
14196,2026-07-19 15:21:00,229,Pending
14197,2025-08-01 01:37:00,323,Cancelled
14198,2025-01-04 23:16:00,217,Completed
14199,2025-03-11 02:35:00,399,Completed
14200,2025-03-26 19:01:00,477,Pending
14201,2026-01-18 00:09:00,120,Completed
14202,2025-05-02 09:03:00,213,Completed
14203,2025-01-09 03:40:00,469,Cancelled
14204,2025-05-01 10:14:00,468,Completed
14205,2026-02-05 16:01:00,16,Pending
14206,2025-10-24 20:43:00,327,Cancelled
14207,2026-06-06 10:39:00,452,Pending
14208,2026-08-24 20:57:00,278,Pending
14209,2026-06-07 04:12:00,382,Pending
14210,2025-11-13 20:02:00,34,Completed
14211,2025-01-27 00:34:00,274,Completed
14212,2026-02-24 06:23:00,146,Completed
14213,2026-04-17 13:19:00,306,Completed
14214,2025-09-05 19:50:00,318,Pending
14215,2025-09-28 04:20:00,287,Pending
14216,2025-06-11 23:35:00,253,Pending
14217,2025-05-25 07:01:00,170,Completed
14218,2025-07-12 13:40:00,325,Pending
14219,2026-04-15 22:49:00,85,Pending
14220,2026-07-08 12:02:00,90,Pending
14221,2025-01-15 12:41:00,97,Pending
14222,2026-08-06 08:59:00,286,Completed
14223,2025-09-28 02:23:00,60,Completed
14224,2026-03-18 09:05:00,96,Completed
14225,2026-05-06 10:32:00,114,Completed
14226,2025-10-18 19:05:00,239,Completed
14227,2025-10-19 13:20:00,313,Pending
14228,2025-08-18 18:44:00,447,Completed
14229,2026-05-16 20:57:00,433,Completed
14230,2025-03-21 19:57:00,113,Completed
14231,2026-08-09 03:28:00,153,Completed
14232,2025-04-06 19:29:00,213,Completed
14233,2026-01-23 09:54:00,178,Pending
14234,2026-08-08 02:42:00,296,Cancelled
14235,2025-11-05 02:40:00,10,Cancelled
14236,2026-02-11 00:28:00,437,Cancelled
14237,2026-01-14 04:14:00,226,Completed
14238,2026-03-11 17:37:00,357,Pending
14239,2026-07-03 10:04:00,496,Cancelled
14240,2026-08-24 01:24:00,306,Pending
14241,2025-07-12 20:18:00,11,Completed
14242,2026-08-03 14:32:00,12,Completed
14243,2026-06-27 08:26:00,239,Cancelled
14244,2025-05-03 16:52:00,168,Completed
14245,2025-12-23 09:43:00,287,Pending
14246,2025-05-29 13:40:00,84,Pending
14247,2026-03-03 13:51:00,305,Pending
14248,2025-05-17 11:20:00,31,Pending
14249,2025-05-31 22:22:00,423,Completed
14250,2025-01-29 06:34:00,229,Completed
14251,2026-02-15 11:27:00,101,Completed
14252,2025-02-03 06:45:00,303,Completed
14253,2025-06-19 20:22:00,47,Completed
14254,2025-07-10 22:54:00,414,Pending
14255,2025-02-18 06:16:00,430,Completed
14256,2025-02-06 08:11:00,200,Completed
14257,2026-07-12 23:03:00,61,Completed
14258,2025-06-20 23:32:00,12,Completed
14259,2025-02-28 12:46:00,118,Completed
14260,2025-10-10 19:51:00,222,Completed
14261,2025-02-24 01:39:00,95,Completed
14262,2025-06-05 10:01:00,395,Completed
14263,2026-08-05 17:31:00,386,Completed
14264,2025-08-16 08:01:00,421,Cancelled
14265,2026-02-22 16:12:00,411,Completed
14266,2025-04-04 19:17:00,444,Pending
14267,2025-12-07 07:42:00,164,Completed
14268,2026-05-17 12:50:00,357,Completed
14269,2026-02-04 00:54:00,371,Completed
14270,2025-09-16 07:24:00,274,Cancelled
14271,2025-10-05 10:35:00,263,Completed
14272,2025-04-10 06:32:00,344,Completed
14273,2025-05-04 14:43:00,377,Completed
14274,2026-02-01 00:51:00,311,Completed
14275,2026-01-13 05:03:00,73,Pending
14276,2025-06-09 23:12:00,10,Completed
14277,2025-11-11 07:09:00,228,Pending
14278,2025-09-25 18:55:00,30,Completed
14279,2025-10-12 05:02:00,137,Completed
14280,2025-11-23 08:10:00,142,Completed
14281,2026-07-07 15:26:00,439,Pending
14282,2026-02-22 01:20:00,24,Completed
14283,2025-10-01 14:15:00,209,Pending
14284,2026-05-11 23:25:00,206,Completed
14285,2025-05-12 12:45:00,385,Pending
14286,2026-02-02 15:39:00,51,Completed
14287,2026-04-28 16:47:00,278,Completed
14288,2025-11-06 18:20:00,314,Pending
14289,2025-04-02 07:18:00,18,Completed
14290,2025-05-07 13:31:00,51,Cancelled
14291,2026-03-24 14:35:00,252,Completed
14292,2026-02-05 20:23:00,136,Completed
14293,2026-05-17 07:26:00,328,Cancelled
14294,2026-03-09 06:05:00,57,Pending
14295,2025-12-17 16:55:00,204,Completed
14296,2026-01-22 03:49:00,486,Pending
14297,2025-01-08 18:36:00,204,Pending
14298,2025-05-02 09:38:00,151,Completed
14299,2025-01-15 05:04:00,450,Completed
14300,2025-09-13 08:24:00,273,Pending
14301,2026-05-26 21:30:00,211,Cancelled
14302,2025-05-31 19:56:00,141,Cancelled
14303,2026-06-17 15:10:00,182,Completed
14304,2026-05-27 10:00:00,129,Pending
14305,2025-11-28 20:18:00,109,Cancelled
14306,2025-02-14 03:08:00,64,Pending
14307,2026-08-22 09:32:00,467,Completed
14308,2026-01-06 19:11:00,425,Completed
14309,2025-01-08 08:59:00,157,Completed
14310,2026-03-22 04:24:00,80,Completed
14311,2026-04-09 22:39:00,331,Completed
14312,2026-07-14 17:29:00,345,Pending
14313,2025-07-14 04:28:00,107,Completed
14314,2026-02-12 12:18:00,477,Pending
14315,2026-02-02 10:11:00,404,Completed
14316,2025-08-13 16:23:00,201,Pending
14317,2025-01-02 03:45:00,178,Pending
14318,2026-06-24 14:32:00,81,Completed
14319,2025-10-09 05:57:00,246,Completed
14320,2026-04-30 20:21:00,83,Pending
14321,2026-03-23 01:20:00,431,Completed
14322,2026-06-04 20:30:00,226,Cancelled
14323,2026-06-01 10:43:00,201,Completed
14324,2025-10-09 11:06:00,496,Completed
14325,2025-02-18 08:05:00,269,Completed
14326,2025-06-03 16:56:00,267,Completed
14327,2026-01-21 17:22:00,381,Cancelled
14328,2026-01-26 06:46:00,422,Completed
14329,2025-06-10 05:39:00,297,Cancelled
14330,2025-11-09 09:48:00,299,Completed
14331,2025-07-02 11:05:00,111,Completed
14332,2025-05-20 22:13:00,478,Completed
14333,2026-06-25 07:30:00,280,Pending
14334,2025-10-05 03:51:00,318,Pending
14335,2026-03-22 12:31:00,249,Completed
14336,2026-01-16 03:49:00,28,Completed
14337,2026-05-15 02:50:00,144,Completed
14338,2025-10-29 03:22:00,382,Cancelled
14339,2026-02-15 16:26:00,2,Pending
14340,2026-08-05 02:49:00,397,Pending
14341,2026-08-19 22:37:00,17,Cancelled
14342,2025-02-20 15:55:00,279,Completed
14343,2025-10-08 23:52:00,377,Completed
14344,2026-07-24 22:42:00,223,Completed
14345,2026-01-19 05:11:00,362,Completed
14346,2026-08-15 10:04:00,109,Pending
14347,2026-03-10 03:00:00,498,Completed
14348,2026-07-03 04:47:00,340,Completed
14349,2025-06-21 17:28:00,245,Cancelled
14350,2026-08-12 10:05:00,283,Completed
14351,2025-11-16 02:29:00,198,Pending
14352,2026-06-09 08:35:00,335,Completed
14353,2025-03-11 19:20:00,250,Completed
14354,2026-03-08 00:49:00,432,Completed
14355,2025-04-03 09:27:00,351,Pending
14356,2025-03-13 14:46:00,98,Cancelled
14357,2025-02-12 22:34:00,463,Completed
14358,2025-09-27 06:06:00,20,Completed
14359,2025-06-02 20:54:00,337,Pending
14360,2026-03-18 00:22:00,117,Completed
14361,2026-08-07 06:25:00,188,Cancelled
14362,2025-02-18 23:30:00,379,Completed
14363,2025-03-20 00:45:00,92,Completed
14364,2026-03-12 02:38:00,425,Completed
14365,2026-03-01 23:05:00,175,Completed
14366,2025-06-12 18:47:00,333,Pending
14367,2026-04-16 06:51:00,447,Cancelled
14368,2026-06-16 11:50:00,177,Completed
14369,2025-08-06 16:22:00,217,Completed
14370,2025-10-03 07:12:00,33,Completed
14371,2025-08-03 12:05:00,74,Completed
14372,2025-07-10 08:24:00,263,Completed
14373,2025-06-21 09:31:00,283,Completed
14374,2026-08-23 02:37:00,196,Pending
14375,2025-05-24 20:56:00,166,Cancelled
14376,2026-03-04 19:23:00,488,Pending
14377,2026-05-14 02:56:00,394,Completed
14378,2025-04-23 07:03:00,282,Completed
14379,2025-11-12 23:18:00,190,Completed
14380,2026-07-12 19:14:00,334,Completed
14381,2025-05-15 15:16:00,274,Cancelled
14382,2025-09-24 22:34:00,347,Completed
14383,2025-07-19 14:07:00,9,Completed
14384,2025-08-02 17:40:00,221,Pending
14385,2025-06-29 12:32:00,125,Pending
14386,2026-06-06 08:02:00,498,Pending
14387,2025-07-07 16:46:00,156,Completed
14388,2025-11-29 15:00:00,10,Cancelled
14389,2025-09-05 19:31:00,412,Pending
14390,2025-05-29 00:27:00,497,Completed
14391,2025-10-27 03:11:00,147,Cancelled
14392,2025-12-12 06:07:00,262,Pending
14393,2025-03-07 04:05:00,418,Completed
14394,2026-02-17 01:46:00,76,Completed
14395,2025-05-10 19:30:00,152,Completed
14396,2026-06-19 01:18:00,371,Pending
14397,2026-02-23 14:55:00,440,Pending
14398,2025-12-26 08:05:00,16,Pending
14399,2026-08-23 09:47:00,500,Pending
14400,2026-01-18 15:42:00,390,Pending
14401,2025-06-18 15:34:00,315,Pending
14402,2025-12-28 04:30:00,403,Completed
14403,2025-05-21 21:35:00,10,Completed
14404,2026-01-29 22:54:00,257,Completed
14405,2025-01-19 16:37:00,70,Pending
14406,2026-02-07 14:09:00,308,Completed
14407,2025-10-13 01:49:00,37,Completed
14408,2025-04-21 10:46:00,321,Pending
14409,2025-04-03 19:17:00,414,Pending
14410,2026-03-19 07:31:00,480,Cancelled
14411,2025-08-23 03:48:00,209,Cancelled
14412,2026-07-16 04:25:00,83,Completed
14413,2025-05-17 10:48:00,230,Pending
14414,2025-01-23 03:47:00,18,Completed
14415,2025-04-12 07:30:00,55,Completed
14416,2025-12-09 03:27:00,358,Completed
14417,2025-11-26 02:07:00,42,Completed
14418,2025-09-23 21:12:00,60,Pending
14419,2025-04-11 11:13:00,191,Completed
14420,2025-06-30 19:03:00,486,Completed
14421,2026-03-27 09:44:00,124,Completed
14422,2025-11-19 18:10:00,70,Completed
14423,2026-02-23 12:59:00,11,Pending
14424,2025-05-19 07:11:00,248,Completed
14425,2025-04-12 00:00:00,278,Pending
14426,2026-01-01 00:33:00,314,Completed
14427,2025-04-25 11:56:00,26,Pending
14428,2025-01-19 08:00:00,71,Pending
14429,2025-02-01 13:58:00,450,Completed
14430,2025-05-28 18:01:00,117,Completed
14431,2025-11-21 00:32:00,127,Completed
14432,2025-06-02 04:00:00,231,Pending
14433,2025-07-28 17:15:00,431,Cancelled
14434,2026-03-10 05:24:00,22,Completed
14435,2026-07-28 01:05:00,281,Completed
14436,2026-05-08 00:13:00,209,Cancelled
14437,2025-11-30 07:35:00,258,Completed
14438,2025-04-20 10:50:00,290,Completed
14439,2025-04-10 07:16:00,455,Pending
14440,2025-09-08 03:27:00,358,Completed
14441,2025-03-16 22:37:00,40,Completed
14442,2026-03-06 21:15:00,210,Completed
14443,2025-02-16 11:17:00,461,Completed
14444,2025-03-02 05:41:00,314,Completed
14445,2026-06-21 02:08:00,326,Cancelled
14446,2025-10-12 10:08:00,385,Pending
14447,2025-05-03 05:06:00,446,Completed
14448,2025-10-23 07:18:00,23,Cancelled
14449,2025-02-26 01:14:00,427,Completed
14450,2026-03-27 15:28:00,118,Completed
14451,2025-01-17 00:05:00,285,Cancelled
14452,2025-12-25 22:00:00,287,Pending
14453,2026-04-26 14:08:00,77,Pending
14454,2025-08-13 09:19:00,149,Completed
14455,2025-04-04 12:15:00,128,Pending
14456,2025-10-07 18:14:00,4,Cancelled
14457,2025-04-27 17:54:00,73,Completed
14458,2025-01-23 15:32:00,229,Completed
14459,2025-09-25 13:20:00,289,Completed
14460,2025-04-29 06:04:00,33,Cancelled
14461,2026-08-13 02:31:00,69,Pending
14462,2025-03-12 12:32:00,470,Completed
14463,2025-10-29 12:30:00,221,Completed
14464,2026-04-12 16:21:00,410,Pending
14465,2025-09-24 16:54:00,85,Pending
14466,2025-04-22 11:26:00,407,Completed
14467,2025-10-20 04:41:00,331,Cancelled
14468,2025-01-11 10:23:00,142,Completed
14469,2025-04-12 03:56:00,182,Cancelled
14470,2026-02-23 22:46:00,24,Pending
14471,2026-05-30 12:18:00,238,Completed
14472,2025-02-09 11:21:00,325,Completed
14473,2026-02-22 09:38:00,87,Cancelled
14474,2025-12-19 21:33:00,24,Completed
14475,2026-07-14 10:41:00,165,Completed
14476,2026-05-16 11:49:00,283,Cancelled
14477,2025-02-01 17:49:00,152,Pending
14478,2026-05-24 05:00:00,98,Pending
14479,2026-02-03 10:21:00,21,Pending
14480,2025-05-11 16:23:00,24,Completed
14481,2025-08-18 11:05:00,116,Completed
14482,2025-05-26 15:20:00,311,Pending
14483,2026-06-14 17:13:00,374,Cancelled
14484,2025-04-23 08:04:00,158,Completed
14485,2025-10-27 23:29:00,312,Completed
14486,2026-01-04 11:24:00,149,Completed
14487,2025-11-08 05:44:00,306,Completed
14488,2025-06-09 21:11:00,417,Completed
14489,2025-06-29 22:28:00,439,Cancelled
14490,2025-08-08 15:34:00,330,Cancelled
14491,2025-02-20 10:08:00,105,Completed
14492,2025-09-11 06:28:00,235,Pending
14493,2026-03-10 22:09:00,136,Completed
14494,2025-09-22 02:11:00,341,Pending
14495,2025-10-29 11:07:00,143,Cancelled
14496,2025-11-22 14:04:00,322,Pending
14497,2026-07-18 02:27:00,318,Completed
14498,2026-01-27 00:42:00,435,Cancelled
14499,2025-08-05 03:36:00,304,Completed
14500,2026-07-21 11:41:00,373,Completed
14501,2026-01-14 03:45:00,449,Pending
14502,2025-11-14 23:44:00,164,Completed
14503,2025-08-25 14:22:00,70,Cancelled
14504,2025-05-04 12:45:00,172,Completed
14505,2026-02-14 03:49:00,121,Pending
14506,2025-11-10 09:36:00,488,Pending
14507,2026-02-21 00:23:00,373,Pending
14508,2025-10-17 16:07:00,148,Completed
14509,2026-03-15 06:41:00,247,Pending
14510,2025-03-19 12:13:00,136,Completed
14511,2025-06-09 15:46:00,389,Cancelled
14512,2026-05-31 10:41:00,201,Completed
14513,2026-01-19 10:03:00,190,Pending
14514,2025-09-28 03:01:00,474,Cancelled
14515,2025-03-17 20:06:00,296,Completed
14516,2025-02-17 19:22:00,355,Completed
14517,2025-08-20 15:38:00,396,Completed
14518,2026-03-18 20:18:00,213,Cancelled
14519,2026-03-05 21:07:00,325,Completed
14520,2025-04-09 19:56:00,133,Pending
14521,2025-03-03 20:39:00,304,Pending
14522,2025-02-13 10:21:00,292,Completed
14523,2026-03-10 21:31:00,113,Completed
14524,2026-06-19 09:19:00,321,Cancelled
14525,2025-04-19 17:32:00,92,Completed
14526,2026-04-15 01:00:00,321,Cancelled
14527,2026-05-15 04:18:00,122,Completed
14528,2025-12-12 17:46:00,314,Completed
14529,2025-09-02 21:15:00,332,Completed
14530,2025-08-07 00:56:00,290,Cancelled
14531,2026-07-20 22:37:00,40,Completed
14532,2026-06-02 23:47:00,72,Completed
14533,2026-08-08 22:02:00,400,Pending
14534,2026-04-08 09:30:00,231,Completed
14535,2025-01-28 06:35:00,491,Completed
14536,2025-03-10 14:35:00,92,Completed
14537,2025-08-31 22:49:00,414,Pending
14538,2025-04-11 12:37:00,303,Completed
14539,2025-05-18 12:57:00,474,Completed
14540,2025-04-06 08:54:00,88,Pending
14541,2025-12-30 15:14:00,327,Completed
14542,2025-07-19 15:18:00,206,Completed
14543,2025-01-25 01:07:00,233,Cancelled
14544,2026-04-28 03:33:00,66,Cancelled
14545,2026-04-02 18:46:00,485,Pending
14546,2026-07-13 08:26:00,91,Pending
14547,2025-12-04 19:08:00,276,Pending
14548,2026-07-27 23:17:00,484,Completed
14549,2025-02-23 07:55:00,30,Completed
14550,2025-09-18 13:07:00,137,Pending
14551,2025-07-21 08:32:00,62,Completed
14552,2025-10-05 19:48:00,429,Completed
14553,2025-02-19 01:48:00,258,Pending
14554,2025-11-23 15:50:00,39,Pending
14555,2025-09-20 18:54:00,70,Completed
14556,2025-02-27 01:06:00,180,Pending
14557,2026-04-12 05:45:00,423,Completed
14558,2025-12-19 21:13:00,126,Completed
14559,2025-01-27 22:18:00,476,Completed
14560,2026-07-26 12:05:00,5,Completed
14561,2025-06-14 04:59:00,63,Cancelled
14562,2025-03-03 14:22:00,74,Completed
14563,2025-04-26 20:01:00,370,Completed
14564,2025-06-12 10:28:00,242,Completed
14565,2025-05-20 01:10:00,150,Completed
14566,2026-06-20 18:58:00,330,Completed
14567,2026-07-10 04:34:00,226,Completed
14568,2025-01-12 08:08:00,18,Completed
14569,2025-12-16 14:16:00,345,Pending
14570,2025-06-25 07:21:00,371,Completed
14571,2026-02-10 12:29:00,217,Completed
14572,2025-07-09 09:56:00,52,Completed
14573,2025-03-28 15:38:00,62,Pending
14574,2026-04-12 09:24:00,188,Completed
14575,2025-05-20 06:50:00,370,Completed
14576,2026-05-06 22:12:00,66,Cancelled
14577,2025-04-07 01:25:00,229,Completed
14578,2026-07-08 02:22:00,97,Cancelled
14579,2025-06-03 06:40:00,300,Cancelled
14580,2026-05-17 08:43:00,44,Completed
14581,2026-01-18 19:05:00,350,Completed
14582,2025-10-14 18:48:00,222,Completed
14583,2025-11-10 17:38:00,490,Pending
14584,2026-04-05 04:07:00,274,Pending
14585,2025-06-06 03:21:00,363,Completed
14586,2025-01-03 11:47:00,64,Pending
14587,2025-01-02 08:34:00,485,Completed
14588,2026-07-24 03:51:00,303,Completed
14589,2026-08-24 11:07:00,274,Completed
14590,2026-06-16 17:54:00,321,Completed
14591,2026-04-23 13:13:00,131,Pending
14592,2025-02-12 22:52:00,251,Pending
14593,2026-04-27 13:46:00,375,Cancelled
14594,2025-03-06 01:21:00,265,Pending
14595,2026-03-12 15:42:00,11,Pending
14596,2026-03-24 08:36:00,66,Cancelled
14597,2026-07-30 22:33:00,240,Cancelled
14598,2025-02-23 18:40:00,386,Cancelled
14599,2025-11-16 11:45:00,100,Completed
14600,2026-05-24 10:54:00,492,Cancelled
14601,2025-07-25 08:14:00,16,Pending
14602,2025-12-07 02:52:00,225,Cancelled
14603,2025-02-22 03:54:00,440,Cancelled
14604,2025-01-30 00:26:00,155,Completed
14605,2025-01-28 09:03:00,171,Cancelled
14606,2025-10-23 23:15:00,443,Completed
14607,2026-03-09 10:47:00,175,Cancelled
14608,2025-06-22 20:50:00,382,Cancelled
14609,2025-06-02 06:32:00,218,Completed
14610,2026-03-27 18:16:00,287,Pending
14611,2026-03-07 22:45:00,409,Completed
14612,2026-07-17 12:27:00,386,Pending
14613,2026-08-01 05:23:00,348,Completed
14614,2026-02-08 13:44:00,118,Completed
14615,2025-02-20 00:58:00,262,Cancelled
14616,2025-01-07 11:40:00,248,Completed
14617,2025-09-20 04:15:00,472,Pending
14618,2026-07-02 12:37:00,316,Cancelled
14619,2026-06-15 23:06:00,488,Completed
14620,2025-01-18 17:45:00,206,Completed
14621,2026-07-25 10:37:00,204,Completed
14622,2025-02-19 13:53:00,481,Pending
14623,2026-02-22 23:08:00,362,Pending
14624,2025-07-24 12:44:00,79,Completed
14625,2025-09-08 04:37:00,2,Pending
14626,2025-01-15 13:50:00,4,Cancelled
14627,2025-10-09 03:15:00,284,Completed
14628,2025-05-13 20:26:00,106,Completed
14629,2025-03-24 06:21:00,90,Completed
14630,2026-03-13 10:46:00,141,Completed
14631,2026-06-19 21:21:00,49,Pending
14632,2025-01-03 19:27:00,331,Completed
14633,2026-05-06 12:23:00,267,Pending
14634,2025-11-14 15:53:00,390,Completed
14635,2026-06-12 06:58:00,176,Completed
14636,2025-02-24 01:46:00,205,Completed
14637,2025-03-02 04:21:00,275,Completed
14638,2026-05-14 20:05:00,219,Completed
14639,2026-07-23 14:51:00,483,Completed
14640,2025-09-22 06:10:00,452,Completed
14641,2025-06-16 16:27:00,272,Completed
14642,2025-09-13 22:17:00,402,Pending
14643,2026-06-11 19:41:00,158,Pending
14644,2025-11-18 14:19:00,347,Completed
14645,2025-07-02 18:49:00,53,Pending
14646,2026-01-27 06:48:00,424,Completed
14647,2025-04-10 12:19:00,357,Pending
14648,2026-02-26 20:26:00,310,Pending
14649,2025-08-02 06:23:00,297,Completed
14650,2025-08-25 03:16:00,82,Completed
14651,2025-09-29 03:23:00,126,Completed
14652,2025-10-20 21:29:00,388,Completed
14653,2025-08-11 10:55:00,396,Pending
14654,2026-01-08 17:50:00,72,Completed
14655,2025-07-28 08:36:00,50,Completed
14656,2025-07-30 00:02:00,63,Completed
14657,2025-12-22 07:53:00,488,Completed
14658,2025-10-03 01:43:00,13,Completed
14659,2025-04-01 21:33:00,292,Completed
14660,2026-07-26 17:08:00,71,Pending
14661,2025-03-07 15:43:00,352,Completed
14662,2025-04-16 12:37:00,370,Pending
14663,2025-08-01 03:29:00,124,Completed
14664,2026-01-29 10:53:00,105,Completed
14665,2025-10-02 15:55:00,195,Pending
14666,2025-04-05 04:01:00,17,Pending
14667,2025-10-22 14:47:00,178,Pending
14668,2026-01-05 17:42:00,210,Completed
14669,2025-10-22 23:39:00,292,Completed
14670,2026-01-23 07:00:00,8,Completed
14671,2025-12-13 05:46:00,83,Completed
14672,2026-06-11 08:08:00,300,Cancelled
14673,2026-01-18 13:59:00,422,Completed
14674,2025-07-19 19:15:00,17,Cancelled
14675,2026-07-27 06:41:00,13,Pending
14676,2025-09-02 16:18:00,129,Completed
14677,2026-08-21 10:22:00,391,Completed
14678,2025-03-11 00:42:00,185,Completed
14679,2025-09-03 13:59:00,361,Pending
14680,2025-10-30 09:19:00,428,Completed
14681,2025-04-03 12:32:00,87,Completed
14682,2025-10-29 08:31:00,300,Completed
14683,2025-07-07 01:51:00,126,Completed
14684,2025-08-21 11:31:00,142,Completed
14685,2025-04-26 21:15:00,172,Pending
14686,2025-02-08 05:23:00,451,Pending
14687,2025-10-20 00:31:00,22,Pending
14688,2025-10-06 18:41:00,209,Pending
14689,2025-01-28 15:20:00,142,Pending
14690,2026-05-09 16:57:00,14,Completed
14691,2026-02-23 00:01:00,58,Pending
14692,2025-12-01 18:01:00,360,Pending
14693,2025-05-07 16:55:00,432,Pending
14694,2026-06-03 15:59:00,313,Pending
14695,2026-03-01 12:09:00,13,Pending
14696,2026-08-03 23:42:00,70,Completed
14697,2026-07-28 01:51:00,129,Completed
14698,2025-09-07 08:35:00,431,Pending
14699,2026-05-15 04:45:00,436,Completed
14700,2026-01-05 03:45:00,81,Pending
14701,2025-05-25 16:41:00,233,Pending
14702,2025-07-03 01:16:00,351,Completed
14703,2026-01-03 17:42:00,199,Completed
14704,2026-02-02 12:35:00,171,Cancelled
14705,2026-05-13 06:07:00,472,Cancelled
14706,2026-02-17 02:57:00,184,Pending
14707,2025-11-06 02:38:00,5,Pending
14708,2025-04-03 07:05:00,264,Completed
14709,2025-09-13 12:18:00,142,Pending
14710,2025-08-02 20:47:00,214,Cancelled
14711,2025-02-09 10:18:00,112,Pending
14712,2025-04-07 19:15:00,40,Completed
14713,2026-03-02 14:18:00,261,Pending
14714,2026-05-19 15:40:00,92,Pending
14715,2025-10-13 03:38:00,52,Completed
14716,2025-10-18 23:54:00,296,Completed
14717,2025-11-03 20:47:00,304,Completed
14718,2025-01-17 19:58:00,4,Completed
14719,2025-10-26 03:50:00,232,Completed
14720,2025-08-08 17:44:00,491,Completed
14721,2025-05-29 22:17:00,399,Pending
14722,2025-04-06 19:39:00,443,Pending
14723,2025-01-01 15:44:00,418,Completed
14724,2025-12-15 09:51:00,20,Completed
14725,2025-07-07 00:09:00,120,Completed
14726,2026-02-06 01:52:00,135,Completed
14727,2025-06-30 15:07:00,460,Pending
14728,2026-03-23 21:38:00,80,Completed
14729,2025-12-31 14:31:00,315,Pending
14730,2025-03-18 01:55:00,278,Cancelled
14731,2025-05-05 21:17:00,348,Completed
14732,2026-03-21 00:17:00,13,Completed
14733,2025-10-04 15:57:00,386,Completed
14734,2025-02-24 07:19:00,252,Completed
14735,2026-02-12 07:05:00,213,Pending
14736,2026-03-14 22:58:00,42,Completed
14737,2025-06-14 01:25:00,7,Completed
14738,2025-11-02 18:09:00,202,Completed
14739,2026-06-20 09:55:00,126,Completed
14740,2026-02-05 19:02:00,192,Pending
14741,2025-12-06 15:04:00,440,Pending
14742,2025-04-12 23:43:00,109,Cancelled
14743,2025-06-12 12:06:00,223,Completed
14744,2025-11-20 05:30:00,475,Pending
14745,2026-04-14 01:57:00,4,Cancelled
14746,2025-09-28 19:02:00,274,Completed
14747,2026-01-23 21:18:00,91,Completed
14748,2026-04-24 05:43:00,309,Cancelled
14749,2025-06-25 20:52:00,167,Completed
14750,2025-09-27 12:03:00,217,Pending
14751,2026-01-31 10:23:00,389,Pending
14752,2026-05-28 21:42:00,375,Cancelled
14753,2025-03-20 15:59:00,245,Cancelled
14754,2025-12-07 21:18:00,150,Completed
14755,2025-10-04 12:27:00,336,Pending
14756,2025-01-09 15:54:00,125,Completed
14757,2026-02-06 22:49:00,349,Completed
14758,2026-02-25 10:40:00,479,Completed
14759,2026-07-07 08:22:00,82,Completed
14760,2026-01-25 22:09:00,490,Completed
14761,2026-04-26 23:45:00,204,Pending
14762,2025-02-24 08:07:00,155,Completed
14763,2025-12-29 12:36:00,473,Pending
14764,2025-01-17 19:11:00,342,Completed
14765,2025-01-06 15:54:00,18,Completed
14766,2026-04-29 10:57:00,254,Pending
14767,2025-06-13 03:42:00,58,Cancelled
14768,2025-06-12 18:54:00,271,Cancelled
14769,2026-04-06 13:01:00,386,Completed
14770,2025-03-11 15:32:00,424,Completed
14771,2025-08-19 00:04:00,378,Completed
14772,2025-10-26 08:30:00,275,Completed
14773,2025-11-17 05:48:00,172,Completed
14774,2026-03-01 15:25:00,149,Completed
14775,2025-08-06 02:52:00,44,Completed
14776,2025-08-30 07:57:00,370,Completed
14777,2026-02-28 16:53:00,470,Pending
14778,2025-04-04 16:38:00,325,Completed
14779,2025-09-01 16:19:00,356,Completed
14780,2026-08-13 16:15:00,433,Completed
14781,2025-05-15 11:52:00,367,Completed
14782,2025-07-20 13:29:00,474,Pending
14783,2025-08-04 22:46:00,20,Completed
14784,2025-09-10 17:15:00,54,Pending
14785,2025-01-04 07:20:00,293,Completed
14786,2026-03-02 20:17:00,27,Completed
14787,2025-02-17 12:56:00,110,Cancelled
14788,2025-09-04 19:58:00,143,Completed
14789,2026-03-05 13:58:00,347,Completed
14790,2025-04-14 16:19:00,290,Completed
14791,2025-09-15 01:48:00,97,Pending
14792,2025-09-23 20:43:00,495,Pending
14793,2026-05-26 00:23:00,213,Pending
14794,2025-01-04 07:20:00,425,Cancelled
14795,2025-01-13 03:24:00,6,Completed
14796,2025-06-06 09:46:00,263,Completed
14797,2025-10-05 17:52:00,159,Completed
14798,2025-08-21 22:41:00,292,Pending
14799,2026-06-10 02:03:00,315,Completed
14800,2026-03-10 09:05:00,19,Cancelled
14801,2026-06-28 02:56:00,186,Completed
14802,2025-03-11 03:07:00,288,Completed
14803,2025-11-23 19:01:00,132,Pending
14804,2026-04-17 16:21:00,425,Completed
14805,2025-03-02 20:57:00,136,Pending
14806,2025-03-20 02:19:00,427,Pending
14807,2025-11-22 18:03:00,488,Cancelled
14808,2026-06-07 13:15:00,78,Cancelled
14809,2025-01-23 09:27:00,441,Completed
14810,2025-07-05 22:18:00,41,Pending
14811,2025-11-17 01:47:00,3,Pending
14812,2026-05-15 17:59:00,93,Completed
14813,2026-04-29 06:11:00,432,Pending
14814,2026-04-05 21:46:00,353,Completed
14815,2025-09-04 20:04:00,480,Pending
14816,2025-10-01 03:03:00,386,Cancelled
14817,2026-03-25 21:42:00,228,Completed
14818,2025-09-17 09:16:00,255,Completed
14819,2025-12-17 04:26:00,230,Cancelled
14820,2025-09-15 03:41:00,80,Pending
14821,2026-05-08 17:51:00,358,Cancelled
14822,2025-11-21 19:37:00,31,Completed
14823,2026-04-10 02:51:00,398,Cancelled
14824,2025-03-05 02:01:00,268,Completed
14825,2025-05-27 08:20:00,5,Cancelled
14826,2025-06-30 23:45:00,491,Completed
14827,2026-05-21 11:10:00,468,Pending
14828,2025-06-19 06:37:00,193,Completed
14829,2026-01-10 04:30:00,355,Completed
14830,2026-01-14 12:45:00,461,Completed
14831,2025-08-21 07:52:00,160,Completed
14832,2026-01-03 11:23:00,402,Completed
14833,2025-06-21 23:51:00,420,Pending
14834,2025-06-20 21:54:00,456,Pending
14835,2026-02-16 04:52:00,188,Completed
14836,2025-03-03 07:33:00,342,Completed
14837,2025-12-14 14:42:00,123,Pending
14838,2025-10-28 16:11:00,403,Completed
14839,2026-05-27 12:11:00,378,Completed
14840,2026-06-26 18:49:00,432,Pending
14841,2025-05-07 13:05:00,428,Completed
14842,2025-05-27 05:45:00,452,Pending
14843,2026-03-11 08:02:00,174,Pending
14844,2025-06-09 17:10:00,23,Pending
14845,2026-07-30 23:13:00,453,Pending
14846,2025-02-11 11:38:00,457,Pending
14847,2026-01-21 14:02:00,160,Completed
14848,2026-02-27 18:57:00,356,Completed
14849,2025-03-16 20:28:00,234,Completed
14850,2026-08-20 01:36:00,499,Completed
14851,2025-09-05 19:05:00,103,Completed
14852,2026-02-14 03:07:00,443,Cancelled
14853,2025-11-12 16:04:00,325,Cancelled
14854,2026-04-22 23:42:00,353,Completed
14855,2025-06-29 16:20:00,151,Completed
14856,2025-03-30 07:58:00,11,Completed
14857,2026-04-22 09:22:00,463,Completed
14858,2025-08-10 19:56:00,29,Completed
14859,2025-12-31 07:04:00,438,Completed
14860,2025-05-22 20:46:00,23,Pending
14861,2026-07-08 01:38:00,208,Pending
14862,2025-10-29 10:28:00,460,Cancelled
14863,2025-07-09 23:25:00,282,Completed
14864,2025-09-13 04:10:00,265,Pending
14865,2025-05-05 11:31:00,195,Completed
14866,2025-01-01 19:28:00,205,Completed
14867,2025-03-03 15:10:00,293,Completed
14868,2025-07-28 13:21:00,408,Pending
14869,2025-05-20 13:25:00,4,Completed
14870,2025-01-22 07:01:00,4,Completed
14871,2025-03-10 07:21:00,433,Completed
14872,2025-07-27 10:38:00,430,Pending
14873,2025-12-20 00:02:00,367,Completed
14874,2026-06-21 01:26:00,94,Cancelled
14875,2025-10-07 08:05:00,458,Cancelled
14876,2026-04-03 13:45:00,247,Completed
14877,2026-02-06 03:55:00,299,Cancelled
14878,2026-04-24 17:06:00,194,Completed
14879,2026-02-25 08:48:00,408,Pending
14880,2025-03-05 01:03:00,475,Completed
14881,2026-02-18 20:55:00,190,Completed
14882,2025-04-10 00:25:00,182,Completed
14883,2025-02-16 14:52:00,339,Completed
14884,2025-12-10 14:59:00,227,Cancelled
14885,2025-04-19 08:06:00,339,Pending
14886,2025-11-11 21:10:00,345,Completed
14887,2026-02-13 10:22:00,287,Completed
14888,2026-01-27 06:34:00,166,Completed
14889,2026-05-29 02:31:00,39,Pending
14890,2025-01-29 03:57:00,74,Completed
14891,2025-01-16 16:19:00,119,Completed
14892,2025-07-11 10:54:00,345,Completed
14893,2026-08-23 23:48:00,110,Completed
14894,2025-01-24 07:11:00,388,Completed
14895,2026-07-24 00:29:00,227,Cancelled
14896,2025-08-23 20:21:00,402,Completed
14897,2025-09-04 12:24:00,320,Cancelled
14898,2025-01-22 15:26:00,45,Pending
14899,2025-10-08 01:39:00,136,Completed
14900,2026-06-28 12:51:00,487,Pending
14901,2026-08-15 13:51:00,297,Completed
14902,2025-03-13 03:44:00,200,Cancelled
14903,2026-03-13 11:51:00,488,Completed
14904,2025-09-14 03:57:00,48,Pending
14905,2026-06-18 06:03:00,270,Completed
14906,2026-03-22 15:10:00,266,Cancelled
14907,2026-02-05 10:23:00,475,Completed
14908,2025-02-18 21:49:00,407,Pending
14909,2025-01-06 08:23:00,65,Cancelled
14910,2025-06-02 10:48:00,98,Pending
14911,2025-07-09 06:36:00,410,Completed
14912,2026-03-17 03:39:00,277,Cancelled
14913,2026-06-13 21:03:00,442,Pending
14914,2025-07-09 05:44:00,197,Cancelled
14915,2025-09-28 14:51:00,151,Completed
14916,2025-12-10 08:23:00,412,Completed
14917,2025-01-11 18:12:00,303,Completed
14918,2025-01-19 16:35:00,206,Completed
14919,2025-10-29 13:42:00,57,Completed
14920,2025-08-20 21:09:00,299,Cancelled
14921,2025-12-18 20:58:00,417,Cancelled
14922,2025-09-06 17:54:00,497,Pending
14923,2025-08-29 22:19:00,354,Completed
14924,2026-04-02 16:35:00,50,Pending
14925,2025-02-03 02:39:00,235,Completed
14926,2026-08-15 16:10:00,175,Completed
14927,2025-03-08 06:41:00,332,Completed
14928,2026-01-23 10:36:00,282,Completed
14929,2026-01-09 18:02:00,452,Cancelled
14930,2025-06-19 15:13:00,391,Completed
14931,2026-05-14 16:56:00,298,Completed
14932,2026-07-29 10:11:00,24,Completed
14933,2025-09-18 22:40:00,376,Cancelled
14934,2025-02-10 00:07:00,202,Completed
14935,2025-09-22 13:39:00,404,Pending
14936,2025-06-26 20:08:00,385,Completed
14937,2026-07-13 07:46:00,442,Pending
14938,2025-11-26 08:41:00,265,Completed
14939,2026-02-15 06:22:00,183,Cancelled
14940,2025-03-13 08:17:00,74,Completed
14941,2026-06-06 01:44:00,453,Completed
14942,2025-09-16 14:16:00,199,Completed
14943,2026-04-04 22:12:00,314,Pending
14944,2026-06-25 12:39:00,198,Pending
14945,2026-05-26 23:31:00,101,Completed
14946,2026-02-25 16:11:00,202,Completed
14947,2025-10-05 06:48:00,306,Completed
14948,2025-05-06 10:14:00,347,Pending
14949,2025-12-25 08:16:00,347,Pending
14950,2025-12-12 20:14:00,109,Completed
14951,2026-06-14 23:57:00,427,Pending
14952,2026-08-20 20:51:00,167,Completed
14953,2025-05-21 01:07:00,125,Completed
14954,2026-04-22 14:02:00,258,Completed
14955,2025-11-24 01:45:00,173,Cancelled
14956,2025-03-21 13:12:00,89,Completed
14957,2025-06-18 07:46:00,431,Completed
14958,2026-04-05 10:43:00,185,Completed
14959,2025-01-01 10:56:00,53,Completed
14960,2025-02-16 14:30:00,353,Pending
14961,2026-03-29 03:59:00,463,Pending
14962,2025-11-19 03:00:00,341,Completed
14963,2025-10-23 22:34:00,132,Completed
14964,2026-01-08 09:08:00,66,Pending
14965,2025-08-12 23:37:00,444,Completed
14966,2026-05-28 12:35:00,8,Completed
14967,2026-08-03 08:06:00,53,Completed
14968,2025-07-12 12:39:00,482,Cancelled
14969,2026-01-14 11:54:00,28,Completed
14970,2025-01-31 19:05:00,176,Completed
14971,2025-08-25 14:06:00,441,Completed
14972,2025-09-24 10:40:00,288,Completed
14973,2025-12-08 18:30:00,488,Completed
14974,2026-02-21 19:37:00,499,Completed
14975,2025-09-03 08:08:00,497,Completed
14976,2025-07-05 02:47:00,282,Completed
14977,2026-03-18 09:30:00,291,Cancelled
14978,2025-10-23 01:26:00,296,Pending
14979,2026-06-18 18:17:00,10,Completed
14980,2026-06-26 02:25:00,36,Completed
14981,2025-03-11 05:47:00,400,Cancelled
14982,2026-02-12 22:55:00,251,Completed
14983,2025-01-24 19:40:00,147,Pending
14984,2026-06-07 19:35:00,331,Completed
14985,2025-03-31 20:25:00,492,Cancelled
14986,2026-07-22 06:52:00,327,Completed
14987,2025-04-08 07:37:00,363,Completed
14988,2026-01-05 03:03:00,478,Pending
14989,2025-05-08 03:07:00,54,Pending
14990,2025-01-17 07:36:00,75,Completed
14991,2025-11-18 16:53:00,327,Cancelled
14992,2026-06-10 22:04:00,301,Cancelled
14993,2026-04-02 06:21:00,2,Completed
14994,2025-12-28 09:59:00,327,Completed
14995,2025-12-31 23:32:00,375,Completed
14996,2025-08-08 16:16:00,113,Completed
14997,2025-04-14 13:08:00,226,Cancelled
14998,2025-05-31 01:22:00,472,Completed
14999,2025-08-31 04:36:00,459,Completed
15000,2026-06-21 10:16:00,82,Completed
